MeasureItem	Month	Year	Category	Country	MeasureItemID	CreationDate	Representativity	ProvidedValue	ProvidedValueCode
Monthly Domestic Values	11	2019	Biomass	RO	B01	2024-05-29 11:56:05	100	43.7809000	
Monthly Domestic Values	11	2019	Geothermal	IT	B09	2024-05-29 11:56:05	100	465.6350000	
Monthly Domestic Values	3	2019	Wind Offshore	DE	B18	2024-05-29 11:56:05	100	2542.5542725	
Monthly Domestic Values	12	2019	Geothermal	ES	B09	2024-05-29 11:56:05	100	0.0000000	
Monthly Domestic Values	3	2019	Hydro Water Reservoir	HU	B12	2024-05-29 11:56:05	100	8.8661500	
Monthly Domestic Values	8	2019	Solar	PT	B16	2024-05-29 11:56:05	100	120.4065000	
Monthly Domestic Values	7	2019	Fossil Oil shale	ES	B07	2024-05-29 11:56:05	100	0.0000000	
Monthly Domestic Values	7	2019	Fossil Hard coal	ES	B05	2024-05-29 11:56:05	100	696.4110000	
Monthly Domestic Values	9	2019	Wind Onshore	ES	B19	2024-05-29 11:56:05	100	3734.6800000	
Monthly Domestic Values	7	2019	Hydro Run-of-river and poundage	PT	B11	2024-05-29 11:56:05	100	220.4957000	
Monthly Domestic Values	4	2019	Hydro Water Reservoir	BG	B12	2024-05-29 11:56:05	100	110.4950000	
Monthly Domestic Values	5	2019	Fossil Gas	RO	B04	2024-05-29 11:56:05	100	350.6983700	
Monthly Domestic Values	11	2019	Fossil Gas	HU	B04	2024-05-29 11:56:05	100	751.8010850	
Monthly Domestic Values	7	2019	Solar	CH	B16	2024-05-29 11:56:05	100	60.5048800	
Monthly Domestic Values	4	2019	Solar	GB	B16	2024-05-29 11:56:05	100	1325.4075000	
Monthly Domestic Values	8	2019	Other	NO	B20	2024-05-29 11:56:05	100	10.7409600	
Monthly Domestic Values	5	2019	Fossil Hard coal	BE	B05	2024-05-29 11:56:05	100	0.0000000	
Monthly Domestic Values	11	2019	Biomass	NL	B01	2024-05-29 11:56:05	100	14.0823275	
Monthly Domestic Values	3	2019	Waste	AT	B17	2024-05-29 11:56:05	100	74.4000000	
Monthly Domestic Values	12	2019	Waste	FI	B17	2024-05-29 11:56:05	100	15.2338800	
Monthly Domestic Values	6	2019	Hydro Pumped Storage	IT	B10	2024-05-29 11:56:05	100	314.1520000	
Monthly Domestic Values	10	2019	Fossil Gas	IE	B04	2024-05-29 11:56:05	100	582.5303150	
Monthly Domestic Values	8	2019	Wind Onshore	EE	B19	2024-05-29 11:56:05	100	38.2410000	
Monthly Domestic Values	6	2019	Solar	NL	B16	2024-05-29 11:56:05	100	9.4872350	
Monthly Domestic Values	10	2019	Other	CZ	B20	2024-05-29 11:56:05	100	87.2965700	
Monthly Domestic Values	1	2019	Other	ES	B20	2024-05-29 11:56:05	100	44.3970000	
Monthly Domestic Values	4	2019	Wind Onshore	HR	B19	2024-05-29 11:56:05	100	124.5203900	
Monthly Domestic Values	9	2019	Hydro Run-of-river and poundage	IE	B11	2024-05-29 11:56:05	100	63.9599650	
Monthly Domestic Values	8	2019	Hydro Run-of-river and poundage	LU	B11	2024-05-29 11:56:05	100	1.2753650	
Monthly Domestic Values	12	2019	Biomass	HR	B01	2024-05-29 11:56:05	100	45.0160000	
Monthly Domestic Values	9	2019	Waste	NL	B17	2024-05-29 11:56:05	100	134.8506650	
Monthly Domestic Values	8	2019	Waste	HR	B17	2024-05-29 11:56:05	100	0.0000000	
Monthly Domestic Values	5	2019	Fossil Gas	GB	B04	2024-05-29 11:56:05	100	9418.7171600	
Monthly Domestic Values	12	2019	Fossil Oil	FR	B06	2024-05-29 11:56:05	100	160.7630000	
Monthly Domestic Values	5	2019	Hydro Water Reservoir	HR	B12	2024-05-29 11:56:05	100	417.5761300	
Monthly Domestic Values	4	2019	Solar	RO	B16	2024-05-29 11:56:05	100	134.6205800	
Monthly Domestic Values	5	2019	Other renewable	FI	B15	2024-05-29 11:56:05	100	6.8955900	
Monthly Domestic Values	2	2019	Hydro Run-of-river and poundage	BE	B11	2024-05-29 11:56:05	100	20.5560800	
Monthly Domestic Values	5	2019	Wind Onshore	SI	B19	2024-05-29 11:56:05	100	0.3795800	
Monthly Domestic Values	9	2019	Fossil Oil	HR	B06	2024-05-29 11:56:05	100	0.0000000	
Monthly Domestic Values	8	2019	Fossil Oil	IT	B06	2024-05-29 11:56:05	100	125.8460000	
Monthly Domestic Values	7	2019	Nuclear	CZ	B14	2024-05-29 11:56:05	100	1781.5447900	
Monthly Domestic Values	11	2019	Hydro Water Reservoir	PT	B12	2024-05-29 11:56:05	100	198.4208000	
Monthly Domestic Values	9	2019	Fossil Peat	EE	B08	2024-05-29 11:56:05	100	2.9513000	
Monthly Domestic Values	5	2019	Hydro Run-of-river and poundage	GB	B11	2024-05-29 11:56:05	100	128.1970000	
Monthly Domestic Values	8	2019	Solar	FR	B16	2024-05-29 11:56:05	100	1374.4090000	
Monthly Domestic Values	9	2019	Other	RS	B20	2024-05-29 11:56:05	100	10.8000000	
Monthly Domestic Values	6	2019	Hydro Water Reservoir	BA	B12	2024-05-29 11:56:05	100	461.7954000	
Monthly Domestic Values	6	2019	Wind Onshore	DE	B19	2024-05-29 11:56:05	100	5134.5887600	
Monthly Domestic Values	1	2019	Biomass	PT	B01	2024-05-29 11:56:05	100	229.1585000	
Monthly Domestic Values	4	2019	Biomass	EE	B01	2024-05-29 11:56:05	100	49.6535000	
Monthly Domestic Values	10	2019	Biomass	CZ	B01	2024-05-29 11:56:05	100	163.2479900	
Monthly Domestic Values	10	2019	Biomass	EE	B01	2024-05-29 11:56:05	100	56.5887000	
Monthly Domestic Values	5	2019	Biomass	GB	B01	2024-05-29 11:56:05	100	1478.9010000	
Monthly Domestic Values	10	2019	Geothermal	AT	B09	2024-05-29 11:56:05	100	0.0520800	
Monthly Domestic Values	4	2019	Wind Onshore	LT	B19	2024-05-29 11:56:05	100	117.3684800	
Monthly Domestic Values	9	2019	Wind Onshore	NL	B19	2024-05-29 11:56:05	100	216.0709625	
Monthly Domestic Values	11	2019	Wind Onshore	FR	B19	2024-05-29 11:56:05	100	3226.2830000	
Monthly Domestic Values	4	2019	Solar	AT	B16	2024-05-29 11:56:05	100	66.8400000	
Monthly Domestic Values	4	2019	Wind Offshore	GB	B18	2024-05-29 11:56:05	100	1538.4064250	
Monthly Domestic Values	10	2019	Wind Offshore	GB	B18	2024-05-29 11:56:05	100	2125.8394300	
Monthly Domestic Values	9	2019	Fossil Gas	BE	B04	2024-05-29 11:56:05	100	1919.1614300	
Monthly Domestic Values	10	2019	Fossil Coal-derived gas	ES	B03	2024-05-29 11:56:05	100	0.0000000	
Monthly Domestic Values	10	2019	Solar	DE	B16	2024-05-29 11:56:05	100	2428.9489350	
Monthly Domestic Values	4	2019	Hydro Pumped Storage	CH	B10	2024-05-29 11:56:05	100	575.7842800	
Monthly Domestic Values	4	2019	Fossil Brown coal/Lignite	MK	B02	2024-05-29 11:56:05	100	261.5357700	
Monthly Domestic Values	6	2019	Fossil Oil	PL	B06	2024-05-29 11:56:05	100	112.3424700	
Monthly Domestic Values	8	2019	Fossil Oil	DE	B06	2024-05-29 11:56:05	100	375.5276425	
Monthly Domestic Values	10	2019	Hydro Pumped Storage	SI	B10	2024-05-29 11:56:05	100	23.9132000	
Monthly Domestic Values	7	2019	Hydro Water Reservoir	RS	B12	2024-05-29 11:56:05	100	24.4570000	
Monthly Domestic Values	1	2019	Fossil Hard coal	IT	B05	2024-05-29 11:56:05	100	2338.9500000	
Monthly Domestic Values	7	2019	Fossil Hard coal	IT	B05	2024-05-29 11:56:05	100	1306.6750000	
Monthly Domestic Values	1	2019	Fossil Hard coal	BG	B05	2024-05-29 11:56:05	100	52.1950000	
Monthly Domestic Values	12	2019	Fossil Oil	BE	B06	2024-05-29 11:56:05	100	0.3488100	
Monthly Domestic Values	6	2019	Nuclear	RO	B14	2024-05-29 11:56:05	100	856.0004800	
Monthly Domestic Values	12	2019	Nuclear	RO	B14	2024-05-29 11:56:05	100	1054.9288200	
Monthly Domestic Values	10	2019	Other renewable	ME	B15	2024-05-29 11:56:05	100	0.0000000	
Monthly Domestic Values	6	2019	Hydro Run-of-river and poundage	LT	B11	2024-05-29 11:56:05	100	25.4837100	
Monthly Domestic Values	12	2019	Hydro Run-of-river and poundage	LT	B11	2024-05-29 11:56:05	100	23.9144800	
Monthly Domestic Values	2	2019	Hydro Run-of-river and poundage	LV	B11	2024-05-29 11:56:05	100	144.4630000	
Monthly Domestic Values	4	2019	Other renewable	ME	B15	2024-05-29 11:56:05	100	0.0000000	
Monthly Domestic Values	5	2019	Hydro Run-of-river and poundage	RO	B11	2024-05-29 11:56:05	100	1517.0818300	
Monthly Domestic Values	8	2019	Hydro Run-of-river and poundage	LV	B11	2024-05-29 11:56:05	100	85.8730000	
Monthly Domestic Values	1	2019	Hydro Pumped Storage	SK	B10	2024-05-29 11:56:05	100	22.0732700	
Monthly Domestic Values	7	2019	Hydro Pumped Storage	SK	B10	2024-05-29 11:56:05	100	15.6182800	
Monthly Domestic Values	5	2019	Solar	ES	B16	2024-05-29 11:56:05	100	1643.2930000	
Monthly Domestic Values	11	2019	Solar	ES	B16	2024-05-29 11:56:05	100	595.8930000	
Monthly Domestic Values	4	2019	Hydro Water Reservoir	ES	B12	2024-05-29 11:56:05	100	1284.3050000	
Monthly Domestic Values	10	2019	Hydro Water Reservoir	ES	B12	2024-05-29 11:56:05	100	817.8860000	
Monthly Domestic Values	7	2019	Biomass	PL	B01	2024-05-29 11:56:05	100	201.3647900	
Monthly Domestic Values	7	2019	Fossil Hard coal	DK	B05	2024-05-29 11:56:05	100	89.1654400	
Monthly Domestic Values	10	2019	Fossil Brown coal/Lignite	PL	B02	2024-05-29 11:56:05	100	2981.2930400	
Monthly Domestic Values	10	2019	Waste	DK	B17	2024-05-29 11:56:05	100	116.7788400	
Monthly Domestic Values	3	2019	Hydro Pumped Storage	AT	B10	2024-05-29 11:56:05	100	324.7175000	
Monthly Domestic Values	9	2019	Fossil Oil	CZ	B06	2024-05-29 11:56:05	100	4.4368200	
Monthly Domestic Values	2	2019	Hydro Run-of-river and poundage	SI	B11	2024-05-29 11:56:05	100	306.8715200	
Monthly Domestic Values	8	2019	Wind Onshore	LV	B19	2024-05-29 11:56:05	100	5.6740000	
Monthly Domestic Values	5	2019	Wind Onshore	CH	B19	2024-05-29 11:56:05	100	7.5765600	
Monthly Domestic Values	11	2019	Wind Onshore	SI	B19	2024-05-29 11:56:05	100	0.4728000	
Monthly Domestic Values	1	2019	Fossil Brown coal/Lignite	SI	B02	2024-05-29 11:56:05	100	399.4532500	
Monthly Domestic Values	3	2019	Fossil Gas	AT	B04	2024-05-29 11:56:05	100	665.7015000	
Monthly Domestic Values	1	2019	Hydro Water Reservoir	DE	B12	2024-05-29 11:56:05	100	85.5135350	
Monthly Domestic Values	10	2019	Solar	SI	B16	2024-05-29 11:56:05	100	19.2943100	
Monthly Domestic Values	9	2019	Fossil Peat	ES	B08	2024-05-29 11:56:05	100	0.0000000	
Monthly Domestic Values	11	2019	Other renewable	FI	B15	2024-05-29 11:56:05	100	19.0046100	
Monthly Domestic Values	11	2019	Biomass	ES	B01	2024-05-29 11:56:05	100	250.7530000	
Monthly Domestic Values	11	2019	Geothermal	DE	B09	2024-05-29 11:56:05	100	18.2010125	
Monthly Domestic Values	6	2019	Hydro Pumped Storage	CZ	B10	2024-05-29 11:56:05	100	66.2451300	
Monthly Domestic Values	3	2019	Fossil Oil	HR	B06	2024-05-29 11:56:05	100	8.4839100	
Monthly Domestic Values	12	2019	Fossil Gas	PL	B04	2024-05-29 11:56:05	100	1072.6842700	
Monthly Domestic Values	2	2019	Fossil Gas	NO	B04	2024-05-29 11:56:05	100	230.8671200	
Monthly Domestic Values	4	2019	Other	BE	B20	2024-05-29 11:56:05	100	484.4677200	
Monthly Domestic Values	11	2019	Other	SK	B20	2024-05-29 11:56:05	100	102.4703000	
Monthly Domestic Values	7	2019	Hydro Run-of-river and poundage	FI	B11	2024-05-29 11:56:05	100	922.4507400	
Monthly Domestic Values	10	2019	Hydro Run-of-river and poundage	RS	B11	2024-05-29 11:56:05	100	387.3560000	
Monthly Domestic Values	12	2019	Wind Onshore	DE	B19	2024-05-29 11:56:05	100	12186.0015900	
Monthly Domestic Values	6	2019	Fossil Gas	NL	B04	2024-05-29 11:56:05	100	3449.2365000	
Monthly Domestic Values	9	2019	Fossil Oil	ES	B06	2024-05-29 11:56:05	100	176.0930000	
Monthly Domestic Values	1	2019	Solar	EE	B16	2024-05-29 11:56:05	100	0.5208000	
Monthly Domestic Values	5	2019	Hydro Water Reservoir	FR	B12	2024-05-29 11:56:05	100	949.1410000	
Monthly Domestic Values	5	2019	Solar	LT	B16	2024-05-29 11:56:05	100	10.7232700	
Monthly Domestic Values	5	2019	Other	AT	B20	2024-05-29 11:56:05	100	16.3680000	
Monthly Domestic Values	9	2019	Biomass	FI	B01	2024-05-29 11:56:05	100	331.6875500	
Monthly Domestic Values	2	2019	Fossil Hard coal	RO	B05	2024-05-29 11:56:05	100	111.2850000	
Monthly Domestic Values	12	2019	Biomass	HU	B01	2024-05-29 11:56:05	100	99.7928625	
Monthly Domestic Values	7	2019	Waste	CZ	B17	2024-05-29 11:56:05	100	14.7725200	
Monthly Domestic Values	5	2019	Geothermal	IT	B09	2024-05-29 11:56:05	100	490.0800000	
Monthly Domestic Values	5	2019	Fossil Oil	SI	B06	2024-05-29 11:56:05	100	0.0002400	
Monthly Domestic Values	6	2019	Wind Onshore	FI	B19	2024-05-29 11:56:05	100	414.3654800	
Monthly Domestic Values	10	2019	Wind Onshore	CZ	B19	2024-05-29 11:56:05	100	56.6457900	
Monthly Domestic Values	10	2019	Hydro Water Reservoir	BG	B12	2024-05-29 11:56:05	100	100.3040000	
Monthly Domestic Values	1	2019	Solar	CH	B16	2024-05-29 11:56:05	100	9.6600400	
Monthly Domestic Values	11	2019	Fossil Gas	RO	B04	2024-05-29 11:56:05	100	996.2928200	
Monthly Domestic Values	3	2019	Wind Onshore	ES	B19	2024-05-29 11:56:05	100	4810.4060000	
Monthly Domestic Values	5	2019	Wind Onshore	BA	B19	2024-05-29 11:56:05	100	14.9396600	
Monthly Domestic Values	10	2019	Wind Onshore	PT	B19	2024-05-29 11:56:05	100	1046.2823000	
Monthly Domestic Values	9	2019	Wind Offshore	DE	B18	2024-05-29 11:56:05	100	2052.7593050	
Monthly Domestic Values	2	2019	Hydro Water Reservoir	ME	B12	2024-05-29 11:56:05	100	162.2067400	
Monthly Domestic Values	6	2019	Geothermal	ES	B09	2024-05-29 11:56:05	100	0.0000000	
Monthly Domestic Values	6	2019	Hydro Pumped Storage	RS	B10	2024-05-29 11:56:05	100	40.1350000	
Monthly Domestic Values	1	2019	Fossil Peat	EE	B08	2024-05-29 11:56:05	100	3.2815000	
Monthly Domestic Values	5	2019	Fossil Gas	HU	B04	2024-05-29 11:56:05	100	366.5085700	
Monthly Domestic Values	1	2019	Biomass	HU	B01	2024-05-29 11:56:05	100	82.7699625	
Monthly Domestic Values	2	2019	Fossil Hard coal	NL	B05	2024-05-29 11:56:05	100	1985.5790025	
Monthly Domestic Values	3	2019	Fossil Hard coal	PL	B05	2024-05-29 11:56:05	100	6276.5453500	
Monthly Domestic Values	5	2019	Biomass	NL	B01	2024-05-29 11:56:05	100	0.0000000	
Monthly Domestic Values	6	2019	Waste	FI	B17	2024-05-29 11:56:05	100	10.7798100	
Monthly Domestic Values	4	2019	Fossil Brown coal/Lignite	ME	B02	2024-05-29 11:56:05	100	0.0000000	
Monthly Domestic Values	4	2019	Other	CZ	B20	2024-05-29 11:56:05	100	79.9414500	
Monthly Domestic Values	7	2019	Solar	CZ	B16	2024-05-29 11:56:05	100	288.0499800	
Monthly Domestic Values	5	2019	Other	IT	B20	2024-05-29 11:56:05	100	2295.8080000	
Monthly Domestic Values	11	2019	Hydro Water Reservoir	MK	B12	2024-05-29 11:56:05	100	69.1715100	
Monthly Domestic Values	3	2019	Hydro Run-of-river and poundage	IE	B11	2024-05-29 11:56:05	100	114.3760200	
Monthly Domestic Values	4	2019	Wind Onshore	PL	B19	2024-05-29 11:56:05	100	1199.7492700	
Monthly Domestic Values	6	2019	Fossil Brown coal/Lignite	ES	B02	2024-05-29 11:56:05	100	0.0000000	
Monthly Domestic Values	10	2019	Fossil Brown coal/Lignite	CZ	B02	2024-05-29 11:56:05	100	2736.3462200	
Monthly Domestic Values	9	2019	Fossil Brown coal/Lignite	BA	B02	2024-05-29 11:56:05	100	178.8015500	
Monthly Domestic Values	12	2019	Hydro Pumped Storage	IT	B10	2024-05-29 11:56:05	100	393.1820000	
Monthly Domestic Values	6	2019	Nuclear	NL	B14	2024-05-29 11:56:05	100	32.4593450	
Monthly Domestic Values	9	2019	Nuclear	CH	B14	2024-05-29 11:56:05	100	2208.1997000	
Monthly Domestic Values	3	2019	Biomass	SI	B01	2024-05-29 11:56:05	100	8.5434800	
Monthly Domestic Values	4	2019	Waste	DK	B17	2024-05-29 11:56:05	100	113.4825800	
Monthly Domestic Values	1	2019	Hydro Pumped Storage	PL	B10	2024-05-29 11:56:05	100	66.6097500	
Monthly Domestic Values	5	2019	Fossil Oil	CY	B06	2024-05-29 11:56:05	100	325.4703250	
Monthly Domestic Values	10	2019	Nuclear	HU	B14	2024-05-29 11:56:05	100	1413.0626400	
Monthly Domestic Values	9	2019	Fossil Gas	AT	B04	2024-05-29 11:56:05	100	927.5528000	
Monthly Domestic Values	2	2019	Hydro Run-of-river and poundage	RS	B11	2024-05-29 11:56:05	100	868.3950000	
Monthly Domestic Values	4	2019	Wind Onshore	BE	B19	2024-05-29 11:56:05	100	207.8712500	
Monthly Domestic Values	10	2019	Wind Onshore	IE	B19	2024-05-29 11:56:05	100	893.3232900	
Monthly Domestic Values	10	2019	Other renewable	AT	B15	2024-05-29 11:56:05	100	0.0000000	
Monthly Domestic Values	9	2019	Fossil Peat	FI	B08	2024-05-29 11:56:05	100	334.3600500	
Monthly Domestic Values	2	2019	Nuclear	GB	B14	2024-05-29 11:56:05	100	4252.0600000	
Monthly Domestic Values	7	2019	Nuclear	ES	B14	2024-05-29 11:56:05	100	5137.6010000	
Monthly Domestic Values	6	2019	Other	DE	B20	2024-05-29 11:56:05	100	207.1956425	
Monthly Domestic Values	5	2019	Hydro Run-of-river and poundage	PL	B11	2024-05-29 11:56:05	100	170.0589900	
Monthly Domestic Values	7	2019	Wind Onshore	DK	B19	2024-05-29 11:56:05	100	667.5169900	
Monthly Domestic Values	3	2019	Biomass	SK	B01	2024-05-29 11:56:05	100	67.5493000	
Monthly Domestic Values	11	2019	Fossil Hard coal	DE	B05	2024-05-29 11:56:05	100	6046.0127350	
Monthly Domestic Values	9	2019	Fossil Hard coal	FI	B05	2024-05-29 11:56:05	100	202.2093800	
Monthly Domestic Values	6	2019	Fossil Brown coal/Lignite	HU	B02	2024-05-29 11:56:05	100	315.4477625	
Monthly Domestic Values	12	2019	Wind Offshore	BE	B18	2024-05-29 11:56:05	100	614.4805500	
Monthly Domestic Values	9	2019	Fossil Brown coal/Lignite	SI	B02	2024-05-29 11:56:05	100	254.1338000	
Monthly Domestic Values	2	2019	Hydro Water Reservoir	MK	B12	2024-05-29 11:56:05	100	79.7680900	
Monthly Domestic Values	11	2019	Solar	LT	B16	2024-05-29 11:56:05	100	0.9718200	
Monthly Domestic Values	5	2019	Hydro Run-of-river and poundage	AT	B11	2024-05-29 11:56:05	100	3243.9126000	
Monthly Domestic Values	4	2019	Biomass	CZ	B01	2024-05-29 11:56:05	100	141.3777200	
Monthly Domestic Values	4	2019	Geothermal	AT	B09	2024-05-29 11:56:05	100	0.0504000	
Monthly Domestic Values	10	2019	Hydro Pumped Storage	CH	B10	2024-05-29 11:56:05	100	588.5128400	
Monthly Domestic Values	8	2019	Waste	BG	B17	2024-05-29 11:56:05	100	1.8650000	
Monthly Domestic Values	10	2019	Hydro Pumped Storage	BE	B10	2024-05-29 11:56:05	100	79.1229000	
Monthly Domestic Values	8	2019	Fossil Gas	RS	B04	2024-05-29 11:56:05	100	1.4880000	
Monthly Domestic Values	10	2019	Hydro Run-of-river and poundage	SK	B11	2024-05-29 11:56:05	100	207.0851100	
Monthly Domestic Values	5	2019	Wind Onshore	AT	B19	2024-05-29 11:56:05	100	863.1050000	
Monthly Domestic Values	3	2019	Wind Onshore	NL	B19	2024-05-29 11:56:05	100	340.5646325	
Monthly Domestic Values	10	2019	Wind Onshore	LT	B19	2024-05-29 11:56:05	100	117.1246600	
Monthly Domestic Values	4	2019	Fossil Coal-derived gas	ES	B03	2024-05-29 11:56:05	100	0.0000000	
Monthly Domestic Values	1	2019	Other	PT	B20	2024-05-29 11:56:05	100	24.5029000	
Monthly Domestic Values	10	2019	Hydro Run-of-river and poundage	BG	B11	2024-05-29 11:56:05	100	32.5670000	
Monthly Domestic Values	7	2019	Other	PT	B20	2024-05-29 11:56:05	100	24.0063000	
Monthly Domestic Values	9	2019	Other renewable	HU	B15	2024-05-29 11:56:05	100	8.1938050	
Monthly Domestic Values	5	2019	Other	HU	B20	2024-05-29 11:56:05	100	69.9418200	
Monthly Domestic Values	4	2019	Biomass	RS	B01	2024-05-29 11:56:05	100	7.2100000	
Monthly Domestic Values	10	2019	Biomass	RS	B01	2024-05-29 11:56:05	100	8.9310000	
Monthly Domestic Values	11	2019	Hydro Pumped Storage	AT	B10	2024-05-29 11:56:05	100	436.6248000	
Monthly Domestic Values	6	2019	Fossil Oil	BE	B06	2024-05-29 11:56:05	100	0.1101400	
Monthly Domestic Values	8	2019	Fossil Oil	GB	B06	2024-05-29 11:56:05	100	0.1697750	
Monthly Domestic Values	5	2019	Hydro Run-of-river and poundage	IT	B11	2024-05-29 11:56:05	100	3552.3060000	
Monthly Domestic Values	5	2019	Hydro Run-of-river and poundage	HU	B11	2024-05-29 11:56:05	100	5.3204750	
Monthly Domestic Values	2	2019	Wind Onshore	HU	B19	2024-05-29 11:56:05	100	72.4691450	
Monthly Domestic Values	8	2019	Wind Onshore	HU	B19	2024-05-29 11:56:05	100	27.9177550	
Monthly Domestic Values	8	2019	Wind Onshore	IT	B19	2024-05-29 11:56:05	100	715.4820000	
Monthly Domestic Values	12	2019	Biomass	SI	B01	2024-05-29 11:56:05	100	8.3438100	
Monthly Domestic Values	8	2019	Marine	ES	B13	2024-05-29 11:56:05	100	0.0000000	
Monthly Domestic Values	6	2019	Fossil Oil	FR	B06	2024-05-29 11:56:05	100	104.9150000	
Monthly Domestic Values	6	2019	Fossil Gas	ES	B04	2024-05-29 11:56:05	100	7238.7910000	
Monthly Domestic Values	3	2019	Hydro Water Reservoir	LU	B12	2024-05-29 11:56:05	100	3.0813150	
Monthly Domestic Values	10	2019	Solar	RO	B16	2024-05-29 11:56:05	100	111.8525800	
Monthly Domestic Values	11	2019	Hydro Run-of-river and poundage	PL	B11	2024-05-29 11:56:05	100	84.3602200	
Monthly Domestic Values	5	2019	Other	LV	B20	2024-05-29 11:56:05	100	52.2490000	
Monthly Domestic Values	8	2019	Hydro Run-of-river and poundage	BE	B11	2024-05-29 11:56:05	100	2.6287600	
Monthly Domestic Values	10	2019	Wind Onshore	BE	B19	2024-05-29 11:56:05	100	314.5499700	
Monthly Domestic Values	1	2019	Wind Onshore	IE	B19	2024-05-29 11:56:05	100	768.4622000	
Monthly Domestic Values	5	2019	Fossil Hard coal	DE	B05	2024-05-29 11:56:05	100	3492.5584650	
Monthly Domestic Values	8	2019	Biomass	AT	B01	2024-05-29 11:56:05	100	153.9950000	
Monthly Domestic Values	1	2019	Biomass	LV	B01	2024-05-29 11:56:05	100	64.5510000	
Monthly Domestic Values	11	2019	Waste	LT	B17	2024-05-29 11:56:05	100	13.5313200	
Monthly Domestic Values	9	2019	Hydro Pumped Storage	PL	B10	2024-05-29 11:56:05	100	59.4498500	
Monthly Domestic Values	6	2019	Wind Offshore	BE	B18	2024-05-29 11:56:05	100	298.5140700	
Monthly Domestic Values	7	2019	Fossil Hard coal	GB	B05	2024-05-29 11:56:05	100	24.6710000	
Monthly Domestic Values	8	2019	Fossil Gas	CZ	B04	2024-05-29 11:56:05	100	520.4037000	
Monthly Domestic Values	3	2019	Fossil Gas	MK	B04	2024-05-29 11:56:05	100	0.0000000	
Monthly Domestic Values	7	2019	Hydro Pumped Storage	BG	B10	2024-05-29 11:56:05	100	14.6210000	
Monthly Domestic Values	5	2019	Fossil Hard coal	BA	B05	2024-05-29 11:56:05	100	387.9165100	
Monthly Domestic Values	3	2019	Biomass	FR	B01	2024-05-29 11:56:05	100	254.0740000	
Monthly Domestic Values	11	2019	Biomass	LU	B01	2024-05-29 11:56:05	100	22.9668625	
Monthly Domestic Values	2	2019	Fossil Hard coal	SK	B05	2024-05-29 11:56:05	100	41.3571000	
Monthly Domestic Values	4	2019	Waste	HU	B17	2024-05-29 11:56:05	100	11.2258825	
Monthly Domestic Values	3	2019	Wind Offshore	DK	B18	2024-05-29 11:56:05	100	546.2125500	
Monthly Domestic Values	12	2019	Fossil Gas	SI	B04	2024-05-29 11:56:05	100	38.9912400	
Monthly Domestic Values	8	2019	Hydro Run-of-river and poundage	NL	B11	2024-05-29 11:56:05	100	0.0000000	
Monthly Domestic Values	9	2019	Other renewable	EE	B15	2024-05-29 11:56:05	100	4.3687000	
Monthly Domestic Values	4	2019	Wind Onshore	CZ	B19	2024-05-29 11:56:05	100	62.2401200	
Monthly Domestic Values	2	2019	Other renewable	CZ	B15	2024-05-29 11:56:05	100	183.9460500	
Monthly Domestic Values	5	2019	Waste	BG	B17	2024-05-29 11:56:05	100	2.5710000	
Monthly Domestic Values	2	2019	Hydro Water Reservoir	NO	B12	2024-05-29 11:56:05	100	10341.1489200	
Monthly Domestic Values	7	2019	Other	EE	B20	2024-05-29 11:56:05	100	0.0000000	
Monthly Domestic Values	4	2019	Fossil Coal-derived gas	CZ	B03	2024-05-29 11:56:05	100	118.0757600	
Monthly Domestic Values	11	2019	Solar	IT	B16	2024-05-29 11:56:05	100	632.4390000	
Monthly Domestic Values	12	2019	Other renewable	HU	B15	2024-05-29 11:56:05	100	10.2160275	
Monthly Domestic Values	1	2019	Biomass	DE	B01	2024-05-29 11:56:05	100	3614.6798425	
Monthly Domestic Values	1	2019	Biomass	IT	B01	2024-05-29 11:56:05	100	381.1260000	
Monthly Domestic Values	10	2019	Fossil Brown coal/Lignite	ME	B02	2024-05-29 11:56:05	100	154.4980000	
Monthly Domestic Values	12	2019	Fossil Brown coal/Lignite	ES	B02	2024-05-29 11:56:05	100	0.0000000	
Monthly Domestic Values	8	2019	Nuclear	BE	B14	2024-05-29 11:56:05	100	4190.3597400	
Monthly Domestic Values	9	2019	Fossil Oil	IE	B06	2024-05-29 11:56:05	100	214.9710350	
Monthly Domestic Values	9	2019	Fossil Coal-derived gas	PL	B03	2024-05-29 11:56:05	100	37.7974900	
Monthly Domestic Values	11	2019	Hydro Run-of-river and poundage	CZ	B11	2024-05-29 11:56:05	100	61.6336900	
Monthly Domestic Values	4	2019	Wind Onshore	ME	B19	2024-05-29 11:56:05	100	15.8803400	
Monthly Domestic Values	10	2019	Wind Onshore	PL	B19	2024-05-29 11:56:05	100	1143.6639800	
Monthly Domestic Values	6	2019	Wind Onshore	SE	B19	2024-05-29 11:56:05	100	1376.4700000	
Monthly Domestic Values	5	2019	Fossil Gas	CZ	B04	2024-05-29 11:56:05	100	201.1504200	
Monthly Domestic Values	3	2019	Nuclear	CH	B14	2024-05-29 11:56:05	100	2420.9712000	
Monthly Domestic Values	12	2019	Fossil Gas	IT	B04	2024-05-29 11:56:05	100	8103.0820000	
Monthly Domestic Values	4	2019	Hydro Pumped Storage	IE	B10	2024-05-29 11:56:05	100	24.7308250	
Monthly Domestic Values	3	2019	Fossil Gas	SK	B04	2024-05-29 11:56:05	100	223.4729000	
Monthly Domestic Values	10	2019	Other	NL	B20	2024-05-29 11:56:05	100	3093.6825950	
Monthly Domestic Values	6	2019	Biomass	SI	B01	2024-05-29 11:56:05	100	4.1915300	
Monthly Domestic Values	1	2019	Fossil Hard coal	DK	B05	2024-05-29 11:56:05	100	797.9931800	
Monthly Domestic Values	2	2019	Fossil Oil	CY	B06	2024-05-29 11:56:05	100	329.3882100	
Monthly Domestic Values	5	2019	Hydro Pumped Storage	PT	B10	2024-05-29 11:56:05	100	207.3348000	
Monthly Domestic Values	4	2019	Nuclear	ES	B14	2024-05-29 11:56:05	100	4633.0440000	
Monthly Domestic Values	11	2019	Hydro Water Reservoir	AT	B12	2024-05-29 11:56:05	100	291.4819000	
Monthly Domestic Values	12	2019	Hydro Run-of-river and poundage	DE	B11	2024-05-29 11:56:05	100	1034.0784375	
Monthly Domestic Values	12	2019	Other renewable	ES	B15	2024-05-29 11:56:05	100	71.0470000	
Monthly Domestic Values	7	2019	Wind Onshore	IE	B19	2024-05-29 11:56:05	100	470.2488900	
Monthly Domestic Values	11	2019	Wind Onshore	CH	B19	2024-05-29 11:56:05	100	7.0230200	
Monthly Domestic Values	8	2019	Other renewable	HR	B15	2024-05-29 11:56:05	100	30.4150000	
Monthly Domestic Values	8	2019	Wind Onshore	MK	B19	2024-05-29 11:56:05	100	5.7150900	
Monthly Domestic Values	1	2019	Biomass	BE	B01	2024-05-29 11:56:05	100	256.3228500	
Monthly Domestic Values	4	2019	Biomass	HU	B01	2024-05-29 11:56:05	100	79.0782625	
Monthly Domestic Values	7	2019	Biomass	LV	B01	2024-05-29 11:56:05	100	35.7940000	
Monthly Domestic Values	5	2019	Waste	LT	B17	2024-05-29 11:56:05	100	13.8480400	
Monthly Domestic Values	3	2019	Waste	FI	B17	2024-05-29 11:56:05	100	19.6262700	
Monthly Domestic Values	4	2019	Hydro Pumped Storage	FR	B10	2024-05-29 11:56:05	100	366.0800000	
Monthly Domestic Values	7	2019	Hydro Water Reservoir	CZ	B12	2024-05-29 11:56:05	100	76.4067700	
Monthly Domestic Values	9	2019	Fossil Oil shale	EE	B07	2024-05-29 11:56:05	100	270.2933000	
Monthly Domestic Values	12	2019	Hydro Run-of-river and poundage	EE	B11	2024-05-29 11:56:05	100	0.7571000	
Monthly Domestic Values	2	2019	Wind Onshore	LU	B19	2024-05-29 11:56:05	100	22.5894350	
Monthly Domestic Values	10	2019	Nuclear	SE	B14	2024-05-29 11:56:05	100	5463.2890000	
Monthly Domestic Values	2	2019	Fossil Oil	FI	B06	2024-05-29 11:56:05	100	0.9767800	
Monthly Domestic Values	6	2019	Fossil Gas	PL	B04	2024-05-29 11:56:05	100	696.5011100	
Monthly Domestic Values	9	2019	Fossil Gas	MK	B04	2024-05-29 11:56:05	100	153.8083300	
Monthly Domestic Values	5	2019	Hydro Water Reservoir	SK	B12	2024-05-29 11:56:05	100	46.0912700	
Monthly Domestic Values	3	2019	Other	LT	B20	2024-05-29 11:56:05	100	13.8783800	
Monthly Domestic Values	6	2019	Biomass	FI	B01	2024-05-29 11:56:05	100	478.7427900	
Monthly Domestic Values	7	2019	Biomass	PT	B01	2024-05-29 11:56:05	100	243.3427000	
Monthly Domestic Values	1	2019	Fossil Hard coal	CZ	B05	2024-05-29 11:56:05	100	308.6395200	
Monthly Domestic Values	11	2019	Fossil Hard coal	RO	B05	2024-05-29 11:56:05	100	85.4300000	
Monthly Domestic Values	4	2019	Waste	CZ	B17	2024-05-29 11:56:05	100	13.3468700	
Monthly Domestic Values	9	2019	Waste	BE	B17	2024-05-29 11:56:05	100	155.6848400	
Monthly Domestic Values	9	2019	Hydro Pumped Storage	RS	B10	2024-05-29 11:56:05	100	51.4750000	
Monthly Domestic Values	2	2019	Fossil Gas	RS	B04	2024-05-29 11:56:05	100	1.3440000	
Monthly Domestic Values	6	2019	Solar	LU	B16	2024-05-29 11:56:05	100	19.3740625	
Monthly Domestic Values	2	2019	Hydro Run-of-river and poundage	MK	B11	2024-05-29 11:56:05	100	0.0000000	
Monthly Domestic Values	2	2019	Wind Onshore	BA	B19	2024-05-29 11:56:05	100	18.5336100	
Monthly Domestic Values	3	2019	Other renewable	SK	B15	2024-05-29 11:56:05	100	47.8301000	
Monthly Domestic Values	2	2019	Fossil Oil	DK	B06	2024-05-29 11:56:05	100	20.2329600	
Monthly Domestic Values	5	2019	Fossil Brown coal/Lignite	RO	B02	2024-05-29 11:56:05	100	1007.7463800	
Monthly Domestic Values	8	2019	Fossil Oil	DK	B06	2024-05-29 11:56:05	100	25.4607000	
Monthly Domestic Values	11	2019	Fossil Brown coal/Lignite	RO	B02	2024-05-29 11:56:05	100	1024.4575000	
Monthly Domestic Values	6	2019	Fossil Brown coal/Lignite	SK	B02	2024-05-29 11:56:05	100	101.3596000	
Monthly Domestic Values	4	2019	Hydro Pumped Storage	SI	B10	2024-05-29 11:56:05	100	12.1696700	
Monthly Domestic Values	1	2019	Biomass	HR	B01	2024-05-29 11:56:05	100	29.4000000	
Monthly Domestic Values	7	2019	Fossil Hard coal	FR	B05	2024-05-29 11:56:05	100	66.4620000	
Monthly Domestic Values	6	2019	Waste	SI	B17	2024-05-29 11:56:05	100	6.3004500	
Monthly Domestic Values	7	2019	Waste	LU	B17	2024-05-29 11:56:05	100	10.1160675	
Monthly Domestic Values	4	2019	Waste	ES	B17	2024-05-29 11:56:05	100	202.0020000	
Monthly Domestic Values	4	2019	Hydro Water Reservoir	RO	B12	2024-05-29 11:56:05	100	478.4136400	
Monthly Domestic Values	8	2019	Hydro Water Reservoir	FR	B12	2024-05-29 11:56:05	100	811.5310000	
Monthly Domestic Values	4	2019	Hydro Run-of-river and poundage	NO	B11	2024-05-29 11:56:05	100	808.6283200	
Monthly Domestic Values	8	2019	Other	FI	B20	2024-05-29 11:56:05	100	37.8009200	
Monthly Domestic Values	7	2019	Hydro Run-of-river and poundage	ES	B11	2024-05-29 11:56:05	100	554.5760000	
Monthly Domestic Values	6	2019	Biomass	DK	B01	2024-05-29 11:56:05	100	47.7801700	
Monthly Domestic Values	4	2019	Nuclear	HU	B14	2024-05-29 11:56:05	100	1334.4159350	
Monthly Domestic Values	1	2019	Hydro Pumped Storage	ES	B10	2024-05-29 11:56:05	100		
Monthly Domestic Values	8	2019	Nuclear	GB	B14	2024-05-29 11:56:05	100	4293.2065000	
Monthly Domestic Values	7	2019	Fossil Gas	FI	B04	2024-05-29 11:56:05	100	165.3329700	
Monthly Domestic Values	12	2019	Hydro Water Reservoir	IT	B12	2024-05-29 11:56:05	100	726.2110000	
Monthly Domestic Values	5	2019	Wind Onshore	NO	B19	2024-05-29 11:56:05	100	350.6642200	
Monthly Domestic Values	8	2019	Hydro Pumped Storage	GB	B10	2024-05-29 11:56:05	100	138.5720000	
Monthly Domestic Values	12	2019	Hydro Run-of-river and poundage	CH	B11	2024-05-29 11:56:05	100	146.0583800	
Monthly Domestic Values	4	2019	Wind Onshore	DK	B19	2024-05-29 11:56:05	100	643.7612000	
Monthly Domestic Values	6	2019	Hydro Run-of-river and poundage	DE	B11	2024-05-29 11:56:05	100	1388.8172750	
Monthly Domestic Values	6	2019	Wind Onshore	RO	B19	2024-05-29 11:56:05	100	359.2418200	
Monthly Domestic Values	4	2019	Other renewable	AT	B15	2024-05-29 11:56:05	100	0.0000000	
Monthly Domestic Values	5	2019	Fossil Hard coal	NL	B05	2024-05-29 11:56:05	100	1032.9197375	
Monthly Domestic Values	5	2019	Waste	FR	B17	2024-05-29 11:56:05	100	127.0020000	
Monthly Domestic Values	6	2019	Fossil Hard coal	PL	B05	2024-05-29 11:56:05	100	6128.7984700	
Monthly Domestic Values	10	2019	Waste	IT	B17	2024-05-29 11:56:05	100	28.6230000	
Monthly Domestic Values	11	2019	Waste	DE	B17	2024-05-29 11:56:05	100	552.4136700	
Monthly Domestic Values	1	2019	Hydro Pumped Storage	LT	B10	2024-05-29 11:56:05	100	39.4092400	
Monthly Domestic Values	3	2019	Other	RS	B20	2024-05-29 11:56:05	100	68.6120000	
Monthly Domestic Values	6	2019	Hydro Run-of-river and poundage	EE	B11	2024-05-29 11:56:05	100	2.4037000	
Monthly Domestic Values	4	2019	Nuclear	SE	B14	2024-05-29 11:56:05	100	5213.9900000	
Monthly Domestic Values	6	2019	Nuclear	FR	B14	2024-05-29 11:56:05	100	28442.5520000	
Monthly Domestic Values	9	2019	Fossil Gas	BG	B04	2024-05-29 11:56:05	100	114.1520000	
Monthly Domestic Values	1	2019	Hydro Water Reservoir	CZ	B12	2024-05-29 11:56:05	100	122.4139200	
Monthly Domestic Values	9	2019	Other	LT	B20	2024-05-29 11:56:05	100	14.4065800	
Monthly Domestic Values	10	2019	Solar	CZ	B16	2024-05-29 11:56:05	100	163.3572200	
Monthly Domestic Values	3	2019	Biomass	LT	B01	2024-05-29 11:56:05	100	39.9235300	
Monthly Domestic Values	5	2019	Biomass	LU	B01	2024-05-29 11:56:05	100	7.7833725	
Monthly Domestic Values	9	2019	Fossil Hard coal	PT	B05	2024-05-29 11:56:05	100	50.0059000	
Monthly Domestic Values	7	2019	Fossil Brown coal/Lignite	MK	B02	2024-05-29 11:56:05	100	229.9741500	
Monthly Domestic Values	9	2019	Fossil Oil	PL	B06	2024-05-29 11:56:05	100	123.9125300	
Monthly Domestic Values	11	2019	Fossil Oil	GR	B06	2024-05-29 11:56:05	100	0.0000000	
Monthly Domestic Values	1	2019	Other	EE	B20	2024-05-29 11:56:05	100	0.0000000	
Monthly Domestic Values	8	2019	Hydro Water Reservoir	NO	B12	2024-05-29 11:56:05	100	8585.8393000	
Monthly Domestic Values	1	2019	Solar	DE	B16	2024-05-29 11:56:05	100	745.0205450	
Monthly Domestic Values	5	2019	Solar	IT	B16	2024-05-29 11:56:05	100	1829.9660000	
Monthly Domestic Values	1	2019	Fossil Hard coal	ES	B05	2024-05-29 11:56:05	100	2762.8000000	
Monthly Domestic Values	9	2019	Wind Offshore	DK	B18	2024-05-29 11:56:05	100	488.3282700	
Monthly Domestic Values	6	2019	Fossil Gas	SI	B04	2024-05-29 11:56:05	100	13.9534000	
Monthly Domestic Values	5	2019	Nuclear	BG	B14	2024-05-29 11:56:05	100	793.5220000	
Monthly Domestic Values	4	2019	Hydro Water Reservoir	RS	B12	2024-05-29 11:56:05	100	33.2010000	
Monthly Domestic Values	11	2019	Fossil Gas	DK	B04	2024-05-29 11:56:05	100	285.0272600	
Monthly Domestic Values	1	2019	Wind Offshore	GB	B18	2024-05-29 11:56:05	100	1697.9527300	
Monthly Domestic Values	12	2019	Fossil Hard coal	AT	B05	2024-05-29 11:56:05	100	107.0204000	
Monthly Domestic Values	9	2019	Waste	AT	B17	2024-05-29 11:56:05	100	72.0000000	
Monthly Domestic Values	2	2019	Nuclear	BE	B14	2024-05-29 11:56:05	100	2818.9837800	
Monthly Domestic Values	3	2019	Fossil Oil	IE	B06	2024-05-29 11:56:05	100	195.9311750	
Monthly Domestic Values	2	2019	Hydro Water Reservoir	PT	B12	2024-05-29 11:56:05	100	110.1417000	
Monthly Domestic Values	9	2019	Fossil Gas	SK	B04	2024-05-29 11:56:05	100	243.8463000	
Monthly Domestic Values	10	2019	Wind Onshore	ME	B19	2024-05-29 11:56:05	100	11.4627300	
Monthly Domestic Values	5	2019	Wind Onshore	GR	B19	2024-05-29 11:56:05	100	346.9070000	
Monthly Domestic Values	12	2019	Wind Onshore	SE	B19	2024-05-29 11:56:05	100	2407.0190000	
Monthly Domestic Values	4	2019	Solar	BG	B16	2024-05-29 11:56:05	100	117.2660000	
Monthly Domestic Values	9	2019	Hydro Water Reservoir	BA	B12	2024-05-29 11:56:05	100	300.0524500	
Monthly Domestic Values	9	2019	Other renewable	DE	B15	2024-05-29 11:56:05	100	97.7349825	
Monthly Domestic Values	10	2019	Hydro Run-of-river and poundage	MK	B11	2024-05-29 11:56:05	100	0.0000000	
Monthly Domestic Values	5	2019	Hydro Run-of-river and poundage	CZ	B11	2024-05-29 11:56:05	100	119.7735300	
Monthly Domestic Values	4	2019	Fossil Coal-derived gas	IT	B03	2024-05-29 11:56:05	100	400.8150000	
Monthly Domestic Values	2	2019	Other	SK	B20	2024-05-29 11:56:05	100	144.8905000	
Monthly Domestic Values	3	2019	Fossil Coal-derived gas	PL	B03	2024-05-29 11:56:05	100	53.4538800	
Monthly Domestic Values	7	2019	Other	ES	B20	2024-05-29 11:56:05	100	9.9230000	
Monthly Domestic Values	8	2019	Hydro Run-of-river and poundage	GB	B11	2024-05-29 11:56:05	100	303.2010000	
Monthly Domestic Values	12	2019	Solar	NL	B16	2024-05-29 11:56:05	100	2.8483350	
Monthly Domestic Values	12	2019	Fossil Coal-derived gas	EE	B03	2024-05-29 11:56:05	100	41.7558000	
Monthly Domestic Values	4	2019	Fossil Brown coal/Lignite	DE	B02	2024-05-29 11:56:05	100	9073.9918450	
Monthly Domestic Values	12	2019	Fossil Hard coal	HR	B05	2024-05-29 11:56:05	100	81.9614800	
Monthly Domestic Values	3	2019	Waste	DE	B17	2024-05-29 11:56:05	100	493.6581625	
Monthly Domestic Values	7	2019	Fossil Brown coal/Lignite	PL	B02	2024-05-29 11:56:05	100	3209.2730400	
Monthly Domestic Values	5	2019	Nuclear	DE	B14	2024-05-29 11:56:05	100	4612.3642250	
Monthly Domestic Values	4	2019	Fossil Gas	IT	B04	2024-05-29 11:56:05	100	8384.3660000	
Monthly Domestic Values	1	2019	Fossil Gas	FI	B04	2024-05-29 11:56:05	100	719.3549200	
Monthly Domestic Values	2	2019	Other renewable	FI	B15	2024-05-29 11:56:05	100	15.6257900	
Monthly Domestic Values	2	2019	Hydro Pumped Storage	GB	B10	2024-05-29 11:56:05	100	176.6285000	
Monthly Domestic Values	6	2019	Fossil Peat	IE	B08	2024-05-29 11:56:05	100	140.4313700	
Monthly Domestic Values	7	2019	Hydro Pumped Storage	ES	B10	2024-05-29 11:56:05	100		
Monthly Domestic Values	3	2019	Hydro Pumped Storage	HR	B10	2024-05-29 11:56:05	100	14.3964800	
Monthly Domestic Values	12	2019	Waste	ES	B17	2024-05-29 11:56:05	100	199.6650000	
Monthly Domestic Values	8	2019	Hydro Water Reservoir	HR	B12	2024-05-29 11:56:05	100	204.7612900	
Monthly Domestic Values	5	2019	Fossil Gas	LU	B04	2024-05-29 11:56:05	100	18.4390100	
Monthly Domestic Values	12	2019	Biomass	BG	B01	2024-05-29 11:56:05	100	22.0360000	
Monthly Domestic Values	6	2019	Waste	EE	B17	2024-05-29 11:56:05	100	11.1879000	
Monthly Domestic Values	10	2019	Fossil Brown coal/Lignite	GR	B02	2024-05-29 11:56:05	100	684.4030000	
Monthly Domestic Values	12	2019	Hydro Pumped Storage	CZ	B10	2024-05-29 11:56:05	100	129.0592100	
Monthly Domestic Values	12	2019	Nuclear	FR	B14	2024-05-29 11:56:05	100	32851.1900000	
Monthly Domestic Values	11	2019	Fossil Gas	GR	B04	2024-05-29 11:56:05	100	1201.3470000	
Monthly Domestic Values	11	2019	Hydro Run-of-river and poundage	LU	B11	2024-05-29 11:56:05	100	9.1821725	
Monthly Domestic Values	5	2019	Wind Onshore	CY	B19	2024-05-29 11:56:05	100	19.4300300	
Monthly Domestic Values	3	2019	Fossil Gas	BG	B04	2024-05-29 11:56:05	100	237.0520000	
Monthly Domestic Values	6	2019	Fossil Gas	PT	B04	2024-05-29 11:56:05	100	1680.6046000	
Monthly Domestic Values	11	2019	Other	AT	B20	2024-05-29 11:56:05	100	15.8400000	
Monthly Domestic Values	2	2019	Wind Onshore	SK	B19	2024-05-29 11:56:05	100	0.0000000	
Monthly Domestic Values	3	2019	Hydro Run-of-river and poundage	HR	B11	2024-05-29 11:56:05	100	98.9707200	
Monthly Domestic Values	8	2019	Hydro Run-of-river and poundage	RO	B11	2024-05-29 11:56:05	100	632.3114500	
Monthly Domestic Values	12	2019	Geothermal	HR	B09	2024-05-29 11:56:05	100	6.3350000	
Monthly Domestic Values	6	2019	Geothermal	HR	B09	2024-05-29 11:56:05	100	6.5480000	
Monthly Domestic Values	12	2019	Fossil Hard coal	BG	B05	2024-05-29 11:56:05	100	42.6180000	
Monthly Domestic Values	11	2019	Solar	SK	B16	2024-05-29 11:56:05	100	15.0655000	
Monthly Domestic Values	8	2019	Hydro Water Reservoir	SE	B12	2024-05-29 11:56:05	100	3838.3130000	
Monthly Domestic Values	10	2019	Fossil Oil shale	ES	B07	2024-05-29 11:56:05	100	0.0000000	
Monthly Domestic Values	1	2019	Fossil Oil	CZ	B06	2024-05-29 11:56:05	100	3.2251700	
Monthly Domestic Values	4	2019	Nuclear	FI	B14	2024-05-29 11:56:05	100	1982.8975000	
Monthly Domestic Values	5	2019	Hydro Pumped Storage	DE	B10	2024-05-29 11:56:05	100	678.0001675	
Monthly Domestic Values	5	2019	Fossil Oil	HU	B06	2024-05-29 11:56:05	100	0.4862975	
Monthly Domestic Values	11	2019	Fossil Oil	HU	B06	2024-05-29 11:56:05	100	0.5968000	
Monthly Domestic Values	5	2019	Nuclear	SK	B14	2024-05-29 11:56:05	100	1292.5968000	
Monthly Domestic Values	11	2019	Nuclear	SK	B14	2024-05-29 11:56:05	100	1387.9576000	
Monthly Domestic Values	3	2019	Fossil Gas	DK	B04	2024-05-29 11:56:05	100	273.7441900	
Monthly Domestic Values	10	2019	Solar	EE	B16	2024-05-29 11:56:05	100	1.3374000	
Monthly Domestic Values	5	2019	Other	SE	B20	2024-05-29 11:56:05	100	565.0480000	
Monthly Domestic Values	11	2019	Other	SE	B20	2024-05-29 11:56:05	100	869.1940000	
Monthly Domestic Values	6	2019	Fossil Hard coal	HR	B05	2024-05-29 11:56:05	100	123.9014600	
Monthly Domestic Values	10	2019	Fossil Brown coal/Lignite	DE	B02	2024-05-29 11:56:05	100	8429.8359975	
Monthly Domestic Values	2	2019	Fossil Brown coal/Lignite	GR	B02	2024-05-29 11:56:05	100	900.9880000	
Monthly Domestic Values	5	2019	Fossil Oil	AT	B06	2024-05-29 11:56:05	100	0.0000000	
Monthly Domestic Values	11	2019	Fossil Gas	GB	B04	2024-05-29 11:56:05	100	10975.3061100	
Monthly Domestic Values	7	2019	Fossil Gas	HR	B04	2024-05-29 11:56:05	100	142.6022100	
Monthly Domestic Values	7	2019	Solar	DK	B16	2024-05-29 11:56:05	100	140.8954000	
Monthly Domestic Values	1	2019	Wind Offshore	NL	B18	2024-05-29 11:56:05	100	365.4847650	
Monthly Domestic Values	11	2019	Fossil Gas	LU	B04	2024-05-29 11:56:05	100	25.2048525	
Monthly Domestic Values	1	2019	Solar	BE	B16	2024-05-29 11:56:05	100	60.3787200	
Monthly Domestic Values	7	2019	Biomass	BE	B01	2024-05-29 11:56:05	100	240.4760300	
Monthly Domestic Values	1	2019	Waste	BE	B17	2024-05-29 11:56:05	100	186.5348600	
Monthly Domestic Values	3	2019	Fossil Gas	LT	B04	2024-05-29 11:56:05	100	38.5233300	
Monthly Domestic Values	5	2019	Fossil Gas	GR	B04	2024-05-29 11:56:05	100	1032.7040000	
Monthly Domestic Values	9	2019	Fossil Gas	EE	B04	2024-05-29 11:56:05	100	1.5873000	
Monthly Domestic Values	11	2019	Hydro Water Reservoir	SK	B12	2024-05-29 11:56:05	100	37.3802000	
Monthly Domestic Values	5	2019	Hydro Run-of-river and poundage	LU	B11	2024-05-29 11:56:05	100	6.7936275	
Monthly Domestic Values	11	2019	Wind Onshore	CY	B19	2024-05-29 11:56:05	100	15.8346750	
Monthly Domestic Values	8	2019	Fossil Gas	DE	B04	2024-05-29 11:56:05	100	4755.6744425	
Monthly Domestic Values	3	2019	Fossil Oil shale	EE	B07	2024-05-29 11:56:05	100	437.9825000	
Monthly Domestic Values	12	2019	Hydro Run-of-river and poundage	FR	B11	2024-05-29 11:56:05	100	4825.2640000	
Monthly Domestic Values	2	2019	Solar	FR	B16	2024-05-29 11:56:05	100	731.0570000	
Monthly Domestic Values	8	2019	Wind Onshore	LU	B19	2024-05-29 11:56:05	100	12.9547475	
Monthly Domestic Values	9	2019	Hydro Run-of-river and poundage	HR	B11	2024-05-29 11:56:05	100	92.1514700	
Monthly Domestic Values	7	2019	Biomass	EE	B01	2024-05-29 11:56:05	100	36.8895000	
Monthly Domestic Values	7	2019	Biomass	CZ	B01	2024-05-29 11:56:05	100	175.6450000	
Monthly Domestic Values	2	2019	Biomass	GB	B01	2024-05-29 11:56:05	100	1188.6180000	
Monthly Domestic Values	9	2019	Geothermal	HR	B09	2024-05-29 11:56:05	100	7.1880000	
Monthly Domestic Values	7	2019	Hydro Pumped Storage	CH	B10	2024-05-29 11:56:05	100	983.8528000	
Monthly Domestic Values	11	2019	Fossil Oil	DE	B06	2024-05-29 11:56:05	100	327.3140100	
Monthly Domestic Values	8	2019	Wind Onshore	FR	B19	2024-05-29 11:56:05	100	1666.6800000	
Monthly Domestic Values	12	2019	Hydro Run-of-river and poundage	NO	B11	2024-05-29 11:56:05	100	856.5736900	
Monthly Domestic Values	7	2019	Solar	DE	B16	2024-05-29 11:56:05	100	5734.5821325	
Monthly Domestic Values	10	2019	Other	PT	B20	2024-05-29 11:56:05	100	23.4310000	
Monthly Domestic Values	8	2019	Wind Onshore	AT	B19	2024-05-29 11:56:05	100	337.1700000	
Monthly Domestic Values	1	2019	Wind Onshore	LT	B19	2024-05-29 11:56:05	100	127.9837600	
Monthly Domestic Values	6	2019	Wind Onshore	NL	B19	2024-05-29 11:56:05	100	160.7994950	
Monthly Domestic Values	1	2019	Fossil Gas	EE	B04	2024-05-29 11:56:05	100	1.0846000	
Monthly Domestic Values	1	2019	Solar	AT	B16	2024-05-29 11:56:05	100	14.6340000	
Monthly Domestic Values	10	2019	Hydro Water Reservoir	RS	B12	2024-05-29 11:56:05	100	72.8400000	
Monthly Domestic Values	7	2019	Wind Offshore	GB	B18	2024-05-29 11:56:05	100	965.3538950	
Monthly Domestic Values	11	2019	Fossil Gas	RS	B04	2024-05-29 11:56:05	100	1.4400000	
Monthly Domestic Values	7	2019	Fossil Coal-derived gas	ES	B03	2024-05-29 11:56:05	100	0.0000000	
Monthly Domestic Values	11	2019	Fossil Oil	IT	B06	2024-05-29 11:56:05	100	77.6220000	
Monthly Domestic Values	10	2019	Fossil Hard coal	GB	B05	2024-05-29 11:56:05	100	314.4205450	
Monthly Domestic Values	11	2019	Hydro Pumped Storage	HR	B10	2024-05-29 11:56:05	100	124.8091200	
Monthly Domestic Values	12	2019	Fossil Oil	ES	B06	2024-05-29 11:56:05	100	141.5550000	
Monthly Domestic Values	9	2019	Fossil Gas	PT	B04	2024-05-29 11:56:05	100	1631.5849000	
Monthly Domestic Values	8	2019	Hydro Water Reservoir	PT	B12	2024-05-29 11:56:05	100	103.4501000	
Monthly Domestic Values	12	2019	Other	RS	B20	2024-05-29 11:56:05	100	62.1730000	
Monthly Domestic Values	6	2019	Fossil Coal-derived gas	DE	B03	2024-05-29 11:56:05	100	241.9782250	
Monthly Domestic Values	2	2019	Fossil Hard coal	BA	B05	2024-05-29 11:56:05	100	637.6495200	
Monthly Domestic Values	3	2019	Hydro Water Reservoir	BA	B12	2024-05-29 11:56:05	100	440.1087900	
Monthly Domestic Values	11	2019	Wind Onshore	BG	B19	2024-05-29 11:56:05	100	144.0210000	
Monthly Domestic Values	2	2019	Other	AT	B20	2024-05-29 11:56:05	100	14.7840000	
Monthly Domestic Values	2	2019	Hydro Run-of-river and poundage	GB	B11	2024-05-29 11:56:05	100	329.1130000	
Monthly Domestic Values	8	2019	Other	SK	B20	2024-05-29 11:56:05	100	61.1887000	
Monthly Domestic Values	6	2019	Fossil Coal-derived gas	EE	B03	2024-05-29 11:56:05	100	49.4405000	
Monthly Domestic Values	10	2019	Hydro Pumped Storage	BG	B10	2024-05-29 11:56:05	100	49.5940000	
Monthly Domestic Values	1	2019	Other	BE	B20	2024-05-29 11:56:05	100	602.4210100	
Monthly Domestic Values	12	2019	Biomass	DE	B01	2024-05-29 11:56:05	100	3671.7354925	
Monthly Domestic Values	9	2019	Biomass	HR	B01	2024-05-29 11:56:05	100	36.4110000	
Monthly Domestic Values	1	2019	Fossil Brown coal/Lignite	DE	B02	2024-05-29 11:56:05	100	9870.7717325	
Monthly Domestic Values	7	2019	Waste	DK	B17	2024-05-29 11:56:05	100	93.5663800	
Monthly Domestic Values	8	2019	Fossil Gas	GB	B04	2024-05-29 11:56:05	100	7233.9424000	
Monthly Domestic Values	1	2019	Fossil Gas	IT	B04	2024-05-29 11:56:05	100	12046.1430000	
Monthly Domestic Values	10	2019	Wind Onshore	DK	B19	2024-05-29 11:56:05	100	735.6609400	
Monthly Domestic Values	4	2019	Fossil Gas	HR	B04	2024-05-29 11:56:05	100	89.8866800	
Monthly Domestic Values	7	2019	Wind Offshore	NL	B18	2024-05-29 11:56:05	100	207.0553475	
Monthly Domestic Values	6	2019	Fossil Peat	ES	B08	2024-05-29 11:56:05	100	0.0000000	
Monthly Domestic Values	1	2019	Solar	RO	B16	2024-05-29 11:56:05	100	35.3698900	
Monthly Domestic Values	7	2019	Solar	BE	B16	2024-05-29 11:56:05	100	476.7674900	
Monthly Domestic Values	2	2019	Other	LV	B20	2024-05-29 11:56:05	100	60.2790000	
Monthly Domestic Values	1	2019	Biomass	RS	B01	2024-05-29 11:56:05	100	11.1600000	
Monthly Domestic Values	2	2019	Fossil Hard coal	BE	B05	2024-05-29 11:56:05	100	0.0000000	
Monthly Domestic Values	11	2019	Biomass	LT	B01	2024-05-29 11:56:05	100	36.8957700	
Monthly Domestic Values	6	2019	Waste	AT	B17	2024-05-29 11:56:05	100	72.0000000	
Monthly Domestic Values	3	2019	Hydro Pumped Storage	IT	B10	2024-05-29 11:56:05	100	170.2330000	
Monthly Domestic Values	9	2019	Fossil Oil	BE	B06	2024-05-29 11:56:05	100	0.0504600	
Monthly Domestic Values	7	2019	Wind Onshore	HR	B19	2024-05-29 11:56:05	100	80.6442200	
Monthly Domestic Values	1	2019	Other renewable	ES	B15	2024-05-29 11:56:05	100	71.4690000	
Monthly Domestic Values	6	2019	Hydro Run-of-river and poundage	IE	B11	2024-05-29 11:56:05	100	36.1761550	
Monthly Domestic Values	5	2019	Wind Onshore	EE	B19	2024-05-29 11:56:05	100	46.1696000	
Monthly Domestic Values	11	2019	Wind Onshore	HU	B19	2024-05-29 11:56:05	100	63.3677250	
Monthly Domestic Values	5	2019	Wind Onshore	IT	B19	2024-05-29 11:56:05	100	1640.9220000	
Monthly Domestic Values	7	2019	Nuclear	FI	B14	2024-05-29 11:56:05	100	2041.5481000	
Monthly Domestic Values	12	2019	Nuclear	CH	B14	2024-05-29 11:56:05	100	2289.9873000	
Monthly Domestic Values	3	2019	Solar	GR	B16	2024-05-29 11:56:05	100	346.2040000	
Monthly Domestic Values	3	2019	Solar	NL	B16	2024-05-29 11:56:05	100	3.4687125	
Monthly Domestic Values	4	2019	Other	ES	B20	2024-05-29 11:56:05	100	27.8490000	
Monthly Domestic Values	1	2019	Fossil Coal-derived gas	IT	B03	2024-05-29 11:56:05	100	115.6390000	
Monthly Domestic Values	12	2019	Biomass	FI	B01	2024-05-29 11:56:05	100	444.2989100	
Monthly Domestic Values	12	2019	Fossil Hard coal	PT	B05	2024-05-29 11:56:05	100	141.1281000	
Monthly Domestic Values	6	2019	Wind Offshore	DE	B18	2024-05-29 11:56:05	100	1459.9262925	
Monthly Domestic Values	12	2019	Wind Offshore	DK	B18	2024-05-29 11:56:05	100	702.1368000	
Monthly Domestic Values	9	2019	Geothermal	ES	B09	2024-05-29 11:56:05	100	0.0000000	
Monthly Domestic Values	6	2019	Hydro Water Reservoir	HU	B12	2024-05-29 11:56:05	100	7.9697425	
Monthly Domestic Values	5	2019	Other	NO	B20	2024-05-29 11:56:05	100	2.8679200	
Monthly Domestic Values	11	2019	Other	NO	B20	2024-05-29 11:56:05	100	0.8459800	
Monthly Domestic Values	6	2019	Wind Onshore	ES	B19	2024-05-29 11:56:05	100	3202.7860000	
Monthly Domestic Values	12	2019	Wind Onshore	ES	B19	2024-05-29 11:56:05	100	5108.8700000	
Monthly Domestic Values	11	2019	Solar	PT	B16	2024-05-29 11:56:05	100	49.5930000	
Monthly Domestic Values	1	2019	Hydro Water Reservoir	BG	B12	2024-05-29 11:56:05	100	152.5620000	
Monthly Domestic Values	8	2019	Fossil Gas	HU	B04	2024-05-29 11:56:05	100	631.6289725	
Monthly Domestic Values	10	2019	Solar	CH	B16	2024-05-29 11:56:05	100	23.4285900	
Monthly Domestic Values	1	2019	Solar	GB	B16	2024-05-29 11:56:05	100	288.3715000	
Monthly Domestic Values	7	2019	Solar	GB	B16	2024-05-29 11:56:05	100	1508.7480000	
Monthly Domestic Values	8	2019	Geothermal	DE	B09	2024-05-29 11:56:05	100	13.9706825	
Monthly Domestic Values	9	2019	Fossil Brown coal/Lignite	HU	B02	2024-05-29 11:56:05	100	353.2424925	
Monthly Domestic Values	3	2019	Hydro Pumped Storage	CZ	B10	2024-05-29 11:56:05	100	95.2793900	
Monthly Domestic Values	9	2019	Hydro Pumped Storage	CZ	B10	2024-05-29 11:56:05	100	103.5302600	
Monthly Domestic Values	6	2019	Fossil Oil	HR	B06	2024-05-29 11:56:05	100	0.0000000	
Monthly Domestic Values	3	2019	Fossil Gas	FR	B04	2024-05-29 11:56:05	100	3093.6330000	
Monthly Domestic Values	9	2019	Wind Onshore	DE	B19	2024-05-29 11:56:05	100	7124.6004800	
Monthly Domestic Values	8	2019	Solar	LT	B16	2024-05-29 11:56:05	100	10.4664400	
Monthly Domestic Values	11	2019	Solar	FR	B16	2024-05-29 11:56:05	100	409.4030000	
Monthly Domestic Values	3	2019	Hydro Run-of-river and poundage	EE	B11	2024-05-29 11:56:05	100	1.7063000	
Monthly Domestic Values	2	2019	Other	GB	B20	2024-05-29 11:56:05	100	47.3900150	
Monthly Domestic Values	4	2019	Hydro Run-of-river and poundage	FI	B11	2024-05-29 11:56:05	100	991.4396600	
Monthly Domestic Values	10	2019	Hydro Run-of-river and poundage	FI	B11	2024-05-29 11:56:05	100	771.1603100	
Monthly Domestic Values	3	2019	Fossil Gas	NL	B04	2024-05-29 11:56:05	100	3652.6823600	
Monthly Domestic Values	9	2019	Fossil Gas	NL	B04	2024-05-29 11:56:05	100	3951.5476025	
Monthly Domestic Values	4	2019	Solar	EE	B16	2024-05-29 11:56:05	100	0.5040000	
Monthly Domestic Values	2	2019	Solar	HR	B16	2024-05-29 11:56:05	100	4.3940000	
Monthly Domestic Values	2	2019	Solar	LT	B16	2024-05-29 11:56:05	100	2.2851400	
Monthly Domestic Values	2	2019	Hydro Water Reservoir	FR	B12	2024-05-29 11:56:05	100	1273.4890000	
Monthly Domestic Values	10	2019	Fossil Hard coal	DK	B05	2024-05-29 11:56:05	100	194.4668000	
Monthly Domestic Values	7	2019	Fossil Oil	SK	B06	2024-05-29 11:56:05	100	43.8896000	
Monthly Domestic Values	8	2019	Fossil Oil	CY	B06	2024-05-29 11:56:05	100	514.4492600	
Monthly Domestic Values	2	2019	Fossil Gas	GB	B04	2024-05-29 11:56:05	100	9815.1133800	
Monthly Domestic Values	11	2019	Hydro Pumped Storage	PT	B10	2024-05-29 11:56:05	100	350.6214000	
Monthly Domestic Values	12	2019	Fossil Peat	FI	B08	2024-05-29 11:56:05	100	365.7355800	
Monthly Domestic Values	8	2019	Wind Onshore	SI	B19	2024-05-29 11:56:05	100	0.4112500	
Monthly Domestic Values	4	2019	Hydro Water Reservoir	DE	B12	2024-05-29 11:56:05	100	95.3100050	
Monthly Domestic Values	2	2019	Hydro Water Reservoir	CH	B12	2024-05-29 11:56:05	100	730.2162400	
Monthly Domestic Values	5	2019	Hydro Water Reservoir	AT	B12	2024-05-29 11:56:05	100	448.4815000	
Monthly Domestic Values	12	2019	Fossil Peat	ES	B08	2024-05-29 11:56:05	100	0.0000000	
Monthly Domestic Values	3	2019	Other	DE	B20	2024-05-29 11:56:05	100	320.0893525	
Monthly Domestic Values	8	2019	Other renewable	FI	B15	2024-05-29 11:56:05	100	17.3831000	
Monthly Domestic Values	4	2019	Fossil Hard coal	IT	B05	2024-05-29 11:56:05	100	1391.9960000	
Monthly Domestic Values	6	2019	Fossil Brown coal/Lignite	BA	B02	2024-05-29 11:56:05	100	202.9070600	
Monthly Domestic Values	4	2019	Fossil Hard coal	BG	B05	2024-05-29 11:56:05	100	43.5290000	
Monthly Domestic Values	9	2019	Hydro Pumped Storage	IT	B10	2024-05-29 11:56:05	100	321.7650000	
Monthly Domestic Values	9	2019	Nuclear	RO	B14	2024-05-29 11:56:05	100	860.7693400	
Monthly Domestic Values	4	2019	Hydro Pumped Storage	SK	B10	2024-05-29 11:56:05	100	12.6762400	
Monthly Domestic Values	2	2019	Hydro Run-of-river and poundage	RO	B11	2024-05-29 11:56:05	100	914.9920000	
Monthly Domestic Values	5	2019	Hydro Run-of-river and poundage	LV	B11	2024-05-29 11:56:05	100	169.1170000	
Monthly Domestic Values	7	2019	Other renewable	ME	B15	2024-05-29 11:56:05	100	0.0000000	
Monthly Domestic Values	12	2019	Hydro Run-of-river and poundage	IE	B11	2024-05-29 11:56:05	100	117.7726750	
Monthly Domestic Values	1	2019	Wind Onshore	PL	B19	2024-05-29 11:56:05	100	1535.1139100	
Monthly Domestic Values	11	2019	Wind Onshore	EE	B19	2024-05-29 11:56:05	100	63.1840000	
Monthly Domestic Values	8	2019	Solar	ES	B16	2024-05-29 11:56:05	100	1850.5200000	
Monthly Domestic Values	2	2019	Wind Offshore	ES	B18	2024-05-29 11:56:05	100	0.0000000	
Monthly Domestic Values	9	2019	Solar	NL	B16	2024-05-29 11:56:05	100	6.4402825	
Monthly Domestic Values	7	2019	Hydro Water Reservoir	ES	B12	2024-05-29 11:56:05	100	1051.7450000	
Monthly Domestic Values	9	2019	Hydro Run-of-river and poundage	LT	B11	2024-05-29 11:56:05	100	15.0427600	
Monthly Domestic Values	6	2019	Other	IE	B20	2024-05-29 11:56:05	100	0.6661250	
Monthly Domestic Values	1	2019	Biomass	EE	B01	2024-05-29 11:56:05	100	51.9624000	
Monthly Domestic Values	1	2019	Biomass	CZ	B01	2024-05-29 11:56:05	100	185.1711300	
Monthly Domestic Values	7	2019	Geothermal	AT	B09	2024-05-29 11:56:05	100	0.0520800	
Monthly Domestic Values	3	2019	Fossil Brown coal/Lignite	SK	B02	2024-05-29 11:56:05	100	128.8869000	
Monthly Domestic Values	10	2019	Waste	HU	B17	2024-05-29 11:56:05	100	16.1936025	
Monthly Domestic Values	1	2019	Hydro Pumped Storage	CH	B10	2024-05-29 11:56:05	100	659.2772600	
Monthly Domestic Values	7	2019	Hydro Run-of-river and poundage	SK	B11	2024-05-29 11:56:05	100	242.0551400	
Monthly Domestic Values	2	2019	Wind Onshore	AT	B19	2024-05-29 11:56:05	100	762.2630000	
Monthly Domestic Values	7	2019	Wind Onshore	LT	B19	2024-05-29 11:56:05	100	95.9548000	
Monthly Domestic Values	7	2019	Solar	AT	B16	2024-05-29 11:56:05	100	95.4420000	
Monthly Domestic Values	4	2019	Other	PT	B20	2024-05-29 11:56:05	100	48.2460000	
Monthly Domestic Values	10	2019	Fossil Coal-derived gas	CZ	B03	2024-05-29 11:56:05	100	154.4684800	
Monthly Domestic Values	6	2019	Other renewable	HU	B15	2024-05-29 11:56:05	100	8.6161725	
Monthly Domestic Values	2	2019	Hydro Run-of-river and poundage	NL	B11	2024-05-29 11:56:05	100	0.0000000	
Monthly Domestic Values	2	2019	Other	HU	B20	2024-05-29 11:56:05	100	59.5103600	
Monthly Domestic Values	5	2019	Fossil Oil	DE	B06	2024-05-29 11:56:05	100	243.5801400	
Monthly Domestic Values	10	2019	Fossil Brown coal/Lignite	BG	B02	2024-05-29 11:56:05	100	1830.9640000	
Monthly Domestic Values	7	2019	Hydro Pumped Storage	SI	B10	2024-05-29 11:56:05	100	18.1023900	
Monthly Domestic Values	11	2019	Waste	BG	B17	2024-05-29 11:56:05	100	2.8710000	
Monthly Domestic Values	5	2019	Fossil Gas	RS	B04	2024-05-29 11:56:05	100	1.1900000	
Monthly Domestic Values	12	2019	Fossil Gas	BE	B04	2024-05-29 11:56:05	100	1776.3519400	
Monthly Domestic Values	6	2019	Biomass	SK	B01	2024-05-29 11:56:05	100	64.4569000	
Monthly Domestic Values	7	2019	Biomass	IT	B01	2024-05-29 11:56:05	100	432.6940000	
Monthly Domestic Values	8	2019	Biomass	ES	B01	2024-05-29 11:56:05	100	273.9280000	
Monthly Domestic Values	7	2019	Waste	IT	B17	2024-05-29 11:56:05	100	29.9190000	
Monthly Domestic Values	8	2019	Waste	LT	B17	2024-05-29 11:56:05	100	13.1414200	
Monthly Domestic Values	12	2019	Hydro Pumped Storage	PL	B10	2024-05-29 11:56:05	100	102.6015800	
Monthly Domestic Values	2	2019	Hydro Run-of-river and poundage	BG	B11	2024-05-29 11:56:05	100	83.2220000	
Monthly Domestic Values	4	2019	Hydro Pumped Storage	BG	B10	2024-05-29 11:56:05	100	34.8290000	
Monthly Domestic Values	7	2019	Other	BE	B20	2024-05-29 11:56:05	100	346.0154700	
Monthly Domestic Values	12	2019	Fossil Brown coal/Lignite	SI	B02	2024-05-29 11:56:05	100	342.9872900	
Monthly Domestic Values	11	2019	Fossil Gas	CZ	B04	2024-05-29 11:56:05	100	525.6103200	
Monthly Domestic Values	5	2019	Fossil Gas	NO	B04	2024-05-29 11:56:05	100	256.4022100	
Monthly Domestic Values	12	2019	Fossil Peat	EE	B08	2024-05-29 11:56:05	100	2.2778000	
Monthly Domestic Values	12	2019	Other	LT	B20	2024-05-29 11:56:05	100	10.4405600	
Monthly Domestic Values	10	2019	Hydro Water Reservoir	CZ	B12	2024-05-29 11:56:05	100	99.5797800	
Monthly Domestic Values	10	2019	Biomass	PL	B01	2024-05-29 11:56:05	100	209.2877200	
Monthly Domestic Values	4	2019	Fossil Hard coal	DK	B05	2024-05-29 11:56:05	100	351.5017900	
Monthly Domestic Values	2	2019	Marine	ES	B13	2024-05-29 11:56:05	100	0.0000000	
Monthly Domestic Values	9	2019	Fossil Oil	FR	B06	2024-05-29 11:56:05	100	104.6240000	
Monthly Domestic Values	6	2019	Fossil Gas	AT	B04	2024-05-29 11:56:05	100	179.9184000	
Monthly Domestic Values	9	2019	Fossil Gas	ES	B04	2024-05-29 11:56:05	100	7476.5750000	
Monthly Domestic Values	12	2019	Wind Onshore	RO	B19	2024-05-29 11:56:05	100	745.2215700	
Monthly Domestic Values	8	2019	Wind Onshore	CH	B19	2024-05-29 11:56:05	100	5.1845400	
Monthly Domestic Values	3	2019	Wind Onshore	BG	B19	2024-05-29 11:56:05	100	129.3260000	
Monthly Domestic Values	10	2019	Fossil Gas	FI	B04	2024-05-29 11:56:05	100	415.2535000	
Monthly Domestic Values	9	2019	Other	DE	B20	2024-05-29 11:56:05	100	219.3478625	
Monthly Domestic Values	6	2019	Hydro Run-of-river and poundage	CH	B11	2024-05-29 11:56:05	100	278.1644500	
Monthly Domestic Values	10	2019	Other	GB	B20	2024-05-29 11:56:05	100	81.6162500	
Monthly Domestic Values	7	2019	Wind Onshore	BE	B19	2024-05-29 11:56:05	100	161.0496000	
Monthly Domestic Values	5	2019	Wind Onshore	LV	B19	2024-05-29 11:56:05	100	9.5090000	
Monthly Domestic Values	8	2019	Biomass	NL	B01	2024-05-29 11:56:05	100	0.0000000	
Monthly Domestic Values	10	2019	Fossil Hard coal	SK	B05	2024-05-29 11:56:05	100	29.3390000	
Monthly Domestic Values	5	2019	Fossil Brown coal/Lignite	RS	B02	2024-05-29 11:56:05	100	1557.1980000	
Monthly Domestic Values	1	2019	Fossil Brown coal/Lignite	ME	B02	2024-05-29 11:56:05	100	154.4575700	
Monthly Domestic Values	9	2019	Fossil Brown coal/Lignite	ES	B02	2024-05-29 11:56:05	100	0.0000000	
Monthly Domestic Values	12	2019	Fossil Brown coal/Lignite	BA	B02	2024-05-29 11:56:05	100	213.8674500	
Monthly Domestic Values	8	2019	Other	IT	B20	2024-05-29 11:56:05	100	2175.5640000	
Monthly Domestic Values	1	2019	Wind Onshore	ME	B19	2024-05-29 11:56:05	100	34.4191700	
Monthly Domestic Values	8	2019	Hydro Run-of-river and poundage	HU	B11	2024-05-29 11:56:05	100	6.0574325	
Monthly Domestic Values	7	2019	Wind Onshore	PL	B19	2024-05-29 11:56:05	100	875.6870900	
Monthly Domestic Values	11	2019	Fossil Oil	GB	B06	2024-05-29 11:56:05	100	0.4438100	
Monthly Domestic Values	2	2019	Solar	ES	B16	2024-05-29 11:56:05	100	888.2540000	
Monthly Domestic Values	2	2019	Fossil Gas	LV	B04	2024-05-29 11:56:05	100	192.1640000	
Monthly Domestic Values	4	2019	Solar	CZ	B16	2024-05-29 11:56:05	100	281.0878800	
Monthly Domestic Values	7	2019	Fossil Gas	IE	B04	2024-05-29 11:56:05	100	868.4842950	
Monthly Domestic Values	7	2019	Other	CZ	B20	2024-05-29 11:56:05	100	79.3880300	
Monthly Domestic Values	7	2019	Hydro Pumped Storage	LT	B10	2024-05-29 11:56:05	100	88.6630200	
Monthly Domestic Values	12	2019	Fossil Oil	MK	B06	2024-05-29 11:56:05	100	0.0000000	
Monthly Domestic Values	2	2019	Fossil Gas	CZ	B04	2024-05-29 11:56:05	100	419.5761000	
Monthly Domestic Values	1	2019	Waste	ES	B17	2024-05-29 11:56:05	100	229.9090000	
Monthly Domestic Values	10	2019	Hydro Pumped Storage	SK	B10	2024-05-29 11:56:05	100	14.5515700	
Monthly Domestic Values	2	2019	Hydro Pumped Storage	BE	B10	2024-05-29 11:56:05	100	67.4899800	
Monthly Domestic Values	8	2019	Biomass	RO	B01	2024-05-29 11:56:05	100	35.6454400	
Monthly Domestic Values	5	2019	Fossil Hard coal	RO	B05	2024-05-29 11:56:05	100	67.6750000	
Monthly Domestic Values	2	2019	Fossil Brown coal/Lignite	CZ	B02	2024-05-29 11:56:05	100	2968.1865500	
Monthly Domestic Values	8	2019	Geothermal	IT	B09	2024-05-29 11:56:05	100	482.6470000	
Monthly Domestic Values	12	2019	Fossil Brown coal/Lignite	SK	B02	2024-05-29 11:56:05	100	127.6073000	
Monthly Domestic Values	2	2019	Fossil Oil	SI	B06	2024-05-29 11:56:05	100	0.0004000	
Monthly Domestic Values	7	2019	Wind Onshore	CZ	B19	2024-05-29 11:56:05	100	27.6613300	
Monthly Domestic Values	10	2019	Wind Onshore	GB	B19	2024-05-29 11:56:05	100	2426.8027950	
Monthly Domestic Values	8	2019	Fossil Gas	RO	B04	2024-05-29 11:56:05	100	628.2827500	
Monthly Domestic Values	3	2019	Wind Onshore	FI	B19	2024-05-29 11:56:05	100	677.2234500	
Monthly Domestic Values	11	2019	Other	HU	B20	2024-05-29 11:56:05	100	39.2036000	
Monthly Domestic Values	9	2019	Wind Onshore	FI	B19	2024-05-29 11:56:05	100	410.9897800	
Monthly Domestic Values	4	2019	Hydro Run-of-river and poundage	PT	B11	2024-05-29 11:56:05	100	460.6263000	
Monthly Domestic Values	10	2019	Hydro Run-of-river and poundage	PT	B11	2024-05-29 11:56:05	100	163.7325000	
Monthly Domestic Values	12	2019	Wind Offshore	DE	B18	2024-05-29 11:56:05	100	3028.7117925	
Monthly Domestic Values	5	2019	Hydro Water Reservoir	ME	B12	2024-05-29 11:56:05	100	162.4947900	
Monthly Domestic Values	3	2019	Hydro Pumped Storage	RS	B10	2024-05-29 11:56:05	100	116.4240000	
Monthly Domestic Values	2	2019	Fossil Gas	RO	B04	2024-05-29 11:56:05	100	1114.7550000	
Monthly Domestic Values	7	2019	Hydro Water Reservoir	BG	B12	2024-05-29 11:56:05	100	149.0510000	
Monthly Domestic Values	4	2019	Solar	CH	B16	2024-05-29 11:56:05	100	43.5452600	
Monthly Domestic Values	2	2019	Fossil Hard coal	DE	B05	2024-05-29 11:56:05	100	5561.7378900	
Monthly Domestic Values	5	2019	Biomass	AT	B01	2024-05-29 11:56:05	100	201.9550000	
Monthly Domestic Values	8	2019	Fossil Hard coal	DE	B05	2024-05-29 11:56:05	100	2867.3153525	
Monthly Domestic Values	11	2019	Biomass	AT	B01	2024-05-29 11:56:05	100	141.0220000	
Monthly Domestic Values	4	2019	Biomass	LV	B01	2024-05-29 11:56:05	100	53.6920000	
Monthly Domestic Values	6	2019	Fossil Hard coal	FI	B05	2024-05-29 11:56:05	100	132.5480200	
Monthly Domestic Values	2	2019	Hydro Run-of-river and poundage	AT	B11	2024-05-29 11:56:05	100	1685.3958000	
Monthly Domestic Values	11	2019	Hydro Run-of-river and poundage	IT	B11	2024-05-29 11:56:05	100	3556.8330000	
Monthly Domestic Values	3	2019	Fossil Brown coal/Lignite	HU	B02	2024-05-29 11:56:05	100	400.6736950	
Monthly Domestic Values	2	2019	Fossil Brown coal/Lignite	BG	B02	2024-05-29 11:56:05	100	1817.4600000	
Monthly Domestic Values	12	2019	Fossil Oil	HR	B06	2024-05-29 11:56:05	100	6.3083200	
Monthly Domestic Values	9	2019	Wind Offshore	BE	B18	2024-05-29 11:56:05	100	455.3146200	
Monthly Domestic Values	10	2019	Nuclear	CZ	B14	2024-05-29 11:56:05	100	2806.0562500	
Monthly Domestic Values	2	2019	Fossil Oil	GB	B06	2024-05-29 11:56:05	100	0.1843150	
Monthly Domestic Values	9	2019	Biomass	SI	B01	2024-05-29 11:56:05	100	7.3847500	
Monthly Domestic Values	1	2019	Waste	DK	B17	2024-05-29 11:56:05	100	117.2453600	
Monthly Domestic Values	11	2019	Marine	ES	B13	2024-05-29 11:56:05	100	0.0000000	
Monthly Domestic Values	12	2019	Waste	NL	B17	2024-05-29 11:56:05	100	278.1211675	
Monthly Domestic Values	3	2019	Fossil Oil	FR	B06	2024-05-29 11:56:05	100	141.1480000	
Monthly Domestic Values	12	2019	Fossil Gas	AT	B04	2024-05-29 11:56:05	100	1268.1427000	
Monthly Domestic Values	4	2019	Wind Onshore	IE	B19	2024-05-29 11:56:05	100	763.5894000	
Monthly Domestic Values	3	2019	Fossil Peat	FI	B08	2024-05-29 11:56:05	100	355.3389700	
Monthly Domestic Values	10	2019	Nuclear	ES	B14	2024-05-29 11:56:05	100	4527.3430000	
Monthly Domestic Values	7	2019	Solar	RO	B16	2024-05-29 11:56:05	100	162.7292100	
Monthly Domestic Values	8	2019	Hydro Run-of-river and poundage	PL	B11	2024-05-29 11:56:05	100	69.0896000	
Monthly Domestic Values	8	2019	Other	LV	B20	2024-05-29 11:56:05	100	39.5140000	
Monthly Domestic Values	5	2019	Hydro Run-of-river and poundage	BE	B11	2024-05-29 11:56:05	100	14.4461300	
Monthly Domestic Values	2	2019	Biomass	NL	B01	2024-05-29 11:56:05	100	0.0000000	
Monthly Domestic Values	7	2019	Biomass	RS	B01	2024-05-29 11:56:05	100	9.6720000	
Monthly Domestic Values	3	2019	Fossil Hard coal	FI	B05	2024-05-29 11:56:05	100	588.2372300	
Monthly Domestic Values	8	2019	Fossil Hard coal	BE	B05	2024-05-29 11:56:05	100	0.0000000	
Monthly Domestic Values	9	2019	Waste	FI	B17	2024-05-29 11:56:05	100	21.9045000	
Monthly Domestic Values	3	2019	Fossil Brown coal/Lignite	ES	B02	2024-05-29 11:56:05	100	8.0860000	
Monthly Domestic Values	11	2019	Wind Onshore	IT	B19	2024-05-29 11:56:05	100	2173.3590000	
Monthly Domestic Values	3	2019	Fossil Oil	BE	B06	2024-05-29 11:56:05	100	0.0347200	
Monthly Domestic Values	5	2019	Fossil Oil	GB	B06	2024-05-29 11:56:05	100	0.4056700	
Monthly Domestic Values	8	2019	Hydro Run-of-river and poundage	IT	B11	2024-05-29 11:56:05	100	3204.4390000	
Monthly Domestic Values	2	2019	Other	IT	B20	2024-05-29 11:56:05	100	2184.1660000	
Monthly Domestic Values	8	2019	Hydro Water Reservoir	MK	B12	2024-05-29 11:56:05	100	74.8748700	
Monthly Domestic Values	5	2019	Wind Onshore	HU	B19	2024-05-29 11:56:05	100	73.3470675	
Monthly Domestic Values	3	2019	Biomass	FI	B01	2024-05-29 11:56:05	100	627.2437700	
Monthly Domestic Values	10	2019	Biomass	PT	B01	2024-05-29 11:56:05	100	258.9200000	
Monthly Domestic Values	1	2019	Geothermal	AT	B09	2024-05-29 11:56:05	100	0.0520800	
Monthly Domestic Values	4	2019	Fossil Hard coal	CZ	B05	2024-05-29 11:56:05	100	142.3809400	
Monthly Domestic Values	8	2019	Fossil Hard coal	RO	B05	2024-05-29 11:56:05	100	228.9658600	
Monthly Domestic Values	1	2019	Waste	CZ	B17	2024-05-29 11:56:05	100	13.9105700	
Monthly Domestic Values	7	2019	Wind Onshore	GB	B19	2024-05-29 11:56:05	100	1708.8657700	
Monthly Domestic Values	5	2019	Fossil Oil	DK	B06	2024-05-29 11:56:05	100	22.9263900	
Monthly Domestic Values	8	2019	Fossil Brown coal/Lignite	RO	B02	2024-05-29 11:56:05	100	920.0111000	
Monthly Domestic Values	9	2019	Fossil Brown coal/Lignite	SK	B02	2024-05-29 11:56:05	100	71.8920000	
Monthly Domestic Values	12	2019	Hydro Pumped Storage	RS	B10	2024-05-29 11:56:05	100	72.0710000	
Monthly Domestic Values	9	2019	Solar	LU	B16	2024-05-29 11:56:05	100	11.7786850	
Monthly Domestic Values	8	2019	Other	HU	B20	2024-05-29 11:56:05	100	53.0691875	
Monthly Domestic Values	2	2019	Waste	FR	B17	2024-05-29 11:56:05	100	134.0210000	
Monthly Domestic Values	8	2019	Fossil Hard coal	NL	B05	2024-05-29 11:56:05	100	491.3709175	
Monthly Domestic Values	1	2019	Hydro Pumped Storage	FR	B10	2024-05-29 11:56:05	100	492.2080000	
Monthly Domestic Values	3	2019	Nuclear	FR	B14	2024-05-29 11:56:05	100	35349.6780000	
Monthly Domestic Values	12	2019	Fossil Gas	EE	B04	2024-05-29 11:56:05	100	2.0558000	
Monthly Domestic Values	6	2019	Fossil Gas	MK	B04	2024-05-29 11:56:05	100	105.1755300	
Monthly Domestic Values	12	2019	Fossil Oil shale	EE	B07	2024-05-29 11:56:05	100	217.6917000	
Monthly Domestic Values	5	2019	Wind Onshore	LU	B19	2024-05-29 11:56:05	100	16.6012050	
Monthly Domestic Values	6	2019	Hydro Run-of-river and poundage	HR	B11	2024-05-29 11:56:05	100	196.6807500	
Monthly Domestic Values	2	2019	Hydro Water Reservoir	SK	B12	2024-05-29 11:56:05	100	20.2614800	
Monthly Domestic Values	12	2019	Hydro Water Reservoir	DE	B12	2024-05-29 11:56:05	100	68.4816875	
Monthly Domestic Values	5	2019	Fossil Gas	LV	B04	2024-05-29 11:56:05	100	145.5540000	
Monthly Domestic Values	6	2019	Other	LT	B20	2024-05-29 11:56:05	100	14.8076100	
Monthly Domestic Values	4	2019	Hydro Water Reservoir	CZ	B12	2024-05-29 11:56:05	100	115.0234000	
Monthly Domestic Values	5	2019	Hydro Water Reservoir	MK	B12	2024-05-29 11:56:05	100	65.5947700	
Monthly Domestic Values	3	2019	Fossil Hard coal	IE	B05	2024-05-29 11:56:05	100	65.8854950	
Monthly Domestic Values	4	2019	Fossil Brown coal/Lignite	PL	B02	2024-05-29 11:56:05	100	2902.5799300	
Monthly Domestic Values	5	2019	Marine	ES	B13	2024-05-29 11:56:05	100	0.0000000	
Monthly Domestic Values	8	2019	Nuclear	DE	B14	2024-05-29 11:56:05	100	5477.2102600	
Monthly Domestic Values	1	2019	Nuclear	HU	B14	2024-05-29 11:56:05	100	1438.7022525	
Monthly Domestic Values	6	2019	Fossil Peat	FI	B08	2024-05-29 11:56:05	100	125.5609800	
Monthly Domestic Values	12	2019	Fossil Gas	ES	B04	2024-05-29 11:56:05	100	4859.0290000	
Monthly Domestic Values	9	2019	Hydro Water Reservoir	IT	B12	2024-05-29 11:56:05	100	665.1580000	
Monthly Domestic Values	5	2019	Hydro Pumped Storage	GB	B10	2024-05-29 11:56:05	100	87.6350000	
Monthly Domestic Values	5	2019	Other renewable	HR	B15	2024-05-29 11:56:05	100	33.5850000	
Monthly Domestic Values	2	2019	Wind Onshore	LV	B19	2024-05-29 11:56:05	100	14.5000000	
Monthly Domestic Values	12	2019	Fossil Oil	IE	B06	2024-05-29 11:56:05	100	204.5541800	
Monthly Domestic Values	7	2019	Hydro Pumped Storage	IE	B10	2024-05-29 11:56:05	100	20.8255500	
Monthly Domestic Values	10	2019	Hydro Water Reservoir	CH	B12	2024-05-29 11:56:05	100	858.9426200	
Monthly Domestic Values	12	2019	Fossil Coal-derived gas	PL	B03	2024-05-29 11:56:05	100	37.4456400	
Monthly Domestic Values	7	2019	Solar	BG	B16	2024-05-29 11:56:05	100	148.7570000	
Monthly Domestic Values	8	2019	Hydro Run-of-river and poundage	CZ	B11	2024-05-29 11:56:05	100	46.1130000	
Monthly Domestic Values	10	2019	Hydro Run-of-river and poundage	ES	B11	2024-05-29 11:56:05	100	478.1070000	
Monthly Domestic Values	2	2019	Wind Onshore	GR	B19	2024-05-29 11:56:05	100	560.7720000	
Monthly Domestic Values	6	2019	Fossil Hard coal	PT	B05	2024-05-29 11:56:05	100	531.2613000	
Monthly Domestic Values	7	2019	Waste	HU	B17	2024-05-29 11:56:05	100	9.0844925	
Monthly Domestic Values	2	2019	Geothermal	IT	B09	2024-05-29 11:56:05	100	438.7830000	
Monthly Domestic Values	6	2019	Wind Offshore	DK	B18	2024-05-29 11:56:05	100	396.5820400	
Monthly Domestic Values	2	2019	Waste	BG	B17	2024-05-29 11:56:05	100	2.5160000	
Monthly Domestic Values	1	2019	Hydro Water Reservoir	RS	B12	2024-05-29 11:56:05	100	95.0160000	
Monthly Domestic Values	1	2019	Wind Onshore	CZ	B19	2024-05-29 11:56:05	100	85.5633300	
Monthly Domestic Values	5	2019	Other renewable	CZ	B15	2024-05-29 11:56:05	100	201.4752300	
Monthly Domestic Values	1	2019	Fossil Coal-derived gas	CZ	B03	2024-05-29 11:56:05	100	163.4071100	
Monthly Domestic Values	7	2019	Fossil Coal-derived gas	CZ	B03	2024-05-29 11:56:05	100	20.2525600	
Monthly Domestic Values	8	2019	Solar	IT	B16	2024-05-29 11:56:05	100	2323.6400000	
Monthly Domestic Values	5	2019	Hydro Run-of-river and poundage	NL	B11	2024-05-29 11:56:05	100	0.0000000	
Monthly Domestic Values	6	2019	Other renewable	EE	B15	2024-05-29 11:56:05	100	4.6465000	
Monthly Domestic Values	12	2019	Other renewable	EE	B15	2024-05-29 11:56:05	100	3.5107000	
Monthly Domestic Values	3	2019	Waste	EE	B17	2024-05-29 11:56:05	100	11.1205000	
Monthly Domestic Values	10	2019	Biomass	LV	B01	2024-05-29 11:56:05	100	49.2840000	
Monthly Domestic Values	2	2019	Fossil Brown coal/Lignite	RS	B02	2024-05-29 11:56:05	100	1954.3120000	
Monthly Domestic Values	4	2019	Hydro Pumped Storage	LT	B10	2024-05-29 11:56:05	100	24.0117100	
Monthly Domestic Values	7	2019	Nuclear	SE	B14	2024-05-29 11:56:05	100	5022.9440000	
Monthly Domestic Values	9	2019	Fossil Gas	PL	B04	2024-05-29 11:56:05	100	623.8317900	
Monthly Domestic Values	6	2019	Fossil Gas	BG	B04	2024-05-29 11:56:05	100	116.0210000	
Monthly Domestic Values	12	2019	Fossil Gas	BG	B04	2024-05-29 11:56:05	100	269.7190000	
Monthly Domestic Values	8	2019	Hydro Run-of-river and poundage	AT	B11	2024-05-29 11:56:05	100	2174.8380000	
Monthly Domestic Values	9	2019	Hydro Run-of-river and poundage	EE	B11	2024-05-29 11:56:05	100	1.9783000	
Monthly Domestic Values	3	2019	Other	IE	B20	2024-05-29 11:56:05	100	1.0351200	
Monthly Domestic Values	11	2019	Hydro Run-of-river and poundage	HU	B11	2024-05-29 11:56:05	100	10.2597700	
Monthly Domestic Values	10	2019	Fossil Oil	SK	B06	2024-05-29 11:56:05	100	54.2531000	
Monthly Domestic Values	12	2019	Fossil Oil	CZ	B06	2024-05-29 11:56:05	100	6.9977700	
Monthly Domestic Values	7	2019	Nuclear	HU	B14	2024-05-29 11:56:05	100	1385.6073600	
Monthly Domestic Values	4	2019	Hydro Pumped Storage	ES	B10	2024-05-29 11:56:05	100		
Monthly Domestic Values	5	2019	Nuclear	GB	B14	2024-05-29 11:56:05	100	4375.6005000	
Monthly Domestic Values	4	2019	Fossil Gas	FI	B04	2024-05-29 11:56:05	100	315.2053200	
Monthly Domestic Values	9	2019	Other renewable	ES	B15	2024-05-29 11:56:05	100	66.5860000	
Monthly Domestic Values	9	2019	Wind Onshore	RO	B19	2024-05-29 11:56:05	100	448.8414200	
Monthly Domestic Values	7	2019	Other renewable	AT	B15	2024-05-29 11:56:05	100	0.0000000	
Monthly Domestic Values	8	2019	Hydro Water Reservoir	AT	B12	2024-05-29 11:56:05	100	602.1514000	
Monthly Domestic Values	11	2019	Hydro Pumped Storage	GB	B10	2024-05-29 11:56:05	100	144.1240000	
Monthly Domestic Values	5	2019	Hydro Run-of-river and poundage	SI	B11	2024-05-29 11:56:05	100	502.1753300	
Monthly Domestic Values	9	2019	Hydro Run-of-river and poundage	CH	B11	2024-05-29 11:56:05	100	150.5640800	
Monthly Domestic Values	9	2019	Hydro Run-of-river and poundage	DE	B11	2024-05-29 11:56:05	100	1135.4804800	
Monthly Domestic Values	1	2019	Wind Onshore	BE	B19	2024-05-29 11:56:05	100	318.5266400	
Monthly Domestic Values	4	2019	Biomass	IT	B01	2024-05-29 11:56:05	100	408.6180000	
Monthly Domestic Values	10	2019	Fossil Hard coal	FR	B05	2024-05-29 11:56:05	100	27.0920000	
Monthly Domestic Values	3	2019	Waste	SI	B17	2024-05-29 11:56:05	100	7.2281000	
Monthly Domestic Values	1	2019	Waste	NL	B17	2024-05-29 11:56:05	100	174.7974950	
Monthly Domestic Values	7	2019	Fossil Brown coal/Lignite	ME	B02	2024-05-29 11:56:05	100	153.7226900	
Monthly Domestic Values	10	2019	Waste	LU	B17	2024-05-29 11:56:05	100	9.2436500	
Monthly Domestic Values	11	2019	Hydro Run-of-river and poundage	GB	B11	2024-05-29 11:56:05	100	221.5770000	
Monthly Domestic Values	11	2019	Other	FI	B20	2024-05-29 11:56:05	100	78.6770600	
Monthly Domestic Values	2	2019	Wind Onshore	PT	B19	2024-05-29 11:56:05	100	906.4096000	
Monthly Domestic Values	7	2019	Wind Onshore	ME	B19	2024-05-29 11:56:05	100	18.8006700	
Monthly Domestic Values	3	2019	Nuclear	NL	B14	2024-05-29 11:56:05	100	359.8660600	
Monthly Domestic Values	6	2019	Nuclear	CH	B14	2024-05-29 11:56:05	100	932.1907000	
Monthly Domestic Values	1	2019	Hydro Pumped Storage	IE	B10	2024-05-29 11:56:05	100	23.5989800	
Monthly Domestic Values	1	2019	Hydro Water Reservoir	RO	B12	2024-05-29 11:56:05	100	264.7328900	
Monthly Domestic Values	1	2019	Hydro Run-of-river and poundage	NO	B11	2024-05-29 11:56:05	100	689.4893200	
Monthly Domestic Values	6	2019	Fossil Coal-derived gas	PL	B03	2024-05-29 11:56:05	100	45.5042300	
Monthly Domestic Values	1	2019	Fossil Hard coal	AT	B05	2024-05-29 11:56:05	100	176.1041000	
Monthly Domestic Values	4	2019	Biomass	PT	B01	2024-05-29 11:56:05	100	186.7246000	
Monthly Domestic Values	3	2019	Geothermal	HR	B09	2024-05-29 11:56:05	100	7.2170000	
Monthly Domestic Values	12	2019	Waste	BE	B17	2024-05-29 11:56:05	100	182.1704300	
Monthly Domestic Values	11	2019	Fossil Oil	DK	B06	2024-05-29 11:56:05	100	21.1851600	
Monthly Domestic Values	8	2019	Solar	SK	B16	2024-05-29 11:56:05	100	63.8198000	
Monthly Domestic Values	10	2019	Solar	HR	B16	2024-05-29 11:56:05	100	5.1450000	
Monthly Domestic Values	3	2019	Solar	LU	B16	2024-05-29 11:56:05	100	9.4929200	
Monthly Domestic Values	11	2019	Hydro Water Reservoir	SE	B12	2024-05-29 11:56:05	100	6418.8460000	
Monthly Domestic Values	10	2019	Wind Offshore	ES	B18	2024-05-29 11:56:05	100	0.0000000	
Monthly Domestic Values	6	2019	Other renewable	SK	B15	2024-05-29 11:56:05	100	44.1420000	
Monthly Domestic Values	9	2019	Biomass	BG	B01	2024-05-29 11:56:05	100	18.8440000	
Monthly Domestic Values	8	2019	Waste	FR	B17	2024-05-29 11:56:05	100	141.8620000	
Monthly Domestic Values	11	2019	Fossil Hard coal	IE	B05	2024-05-29 11:56:05	100	77.7123750	
Monthly Domestic Values	7	2019	Hydro Pumped Storage	FR	B10	2024-05-29 11:56:05	100	409.5100000	
Monthly Domestic Values	9	2019	Nuclear	FR	B14	2024-05-29 11:56:05	100	27440.0450000	
Monthly Domestic Values	5	2019	Fossil Oil	IT	B06	2024-05-29 11:56:05	100	61.1410000	
Monthly Domestic Values	10	2019	Wind Onshore	HR	B19	2024-05-29 11:56:05	100	68.0853000	
Monthly Domestic Values	11	2019	Wind Onshore	LU	B19	2024-05-29 11:56:05	100	26.1924750	
Monthly Domestic Values	12	2019	Hydro Run-of-river and poundage	HR	B11	2024-05-29 11:56:05	100	200.5082300	
Monthly Domestic Values	2	2019	Hydro Run-of-river and poundage	LU	B11	2024-05-29 11:56:05	100	10.3309525	
Monthly Domestic Values	1	2019	Fossil Gas	BE	B04	2024-05-29 11:56:05	100	2683.2905300	
Monthly Domestic Values	8	2019	Other	AT	B20	2024-05-29 11:56:05	100	16.3680000	
Monthly Domestic Values	6	2019	Fossil Oil shale	EE	B07	2024-05-29 11:56:05	100	140.1787000	
Monthly Domestic Values	9	2019	Hydro Run-of-river and poundage	FR	B11	2024-05-29 11:56:05	100	1755.8190000	
Monthly Domestic Values	6	2019	Other	RS	B20	2024-05-29 11:56:05	100	12.2460000	
Monthly Domestic Values	5	2019	Wind Onshore	SK	B19	2024-05-29 11:56:05	100	0.0000000	
Monthly Domestic Values	5	2019	Fossil Oil	FI	B06	2024-05-29 11:56:05	100	1.1066500	
Monthly Domestic Values	6	2019	Hydro Pumped Storage	BA	B10	2024-05-29 11:56:05	100	2.0920200	
Monthly Domestic Values	6	2019	Fossil Gas	LT	B04	2024-05-29 11:56:05	100	30.7943500	
Monthly Domestic Values	6	2019	Fossil Oil	ES	B06	2024-05-29 11:56:05	100	175.1660000	
Monthly Domestic Values	3	2019	Fossil Gas	PT	B04	2024-05-29 11:56:05	100	659.8231000	
Monthly Domestic Values	8	2019	Hydro Water Reservoir	SK	B12	2024-05-29 11:56:05	100	20.3324800	
Monthly Domestic Values	3	2019	Biomass	DK	B01	2024-05-29 11:56:05	100	422.1946200	
Monthly Domestic Values	3	2019	Fossil Hard coal	HR	B05	2024-05-29 11:56:05	100	141.3009600	
Monthly Domestic Values	1	2019	Fossil Oil	MK	B06	2024-05-29 11:56:05	100	0.0000000	
Monthly Domestic Values	8	2019	Hydro Pumped Storage	PT	B10	2024-05-29 11:56:05	100	173.4818000	
Monthly Domestic Values	9	2019	Fossil Peat	IE	B08	2024-05-29 11:56:05	100	163.1621550	
Monthly Domestic Values	10	2019	Solar	DK	B16	2024-05-29 11:56:05	100	46.1933200	
Monthly Domestic Values	2	2019	Fossil Gas	LU	B04	2024-05-29 11:56:05	100	26.1993150	
Monthly Domestic Values	10	2019	Solar	BE	B16	2024-05-29 11:56:05	100	196.4105600	
Monthly Domestic Values	2	2019	Wind Onshore	SI	B19	2024-05-29 11:56:05	100	0.5626600	
Monthly Domestic Values	2	2019	Wind Onshore	NO	B19	2024-05-29 11:56:05	100	473.1586800	
Monthly Domestic Values	5	2019	Wind Onshore	MK	B19	2024-05-29 11:56:05	100	6.4019300	
Monthly Domestic Values	5	2019	Geothermal	DE	B09	2024-05-29 11:56:05	100	14.6134775	
Monthly Domestic Values	10	2019	Fossil Hard coal	IT	B05	2024-05-29 11:56:05	100	1561.8170000	
Monthly Domestic Values	12	2019	Fossil Hard coal	CZ	B05	2024-05-29 11:56:05	100	193.0015600	
Monthly Domestic Values	2	2019	Hydro Pumped Storage	DE	B10	2024-05-29 11:56:05	100	695.5345650	
Monthly Domestic Values	3	2019	Nuclear	RO	B14	2024-05-29 11:56:05	100	1027.7180400	
Monthly Domestic Values	11	2019	Nuclear	BE	B14	2024-05-29 11:56:05	100	3252.1145700	
Monthly Domestic Values	5	2019	Other	SK	B20	2024-05-29 11:56:05	100	92.3891000	
Monthly Domestic Values	9	2019	Fossil Coal-derived gas	EE	B03	2024-05-29 11:56:05	100	42.6944000	
Monthly Domestic Values	6	2019	Other renewable	DE	B15	2024-05-29 11:56:05	100	76.5425350	
Monthly Domestic Values	3	2019	Hydro Run-of-river and poundage	LT	B11	2024-05-29 11:56:05	100	52.9577100	
Monthly Domestic Values	1	2019	Hydro Run-of-river and poundage	FI	B11	2024-05-29 11:56:05	100	946.2803300	
Monthly Domestic Values	9	2019	Wind Onshore	SE	B19	2024-05-29 11:56:05	100	1610.8800000	
Monthly Domestic Values	3	2019	Nuclear	SI	B14	2024-05-29 11:56:05	100	517.5093900	
Monthly Domestic Values	7	2019	Solar	EE	B16	2024-05-29 11:56:05	100	0.5208000	
Monthly Domestic Values	7	2019	Hydro Water Reservoir	RO	B12	2024-05-29 11:56:05	100	615.4805700	
Monthly Domestic Values	2	2019	Solar	SI	B16	2024-05-29 11:56:05	100	17.5256700	
Monthly Domestic Values	7	2019	Other	NL	B20	2024-05-29 11:56:05	100	2360.9277600	
Monthly Domestic Values	11	2019	Hydro Water Reservoir	PL	B12	2024-05-29 11:56:05	100	8.8260200	
Monthly Domestic Values	1	2019	Biomass	BG	B01	2024-05-29 11:56:05	100	18.3940000	
Monthly Domestic Values	6	2019	Biomass	FR	B01	2024-05-29 11:56:05	100	255.2550000	
Monthly Domestic Values	8	2019	Biomass	LU	B01	2024-05-29 11:56:05	100	15.4844950	
Monthly Domestic Values	1	2019	Waste	HU	B17	2024-05-29 11:56:05	100	10.0326675	
Monthly Domestic Values	10	2019	Fossil Brown coal/Lignite	MK	B02	2024-05-29 11:56:05	100	211.1631200	
Monthly Domestic Values	12	2019	Fossil Oil	PL	B06	2024-05-29 11:56:05	100	161.0216500	
Monthly Domestic Values	4	2019	Other	EE	B20	2024-05-29 11:56:05	100	0.0000000	
Monthly Domestic Values	4	2019	Solar	DE	B16	2024-05-29 11:56:05	100	4993.0805950	
Monthly Domestic Values	2	2019	Solar	IT	B16	2024-05-29 11:56:05	100	1315.5940000	
Monthly Domestic Values	4	2019	Fossil Hard coal	ES	B05	2024-05-29 11:56:05	100	755.4870000	
Monthly Domestic Values	3	2019	Fossil Gas	SI	B04	2024-05-29 11:56:05	100	45.3411300	
Monthly Domestic Values	9	2019	Fossil Gas	SI	B04	2024-05-29 11:56:05	100	17.5314000	
Monthly Domestic Values	2	2019	Nuclear	BG	B14	2024-05-29 11:56:05	100	1419.7610000	
Monthly Domestic Values	8	2019	Nuclear	BG	B14	2024-05-29 11:56:05	100	1543.5010000	
Monthly Domestic Values	5	2019	Hydro Water Reservoir	NO	B12	2024-05-29 11:56:05	100	7869.5652900	
Monthly Domestic Values	11	2019	Hydro Water Reservoir	NO	B12	2024-05-29 11:56:05	100	11390.5779200	
Monthly Domestic Values	4	2019	Biomass	BE	B01	2024-05-29 11:56:05	100	82.1560000	
Monthly Domestic Values	9	2019	Waste	EE	B17	2024-05-29 11:56:05	100	12.0816000	
Monthly Domestic Values	2	2019	Fossil Gas	GR	B04	2024-05-29 11:56:05	100	1421.6530000	
Monthly Domestic Values	8	2019	Fossil Gas	GR	B04	2024-05-29 11:56:05	100	1774.5640000	
Monthly Domestic Values	5	2019	Fossil Gas	DE	B04	2024-05-29 11:56:05	100	3366.7242300	
Monthly Domestic Values	11	2019	Fossil Gas	DE	B04	2024-05-29 11:56:05	100	5267.7369050	
Monthly Domestic Values	5	2019	Solar	FR	B16	2024-05-29 11:56:05	100	1275.9500000	
Monthly Domestic Values	3	2019	Wind Onshore	DE	B19	2024-05-29 11:56:05	100	13725.0584475	
Monthly Domestic Values	11	2019	Hydro Run-of-river and poundage	RO	B11	2024-05-29 11:56:05	100	657.0501000	
Monthly Domestic Values	8	2019	Wind Onshore	CY	B19	2024-05-29 11:56:05	100	16.1804350	
Monthly Domestic Values	7	2019	Fossil Brown coal/Lignite	DE	B02	2024-05-29 11:56:05	100	8165.6328025	
Monthly Domestic Values	9	2019	Fossil Hard coal	HR	B05	2024-05-29 11:56:05	100	106.2963900	
Monthly Domestic Values	2	2019	Fossil Oil	AT	B06	2024-05-29 11:56:05	100	0.0000000	
Monthly Domestic Values	2	2019	Nuclear	DE	B14	2024-05-29 11:56:05	100	6196.4968625	
Monthly Domestic Values	3	2019	Fossil Peat	IE	B08	2024-05-29 11:56:05	100	219.2887800	
Monthly Domestic Values	11	2019	Nuclear	SI	B14	2024-05-29 11:56:05	100	494.4916100	
Monthly Domestic Values	3	2019	Hydro Water Reservoir	PL	B12	2024-05-29 11:56:05	100	15.1319800	
Monthly Domestic Values	11	2019	Solar	GR	B16	2024-05-29 11:56:05	100	174.3970000	
Monthly Domestic Values	4	2019	Solar	BE	B16	2024-05-29 11:56:05	100	414.2135900	
Monthly Domestic Values	11	2019	Other renewable	HR	B15	2024-05-29 11:56:05	100	30.7530000	
Monthly Domestic Values	11	2019	Wind Onshore	MK	B19	2024-05-29 11:56:05	100	3.9893000	
Monthly Domestic Values	11	2019	Fossil Gas	FR	B04	2024-05-29 11:56:05	100	4994.5400000	
Monthly Domestic Values	11	2019	Hydro Water Reservoir	HR	B12	2024-05-29 11:56:05	100	494.0304000	
Monthly Domestic Values	10	2019	Fossil Gas	HR	B04	2024-05-29 11:56:05	100	330.9870300	
Monthly Domestic Values	4	2019	Solar	DK	B16	2024-05-29 11:56:05	100	142.5309100	
Monthly Domestic Values	4	2019	Wind Offshore	NL	B18	2024-05-29 11:56:05	100	262.9550525	
Monthly Domestic Values	8	2019	Fossil Gas	LU	B04	2024-05-29 11:56:05	100	11.4657950	
Monthly Domestic Values	4	2019	Biomass	DE	B01	2024-05-29 11:56:05	100	3388.4928300	
Monthly Domestic Values	1	2019	Nuclear	FI	B14	2024-05-29 11:56:05	100	2073.5072000	
Monthly Domestic Values	5	2019	Nuclear	BE	B14	2024-05-29 11:56:05	100	3665.6553200	
Monthly Domestic Values	6	2019	Fossil Oil	IE	B06	2024-05-29 11:56:05	100	231.5724100	
Monthly Domestic Values	8	2019	Fossil Oil	HU	B06	2024-05-29 11:56:05	100	0.8720150	
Monthly Domestic Values	8	2019	Nuclear	SK	B14	2024-05-29 11:56:05	100	1389.3308000	
Monthly Domestic Values	3	2019	Fossil Coal-derived gas	DE	B03	2024-05-29 11:56:05	100	282.0446500	
Monthly Domestic Values	12	2019	Other renewable	DE	B15	2024-05-29 11:56:05	100	137.5463350	
Monthly Domestic Values	2	2019	Hydro Run-of-river and poundage	CZ	B11	2024-05-29 11:56:05	100	54.1954900	
Monthly Domestic Values	7	2019	Fossil Coal-derived gas	IT	B03	2024-05-29 11:56:05	100	582.0860000	
Monthly Domestic Values	6	2019	Fossil Gas	SK	B04	2024-05-29 11:56:05	100	203.4736000	
Monthly Domestic Values	5	2019	Hydro Water Reservoir	PT	B12	2024-05-29 11:56:05	100	111.1423000	
Monthly Domestic Values	1	2019	Hydro Water Reservoir	IT	B12	2024-05-29 11:56:05	100	552.7570000	
Monthly Domestic Values	8	2019	Other	SE	B20	2024-05-29 11:56:05	100	337.8650000	
Monthly Domestic Values	10	2019	Other	ES	B20	2024-05-29 11:56:05	100	43.4770000	
Monthly Domestic Values	1	2019	Solar	BG	B16	2024-05-29 11:56:05	100	44.1810000	
Monthly Domestic Values	4	2019	Biomass	BG	B01	2024-05-29 11:56:05	100	20.8530000	
Monthly Domestic Values	5	2019	Fossil Hard coal	IT	B05	2024-05-29 11:56:05	100	1030.1530000	
Monthly Domestic Values	2	2019	Waste	IT	B17	2024-05-29 11:56:05	100	28.0240000	
Monthly Domestic Values	7	2019	Hydro Pumped Storage	DE	B10	2024-05-29 11:56:05	100	662.2175075	
Monthly Domestic Values	5	2019	Hydro Pumped Storage	SK	B10	2024-05-29 11:56:05	100	14.0022000	
Monthly Domestic Values	11	2019	Nuclear	BG	B14	2024-05-29 11:56:05	100	1508.6250000	
Monthly Domestic Values	12	2019	Other renewable	SK	B15	2024-05-29 11:56:05	100	47.1183000	
Monthly Domestic Values	6	2019	Wind Onshore	IT	B19	2024-05-29 11:56:05	100	979.9150000	
Monthly Domestic Values	7	2019	Fossil Peat	EE	B08	2024-05-29 11:56:05	100	3.7833000	
Monthly Domestic Values	3	2019	Other	SE	B20	2024-05-29 11:56:05	100	1140.6620000	
Monthly Domestic Values	3	2019	Hydro Run-of-river and poundage	GB	B11	2024-05-29 11:56:05	100	441.6415000	
Monthly Domestic Values	11	2019	Hydro Pumped Storage	BG	B10	2024-05-29 11:56:05	100	46.4500000	
Monthly Domestic Values	11	2019	Other	RS	B20	2024-05-29 11:56:05	100	23.3720000	
Monthly Domestic Values	11	2019	Wind Onshore	BA	B19	2024-05-29 11:56:05	100	18.9502300	
Monthly Domestic Values	1	2019	Biomass	GB	B01	2024-05-29 11:56:05	100	1415.1645000	
Monthly Domestic Values	8	2019	Geothermal	HR	B09	2024-05-29 11:56:05	100	7.2300000	
Monthly Domestic Values	3	2019	Fossil Brown coal/Lignite	BA	B02	2024-05-29 11:56:05	100	154.8266300	
Monthly Domestic Values	2	2019	Fossil Brown coal/Lignite	MK	B02	2024-05-29 11:56:05	100	321.2960200	
Monthly Domestic Values	11	2019	Fossil Oil	FI	B06	2024-05-29 11:56:05	100	0.7338300	
Monthly Domestic Values	2	2019	Solar	AT	B16	2024-05-29 11:56:05	100	31.7170000	
Monthly Domestic Values	1	2019	Other renewable	HU	B15	2024-05-29 11:56:05	100	8.6570225	
Monthly Domestic Values	3	2019	Other	LV	B20	2024-05-29 11:56:05	100	67.8680000	
Monthly Domestic Values	11	2019	Wind Onshore	DK	B19	2024-05-29 11:56:05	100	716.5833200	
Monthly Domestic Values	4	2019	Hydro Run-of-river and poundage	BE	B11	2024-05-29 11:56:05	100	13.7584700	
Monthly Domestic Values	12	2019	Hydro Run-of-river and poundage	SK	B11	2024-05-29 11:56:05	100	274.7374500	
Monthly Domestic Values	2	2019	Wind Onshore	LT	B19	2024-05-29 11:56:05	100	150.5250900	
Monthly Domestic Values	12	2019	Nuclear	NL	B14	2024-05-29 11:56:05	100	360.2431875	
Monthly Domestic Values	3	2019	Hydro Water Reservoir	HR	B12	2024-05-29 11:56:05	100	200.5866700	
Monthly Domestic Values	5	2019	Fossil Gas	HR	B04	2024-05-29 11:56:05	100	58.1864200	
Monthly Domestic Values	7	2019	Fossil Gas	BE	B04	2024-05-29 11:56:05	100	1956.6460300	
Monthly Domestic Values	1	2019	Hydro Water Reservoir	CH	B12	2024-05-29 11:56:05	100	1186.6213600	
Monthly Domestic Values	5	2019	Wind Offshore	ES	B18	2024-05-29 11:56:05	100	0.0000000	
Monthly Domestic Values	2	2019	Biomass	RS	B01	2024-05-29 11:56:05	100	10.0800000	
Monthly Domestic Values	3	2019	Fossil Hard coal	BE	B05	2024-05-29 11:56:05	100	0.0000000	
Monthly Domestic Values	4	2019	Fossil Oil	SK	B06	2024-05-29 11:56:05	100	29.4913000	
Monthly Domestic Values	9	2019	Hydro Pumped Storage	AT	B10	2024-05-29 11:56:05	100	322.3137000	
Monthly Domestic Values	3	2019	Fossil Oil	CZ	B06	2024-05-29 11:56:05	100	6.0236400	
Monthly Domestic Values	7	2019	Fossil Oil	HR	B06	2024-05-29 11:56:05	100	0.0000000	
Monthly Domestic Values	12	2019	Wind Onshore	BG	B19	2024-05-29 11:56:05	100	147.7270000	
Monthly Domestic Values	7	2019	Other	SK	B20	2024-05-29 11:56:05	100	88.2230000	
Monthly Domestic Values	7	2019	Fossil Coal-derived gas	EE	B03	2024-05-29 11:56:05	100	46.7684000	
Monthly Domestic Values	6	2019	Solar	FR	B16	2024-05-29 11:56:05	100	1361.4390000	
Monthly Domestic Values	7	2019	Hydro Run-of-river and poundage	IE	B11	2024-05-29 11:56:05	100	14.1826050	
Monthly Domestic Values	12	2019	Wind Onshore	HU	B19	2024-05-29 11:56:05	100	83.9891175	
Monthly Domestic Values	6	2019	Wind Onshore	EE	B19	2024-05-29 11:56:05	100	44.4533000	
Monthly Domestic Values	4	2019	Hydro Pumped Storage	IT	B10	2024-05-29 11:56:05	100	225.6390000	
Monthly Domestic Values	8	2019	Fossil Oil	BE	B06	2024-05-29 11:56:05	100	0.0665500	
Monthly Domestic Values	7	2019	Fossil Brown coal/Lignite	SI	B02	2024-05-29 11:56:05	100	432.2794400	
Monthly Domestic Values	12	2019	Hydro Pumped Storage	HR	B10	2024-05-29 11:56:05	100	108.2862400	
Monthly Domestic Values	3	2019	Nuclear	SK	B14	2024-05-29 11:56:05	100	1326.7600000	
Monthly Domestic Values	10	2019	Wind Offshore	NL	B18	2024-05-29 11:56:05	100	348.6651325	
Monthly Domestic Values	8	2019	Biomass	CZ	B01	2024-05-29 11:56:05	100	174.6416100	
Monthly Domestic Values	10	2019	Biomass	HR	B01	2024-05-29 11:56:05	100	37.3820000	
Monthly Domestic Values	2	2019	Fossil Brown coal/Lignite	DE	B02	2024-05-29 11:56:05	100	9836.5506250	
Monthly Domestic Values	6	2019	Waste	DK	B17	2024-05-29 11:56:05	100	84.1077200	
Monthly Domestic Values	3	2019	Hydro Pumped Storage	PL	B10	2024-05-29 11:56:05	100	104.9332400	
Monthly Domestic Values	7	2019	Fossil Gas	GB	B04	2024-05-29 11:56:05	100	10021.6889550	
Monthly Domestic Values	5	2019	Fossil Oil shale	ES	B07	2024-05-29 11:56:05	100	0.0000000	
Monthly Domestic Values	9	2019	Wind Onshore	FR	B19	2024-05-29 11:56:05	100	2561.2190000	
Monthly Domestic Values	1	2019	Fossil Gas	SI	B04	2024-05-29 11:56:05	100	47.1864900	
Monthly Domestic Values	1	2019	Hydro Water Reservoir	HU	B12	2024-05-29 11:56:05	100	9.6415575	
Monthly Domestic Values	11	2019	Hydro Water Reservoir	RS	B12	2024-05-29 11:56:05	100	21.4860000	
Monthly Domestic Values	2	2019	Solar	RO	B16	2024-05-29 11:56:05	100	82.8490000	
Monthly Domestic Values	8	2019	Solar	BE	B16	2024-05-29 11:56:05	100	444.1990300	
Monthly Domestic Values	9	2019	Other	PT	B20	2024-05-29 11:56:05	100	23.8882000	
Monthly Domestic Values	6	2019	Biomass	LT	B01	2024-05-29 11:56:05	100	27.2880300	
Monthly Domestic Values	9	2019	Geothermal	DE	B09	2024-05-29 11:56:05	100	16.1031975	
Monthly Domestic Values	9	2019	Biomass	NL	B01	2024-05-29 11:56:05	100	0.0000000	
Monthly Domestic Values	1	2019	Waste	AT	B17	2024-05-29 11:56:05	100	74.4000000	
Monthly Domestic Values	4	2019	Hydro Pumped Storage	CZ	B10	2024-05-29 11:56:05	100	90.3025500	
Monthly Domestic Values	4	2019	Fossil Gas	NL	B04	2024-05-29 11:56:05	100	2859.5762950	
Monthly Domestic Values	5	2019	Hydro Run-of-river and poundage	FI	B11	2024-05-29 11:56:05	100	1421.1922000	
Monthly Domestic Values	10	2019	Wind Onshore	DE	B19	2024-05-29 11:56:05	100	9335.8004050	
Monthly Domestic Values	11	2019	Wind Onshore	AT	B19	2024-05-29 11:56:05	100	776.4790000	
Monthly Domestic Values	3	2019	Wind Onshore	CY	B19	2024-05-29 11:56:05	100	19.6448850	
Monthly Domestic Values	11	2019	Other renewable	CZ	B15	2024-05-29 11:56:05	100	197.2226700	
Monthly Domestic Values	1	2019	Solar	HR	B16	2024-05-29 11:56:05	100	2.2920000	
Monthly Domestic Values	3	2019	Hydro Water Reservoir	FR	B12	2024-05-29 11:56:05	100	1068.4020000	
Monthly Domestic Values	3	2019	Solar	LT	B16	2024-05-29 11:56:05	100	5.2905000	
Monthly Domestic Values	8	2019	Solar	NL	B16	2024-05-29 11:56:05	100	9.4485125	
Monthly Domestic Values	9	2019	Solar	LT	B16	2024-05-29 11:56:05	100	6.7784400	
Monthly Domestic Values	2	2019	Wind Onshore	HR	B19	2024-05-29 11:56:05	100	149.0876000	
Monthly Domestic Values	3	2019	Biomass	LU	B01	2024-05-29 11:56:05	100	11.3634775	
Monthly Domestic Values	7	2019	Fossil Oil	SI	B06	2024-05-29 11:56:05	100	0.0003900	
Monthly Domestic Values	10	2019	Nuclear	FI	B14	2024-05-29 11:56:05	100	2067.5969000	
Monthly Domestic Values	7	2019	Fossil Hard coal	BG	B05	2024-05-29 11:56:05	100	45.2060000	
Monthly Domestic Values	11	2019	Fossil Peat	IE	B08	2024-05-29 11:56:05	100	213.6456450	
Monthly Domestic Values	10	2019	Geothermal	ES	B09	2024-05-29 11:56:05	100	0.0000000	
Monthly Domestic Values	9	2019	Fossil Hard coal	ES	B05	2024-05-29 11:56:05	100	475.8150000	
Monthly Domestic Values	11	2019	Wind Onshore	ES	B19	2024-05-29 11:56:05	100	7170.1540000	
Monthly Domestic Values	9	2019	Other	IE	B20	2024-05-29 11:56:05	100	0.2814700	
Monthly Domestic Values	9	2019	Fossil Gas	DK	B04	2024-05-29 11:56:05	100	157.4164100	
Monthly Domestic Values	12	2019	Solar	PT	B16	2024-05-29 11:56:05	100	52.7897000	
Monthly Domestic Values	2	2019	Hydro Water Reservoir	BG	B12	2024-05-29 11:56:05	100	210.7360000	
Monthly Domestic Values	9	2019	Fossil Gas	HU	B04	2024-05-29 11:56:05	100	687.1889525	
Monthly Domestic Values	2	2019	Solar	GB	B16	2024-05-29 11:56:05	100	609.5135000	
Monthly Domestic Values	4	2019	Other	DE	B20	2024-05-29 11:56:05	100	288.7501025	
Monthly Domestic Values	7	2019	Fossil Oil	MK	B06	2024-05-29 11:56:05	100	0.0000000	
Monthly Domestic Values	7	2019	Fossil Oil	ES	B06	2024-05-29 11:56:05	100	179.7090000	
Monthly Domestic Values	7	2019	Other	AT	B20	2024-05-29 11:56:05	100	16.3680000	
Monthly Domestic Values	12	2019	Other	CZ	B20	2024-05-29 11:56:05	100	86.9045600	
Monthly Domestic Values	8	2019	Hydro Run-of-river and poundage	LT	B11	2024-05-29 11:56:05	100	15.0475300	
Monthly Domestic Values	3	2019	Hydro Run-of-river and poundage	RO	B11	2024-05-29 11:56:05	100	1051.4468600	
Monthly Domestic Values	8	2019	Other renewable	ME	B15	2024-05-29 11:56:05	100	0.0000000	
Monthly Domestic Values	12	2019	Wind Onshore	EE	B19	2024-05-29 11:56:05	100	93.2496000	
Monthly Domestic Values	6	2019	Wind Onshore	BG	B19	2024-05-29 11:56:05	100	82.5850000	
Monthly Domestic Values	9	2019	Waste	CZ	B17	2024-05-29 11:56:05	100	15.5551800	
Monthly Domestic Values	12	2019	Fossil Brown coal/Lignite	HU	B02	2024-05-29 11:56:05	100	274.3578325	
Monthly Domestic Values	12	2019	Waste	DK	B17	2024-05-29 11:56:05	100	123.6104300	
Monthly Domestic Values	4	2019	Fossil Oil	PL	B06	2024-05-29 11:56:05	100	124.7322800	
Monthly Domestic Values	12	2019	Fossil Oil	DE	B06	2024-05-29 11:56:05	100	334.6377950	
Monthly Domestic Values	1	2019	Fossil Gas	AT	B04	2024-05-29 11:56:05	100	1573.8190000	
Monthly Domestic Values	8	2019	Wind Onshore	GR	B19	2024-05-29 11:56:05	100	684.1630000	
Monthly Domestic Values	6	2019	Hydro Water Reservoir	AT	B12	2024-05-29 11:56:05	100	650.0005000	
Monthly Domestic Values	11	2019	Fossil Peat	ES	B08	2024-05-29 11:56:05	100	0.0000000	
Monthly Domestic Values	12	2019	Fossil Coal-derived gas	ES	B03	2024-05-29 11:56:05	100	0.0000000	
Monthly Domestic Values	10	2019	Other	NO	B20	2024-05-29 11:56:05	100	1.2081000	
Monthly Domestic Values	9	2019	Other renewable	FI	B15	2024-05-29 11:56:05	100	18.5963900	
Monthly Domestic Values	5	2019	Other	GB	B20	2024-05-29 11:56:05	100	21.6276500	
Monthly Domestic Values	12	2019	Hydro Pumped Storage	PT	B10	2024-05-29 11:56:05	100	649.8132000	
Monthly Domestic Values	5	2019	Hydro Water Reservoir	RS	B12	2024-05-29 11:56:05	100	31.8460000	
Monthly Domestic Values	12	2019	Fossil Gas	PT	B04	2024-05-29 11:56:05	100	1108.8989000	
Monthly Domestic Values	8	2019	Wind Offshore	GB	B18	2024-05-29 11:56:05	100	1580.0454750	
Monthly Domestic Values	1	2019	Solar	LU	B16	2024-05-29 11:56:05	100	2.0047075	
Monthly Domestic Values	8	2019	Solar	SI	B16	2024-05-29 11:56:05	100	29.4865100	
Monthly Domestic Values	5	2019	Biomass	RO	B01	2024-05-29 11:56:05	100	25.4985800	
Monthly Domestic Values	8	2019	Waste	IT	B17	2024-05-29 11:56:05	100	31.7870000	
Monthly Domestic Values	1	2019	Fossil Gas	MK	B04	2024-05-29 11:56:05	100	110.4050600	
Monthly Domestic Values	9	2019	Hydro Water Reservoir	HU	B12	2024-05-29 11:56:05	100	4.7497800	
Monthly Domestic Values	11	2019	Other	LT	B20	2024-05-29 11:56:05	100	11.6187800	
Monthly Domestic Values	1	2019	Hydro Run-of-river and poundage	BG	B11	2024-05-29 11:56:05	100	55.8010000	
Monthly Domestic Values	3	2019	Hydro Run-of-river and poundage	IT	B11	2024-05-29 11:56:05	100	1552.7490000	
Monthly Domestic Values	5	2019	Hydro Pumped Storage	BG	B10	2024-05-29 11:56:05	100	3.9860000	
Monthly Domestic Values	6	2019	Other	BE	B20	2024-05-29 11:56:05	100	351.7706900	
Monthly Domestic Values	1	2019	Hydro Run-of-river and poundage	PT	B11	2024-05-29 11:56:05	100	513.7074000	
Monthly Domestic Values	12	2019	Wind Onshore	IT	B19	2024-05-29 11:56:05	100	2424.3680000	
Monthly Domestic Values	1	2019	Biomass	SI	B01	2024-05-29 11:56:05	100	8.2867100	
Monthly Domestic Values	2	2019	Biomass	EE	B01	2024-05-29 11:56:05	100	45.5663000	
Monthly Domestic Values	7	2019	Biomass	GB	B01	2024-05-29 11:56:05	100	1374.5160000	
Monthly Domestic Values	5	2019	Fossil Hard coal	DK	B05	2024-05-29 11:56:05	100	190.4805500	
Monthly Domestic Values	4	2019	Fossil Brown coal/Lignite	SK	B02	2024-05-29 11:56:05	100	124.7748000	
Monthly Domestic Values	2	2019	Hydro Pumped Storage	CH	B10	2024-05-29 11:56:05	100	460.5586700	
Monthly Domestic Values	12	2019	Wind Onshore	IE	B19	2024-05-29 11:56:05	100	1081.7623950	
Monthly Domestic Values	1	2019	Wind Onshore	NL	B19	2024-05-29 11:56:05	100	361.6609175	
Monthly Domestic Values	8	2019	Wind Onshore	LT	B19	2024-05-29 11:56:05	100	46.3523500	
Monthly Domestic Values	8	2019	Other renewable	AT	B15	2024-05-29 11:56:05	100	0.0000000	
Monthly Domestic Values	7	2019	Hydro Water Reservoir	CH	B12	2024-05-29 11:56:05	100	1632.3179100	
Monthly Domestic Values	7	2019	Other renewable	HU	B15	2024-05-29 11:56:05	100	7.9757750	
Monthly Domestic Values	3	2019	Hydro Run-of-river and poundage	NL	B11	2024-05-29 11:56:05	100	0.0000000	
Monthly Domestic Values	5	2019	Wind Onshore	DK	B19	2024-05-29 11:56:05	100	954.4427800	
Monthly Domestic Values	10	2019	Hydro Run-of-river and poundage	BE	B11	2024-05-29 11:56:05	100	8.6223400	
Monthly Domestic Values	4	2019	Other renewable	ES	B15	2024-05-29 11:56:05	100	76.1350000	
Monthly Domestic Values	8	2019	Hydro Pumped Storage	SI	B10	2024-05-29 11:56:05	100	22.1368400	
Monthly Domestic Values	7	2019	Fossil Oil	CY	B06	2024-05-29 11:56:05	100	132.4670900	
Monthly Domestic Values	8	2019	Fossil Oil	FR	B06	2024-05-29 11:56:05	100	120.1040000	
Monthly Domestic Values	11	2019	Fossil Peat	FI	B08	2024-05-29 11:56:05	100	374.1701500	
Monthly Domestic Values	12	2019	Fossil Gas	MK	B04	2024-05-29 11:56:05	100	74.9918400	
Monthly Domestic Values	10	2019	Hydro Pumped Storage	IE	B10	2024-05-29 11:56:05	100	25.1598200	
Monthly Domestic Values	11	2019	Waste	SI	B17	2024-05-29 11:56:05	100	6.7323300	
Monthly Domestic Values	4	2019	Fossil Brown coal/Lignite	HU	B02	2024-05-29 11:56:05	100	283.1795675	
Monthly Domestic Values	8	2019	Fossil Brown coal/Lignite	ES	B02	2024-05-29 11:56:05	100	0.0000000	
Monthly Domestic Values	11	2019	Fossil Brown coal/Lignite	BA	B02	2024-05-29 11:56:05	100	196.3223800	
Monthly Domestic Values	9	2019	Hydro Water Reservoir	LU	B12	2024-05-29 11:56:05	100	0.1501000	
Monthly Domestic Values	3	2019	Solar	ES	B16	2024-05-29 11:56:05	100	1265.0480000	
Monthly Domestic Values	1	2019	Fossil Gas	LV	B04	2024-05-29 11:56:05	100	377.5230000	
Monthly Domestic Values	5	2019	Solar	CZ	B16	2024-05-29 11:56:05	100	230.0910300	
Monthly Domestic Values	11	2019	Other	LV	B20	2024-05-29 11:56:05	100	52.5280000	
Monthly Domestic Values	2	2019	Other renewable	ME	B15	2024-05-29 11:56:05	100	0.0000000	
Monthly Domestic Values	9	2019	Hydro Run-of-river and poundage	HU	B11	2024-05-29 11:56:05	100	4.8297775	
Monthly Domestic Values	6	2019	Wind Onshore	PL	B19	2024-05-29 11:56:05	100	725.4837000	
Monthly Domestic Values	10	2019	Biomass	IT	B01	2024-05-29 11:56:05	100	482.9880000	
Monthly Domestic Values	7	2019	Waste	NL	B17	2024-05-29 11:56:05	100	191.1756325	
Monthly Domestic Values	12	2019	Fossil Brown coal/Lignite	RO	B02	2024-05-29 11:56:05	100	1052.7584200	
Monthly Domestic Values	4	2019	Waste	LU	B17	2024-05-29 11:56:05	100	10.0774800	
Monthly Domestic Values	6	2019	Fossil Oil	DE	B06	2024-05-29 11:56:05	100	296.3249125	
Monthly Domestic Values	11	2019	Fossil Brown coal/Lignite	BG	B02	2024-05-29 11:56:05	100	1606.2970000	
Monthly Domestic Values	11	2019	Other	GB	B20	2024-05-29 11:56:05	100	98.6344350	
Monthly Domestic Values	3	2019	Other	HU	B20	2024-05-29 11:56:05	100	72.0474775	
Monthly Domestic Values	8	2019	Wind Onshore	PT	B19	2024-05-29 11:56:05	100	806.7998000	
Monthly Domestic Values	4	2019	Hydro Run-of-river and poundage	RS	B11	2024-05-29 11:56:05	100	854.9890000	
Monthly Domestic Values	11	2019	Wind Offshore	DE	B18	2024-05-29 11:56:05	100	2221.2021050	
Monthly Domestic Values	7	2019	Fossil Gas	AT	B04	2024-05-29 11:56:05	100	491.5083000	
Monthly Domestic Values	4	2019	Hydro Pumped Storage	RS	B10	2024-05-29 11:56:05	100	0.2260000	
Monthly Domestic Values	6	2019	Fossil Gas	RS	B04	2024-05-29 11:56:05	100	1.4400000	
Monthly Domestic Values	7	2019	Hydro Run-of-river and poundage	NO	B11	2024-05-29 11:56:05	100	728.6987000	
Monthly Domestic Values	11	2019	Fossil Hard coal	BA	B05	2024-05-29 11:56:05	100	655.4258200	
Monthly Domestic Values	3	2019	Fossil Hard coal	DE	B05	2024-05-29 11:56:05	100	3116.6533575	
Monthly Domestic Values	6	2019	Biomass	AT	B01	2024-05-29 11:56:05	100	171.8300000	
Monthly Domestic Values	12	2019	Biomass	LT	B01	2024-05-29 11:56:05	100	40.9829100	
Monthly Domestic Values	12	2019	Biomass	AT	B01	2024-05-29 11:56:05	100	150.1720000	
Monthly Domestic Values	3	2019	Biomass	NL	B01	2024-05-29 11:56:05	100	0.0000000	
Monthly Domestic Values	11	2019	Fossil Hard coal	SK	B05	2024-05-29 11:56:05	100	44.8256000	
Monthly Domestic Values	3	2019	Fossil Gas	CZ	B04	2024-05-29 11:56:05	100	291.4037600	
Monthly Domestic Values	8	2019	Fossil Gas	IE	B04	2024-05-29 11:56:05	100	726.3185650	
Monthly Domestic Values	3	2019	Other	IT	B20	2024-05-29 11:56:05	100	2420.0230000	
Monthly Domestic Values	3	2019	Other	FI	B20	2024-05-29 11:56:05	100	70.3967700	
Monthly Domestic Values	3	2019	Hydro Run-of-river and poundage	AT	B11	2024-05-29 11:56:05	100	2744.2866000	
Monthly Domestic Values	12	2019	Hydro Run-of-river and poundage	IT	B11	2024-05-29 11:56:05	100	3249.5730000	
Monthly Domestic Values	4	2019	Waste	FI	B17	2024-05-29 11:56:05	100	18.8758500	
Monthly Domestic Values	10	2019	Waste	FI	B17	2024-05-29 11:56:05	100	21.9244400	
Monthly Domestic Values	8	2019	Fossil Brown coal/Lignite	CZ	B02	2024-05-29 11:56:05	100	2392.1050800	
Monthly Domestic Values	2	2019	Fossil Oil	GR	B06	2024-05-29 11:56:05	100	0.0000000	
Monthly Domestic Values	4	2019	Wind Offshore	BE	B18	2024-05-29 11:56:05	100	289.2116700	
Monthly Domestic Values	10	2019	Wind Offshore	BE	B18	2024-05-29 11:56:05	100	515.0536000	
Monthly Domestic Values	8	2019	Fossil Brown coal/Lignite	RS	B02	2024-05-29 11:56:05	100	1880.1040000	
Monthly Domestic Values	7	2019	Geothermal	IT	B09	2024-05-29 11:56:05	100	479.5430000	
Monthly Domestic Values	1	2019	Fossil Oil	SI	B06	2024-05-29 11:56:05	100	0.0000000	
Monthly Domestic Values	10	2019	Hydro Pumped Storage	LT	B10	2024-05-29 11:56:05	100	59.0681300	
Monthly Domestic Values	5	2019	Hydro Pumped Storage	BE	B10	2024-05-29 11:56:05	100	62.8056100	
Monthly Domestic Values	3	2019	Fossil Gas	HU	B04	2024-05-29 11:56:05	100	471.7465750	
Monthly Domestic Values	8	2019	Hydro Water Reservoir	BG	B12	2024-05-29 11:56:05	100	159.5890000	
Monthly Domestic Values	7	2019	Fossil Gas	RO	B04	2024-05-29 11:56:05	100	632.7957200	
Monthly Domestic Values	5	2019	Solar	CH	B16	2024-05-29 11:56:05	100	51.3600900	
Monthly Domestic Values	1	2019	Hydro Run-of-river and poundage	CH	B11	2024-05-29 11:56:05	100	98.2793200	
Monthly Domestic Values	4	2019	Wind Onshore	FI	B19	2024-05-29 11:56:05	100	460.1624200	
Monthly Domestic Values	8	2019	Wind Onshore	BE	B19	2024-05-29 11:56:05	100	209.1951700	
Monthly Domestic Values	8	2019	Biomass	RS	B01	2024-05-29 11:56:05	100	9.6760000	
Monthly Domestic Values	3	2019	Fossil Oil	GB	B06	2024-05-29 11:56:05	100	0.4774150	
Monthly Domestic Values	6	2019	Fossil Oil	GB	B06	2024-05-29 11:56:05	100	0.1250500	
Monthly Domestic Values	12	2019	Other	DE	B20	2024-05-29 11:56:05	100	333.5420900	
Monthly Domestic Values	3	2019	Hydro Run-of-river and poundage	HU	B11	2024-05-29 11:56:05	100	7.3587000	
Monthly Domestic Values	1	2019	Hydro Run-of-river and poundage	IE	B11	2024-05-29 11:56:05	100	61.9960800	
Monthly Domestic Values	6	2019	Wind Onshore	HU	B19	2024-05-29 11:56:05	100	28.6816775	
Monthly Domestic Values	2	2019	Biomass	CZ	B01	2024-05-29 11:56:05	100	156.0917700	
Monthly Domestic Values	9	2019	Biomass	SK	B01	2024-05-29 11:56:05	100	31.9332000	
Monthly Domestic Values	2	2019	Geothermal	AT	B09	2024-05-29 11:56:05	100	0.0470400	
Monthly Domestic Values	4	2019	Fossil Hard coal	RO	B05	2024-05-29 11:56:05	100	84.5520000	
Monthly Domestic Values	10	2019	Biomass	HU	B01	2024-05-29 11:56:05	100	92.0929400	
Monthly Domestic Values	5	2019	Fossil Brown coal/Lignite	BG	B02	2024-05-29 11:56:05	100	1386.2190000	
Monthly Domestic Values	3	2019	Wind Onshore	IE	B19	2024-05-29 11:56:05	100	935.6787650	
Monthly Domestic Values	3	2019	Wind Onshore	AT	B19	2024-05-29 11:56:05	100	777.7320000	
Monthly Domestic Values	10	2019	Marine	ES	B13	2024-05-29 11:56:05	100	0.0000000	
Monthly Domestic Values	10	2019	Waste	BG	B17	2024-05-29 11:56:05	100	2.8280000	
Monthly Domestic Values	8	2019	Hydro Pumped Storage	BE	B10	2024-05-29 11:56:05	100	50.7672700	
Monthly Domestic Values	11	2019	Nuclear	ES	B14	2024-05-29 11:56:05	100	3461.5810000	
Monthly Domestic Values	3	2019	Other	PT	B20	2024-05-29 11:56:05	100	65.2859000	
Monthly Domestic Values	9	2019	Hydro Run-of-river and poundage	PL	B11	2024-05-29 11:56:05	100	69.1048400	
Monthly Domestic Values	3	2019	Biomass	AT	B01	2024-05-29 11:56:05	100	229.4590000	
Monthly Domestic Values	11	2019	Fossil Hard coal	FR	B05	2024-05-29 11:56:05	100	470.5590000	
Monthly Domestic Values	1	2019	Waste	FI	B17	2024-05-29 11:56:05	100	42.7176900	
Monthly Domestic Values	2	2019	Hydro Pumped Storage	FR	B10	2024-05-29 11:56:05	100	370.3040000	
Monthly Domestic Values	5	2019	Fossil Oil	GR	B06	2024-05-29 11:56:05	100	0.0000000	
Monthly Domestic Values	3	2019	Fossil Oil	HU	B06	2024-05-29 11:56:05	100	0.0873000	
Monthly Domestic Values	11	2019	Fossil Oil shale	EE	B07	2024-05-29 11:56:05	100	312.6891000	
Monthly Domestic Values	6	2019	Other	FI	B20	2024-05-29 11:56:05	100	30.6410000	
Monthly Domestic Values	12	2019	Other	BE	B20	2024-05-29 11:56:05	100	552.9577100	
Monthly Domestic Values	11	2019	Hydro Run-of-river and poundage	ES	B11	2024-05-29 11:56:05	100	953.2150000	
Monthly Domestic Values	7	2019	Hydro Run-of-river and poundage	HR	B11	2024-05-29 11:56:05	100	121.1837800	
Monthly Domestic Values	1	2019	Hydro Run-of-river and poundage	SK	B11	2024-05-29 11:56:05	100	342.2980600	
Monthly Domestic Values	8	2019	Hydro Water Reservoir	ME	B12	2024-05-29 11:56:05	100	86.6192500	
Monthly Domestic Values	3	2019	Hydro Water Reservoir	SK	B12	2024-05-29 11:56:05	100	28.8516200	
Monthly Domestic Values	5	2019	Other	LT	B20	2024-05-29 11:56:05	100	10.1165900	
Monthly Domestic Values	5	2019	Hydro Water Reservoir	CZ	B12	2024-05-29 11:56:05	100	77.4692900	
Monthly Domestic Values	6	2019	Hydro Water Reservoir	MK	B12	2024-05-29 11:56:05	100	49.3248500	
Monthly Domestic Values	9	2019	Hydro Run-of-river and poundage	IT	B11	2024-05-29 11:56:05	100	2509.0200000	
Monthly Domestic Values	7	2019	Fossil Hard coal	RO	B05	2024-05-29 11:56:05	100	45.7360000	
Monthly Domestic Values	9	2019	Fossil Brown coal/Lignite	RO	B02	2024-05-29 11:56:05	100	1045.6581600	
Monthly Domestic Values	1	2019	Fossil Oil	AT	B06	2024-05-29 11:56:05	100	0.0000000	
Monthly Domestic Values	10	2019	Fossil Brown coal/Lignite	SK	B02	2024-05-29 11:56:05	100	109.0401000	
Monthly Domestic Values	2	2019	Hydro Pumped Storage	SI	B10	2024-05-29 11:56:05	100	0.0000000	
Monthly Domestic Values	2	2019	Nuclear	HU	B14	2024-05-29 11:56:05	100	1009.3284600	
Monthly Domestic Values	4	2019	Wind Onshore	RO	B19	2024-05-29 11:56:05	100	628.7471300	
Monthly Domestic Values	3	2019	Other renewable	DE	B15	2024-05-29 11:56:05	100	117.8103625	
Monthly Domestic Values	5	2019	Wind Onshore	PT	B19	2024-05-29 11:56:05	100	1149.6935000	
Monthly Domestic Values	10	2019	Hydro Run-of-river and poundage	DE	B11	2024-05-29 11:56:05	100	1120.5537600	
Monthly Domestic Values	10	2019	Fossil Coal-derived gas	IT	B03	2024-05-29 11:56:05	100	458.7600000	
Monthly Domestic Values	10	2019	Other renewable	ES	B15	2024-05-29 11:56:05	100	70.3000000	
Monthly Domestic Values	2	2019	Other renewable	AT	B15	2024-05-29 11:56:05	100	0.0000000	
Monthly Domestic Values	3	2019	Hydro Pumped Storage	PT	B10	2024-05-29 11:56:05	100	217.5383000	
Monthly Domestic Values	5	2019	Fossil Peat	FI	B08	2024-05-29 11:56:05	100	222.0424900	
Monthly Domestic Values	11	2019	Fossil Gas	NO	B04	2024-05-29 11:56:05	100	250.0369600	
Monthly Domestic Values	2	2019	Nuclear	ES	B14	2024-05-29 11:56:05	100	4755.3340000	
Monthly Domestic Values	11	2019	Other	IT	B20	2024-05-29 11:56:05	100	1774.7960000	
Monthly Domestic Values	10	2019	Solar	BG	B16	2024-05-29 11:56:05	100	110.1400000	
Monthly Domestic Values	1	2019	Biomass	SK	B01	2024-05-29 11:56:05	100	66.2599000	
Monthly Domestic Values	1	2019	Waste	FR	B17	2024-05-29 11:56:05	100	191.4310000	
Monthly Domestic Values	5	2019	Biomass	LV	B01	2024-05-29 11:56:05	100	43.4780000	
Monthly Domestic Values	8	2019	Nuclear	SE	B14	2024-05-29 11:56:05	100	4925.1210000	
Monthly Domestic Values	1	2019	Nuclear	CH	B14	2024-05-29 11:56:05	100	2415.9662000	
Monthly Domestic Values	1	2019	Fossil Oil	ES	B06	2024-05-29 11:56:05	100	205.4500000	
Monthly Domestic Values	4	2019	Fossil Gas	LV	B04	2024-05-29 11:56:05	100	86.5430000	
Monthly Domestic Values	11	2019	Fossil Coal-derived gas	PL	B03	2024-05-29 11:56:05	100	45.0602100	
Monthly Domestic Values	11	2019	Wind Onshore	NO	B19	2024-05-29 11:56:05	100	503.5757100	
Monthly Domestic Values	1	2019	Biomass	FR	B01	2024-05-29 11:56:05	100	260.1460000	
Monthly Domestic Values	4	2019	Biomass	FI	B01	2024-05-29 11:56:05	100	507.4106200	
Monthly Domestic Values	5	2019	Biomass	ES	B01	2024-05-29 11:56:05	100	226.6330000	
Monthly Domestic Values	1	2019	Fossil Hard coal	PT	B05	2024-05-29 11:56:05	100	1019.5245000	
Monthly Domestic Values	2	2019	Fossil Hard coal	IE	B05	2024-05-29 11:56:05	100	91.7714850	
Monthly Domestic Values	11	2019	Fossil Hard coal	NL	B05	2024-05-29 11:56:05	100	2134.2437250	
Monthly Domestic Values	6	2019	Other renewable	HR	B15	2024-05-29 11:56:05	100	29.9660000	
Monthly Domestic Values	3	2019	Wind Onshore	LV	B19	2024-05-29 11:56:05	100	16.4270000	
Monthly Domestic Values	1	2019	Other renewable	SK	B15	2024-05-29 11:56:05	100	47.1937000	
Monthly Domestic Values	3	2019	Solar	SK	B16	2024-05-29 11:56:05	100	49.7456000	
Monthly Domestic Values	9	2019	Other	EE	B20	2024-05-29 11:56:05	100	0.0000000	
Monthly Domestic Values	6	2019	Hydro Run-of-river and poundage	FR	B11	2024-05-29 11:56:05	100	4275.2850000	
Monthly Domestic Values	4	2019	Hydro Pumped Storage	GB	B10	2024-05-29 11:56:05	100	120.9090000	
Monthly Domestic Values	10	2019	Hydro Run-of-river and poundage	SI	B11	2024-05-29 11:56:05	100	221.7889500	
Monthly Domestic Values	10	2019	Other renewable	HU	B15	2024-05-29 11:56:05	100	10.5641275	
Monthly Domestic Values	2	2019	Waste	HU	B17	2024-05-29 11:56:05	100	8.7485175	
Monthly Domestic Values	5	2019	Fossil Brown coal/Lignite	PL	B02	2024-05-29 11:56:05	100	3340.2138100	
Monthly Domestic Values	1	2019	Wind Offshore	DK	B18	2024-05-29 11:56:05	100	443.1905600	
Monthly Domestic Values	9	2019	Fossil Gas	LT	B04	2024-05-29 11:56:05	100	40.3822200	
Monthly Domestic Values	1	2019	Geothermal	ES	B09	2024-05-29 11:56:05	100	0.0000000	
Monthly Domestic Values	11	2019	Fossil Gas	ES	B04	2024-05-29 11:56:05	100	6030.0390000	
Monthly Domestic Values	4	2019	Waste	EE	B17	2024-05-29 11:56:05	100	10.9063000	
Monthly Domestic Values	7	2019	Fossil Hard coal	CZ	B05	2024-05-29 11:56:05	100	80.0580700	
Monthly Domestic Values	6	2019	Fossil Brown coal/Lignite	ME	B02	2024-05-29 11:56:05	100	110.2542000	
Monthly Domestic Values	12	2019	Fossil Brown coal/Lignite	ME	B02	2024-05-29 11:56:05	100	113.7989400	
Monthly Domestic Values	7	2019	Fossil Gas	BG	B04	2024-05-29 11:56:05	100	123.6520000	
Monthly Domestic Values	2	2019	Hydro Pumped Storage	IE	B10	2024-05-29 11:56:05	100	20.9838350	
Monthly Domestic Values	10	2019	Solar	AT	B16	2024-05-29 11:56:05	100	46.8480000	
Monthly Domestic Values	4	2019	Nuclear	RO	B14	2024-05-29 11:56:05	100	992.2345700	
Monthly Domestic Values	8	2019	Hydro Run-of-river and poundage	EE	B11	2024-05-29 11:56:05	100	2.5576000	
Monthly Domestic Values	4	2019	Wind Onshore	GB	B19	2024-05-29 11:56:05	100	2256.1233850	
Monthly Domestic Values	10	2019	Waste	ES	B17	2024-05-29 11:56:05	100	198.2730000	
Monthly Domestic Values	2	2019	Hydro Water Reservoir	RS	B12	2024-05-29 11:56:05	100	71.2800000	
Monthly Domestic Values	9	2019	Hydro Water Reservoir	AT	B12	2024-05-29 11:56:05	100	419.9514000	
Monthly Domestic Values	2	2019	Fossil Coal-derived gas	CZ	B03	2024-05-29 11:56:05	100	134.0709500	
Monthly Domestic Values	8	2019	Fossil Coal-derived gas	CZ	B03	2024-05-29 11:56:05	100	78.2708400	
Monthly Domestic Values	2	2019	Wind Onshore	BE	B19	2024-05-29 11:56:05	100	287.7550100	
Monthly Domestic Values	7	2019	Other renewable	EE	B15	2024-05-29 11:56:05	100	4.5338000	
Monthly Domestic Values	2	2019	Wind Onshore	CZ	B19	2024-05-29 11:56:05	100	63.1182800	
Monthly Domestic Values	7	2019	Waste	FR	B17	2024-05-29 11:56:05	100	146.3540000	
Monthly Domestic Values	8	2019	Fossil Hard coal	PL	B05	2024-05-29 11:56:05	100	6329.9103000	
Monthly Domestic Values	2	2019	Waste	SI	B17	2024-05-29 11:56:05	100	6.3967400	
Monthly Domestic Values	9	2019	Waste	DE	B17	2024-05-29 11:56:05	100	478.6344500	
Monthly Domestic Values	11	2019	Nuclear	DE	B14	2024-05-29 11:56:05	100	6460.0385500	
Monthly Domestic Values	8	2019	Nuclear	FR	B14	2024-05-29 11:56:05	100	27654.2730000	
Monthly Domestic Values	12	2019	Hydro Run-of-river and poundage	HU	B11	2024-05-29 11:56:05	100	12.8121975	
Monthly Domestic Values	7	2019	Nuclear	CH	B14	2024-05-29 11:56:05	100	2087.9200000	
Monthly Domestic Values	10	2019	Fossil Gas	IT	B04	2024-05-29 11:56:05	100	10348.5640000	
Monthly Domestic Values	10	2019	Fossil Gas	LV	B04	2024-05-29 11:56:05	100	245.1320000	
Monthly Domestic Values	8	2019	Solar	CZ	B16	2024-05-29 11:56:05	100	263.2194400	
Monthly Domestic Values	11	2019	Hydro Water Reservoir	BA	B12	2024-05-29 11:56:05	100	565.8027100	
Monthly Domestic Values	6	2019	Wind Onshore	ME	B19	2024-05-29 11:56:05	100	16.4607800	
Monthly Domestic Values	5	2019	Biomass	PT	B01	2024-05-29 11:56:05	100	211.1276000	
Monthly Domestic Values	7	2019	Fossil Hard coal	PT	B05	2024-05-29 11:56:05	100	760.0630000	
Monthly Domestic Values	7	2019	Wind Offshore	DK	B18	2024-05-29 11:56:05	100	388.3900100	
Monthly Domestic Values	5	2019	Fossil Gas	FI	B04	2024-05-29 11:56:05	100	240.7912800	
Monthly Domestic Values	10	2019	Hydro Pumped Storage	GB	B10	2024-05-29 11:56:05	100	174.9220000	
Monthly Domestic Values	4	2019	Hydro Run-of-river and poundage	SI	B11	2024-05-29 11:56:05	100	373.5263000	
Monthly Domestic Values	10	2019	Hydro Run-of-river and poundage	CH	B11	2024-05-29 11:56:05	100	182.0871000	
Monthly Domestic Values	11	2019	Hydro Run-of-river and poundage	AT	B11	2024-05-29 11:56:05	100	2001.0164000	
Monthly Domestic Values	2	2019	Wind Onshore	DK	B19	2024-05-29 11:56:05	100	923.5993100	
Monthly Domestic Values	8	2019	Wind Onshore	SK	B19	2024-05-29 11:56:05	100	0.0461000	
Monthly Domestic Values	9	2019	Biomass	FR	B01	2024-05-29 11:56:05	100	264.7360000	
Monthly Domestic Values	10	2019	Biomass	BG	B01	2024-05-29 11:56:05	100	18.5090000	
Monthly Domestic Values	5	2019	Fossil Hard coal	FR	B05	2024-05-29 11:56:05	100	4.2120000	
Monthly Domestic Values	6	2019	Geothermal	DE	B09	2024-05-29 11:56:05	100	11.6695775	
Monthly Domestic Values	1	2019	Hydro Pumped Storage	DE	B10	2024-05-29 11:56:05	100	851.3701575	
Monthly Domestic Values	2	2019	Nuclear	FI	B14	2024-05-29 11:56:05	100	1881.2920000	
Monthly Domestic Values	12	2019	Wind Onshore	NL	B19	2024-05-29 11:56:05	100	563.5562475	
Monthly Domestic Values	10	2019	Solar	GB	B16	2024-05-29 11:56:05	100	576.7435000	
Monthly Domestic Values	5	2019	Hydro Run-of-river and poundage	ES	B11	2024-05-29 11:56:05	100	848.5570000	
Monthly Domestic Values	11	2019	Wind Onshore	HR	B19	2024-05-29 11:56:05	100	172.3570900	
Monthly Domestic Values	2	2019	Hydro Run-of-river and poundage	FI	B11	2024-05-29 11:56:05	100	791.5723400	
Monthly Domestic Values	12	2019	Other	FI	B20	2024-05-29 11:56:05	100	64.1158800	
Monthly Domestic Values	1	2019	Hydro Run-of-river and poundage	HR	B11	2024-05-29 11:56:05	100	87.3695900	
Monthly Domestic Values	9	2019	Fossil Oil	HU	B06	2024-05-29 11:56:05	100	0.1073875	
Monthly Domestic Values	7	2019	Fossil Gas	EE	B04	2024-05-29 11:56:05	100	1.0488000	
Monthly Domestic Values	4	2019	Fossil Gas	PT	B04	2024-05-29 11:56:05	100	991.9834000	
Monthly Domestic Values	9	2019	Hydro Water Reservoir	SK	B12	2024-05-29 11:56:05	100	18.0914600	
Monthly Domestic Values	9	2019	Other	SE	B20	2024-05-29 11:56:05	100	416.0960000	
Monthly Domestic Values	5	2019	Other	RS	B20	2024-05-29 11:56:05	100	12.7240000	
Monthly Domestic Values	7	2019	Biomass	DE	B01	2024-05-29 11:56:05	100	3158.8270725	
Monthly Domestic Values	2	2019	Geothermal	HR	B09	2024-05-29 11:56:05	100	0.4900000	
Monthly Domestic Values	3	2019	Fossil Brown coal/Lignite	RO	B02	2024-05-29 11:56:05	100	1112.8745000	
Monthly Domestic Values	7	2019	Fossil Oil	AT	B06	2024-05-29 11:56:05	100	0.0000000	
Monthly Domestic Values	3	2019	Nuclear	DE	B14	2024-05-29 11:56:05	100	6722.1886275	
Monthly Domestic Values	9	2019	Hydro Pumped Storage	PT	B10	2024-05-29 11:56:05	100	217.9984000	
Monthly Domestic Values	11	2019	Fossil Gas	HR	B04	2024-05-29 11:56:05	100	243.3387200	
Monthly Domestic Values	4	2019	Solar	LU	B16	2024-05-29 11:56:05	100	13.6115675	
Monthly Domestic Values	11	2019	Wind Offshore	ES	B18	2024-05-29 11:56:05	100	0.0000000	
Monthly Domestic Values	2	2019	Fossil Oil shale	ES	B07	2024-05-29 11:56:05	100	0.0000000	
Monthly Domestic Values	4	2019	Hydro Run-of-river and poundage	DE	B11	2024-05-29 11:56:05	100	1238.9061450	
Monthly Domestic Values	1	2019	Biomass	PL	B01	2024-05-29 11:56:05	100	187.2769600	
Monthly Domestic Values	8	2019	Fossil Brown coal/Lignite	GR	B02	2024-05-29 11:56:05	100	845.3390000	
Monthly Domestic Values	1	2019	Hydro Pumped Storage	IT	B10	2024-05-29 11:56:05	100	209.1470000	
Monthly Domestic Values	6	2019	Fossil Oil	IT	B06	2024-05-29 11:56:05	100	85.6440000	
Monthly Domestic Values	7	2019	Hydro Water Reservoir	DE	B12	2024-05-29 11:56:05	100	176.0791825	
Monthly Domestic Values	12	2019	Wind Onshore	ME	B19	2024-05-29 11:56:05	100	38.1726800	
Monthly Domestic Values	6	2019	Hydro Run-of-river and poundage	RO	B11	2024-05-29 11:56:05	100	1414.4593600	
Monthly Domestic Values	11	2019	Other renewable	ME	B15	2024-05-29 11:56:05	100	0.0000000	
Monthly Domestic Values	8	2019	Solar	EE	B16	2024-05-29 11:56:05	100	0.5208000	
Monthly Domestic Values	6	2019	Hydro Water Reservoir	RO	B12	2024-05-29 11:56:05	100	963.2705600	
Monthly Domestic Values	6	2019	Hydro Water Reservoir	IT	B12	2024-05-29 11:56:05	100	1029.7190000	
Monthly Domestic Values	3	2019	Fossil Peat	ES	B08	2024-05-29 11:56:05	100	0.0000000	
Monthly Domestic Values	10	2019	Fossil Coal-derived gas	EE	B03	2024-05-29 11:56:05	100	35.6706000	
Monthly Domestic Values	12	2019	Hydro Water Reservoir	ES	B12	2024-05-29 11:56:05	100	3767.8320000	
Monthly Domestic Values	10	2019	Fossil Oil	DK	B06	2024-05-29 11:56:05	100	18.0195400	
Monthly Domestic Values	5	2019	Fossil Brown coal/Lignite	MK	B02	2024-05-29 11:56:05	100	250.0869100	
Monthly Domestic Values	10	2019	Fossil Hard coal	BG	B05	2024-05-29 11:56:05	100	43.1550000	
Monthly Domestic Values	6	2019	Fossil Gas	FR	B04	2024-05-29 11:56:05	100	1695.6450000	
Monthly Domestic Values	8	2019	Fossil Peat	IE	B08	2024-05-29 11:56:05	100	114.8015750	
Monthly Domestic Values	12	2019	Fossil Gas	NL	B04	2024-05-29 11:56:05	100	3453.5285100	
Monthly Domestic Values	11	2019	Solar	DK	B16	2024-05-29 11:56:05	100	14.1307800	
Monthly Domestic Values	3	2019	Fossil Gas	LU	B04	2024-05-29 11:56:05	100	26.8209050	
Monthly Domestic Values	7	2019	Solar	IT	B16	2024-05-29 11:56:05	100	2330.4060000	
Monthly Domestic Values	11	2019	Hydro Run-of-river and poundage	LV	B11	2024-05-29 11:56:05	100	263.4750000	
Monthly Domestic Values	3	2019	Wind Onshore	SI	B19	2024-05-29 11:56:05	100	0.5931500	
Monthly Domestic Values	6	2019	Wind Onshore	MK	B19	2024-05-29 11:56:05	100	7.8893900	
Monthly Domestic Values	4	2019	Fossil Hard coal	AT	B05	2024-05-29 11:56:05	100	97.3978000	
Monthly Domestic Values	10	2019	Fossil Hard coal	AT	B05	2024-05-29 11:56:05	100	133.6380000	
Monthly Domestic Values	3	2019	Waste	BE	B17	2024-05-29 11:56:05	100	176.0445300	
Monthly Domestic Values	1	2019	Fossil Oil	IE	B06	2024-05-29 11:56:05	100	26.5892050	
Monthly Domestic Values	7	2019	Fossil Oil	IE	B06	2024-05-29 11:56:05	100	266.6707050	
Monthly Domestic Values	1	2019	Fossil Gas	BG	B04	2024-05-29 11:56:05	100	270.2380000	
Monthly Domestic Values	4	2019	Wind Onshore	DE	B19	2024-05-29 11:56:05	100	7298.2829375	
Monthly Domestic Values	9	2019	Wind Onshore	CY	B19	2024-05-29 11:56:05	100	15.0195900	
Monthly Domestic Values	8	2019	Other	NL	B20	2024-05-29 11:56:05	100	2884.2090825	
Monthly Domestic Values	5	2019	Other	ES	B20	2024-05-29 11:56:05	100	42.0400000	
Monthly Domestic Values	8	2019	Hydro Run-of-river and poundage	MK	B11	2024-05-29 11:56:05	100	0.0000000	
Monthly Domestic Values	11	2019	Other renewable	DE	B15	2024-05-29 11:56:05	100	122.4500475	
Monthly Domestic Values	7	2019	Hydro Run-of-river and poundage	CZ	B11	2024-05-29 11:56:05	100	48.7303000	
Monthly Domestic Values	2	2019	Fossil Coal-derived gas	IT	B03	2024-05-29 11:56:05	100	478.4230000	
Monthly Domestic Values	1	2019	Fossil Gas	SK	B04	2024-05-29 11:56:05	100	205.7970000	
Monthly Domestic Values	6	2019	Hydro Water Reservoir	PT	B12	2024-05-29 11:56:05	100	53.3532000	
Monthly Domestic Values	7	2019	Solar	HR	B16	2024-05-29 11:56:05	100	8.6190000	
Monthly Domestic Values	10	2019	Fossil Gas	DE	B04	2024-05-29 11:56:05	100	5822.3203500	
Monthly Domestic Values	12	2019	Solar	LU	B16	2024-05-29 11:56:05	100	2.3480550	
Monthly Domestic Values	2	2019	Hydro Water Reservoir	SE	B12	2024-05-29 11:56:05	100	5560.7800000	
Monthly Domestic Values	9	2019	Biomass	LU	B01	2024-05-29 11:56:05	100	18.7091100	
Monthly Domestic Values	10	2019	Fossil Hard coal	HR	B05	2024-05-29 11:56:05	100	142.0602800	
Monthly Domestic Values	4	2019	Fossil Hard coal	HR	B05	2024-05-29 11:56:05	100	118.3214900	
Monthly Domestic Values	4	2019	Fossil Gas	SI	B04	2024-05-29 11:56:05	100	27.3265700	
Monthly Domestic Values	10	2019	Fossil Gas	SI	B04	2024-05-29 11:56:05	100	28.7513300	
Monthly Domestic Values	6	2019	Nuclear	SI	B14	2024-05-29 11:56:05	100	483.2942400	
Monthly Domestic Values	12	2019	Solar	GR	B16	2024-05-29 11:56:05	100	151.9580000	
Monthly Domestic Values	3	2019	Fossil Hard coal	ES	B05	2024-05-29 11:56:05	100	858.9940000	
Monthly Domestic Values	1	2019	Other renewable	EE	B15	2024-05-29 11:56:05	100	4.9630000	
Monthly Domestic Values	6	2019	Wind Onshore	FR	B19	2024-05-29 11:56:05	100	1879.3410000	
Monthly Domestic Values	12	2019	Nuclear	SI	B14	2024-05-29 11:56:05	100	513.0044900	
Monthly Domestic Values	6	2019	Solar	PT	B16	2024-05-29 11:56:05	100	111.9304000	
Monthly Domestic Values	6	2019	Hydro Water Reservoir	NO	B12	2024-05-29 11:56:05	100	7228.1070300	
Monthly Domestic Values	6	2019	Solar	GR	B16	2024-05-29 11:56:05	100	392.0870000	
Monthly Domestic Values	2	2019	Hydro Water Reservoir	PL	B12	2024-05-29 11:56:05	100	9.3627600	
Monthly Domestic Values	8	2019	Hydro Water Reservoir	PL	B12	2024-05-29 11:56:05	100	7.1186500	
Monthly Domestic Values	6	2019	Nuclear	BE	B14	2024-05-29 11:56:05	100	2921.9007400	
Monthly Domestic Values	12	2019	Fossil Oil	IT	B06	2024-05-29 11:56:05	100	105.1690000	
Monthly Domestic Values	1	2019	Fossil Gas	LT	B04	2024-05-29 11:56:05	100	29.6663100	
Monthly Domestic Values	3	2019	Fossil Gas	GR	B04	2024-05-29 11:56:05	100	975.8050000	
Monthly Domestic Values	9	2019	Hydro Pumped Storage	HR	B10	2024-05-29 11:56:05	100	14.0932800	
Monthly Domestic Values	9	2019	Nuclear	SK	B14	2024-05-29 11:56:05	100	1245.5608000	
Monthly Domestic Values	12	2019	Hydro Water Reservoir	RO	B12	2024-05-29 11:56:05	100	332.2871800	
Monthly Domestic Values	4	2019	Fossil Coal-derived gas	EE	B03	2024-05-29 11:56:05	100	44.1226000	
Monthly Domestic Values	2	2019	Solar	BG	B16	2024-05-29 11:56:05	100	76.4940000	
Monthly Domestic Values	6	2019	Wind Onshore	LU	B19	2024-05-29 11:56:05	100	14.8407475	
Monthly Domestic Values	3	2019	Hydro Run-of-river and poundage	LU	B11	2024-05-29 11:56:05	100	11.0351300	
Monthly Domestic Values	8	2019	Fossil Hard coal	IE	B05	2024-05-29 11:56:05	100	24.8690850	
Monthly Domestic Values	12	2019	Waste	EE	B17	2024-05-29 11:56:05	100	12.0140000	
Monthly Domestic Values	8	2019	Fossil Brown coal/Lignite	DE	B02	2024-05-29 11:56:05	100	7953.9506450	
Monthly Domestic Values	11	2019	Fossil Brown coal/Lignite	MK	B02	2024-05-29 11:56:05	100	241.7439200	
Monthly Domestic Values	2	2019	Fossil Peat	IE	B08	2024-05-29 11:56:05	100	190.2870800	
Monthly Domestic Values	3	2019	Nuclear	BG	B14	2024-05-29 11:56:05	100	1572.9980000	
Monthly Domestic Values	12	2019	Other renewable	HR	B15	2024-05-29 11:56:05	100	31.4610000	
Monthly Domestic Values	12	2019	Wind Onshore	MK	B19	2024-05-29 11:56:05	100	9.3191700	
Monthly Domestic Values	12	2019	Fossil Gas	FR	B04	2024-05-29 11:56:05	100	3906.4830000	
Monthly Domestic Values	12	2019	Hydro Water Reservoir	HR	B12	2024-05-29 11:56:05	100	605.6766100	
Monthly Domestic Values	5	2019	Solar	DK	B16	2024-05-29 11:56:05	100	136.3758500	
Monthly Domestic Values	9	2019	Solar	SK	B16	2024-05-29 11:56:05	100	51.4781000	
Monthly Domestic Values	3	2019	Other	EE	B20	2024-05-29 11:56:05	100	0.0000000	
Monthly Domestic Values	9	2019	Fossil Gas	LU	B04	2024-05-29 11:56:05	100	13.3775650	
Monthly Domestic Values	6	2019	Fossil Hard coal	DE	B05	2024-05-29 11:56:05	100	2583.4614050	
Monthly Domestic Values	9	2019	Biomass	LT	B01	2024-05-29 11:56:05	100	30.5231900	
Monthly Domestic Values	7	2019	Fossil Hard coal	AT	B05	2024-05-29 11:56:05	100	124.5308000	
Monthly Domestic Values	12	2019	Geothermal	DE	B09	2024-05-29 11:56:05	100	18.0364250	
Monthly Domestic Values	4	2019	Waste	AT	B17	2024-05-29 11:56:05	100	72.0000000	
Monthly Domestic Values	7	2019	Hydro Pumped Storage	CZ	B10	2024-05-29 11:56:05	100	84.3256500	
Monthly Domestic Values	8	2019	Hydro Run-of-river and poundage	FI	B11	2024-05-29 11:56:05	100	631.2576500	
Monthly Domestic Values	7	2019	Wind Onshore	DE	B19	2024-05-29 11:56:05	100	4863.5515575	
Monthly Domestic Values	7	2019	Wind Offshore	BE	B18	2024-05-29 11:56:05	100	224.4792800	
Monthly Domestic Values	4	2019	Solar	HR	B16	2024-05-29 11:56:05	100	6.3460000	
Monthly Domestic Values	11	2019	Fossil Gas	IE	B04	2024-05-29 11:56:05	100	757.1107550	
Monthly Domestic Values	6	2019	Solar	LT	B16	2024-05-29 11:56:05	100	14.6052100	
Monthly Domestic Values	2	2019	Other	ES	B20	2024-05-29 11:56:05	100	34.0550000	
Monthly Domestic Values	5	2019	Wind Onshore	HR	B19	2024-05-29 11:56:05	100	127.8406500	
Monthly Domestic Values	12	2019	Biomass	SK	B01	2024-05-29 11:56:05	100	90.8808000	
Monthly Domestic Values	12	2019	Waste	CZ	B17	2024-05-29 11:56:05	100	18.1507200	
Monthly Domestic Values	9	2019	Waste	DK	B17	2024-05-29 11:56:05	100	120.5437300	
Monthly Domestic Values	6	2019	Hydro Pumped Storage	PL	B10	2024-05-29 11:56:05	100	83.3048500	
Monthly Domestic Values	10	2019	Waste	NL	B17	2024-05-29 11:56:05	100	184.1260875	
Monthly Domestic Values	1	2019	Hydro Pumped Storage	RS	B10	2024-05-29 11:56:05	100	99.4200000	
Monthly Domestic Values	5	2019	Solar	SI	B16	2024-05-29 11:56:05	100	20.8383900	
Monthly Domestic Values	5	2019	Solar	BE	B16	2024-05-29 11:56:05	100	450.6481800	
Monthly Domestic Values	8	2019	Fossil Oil shale	ES	B07	2024-05-29 11:56:05	100	0.0000000	
Monthly Domestic Values	6	2019	Other renewable	FI	B15	2024-05-29 11:56:05	100	13.1618100	
Monthly Domestic Values	12	2019	Hydro Run-of-river and poundage	PL	B11	2024-05-29 11:56:05	100	96.8696700	
Monthly Domestic Values	11	2019	Wind Onshore	GR	B19	2024-05-29 11:56:05	100	470.9480000	
Monthly Domestic Values	1	2019	Fossil Oil	SK	B06	2024-05-29 11:56:05	100	100.0529000	
Monthly Domestic Values	11	2019	Waste	HR	B17	2024-05-29 11:56:05	100	0.7200000	
Monthly Domestic Values	6	2019	Hydro Pumped Storage	AT	B10	2024-05-29 11:56:05	100	421.9960000	
Monthly Domestic Values	10	2019	Fossil Oil	HR	B06	2024-05-29 11:56:05	100	0.7400200	
Monthly Domestic Values	6	2019	Fossil Oil	CZ	B06	2024-05-29 11:56:05	100	4.4986500	
Monthly Domestic Values	11	2019	Fossil Oil	BE	B06	2024-05-29 11:56:05	100	0.0113400	
Monthly Domestic Values	5	2019	Hydro Water Reservoir	BA	B12	2024-05-29 11:56:05	100	534.5081100	
Monthly Domestic Values	8	2019	Fossil Coal-derived gas	DE	B03	2024-05-29 11:56:05	100	54.9266250	
Monthly Domestic Values	9	2019	Wind Onshore	HU	B19	2024-05-29 11:56:05	100	37.9309175	
Monthly Domestic Values	9	2019	Fossil Oil	IT	B06	2024-05-29 11:56:05	100	102.3790000	
Monthly Domestic Values	12	2019	Fossil Hard coal	GB	B05	2024-05-29 11:56:05	100	997.5430650	
Monthly Domestic Values	12	2019	Hydro Water Reservoir	LU	B12	2024-05-29 11:56:05	100	5.0142425	
Monthly Domestic Values	2	2019	Solar	CZ	B16	2024-05-29 11:56:05	100	135.4382100	
Monthly Domestic Values	9	2019	Other	CZ	B20	2024-05-29 11:56:05	100	76.5313400	
Monthly Domestic Values	10	2019	Solar	HU	B16	2024-05-29 11:56:05	100	93.9645175	
Monthly Domestic Values	10	2019	Fossil Oil	AT	B06	2024-05-29 11:56:05	100	0.0000000	
Monthly Domestic Values	5	2019	Hydro Pumped Storage	CH	B10	2024-05-29 11:56:05	100	535.1839700	
Monthly Domestic Values	11	2019	Hydro Pumped Storage	SI	B10	2024-05-29 11:56:05	100	25.3848000	
Monthly Domestic Values	11	2019	Fossil Oil	FR	B06	2024-05-29 11:56:05	100	170.9150000	
Monthly Domestic Values	6	2019	Fossil Gas	DK	B04	2024-05-29 11:56:05	100	103.3475200	
Monthly Domestic Values	6	2019	Hydro Water Reservoir	HR	B12	2024-05-29 11:56:05	100	308.1394800	
Monthly Domestic Values	6	2019	Fossil Hard coal	ES	B05	2024-05-29 11:56:05	100	445.2070000	
Monthly Domestic Values	4	2019	Hydro Water Reservoir	CH	B12	2024-05-29 11:56:05	100	606.0371700	
Monthly Domestic Values	1	2019	Hydro Run-of-river and poundage	BE	B11	2024-05-29 11:56:05	100	24.8667500	
Monthly Domestic Values	1	2019	Wind Onshore	FI	B19	2024-05-29 11:56:05	100	443.3200500	
Monthly Domestic Values	12	2019	Other	IE	B20	2024-05-29 11:56:05	100	0.3959600	
Monthly Domestic Values	4	2019	Wind Onshore	NL	B19	2024-05-29 11:56:05	100	199.7856450	
Monthly Domestic Values	9	2019	Solar	PT	B16	2024-05-29 11:56:05	100	105.3151000	
Monthly Domestic Values	2	2019	Fossil Gas	DE	B04	2024-05-29 11:56:05	100	4473.0256500	
Monthly Domestic Values	4	2019	Fossil Gas	BE	B04	2024-05-29 11:56:05	100	1606.2836300	
Monthly Domestic Values	5	2019	Hydro Water Reservoir	BG	B12	2024-05-29 11:56:05	100	180.4470000	
Monthly Domestic Values	5	2019	Solar	DE	B16	2024-05-29 11:56:05	100	5004.8085050	
Monthly Domestic Values	1	2019	Hydro Run-of-river and poundage	DE	B11	2024-05-29 11:56:05	100	1068.6537500	
Monthly Domestic Values	2	2019	Fossil Hard coal	IT	B05	2024-05-29 11:56:05	100	1590.0120000	
Monthly Domestic Values	5	2019	Waste	IT	B17	2024-05-29 11:56:05	100	19.5810000	
Monthly Domestic Values	2	2019	Hydro Pumped Storage	SK	B10	2024-05-29 11:56:05	100	10.9876600	
Monthly Domestic Values	8	2019	Hydro Pumped Storage	SK	B10	2024-05-29 11:56:05	100	14.7340400	
Monthly Domestic Values	10	2019	Fossil Peat	EE	B08	2024-05-29 11:56:05	100	2.4214000	
Monthly Domestic Values	2	2019	Other	NL	B20	2024-05-29 11:56:05	100	2890.1387850	
Monthly Domestic Values	6	2019	Hydro Run-of-river and poundage	GB	B11	2024-05-29 11:56:05	100	190.9485000	
Monthly Domestic Values	3	2019	Other	BE	B20	2024-05-29 11:56:05	100	546.1797200	
Monthly Domestic Values	8	2019	Other	RS	B20	2024-05-29 11:56:05	100	11.1600000	
Monthly Domestic Values	2	2019	Hydro Run-of-river and poundage	ES	B11	2024-05-29 11:56:05	100	889.9770000	
Monthly Domestic Values	9	2019	Other renewable	SK	B15	2024-05-29 11:56:05	100	42.8279000	
Monthly Domestic Values	3	2019	Wind Onshore	IT	B19	2024-05-29 11:56:05	100	2431.7740000	
Monthly Domestic Values	2	2019	Biomass	PT	B01	2024-05-29 11:56:05	100	140.0117000	
Monthly Domestic Values	7	2019	Biomass	HR	B01	2024-05-29 11:56:05	100	36.1790000	
Monthly Domestic Values	12	2019	Fossil Hard coal	FI	B05	2024-05-29 11:56:05	100	463.5189100	
Monthly Domestic Values	1	2019	Fossil Oil	PL	B06	2024-05-29 11:56:05	100	177.6382500	
Monthly Domestic Values	7	2019	Fossil Oil	PL	B06	2024-05-29 11:56:05	100	119.6031300	
Monthly Domestic Values	9	2019	Fossil Oil	DE	B06	2024-05-29 11:56:05	100	350.9653225	
Monthly Domestic Values	9	2019	Fossil Coal-derived gas	ES	B03	2024-05-29 11:56:05	100	0.0000000	
Monthly Domestic Values	12	2019	Other	PT	B20	2024-05-29 11:56:05	100	18.1620000	
Monthly Domestic Values	1	2019	Hydro Run-of-river and poundage	SI	B11	2024-05-29 11:56:05	100	188.0309800	
Monthly Domestic Values	8	2019	Other	GB	B20	2024-05-29 11:56:05	100	78.8377950	
Monthly Domestic Values	7	2019	Hydro Run-of-river and poundage	RS	B11	2024-05-29 11:56:05	100	643.5420000	
Monthly Domestic Values	12	2019	Wind Onshore	FR	B19	2024-05-29 11:56:05	100	4464.7010000	
Monthly Domestic Values	4	2019	Fossil Gas	GB	B04	2024-05-29 11:56:05	100	9762.6402450	
Monthly Domestic Values	4	2019	Fossil Gas	AT	B04	2024-05-29 11:56:05	100	527.5099000	
Monthly Domestic Values	4	2019	Nuclear	CZ	B14	2024-05-29 11:56:05	100	2111.9245900	
Monthly Domestic Values	8	2019	Hydro Water Reservoir	RS	B12	2024-05-29 11:56:05	100	28.5540000	
Monthly Domestic Values	5	2019	Wind Offshore	GB	B18	2024-05-29 11:56:05	100	1034.8254250	
Monthly Domestic Values	3	2019	Hydro Water Reservoir	AT	B12	2024-05-29 11:56:05	100	287.8701000	
Monthly Domestic Values	4	2019	Biomass	PL	B01	2024-05-29 11:56:05	100	153.2882800	
Monthly Domestic Values	4	2019	Fossil Oil	HR	B06	2024-05-29 11:56:05	100	5.7581200	
Monthly Domestic Values	7	2019	Hydro Pumped Storage	IT	B10	2024-05-29 11:56:05	100	287.5070000	
Monthly Domestic Values	2	2019	Nuclear	SE	B14	2024-05-29 11:56:05	100	5510.4550000	
Monthly Domestic Values	4	2019	Fossil Brown coal/Lignite	SI	B02	2024-05-29 11:56:05	100	253.3580100	
Monthly Domestic Values	7	2019	Nuclear	RO	B14	2024-05-29 11:56:05	100	993.1748000	
Monthly Domestic Values	9	2019	Wind Onshore	EE	B19	2024-05-29 11:56:05	100	58.9726000	
Monthly Domestic Values	9	2019	Wind Onshore	BG	B19	2024-05-29 11:56:05	100	84.0820000	
Monthly Domestic Values	11	2019	Hydro Run-of-river and poundage	LT	B11	2024-05-29 11:56:05	100	22.3798900	
Monthly Domestic Values	3	2019	Hydro Run-of-river and poundage	LV	B11	2024-05-29 11:56:05	100	375.9780000	
Monthly Domestic Values	5	2019	Other renewable	ME	B15	2024-05-29 11:56:05	100	0.0000000	
Monthly Domestic Values	10	2019	Hydro Run-of-river and poundage	IE	B11	2024-05-29 11:56:05	100	110.8139300	
Monthly Domestic Values	2	2019	Wind Onshore	CH	B19	2024-05-29 11:56:05	100	9.1650700	
Monthly Domestic Values	11	2019	Wind Onshore	LV	B19	2024-05-29 11:56:05	100	9.1950000	
Monthly Domestic Values	4	2019	Fossil Oil	MK	B06	2024-05-29 11:56:05	100	0.0000000	
Monthly Domestic Values	10	2019	Fossil Oil	ES	B06	2024-05-29 11:56:05	100	198.4310000	
Monthly Domestic Values	2	2019	Solar	EE	B16	2024-05-29 11:56:05	100	0.4690000	
Monthly Domestic Values	6	2019	Solar	ES	B16	2024-05-29 11:56:05	100	1703.6970000	
Monthly Domestic Values	10	2019	Other	SK	B20	2024-05-29 11:56:05	100	78.1872000	
Monthly Domestic Values	9	2019	Hydro Water Reservoir	ES	B12	2024-05-29 11:56:05	100	989.5540000	
Monthly Domestic Values	5	2019	Biomass	EE	B01	2024-05-29 11:56:05	100	44.9146000	
Monthly Domestic Values	4	2019	Biomass	GB	B01	2024-05-29 11:56:05	100	1203.5640000	
Monthly Domestic Values	8	2019	Fossil Hard coal	DK	B05	2024-05-29 11:56:05	100	125.8349200	
Monthly Domestic Values	1	2019	Fossil Brown coal/Lignite	SK	B02	2024-05-29 11:56:05	100	122.0404000	
Monthly Domestic Values	11	2019	Fossil Brown coal/Lignite	PL	B02	2024-05-29 11:56:05	100	2986.4607100	
Monthly Domestic Values	10	2019	Hydro Pumped Storage	FR	B10	2024-05-29 11:56:05	100	363.8450000	
Monthly Domestic Values	1	2019	Other	DE	B20	2024-05-29 11:56:05	100	361.0250875	
Monthly Domestic Values	12	2019	Fossil Hard coal	ES	B05	2024-05-29 11:56:05	100	411.9750000	
Monthly Domestic Values	8	2019	Wind Onshore	ES	B19	2024-05-29 11:56:05	100	2676.7770000	
Monthly Domestic Values	10	2019	Fossil Oil	SI	B06	2024-05-29 11:56:05	100	0.0000000	
Monthly Domestic Values	10	2019	Fossil Oil	CY	B06	2024-05-29 11:56:05	100	357.2164400	
Monthly Domestic Values	8	2019	Fossil Oil	FI	B06	2024-05-29 11:56:05	100	0.7940900	
Monthly Domestic Values	7	2019	Geothermal	ES	B09	2024-05-29 11:56:05	100	0.0000000	
Monthly Domestic Values	10	2019	Fossil Gas	BE	B04	2024-05-29 11:56:05	100	2526.2200900	
Monthly Domestic Values	12	2019	Fossil Gas	HU	B04	2024-05-29 11:56:05	100	746.6380075	
Monthly Domestic Values	9	2019	Biomass	AT	B01	2024-05-29 11:56:05	100	162.6040000	
Monthly Domestic Values	3	2019	Fossil Hard coal	NL	B05	2024-05-29 11:56:05	100	1597.0021075	
Monthly Domestic Values	8	2019	Fossil Hard coal	SK	B05	2024-05-29 11:56:05	100	48.7611000	
Monthly Domestic Values	6	2019	Biomass	NL	B01	2024-05-29 11:56:05	100	0.0000000	
Monthly Domestic Values	7	2019	Waste	FI	B17	2024-05-29 11:56:05	100	21.4268600	
Monthly Domestic Values	3	2019	Fossil Brown coal/Lignite	ME	B02	2024-05-29 11:56:05	100	152.8555400	
Monthly Domestic Values	8	2019	Other renewable	CZ	B15	2024-05-29 11:56:05	100	192.9705200	
Monthly Domestic Values	1	2019	Wind Onshore	GB	B19	2024-05-29 11:56:05	100	2524.7926250	
Monthly Domestic Values	11	2019	Fossil Brown coal/Lignite	CZ	B02	2024-05-29 11:56:05	100	2778.9789300	
Monthly Domestic Values	1	2019	Hydro Pumped Storage	CZ	B10	2024-05-29 11:56:05	100	104.8274100	
Monthly Domestic Values	1	2019	Wind Offshore	BE	B18	2024-05-29 11:56:05	100	409.8189000	
Monthly Domestic Values	1	2019	Fossil Gas	NL	B04	2024-05-29 11:56:05	100	3989.9989700	
Monthly Domestic Values	5	2019	Fossil Gas	IE	B04	2024-05-29 11:56:05	100	955.9099950	
Monthly Domestic Values	1	2019	Fossil Coal-derived gas	ES	B03	2024-05-29 11:56:05	100	0.0000000	
Monthly Domestic Values	6	2019	Waste	CZ	B17	2024-05-29 11:56:05	100	19.7081800	
Monthly Domestic Values	4	2019	Waste	NL	B17	2024-05-29 11:56:05	100	194.5358025	
Monthly Domestic Values	8	2019	Wind Offshore	DE	B18	2024-05-29 11:56:05	100	1420.8572525	
Monthly Domestic Values	4	2019	Fossil Hard coal	GB	B05	2024-05-29 11:56:05	100	290.3428050	
Monthly Domestic Values	7	2019	Hydro Pumped Storage	RS	B10	2024-05-29 11:56:05	100	60.1910000	
Monthly Domestic Values	8	2019	Nuclear	ES	B14	2024-05-29 11:56:05	100	5085.9180000	
Monthly Domestic Values	11	2019	Solar	SI	B16	2024-05-29 11:56:05	100	7.4127500	
Monthly Domestic Values	8	2019	Fossil Hard coal	BA	B05	2024-05-29 11:56:05	100	798.3803700	
Monthly Domestic Values	6	2019	Hydro Run-of-river and poundage	PL	B11	2024-05-29 11:56:05	100	131.1479900	
Monthly Domestic Values	11	2019	Wind Onshore	PT	B19	2024-05-29 11:56:05	100	1932.6982000	
Monthly Domestic Values	12	2019	Hydro Run-of-river and poundage	PT	B11	2024-05-29 11:56:05	100	1295.7584000	
Monthly Domestic Values	10	2019	Wind Onshore	RO	B19	2024-05-29 11:56:05	100	371.1510700	
Monthly Domestic Values	12	2019	Biomass	DK	B01	2024-05-29 11:56:05	100	511.0840300	
Monthly Domestic Values	2	2019	Fossil Hard coal	PL	B05	2024-05-29 11:56:05	100	6207.9907800	
Monthly Domestic Values	8	2019	Waste	SI	B17	2024-05-29 11:56:05	100	6.1941400	
Monthly Domestic Values	10	2019	Fossil Brown coal/Lignite	SI	B02	2024-05-29 11:56:05	100	473.8269600	
Monthly Domestic Values	10	2019	Fossil Oil	MK	B06	2024-05-29 11:56:05	100	0.0000000	
Monthly Domestic Values	10	2019	Nuclear	CH	B14	2024-05-29 11:56:05	100	2478.4959000	
Monthly Domestic Values	6	2019	Hydro Run-of-river and poundage	HU	B11	2024-05-29 11:56:05	100	7.9941200	
Monthly Domestic Values	4	2019	Hydro Run-of-river and poundage	IE	B11	2024-05-29 11:56:05	100	50.1049300	
Monthly Domestic Values	4	2019	Biomass	SI	B01	2024-05-29 11:56:05	100	7.9204500	
Monthly Domestic Values	12	2019	Biomass	PL	B01	2024-05-29 11:56:05	100	179.5772500	
Monthly Domestic Values	10	2019	Biomass	GB	B01	2024-05-29 11:56:05	100	1181.4450000	
Monthly Domestic Values	4	2019	Fossil Oil	SI	B06	2024-05-29 11:56:05	100	0.0000000	
Monthly Domestic Values	4	2019	Fossil Oil	CY	B06	2024-05-29 11:56:05	100	288.0115800	
Monthly Domestic Values	8	2019	Fossil Peat	FI	B08	2024-05-29 11:56:05	100	168.5853800	
Monthly Domestic Values	5	2019	Wind Onshore	BE	B19	2024-05-29 11:56:05	100	179.1059100	
Monthly Domestic Values	9	2019	Wind Onshore	IE	B19	2024-05-29 11:56:05	100	738.9115000	
Monthly Domestic Values	5	2019	Wind Onshore	LT	B19	2024-05-29 11:56:05	100	98.9830600	
Monthly Domestic Values	11	2019	Other renewable	AT	B15	2024-05-29 11:56:05	100	0.0000000	
Monthly Domestic Values	9	2019	Nuclear	NL	B14	2024-05-29 11:56:05	100	336.7382000	
Monthly Domestic Values	6	2019	Fossil Gas	HU	B04	2024-05-29 11:56:05	100	453.7532225	
Monthly Domestic Values	10	2019	Fossil Gas	RO	B04	2024-05-29 11:56:05	100	935.4836500	
Monthly Domestic Values	1	2019	Hydro Water Reservoir	ES	B12	2024-05-29 11:56:05	100	1677.0850000	
Monthly Domestic Values	4	2019	Hydro Run-of-river and poundage	CH	B11	2024-05-29 11:56:05	100	110.2550700	
Monthly Domestic Values	8	2019	Wind Onshore	DK	B19	2024-05-29 11:56:05	100	594.0148000	
Monthly Domestic Values	1	2019	Fossil Hard coal	FI	B05	2024-05-29 11:56:05	100	896.7060700	
Monthly Domestic Values	4	2019	Fossil Peat	EE	B08	2024-05-29 11:56:05	100	3.3954000	
Monthly Domestic Values	3	2019	Hydro Water Reservoir	MK	B12	2024-05-29 11:56:05	100	48.6506000	
Monthly Domestic Values	8	2019	Hydro Water Reservoir	CZ	B12	2024-05-29 11:56:05	100	65.1838700	
Monthly Domestic Values	4	2019	Hydro Run-of-river and poundage	BG	B11	2024-05-29 11:56:05	100	132.0090000	
Monthly Domestic Values	6	2019	Hydro Run-of-river and poundage	IT	B11	2024-05-29 11:56:05	100	4434.6990000	
Monthly Domestic Values	2	2019	Hydro Pumped Storage	BG	B10	2024-05-29 11:56:05	100	32.5180000	
Monthly Domestic Values	8	2019	Hydro Pumped Storage	BG	B10	2024-05-29 11:56:05	100	22.3100000	
Monthly Domestic Values	8	2019	Wind Onshore	BA	B19	2024-05-29 11:56:05	100	6.3726000	
Monthly Domestic Values	9	2019	Wind Onshore	IT	B19	2024-05-29 11:56:05	100	1158.7720000	
Monthly Domestic Values	1	2019	Biomass	FI	B01	2024-05-29 11:56:05	100	634.4470400	
Monthly Domestic Values	5	2019	Biomass	CZ	B01	2024-05-29 11:56:05	100	142.9200000	
Monthly Domestic Values	5	2019	Geothermal	AT	B09	2024-05-29 11:56:05	100	0.0520800	
Monthly Domestic Values	1	2019	Waste	LU	B17	2024-05-29 11:56:05	100	8.6993800	
Monthly Domestic Values	3	2019	Fossil Oil	DE	B06	2024-05-29 11:56:05	100	346.5096350	
Monthly Domestic Values	8	2019	Fossil Brown coal/Lignite	BG	B02	2024-05-29 11:56:05	100	1403.7850000	
Monthly Domestic Values	6	2019	Other	HU	B20	2024-05-29 11:56:05	100	66.5872500	
Monthly Domestic Values	1	2019	Hydro Run-of-river and poundage	RS	B11	2024-05-29 11:56:05	100	692.1310000	
Monthly Domestic Values	10	2019	Fossil Gas	AT	B04	2024-05-29 11:56:05	100	1234.9112000	
Monthly Domestic Values	7	2019	Waste	BG	B17	2024-05-29 11:56:05	100	2.7920000	
Monthly Domestic Values	11	2019	Hydro Pumped Storage	BE	B10	2024-05-29 11:56:05	100	75.8296900	
Monthly Domestic Values	10	2019	Hydro Run-of-river and poundage	NO	B11	2024-05-29 11:56:05	100	998.7630800	
Monthly Domestic Values	5	2019	Solar	RO	B16	2024-05-29 11:56:05	100	144.0953900	
Monthly Domestic Values	6	2019	Other	PT	B20	2024-05-29 11:56:05	100	23.8791000	
Monthly Domestic Values	5	2019	Biomass	RS	B01	2024-05-29 11:56:05	100	10.0680000	
Monthly Domestic Values	6	2019	Fossil Hard coal	BE	B05	2024-05-29 11:56:05	100	0.0000000	
Monthly Domestic Values	2	2019	Biomass	LV	B01	2024-05-29 11:56:05	100	58.5690000	
Monthly Domestic Values	10	2019	Waste	LT	B17	2024-05-29 11:56:05	100	12.9786800	
Monthly Domestic Values	1	2019	Fossil Brown coal/Lignite	HU	B02	2024-05-29 11:56:05	100	387.2442025	
Monthly Domestic Values	5	2019	Fossil Brown coal/Lignite	ES	B02	2024-05-29 11:56:05	100	0.0000000	
Monthly Domestic Values	12	2019	Hydro Pumped Storage	AT	B10	2024-05-29 11:56:05	100	390.7516000	
Monthly Domestic Values	12	2019	Nuclear	CZ	B14	2024-05-29 11:56:05	100	2585.1622600	
Monthly Domestic Values	3	2019	Fossil Gas	ES	B04	2024-05-29 11:56:05	100	4394.0970000	
Monthly Domestic Values	6	2019	Hydro Water Reservoir	LU	B12	2024-05-29 11:56:05	100	0.3618350	
Monthly Domestic Values	3	2019	Wind Onshore	HU	B19	2024-05-29 11:56:05	100	71.6504925	
Monthly Domestic Values	12	2019	Wind Onshore	PL	B19	2024-05-29 11:56:05	100	1739.8341900	
Monthly Domestic Values	11	2019	Fossil Brown coal/Lignite	RS	B02	2024-05-29 11:56:05	100	2025.6000000	
Monthly Domestic Values	10	2019	Geothermal	IT	B09	2024-05-29 11:56:05	100	481.6600000	
Monthly Domestic Values	2	2019	Solar	CH	B16	2024-05-29 11:56:05	100	24.4593000	
Monthly Domestic Values	1	2019	Other	CZ	B20	2024-05-29 11:56:05	100	83.3414900	
Monthly Domestic Values	4	2019	Other renewable	HU	B15	2024-05-29 11:56:05	100	8.1814425	
Monthly Domestic Values	7	2019	Hydro Run-of-river and poundage	BE	B11	2024-05-29 11:56:05	100	2.7654100	
Monthly Domestic Values	11	2019	Wind Onshore	LT	B19	2024-05-29 11:56:05	100	131.0340500	
Monthly Domestic Values	12	2019	Wind Onshore	GB	B19	2024-05-29 11:56:05	100	3136.2526050	
Monthly Domestic Values	1	2019	Waste	EE	B17	2024-05-29 11:56:05	100	8.7829000	
Monthly Domestic Values	6	2019	Waste	BE	B17	2024-05-29 11:56:05	100	126.3752200	
Monthly Domestic Values	5	2019	Fossil Brown coal/Lignite	CZ	B02	2024-05-29 11:56:05	100	2438.9276500	
Monthly Domestic Values	9	2019	Fossil Brown coal/Lignite	ME	B02	2024-05-29 11:56:05	100	149.6649300	
Monthly Domestic Values	10	2019	Fossil Oil	IE	B06	2024-05-29 11:56:05	100	154.8048550	
Monthly Domestic Values	6	2019	Fossil Gas	CZ	B04	2024-05-29 11:56:05	100	429.3837000	
Monthly Domestic Values	5	2019	Hydro Run-of-river and poundage	MK	B11	2024-05-29 11:56:05	100	0.0000000	
Monthly Domestic Values	11	2019	Hydro Run-of-river and poundage	EE	B11	2024-05-29 11:56:05	100	0.8768000	
Monthly Domestic Values	10	2019	Hydro Run-of-river and poundage	CZ	B11	2024-05-29 11:56:05	100	61.0029100	
Monthly Domestic Values	12	2019	Wind Onshore	FI	B19	2024-05-29 11:56:05	100	632.5216300	
Monthly Domestic Values	12	2019	Wind Onshore	CY	B19	2024-05-29 11:56:05	100	18.7102800	
Monthly Domestic Values	1	2019	Nuclear	NL	B14	2024-05-29 11:56:05	100	360.7836100	
Monthly Domestic Values	10	2019	Fossil Gas	BG	B04	2024-05-29 11:56:05	100	135.1740000	
Monthly Domestic Values	4	2019	Fossil Gas	SK	B04	2024-05-29 11:56:05	100	167.1576000	
Monthly Domestic Values	5	2019	Hydro Water Reservoir	SE	B12	2024-05-29 11:56:05	100	5432.6700000	
Monthly Domestic Values	11	2019	Other	NL	B20	2024-05-29 11:56:05	100	2533.0537575	
Monthly Domestic Values	7	2019	Hydro Run-of-river and poundage	BG	B11	2024-05-29 11:56:05	100	104.6140000	
Monthly Domestic Values	2	2019	Biomass	ES	B01	2024-05-29 11:56:05	100	238.4020000	
Monthly Domestic Values	7	2019	Biomass	SI	B01	2024-05-29 11:56:05	100	5.6346700	
Monthly Domestic Values	7	2019	Biomass	HU	B01	2024-05-29 11:56:05	100	82.5574450	
Monthly Domestic Values	4	2019	Fossil Hard coal	PT	B05	2024-05-29 11:56:05	100	496.4680000	
Monthly Domestic Values	5	2019	Fossil Hard coal	IE	B05	2024-05-29 11:56:05	100	1.6518000	
Monthly Domestic Values	2	2019	Waste	LT	B17	2024-05-29 11:56:05	100	12.6119400	
Monthly Domestic Values	9	2019	Wind Onshore	MK	B19	2024-05-29 11:56:05	100	7.3966100	
Monthly Domestic Values	6	2019	Other	EE	B20	2024-05-29 11:56:05	100	0.0000000	
Monthly Domestic Values	3	2019	Hydro Run-of-river and poundage	FR	B11	2024-05-29 11:56:05	100	3661.6110000	
Monthly Domestic Values	10	2019	Solar	IT	B16	2024-05-29 11:56:05	100	1369.6170000	
Monthly Domestic Values	7	2019	Hydro Pumped Storage	GB	B10	2024-05-29 11:56:05	100	108.1355000	
Monthly Domestic Values	11	2019	Wind Onshore	SK	B19	2024-05-29 11:56:05	100	1.0457000	
Monthly Domestic Values	6	2019	Wind Onshore	IE	B19	2024-05-29 11:56:05	100	584.4969250	
Monthly Domestic Values	5	2019	Waste	HU	B17	2024-05-29 11:56:05	100	10.5565475	
Monthly Domestic Values	2	2019	Fossil Brown coal/Lignite	PL	B02	2024-05-29 11:56:05	100	3139.3084200	
Monthly Domestic Values	11	2019	Fossil Brown coal/Lignite	DE	B02	2024-05-29 11:56:05	100	10046.0551350	
Monthly Domestic Values	1	2019	Fossil Oil	CY	B06	2024-05-29 11:56:05	100	412.8336900	
Monthly Domestic Values	4	2019	Wind Offshore	DK	B18	2024-05-29 11:56:05	100	355.0202000	
Monthly Domestic Values	12	2019	Fossil Gas	LT	B04	2024-05-29 11:56:05	100	34.6743100	
Monthly Domestic Values	2	2019	Biomass	BE	B01	2024-05-29 11:56:05	100	201.3562900	
Monthly Domestic Values	8	2019	Biomass	LV	B01	2024-05-29 11:56:05	100	38.7160000	
Monthly Domestic Values	11	2019	Fossil Hard coal	PL	B05	2024-05-29 11:56:05	100	6296.3767700	
Monthly Domestic Values	6	2019	Waste	DE	B17	2024-05-29 11:56:05	100	357.5545250	
Monthly Domestic Values	11	2019	Fossil Brown coal/Lignite	ES	B02	2024-05-29 11:56:05	100	0.0000000	
Monthly Domestic Values	11	2019	Nuclear	SE	B14	2024-05-29 11:56:05	100	5614.8090000	
Monthly Domestic Values	9	2019	Wind Onshore	PL	B19	2024-05-29 11:56:05	100	1164.8754000	
Monthly Domestic Values	9	2019	Nuclear	BE	B14	2024-05-29 11:56:05	100	4105.5841800	
Monthly Domestic Values	12	2019	Nuclear	SK	B14	2024-05-29 11:56:05	100	1441.7853000	
Monthly Domestic Values	10	2019	Hydro Water Reservoir	DE	B12	2024-05-29 11:56:05	100	85.3291950	
Monthly Domestic Values	1	2019	Other	IE	B20	2024-05-29 11:56:05	100	2.0594900	
Monthly Domestic Values	3	2019	Wind Onshore	ME	B19	2024-05-29 11:56:05	100	28.2981500	
Monthly Domestic Values	3	2019	Wind Onshore	LU	B19	2024-05-29 11:56:05	100	40.5542225	
Monthly Domestic Values	2	2019	Fossil Hard coal	DK	B05	2024-05-29 11:56:05	100	545.0991600	
Monthly Domestic Values	10	2019	Fossil Hard coal	RO	B05	2024-05-29 11:56:05	100	80.2030000	
Monthly Domestic Values	3	2019	Waste	CZ	B17	2024-05-29 11:56:05	100	13.1191400	
Monthly Domestic Values	7	2019	Fossil Brown coal/Lignite	SK	B02	2024-05-29 11:56:05	100	105.3362000	
Monthly Domestic Values	1	2019	Fossil Hard coal	GB	B05	2024-05-29 11:56:05	100	1858.9024100	
Monthly Domestic Values	6	2019	Hydro Pumped Storage	PT	B10	2024-05-29 11:56:05	100	98.8705000	
Monthly Domestic Values	3	2019	Hydro Run-of-river and poundage	PL	B11	2024-05-29 11:56:05	100	185.6981300	
Monthly Domestic Values	5	2019	Wind Onshore	CZ	B19	2024-05-29 11:56:05	100	53.3783300	
Monthly Domestic Values	10	2019	Wind Onshore	CH	B19	2024-05-29 11:56:05	100	7.7309200	
Monthly Domestic Values	8	2019	Fossil Gas	NO	B04	2024-05-29 11:56:05	100	237.1250100	
Monthly Domestic Values	4	2019	Waste	BG	B17	2024-05-29 11:56:05	100	2.4850000	
Monthly Domestic Values	5	2019	Nuclear	ES	B14	2024-05-29 11:56:05	100	3988.4600000	
Monthly Domestic Values	3	2019	Hydro Water Reservoir	NO	B12	2024-05-29 11:56:05	100	9799.7266200	
Monthly Domestic Values	11	2019	Hydro Water Reservoir	FR	B12	2024-05-29 11:56:05	100	1696.8390000	
Monthly Domestic Values	12	2019	Hydro Water Reservoir	AT	B12	2024-05-29 11:56:05	100	219.6830000	
Monthly Domestic Values	2	2019	Biomass	RO	B01	2024-05-29 11:56:05	100	39.4360000	
Monthly Domestic Values	5	2019	Fossil Hard coal	SK	B05	2024-05-29 11:56:05	100	0.0334000	
Monthly Domestic Values	8	2019	Fossil Hard coal	FR	B05	2024-05-29 11:56:05	100	27.5270000	
Monthly Domestic Values	11	2019	Waste	IT	B17	2024-05-29 11:56:05	100	26.9680000	
Monthly Domestic Values	8	2019	Fossil Oil	GR	B06	2024-05-29 11:56:05	100	0.0000000	
Monthly Domestic Values	11	2019	Hydro Water Reservoir	ME	B12	2024-05-29 11:56:05	100	212.5284600	
Monthly Domestic Values	8	2019	Hydro Run-of-river and poundage	ES	B11	2024-05-29 11:56:05	100	476.3680000	
Monthly Domestic Values	11	2019	Hydro Run-of-river and poundage	NL	B11	2024-05-29 11:56:05	100	0.0000000	
Monthly Domestic Values	4	2019	Hydro Run-of-river and poundage	SK	B11	2024-05-29 11:56:05	100	359.3254800	
Monthly Domestic Values	12	2019	Hydro Water Reservoir	HU	B12	2024-05-29 11:56:05	100	10.5042500	
Monthly Domestic Values	2	2019	Fossil Gas	IE	B04	2024-05-29 11:56:05	100	574.6475750	
Monthly Domestic Values	2	2019	Hydro Water Reservoir	CZ	B12	2024-05-29 11:56:05	100	100.7651500	
Monthly Domestic Values	8	2019	Other	LT	B20	2024-05-29 11:56:05	100	13.9053700	
Monthly Domestic Values	9	2019	Other	FI	B20	2024-05-29 11:56:05	100	53.6569800	
Monthly Domestic Values	9	2019	Other	BE	B20	2024-05-29 11:56:05	100	420.9658500	
Monthly Domestic Values	7	2019	Biomass	FI	B01	2024-05-29 11:56:05	100	502.4664300	
Monthly Domestic Values	7	2019	Fossil Oil	DK	B06	2024-05-29 11:56:05	100	20.7414600	
Monthly Domestic Values	12	2019	Fossil Oil	SK	B06	2024-05-29 11:56:05	100	35.2364000	
Monthly Domestic Values	4	2019	Geothermal	ES	B09	2024-05-29 11:56:05	100	0.0000000	
Monthly Domestic Values	3	2019	Nuclear	GB	B14	2024-05-29 11:56:05	100	4229.6000000	
Monthly Domestic Values	3	2019	Fossil Gas	RS	B04	2024-05-29 11:56:05	100	1.4880000	
Monthly Domestic Values	2	2019	Fossil Gas	FI	B04	2024-05-29 11:56:05	100	570.7019200	
Monthly Domestic Values	8	2019	Fossil Gas	FI	B04	2024-05-29 11:56:05	100	186.2528900	
Monthly Domestic Values	7	2019	Hydro Run-of-river and poundage	SI	B11	2024-05-29 11:56:05	100	321.9653100	
Monthly Domestic Values	7	2019	Hydro Run-of-river and poundage	CH	B11	2024-05-29 11:56:05	100	276.6397400	
Monthly Domestic Values	3	2019	Other renewable	HR	B15	2024-05-29 11:56:05	100	33.4080000	
Monthly Domestic Values	9	2019	Biomass	DK	B01	2024-05-29 11:56:05	100	169.4711200	
Monthly Domestic Values	4	2019	Waste	FR	B17	2024-05-29 11:56:05	100	119.7620000	
Monthly Domestic Values	5	2019	Fossil Hard coal	PL	B05	2024-05-29 11:56:05	100	5998.1835800	
Monthly Domestic Values	5	2019	Waste	SI	B17	2024-05-29 11:56:05	100	5.9597100	
Monthly Domestic Values	12	2019	Waste	DE	B17	2024-05-29 11:56:05	100	600.3019775	
Monthly Domestic Values	12	2019	Waste	LU	B17	2024-05-29 11:56:05	100	17.9866275	
Monthly Domestic Values	8	2019	Wind Onshore	NO	B19	2024-05-29 11:56:05	100	308.1864100	
Monthly Domestic Values	7	2019	Fossil Gas	IT	B04	2024-05-29 11:56:05	100	11566.7220000	
Monthly Domestic Values	3	2019	Hydro Water Reservoir	RO	B12	2024-05-29 11:56:05	100	282.7397600	
Monthly Domestic Values	7	2019	Fossil Gas	LV	B04	2024-05-29 11:56:05	100	210.2700000	
Monthly Domestic Values	11	2019	Solar	CZ	B16	2024-05-29 11:56:05	100	57.3316500	
Monthly Domestic Values	8	2019	Fossil Coal-derived gas	PL	B03	2024-05-29 11:56:05	100	50.5893100	
Monthly Domestic Values	9	2019	Wind Onshore	ME	B19	2024-05-29 11:56:05	100	17.6606300	
Monthly Domestic Values	1	2019	Fossil Oil	HR	B06	2024-05-29 11:56:05	100	14.4299000	
Monthly Domestic Values	2	2019	Hydro Pumped Storage	LT	B10	2024-05-29 11:56:05	100	13.1823000	
Monthly Domestic Values	5	2019	Nuclear	SE	B14	2024-05-29 11:56:05	100	4927.0230000	
Monthly Domestic Values	5	2019	Nuclear	FR	B14	2024-05-29 11:56:05	100	31550.5520000	
Monthly Domestic Values	3	2019	Fossil Oil	IT	B06	2024-05-29 11:56:05	100	61.7890000	
Monthly Domestic Values	4	2019	Nuclear	CH	B14	2024-05-29 11:56:05	100	2299.3508000	
Monthly Domestic Values	4	2019	Biomass	HR	B01	2024-05-29 11:56:05	100	34.1970000	
Monthly Domestic Values	6	2019	Fossil Brown coal/Lignite	RO	B02	2024-05-29 11:56:05	100	971.6683300	
Monthly Domestic Values	5	2019	Hydro Pumped Storage	SI	B10	2024-05-29 11:56:05	100	22.2315500	
Monthly Domestic Values	5	2019	Nuclear	HU	B14	2024-05-29 11:56:05	100	1244.0858650	
Monthly Domestic Values	1	2019	Nuclear	CZ	B14	2024-05-29 11:56:05	100	2582.6048500	
Monthly Domestic Values	2	2019	Hydro Pumped Storage	ES	B10	2024-05-29 11:56:05	100		
Monthly Domestic Values	10	2019	Other renewable	EE	B15	2024-05-29 11:56:05	100	3.4134000	
Monthly Domestic Values	7	2019	Wind Onshore	RO	B19	2024-05-29 11:56:05	100	299.6593100	
Monthly Domestic Values	5	2019	Other renewable	AT	B15	2024-05-29 11:56:05	100	0.0000000	
Monthly Domestic Values	7	2019	Waste	ES	B17	2024-05-29 11:56:05	100	229.7220000	
Monthly Domestic Values	10	2019	Hydro Pumped Storage	RS	B10	2024-05-29 11:56:05	100	75.1130000	
Monthly Domestic Values	12	2019	Fossil Gas	DK	B04	2024-05-29 11:56:05	100	272.0108700	
Monthly Domestic Values	5	2019	Fossil Coal-derived gas	CZ	B03	2024-05-29 11:56:05	100	166.8869500	
Monthly Domestic Values	7	2019	Hydro Run-of-river and poundage	DE	B11	2024-05-29 11:56:05	100	1398.6463750	
Monthly Domestic Values	7	2019	Other renewable	ES	B15	2024-05-29 11:56:05	100	71.8180000	
Monthly Domestic Values	10	2019	Fossil Hard coal	CZ	B05	2024-05-29 11:56:05	100	186.6552500	
Monthly Domestic Values	4	2019	Fossil Oil	IE	B06	2024-05-29 11:56:05	100	226.5035200	
Monthly Domestic Values	11	2019	Fossil Gas	PL	B04	2024-05-29 11:56:05	100	1004.0679800	
Monthly Domestic Values	4	2019	Fossil Gas	BG	B04	2024-05-29 11:56:05	100	213.4990000	
Monthly Domestic Values	3	2019	Hydro Water Reservoir	PT	B12	2024-05-29 11:56:05	100	115.8083000	
Monthly Domestic Values	5	2019	Other	NL	B20	2024-05-29 11:56:05	100	3223.6756325	
Monthly Domestic Values	11	2019	Wind Onshore	SE	B19	2024-05-29 11:56:05	100	1467.9690000	
Monthly Domestic Values	2	2019	Other	NO	B20	2024-05-29 11:56:05	100	2.0838000	
Monthly Domestic Values	11	2019	Solar	NL	B16	2024-05-29 11:56:05	100	3.6053725	
Monthly Domestic Values	5	2019	Hydro Run-of-river and poundage	EE	B11	2024-05-29 11:56:05	100	2.1641000	
Monthly Domestic Values	11	2019	Hydro Run-of-river and poundage	MK	B11	2024-05-29 11:56:05	100	0.0000000	
Monthly Domestic Values	1	2019	Wind Onshore	DE	B19	2024-05-29 11:56:05	100	12536.4435950	
Monthly Domestic Values	6	2019	Wind Onshore	CY	B19	2024-05-29 11:56:05	100	5.0146500	
Monthly Domestic Values	5	2019	Fossil Brown coal/Lignite	DE	B02	2024-05-29 11:56:05	100	8651.1493850	
Monthly Domestic Values	10	2019	Fossil Hard coal	PT	B05	2024-05-29 11:56:05	100	296.1256000	
Monthly Domestic Values	8	2019	Fossil Brown coal/Lignite	PL	B02	2024-05-29 11:56:05	100	3266.1520600	
Monthly Domestic Values	8	2019	Fossil Brown coal/Lignite	MK	B02	2024-05-29 11:56:05	100	292.9793200	
Monthly Domestic Values	10	2019	Wind Offshore	DK	B18	2024-05-29 11:56:05	100	534.0862900	
Monthly Domestic Values	9	2019	Hydro Water Reservoir	HR	B12	2024-05-29 11:56:05	100	122.8937400	
Monthly Domestic Values	12	2019	Other	EE	B20	2024-05-29 11:56:05	100	0.0000000	
Monthly Domestic Values	2	2019	Solar	DE	B16	2024-05-29 11:56:05	100	2191.2676875	
Monthly Domestic Values	4	2019	Solar	IT	B16	2024-05-29 11:56:05	100	1745.1020000	
Monthly Domestic Values	3	2019	Wind Onshore	MK	B19	2024-05-29 11:56:05	100	6.6953400	
Monthly Domestic Values	10	2019	Waste	FR	B17	2024-05-29 11:56:05	100	136.4220000	
Monthly Domestic Values	11	2019	Fossil Brown coal/Lignite	GR	B02	2024-05-29 11:56:05	100	779.9210000	
Monthly Domestic Values	1	2019	Nuclear	RO	B14	2024-05-29 11:56:05	100	1028.2120600	
Monthly Domestic Values	11	2019	Nuclear	FR	B14	2024-05-29 11:56:05	100	28994.3890000	
Monthly Domestic Values	4	2019	Fossil Oil	ES	B06	2024-05-29 11:56:05	100	178.4100000	
Monthly Domestic Values	10	2019	Hydro Pumped Storage	ES	B10	2024-05-29 11:56:05	100		
Monthly Domestic Values	3	2019	Wind Onshore	EE	B19	2024-05-29 11:56:05	100	81.1808000	
Monthly Domestic Values	11	2019	Nuclear	GB	B14	2024-05-29 11:56:05	100	4802.0150000	
Monthly Domestic Values	5	2019	Solar	EE	B16	2024-05-29 11:56:05	100	0.5208000	
Monthly Domestic Values	9	2019	Hydro Water Reservoir	RO	B12	2024-05-29 11:56:05	100	335.3547800	
Monthly Domestic Values	10	2019	Other	AT	B20	2024-05-29 11:56:05	100	16.3680000	
Monthly Domestic Values	8	2019	Hydro Water Reservoir	BA	B12	2024-05-29 11:56:05	100	339.0563300	
Monthly Domestic Values	9	2019	Hydro Run-of-river and poundage	RO	B11	2024-05-29 11:56:05	100	484.6146800	
Monthly Domestic Values	1	2019	Biomass	DK	B01	2024-05-29 11:56:05	100	561.5854400	
Monthly Domestic Values	10	2019	Biomass	DE	B01	2024-05-29 11:56:05	100	3450.7394700	
Monthly Domestic Values	6	2019	Biomass	LU	B01	2024-05-29 11:56:05	100	5.9677975	
Monthly Domestic Values	1	2019	Fossil Hard coal	HR	B05	2024-05-29 11:56:05	100	146.5909900	
Monthly Domestic Values	5	2019	Geothermal	HR	B09	2024-05-29 11:56:05	100	7.1930000	
Monthly Domestic Values	10	2019	Fossil Oil	PL	B06	2024-05-29 11:56:05	100	131.8714300	
Monthly Domestic Values	1	2019	Wind Onshore	RO	B19	2024-05-29 11:56:05	100	794.8812600	
Monthly Domestic Values	12	2019	Fossil Gas	SK	B04	2024-05-29 11:56:05	100	245.5854000	
Monthly Domestic Values	2	2019	Fossil Gas	HR	B04	2024-05-29 11:56:05	100	192.3138300	
Monthly Domestic Values	2	2019	Wind Offshore	GB	B18	2024-05-29 11:56:05	100	1500.7571950	
Monthly Domestic Values	8	2019	Wind Offshore	ES	B18	2024-05-29 11:56:05	100	0.0000000	
Monthly Domestic Values	3	2019	Other renewable	FI	B15	2024-05-29 11:56:05	100	18.0405900	
Monthly Domestic Values	4	2019	Other renewable	EE	B15	2024-05-29 11:56:05	100	3.8938000	
Monthly Domestic Values	7	2019	Biomass	BG	B01	2024-05-29 11:56:05	100	18.0630000	
Monthly Domestic Values	12	2019	Biomass	FR	B01	2024-05-29 11:56:05	100	248.9580000	
Monthly Domestic Values	2	2019	Fossil Hard coal	FR	B05	2024-05-29 11:56:05	100	237.2300000	
Monthly Domestic Values	3	2019	Geothermal	DE	B09	2024-05-29 11:56:05	100	15.6746625	
Monthly Domestic Values	4	2019	Fossil Gas	EE	B04	2024-05-29 11:56:05	100	1.0741000	
Monthly Domestic Values	4	2019	Hydro Pumped Storage	DE	B10	2024-05-29 11:56:05	100	796.8804700	
Monthly Domestic Values	8	2019	Fossil Oil shale	EE	B07	2024-05-29 11:56:05	100	231.7591000	
Monthly Domestic Values	6	2019	Other	SE	B20	2024-05-29 11:56:05	100	356.7630000	
Monthly Domestic Values	12	2019	Other	SE	B20	2024-05-29 11:56:05	100	967.2190000	
Monthly Domestic Values	8	2019	Wind Onshore	HR	B19	2024-05-29 11:56:05	100	73.9115300	
Monthly Domestic Values	4	2019	Hydro Run-of-river and poundage	HR	B11	2024-05-29 11:56:05	100	146.2261500	
Monthly Domestic Values	10	2019	Hydro Run-of-river and poundage	HR	B11	2024-05-29 11:56:05	100	75.0285300	
Monthly Domestic Values	10	2019	Hydro Pumped Storage	DE	B10	2024-05-29 11:56:05	100	814.2139575	
Monthly Domestic Values	6	2019	Fossil Oil	HU	B06	2024-05-29 11:56:05	100	0.4597525	
Monthly Domestic Values	12	2019	Fossil Oil	HU	B06	2024-05-29 11:56:05	100	0.3868725	
Monthly Domestic Values	10	2019	Fossil Gas	EE	B04	2024-05-29 11:56:05	100	2.3324000	
Monthly Domestic Values	1	2019	Fossil Gas	PT	B04	2024-05-29 11:56:05	100	1164.5655000	
Monthly Domestic Values	6	2019	Hydro Water Reservoir	SK	B12	2024-05-29 11:56:05	100	35.9553600	
Monthly Domestic Values	10	2019	Biomass	BE	B01	2024-05-29 11:56:05	100	183.7094300	
Monthly Domestic Values	3	2019	Fossil Gas	PL	B04	2024-05-29 11:56:05	100	911.8824300	
Monthly Domestic Values	5	2019	Fossil Peat	IE	B08	2024-05-29 11:56:05	100	170.2695000	
Monthly Domestic Values	9	2019	Fossil Gas	FR	B04	2024-05-29 11:56:05	100	2720.1130000	
Monthly Domestic Values	10	2019	Fossil Gas	GB	B04	2024-05-29 11:56:05	100	9691.0807450	
Monthly Domestic Values	2	2019	Solar	DK	B16	2024-05-29 11:56:05	100	38.3956600	
Monthly Domestic Values	6	2019	Solar	SK	B16	2024-05-29 11:56:05	100	69.1595000	
Monthly Domestic Values	8	2019	Solar	DK	B16	2024-05-29 11:56:05	100	121.0237200	
Monthly Domestic Values	12	2019	Solar	SK	B16	2024-05-29 11:56:05	100	12.6886000	
Monthly Domestic Values	6	2019	Fossil Gas	LU	B04	2024-05-29 11:56:05	100	12.7740450	
Monthly Domestic Values	12	2019	Fossil Gas	LU	B04	2024-05-29 11:56:05	100	25.7069850	
Monthly Domestic Values	9	2019	Other renewable	HR	B15	2024-05-29 11:56:05	100	29.1390000	
Monthly Domestic Values	5	2019	Fossil Brown coal/Lignite	GR	B02	2024-05-29 11:56:05	100	754.1150000	
Monthly Domestic Values	3	2019	Nuclear	BE	B14	2024-05-29 11:56:05	100	3539.7549800	
Monthly Domestic Values	6	2019	Fossil Gas	GR	B04	2024-05-29 11:56:05	100	1477.6630000	
Monthly Domestic Values	6	2019	Hydro Pumped Storage	HR	B10	2024-05-29 11:56:05	100	21.1455200	
Monthly Domestic Values	6	2019	Nuclear	SK	B14	2024-05-29 11:56:05	100	1014.6219000	
Monthly Domestic Values	3	2019	Hydro Water Reservoir	IT	B12	2024-05-29 11:56:05	100	358.5340000	
Monthly Domestic Values	1	2019	Fossil Coal-derived gas	EE	B03	2024-05-29 11:56:05	100	30.9861000	
Monthly Domestic Values	3	2019	Solar	FR	B16	2024-05-29 11:56:05	100	1043.9980000	
Monthly Domestic Values	2	2019	Hydro Water Reservoir	BA	B12	2024-05-29 11:56:05	100	453.5361500	
Monthly Domestic Values	6	2019	Hydro Run-of-river and poundage	LU	B11	2024-05-29 11:56:05	100	3.2343625	
Monthly Domestic Values	12	2019	Biomass	LU	B01	2024-05-29 11:56:05	100	21.4606375	
Monthly Domestic Values	7	2019	Fossil Hard coal	HR	B05	2024-05-29 11:56:05	100	142.5435800	
Monthly Domestic Values	11	2019	Geothermal	HR	B09	2024-05-29 11:56:05	100	5.7820000	
Monthly Domestic Values	12	2019	Waste	AT	B17	2024-05-29 11:56:05	100	74.4000000	
Monthly Domestic Values	4	2019	Fossil Oil	AT	B06	2024-05-29 11:56:05	100	0.0000000	
Monthly Domestic Values	7	2019	Fossil Gas	SI	B04	2024-05-29 11:56:05	100	17.2020100	
Monthly Domestic Values	5	2019	Hydro Water Reservoir	PL	B12	2024-05-29 11:56:05	100	26.9319100	
Monthly Domestic Values	2	2019	Solar	BE	B16	2024-05-29 11:56:05	100	190.5737100	
Monthly Domestic Values	11	2019	Fossil Oil shale	ES	B07	2024-05-29 11:56:05	100	0.0000000	
Monthly Domestic Values	3	2019	Wind Onshore	FR	B19	2024-05-29 11:56:05	100	4156.2370000	
Monthly Domestic Values	3	2019	Wind Onshore	SE	B19	2024-05-29 11:56:05	100	2320.5930000	
Monthly Domestic Values	9	2019	Nuclear	SI	B14	2024-05-29 11:56:05	100	485.6388200	
Monthly Domestic Values	8	2019	Fossil Gas	HR	B04	2024-05-29 11:56:05	100	211.5807900	
Monthly Domestic Values	3	2019	Solar	PT	B16	2024-05-29 11:56:05	100	92.7543000	
Monthly Domestic Values	2	2019	Wind Offshore	NL	B18	2024-05-29 11:56:05	100	295.2629075	
Monthly Domestic Values	9	2019	Hydro Water Reservoir	NO	B12	2024-05-29 11:56:05	100	9041.0566400	
Monthly Domestic Values	9	2019	Solar	GR	B16	2024-05-29 11:56:05	100	357.1330000	
Monthly Domestic Values	5	2019	Fossil Oil	CZ	B06	2024-05-29 11:56:05	100	2.4139300	
Monthly Domestic Values	11	2019	Waste	NL	B17	2024-05-29 11:56:05	100	249.9705350	
Monthly Domestic Values	8	2019	Nuclear	FI	B14	2024-05-29 11:56:05	100	1854.6797000	
Monthly Domestic Values	10	2019	Nuclear	SI	B14	2024-05-29 11:56:05	100	21.6367700	
Monthly Domestic Values	2	2019	Fossil Gas	ES	B04	2024-05-29 11:56:05	100	4542.1680000	
Monthly Domestic Values	9	2019	Hydro Water Reservoir	PT	B12	2024-05-29 11:56:05	100	115.6617000	
Monthly Domestic Values	10	2019	Fossil Gas	PT	B04	2024-05-29 11:56:05	100	1690.3538000	
Monthly Domestic Values	4	2019	Solar	GR	B16	2024-05-29 11:56:05	100	312.0680000	
Monthly Domestic Values	6	2019	Solar	SI	B16	2024-05-29 11:56:05	100	33.9110700	
Monthly Domestic Values	3	2019	Fossil Hard coal	BA	B05	2024-05-29 11:56:05	100	696.1481300	
Monthly Domestic Values	1	2019	Wind Onshore	CH	B19	2024-05-29 11:56:05	100	7.9726000	
Monthly Domestic Values	12	2019	Wind Onshore	GR	B19	2024-05-29 11:56:05	100	594.2010000	
Monthly Domestic Values	8	2019	Biomass	EE	B01	2024-05-29 11:56:05	100	44.9950000	
Monthly Domestic Values	11	2019	Fossil Hard coal	DK	B05	2024-05-29 11:56:05	100	362.5512200	
Monthly Domestic Values	5	2019	Hydro Pumped Storage	PL	B10	2024-05-29 11:56:05	100	90.5418300	
Monthly Domestic Values	8	2019	Hydro Pumped Storage	CH	B10	2024-05-29 11:56:05	100	949.1109000	
Monthly Domestic Values	8	2019	Wind Offshore	BE	B18	2024-05-29 11:56:05	100	387.7178200	
Monthly Domestic Values	5	2019	Fossil Brown coal/Lignite	SI	B02	2024-05-29 11:56:05	100	287.3035400	
Monthly Domestic Values	12	2019	Wind Onshore	LV	B19	2024-05-29 11:56:05	100	16.5290000	
Monthly Domestic Values	7	2019	Wind Onshore	NL	B19	2024-05-29 11:56:05	100	134.1307550	
Monthly Domestic Values	1	2019	Wind Onshore	CY	B19	2024-05-29 11:56:05	100	32.1524950	
Monthly Domestic Values	10	2019	Wind Onshore	BG	B19	2024-05-29 11:56:05	100	55.5270000	
Monthly Domestic Values	10	2019	Fossil Oil	IT	B06	2024-05-29 11:56:05	100	95.9370000	
Monthly Domestic Values	9	2019	Nuclear	CZ	B14	2024-05-29 11:56:05	100	2239.1014400	
Monthly Domestic Values	10	2019	Hydro Pumped Storage	HR	B10	2024-05-29 11:56:05	100	19.0963200	
Monthly Domestic Values	8	2019	Solar	DE	B16	2024-05-29 11:56:05	100	5278.5600600	
Monthly Domestic Values	5	2019	Fossil Coal-derived gas	EE	B03	2024-05-29 11:56:05	100	40.9284000	
Monthly Domestic Values	11	2019	Other	PT	B20	2024-05-29 11:56:05	100	14.6724000	
Monthly Domestic Values	11	2019	Biomass	BE	B01	2024-05-29 11:56:05	100	265.8983300	
Monthly Domestic Values	2	2019	Hydro Pumped Storage	RS	B10	2024-05-29 11:56:05	100	56.4000000	
Monthly Domestic Values	7	2019	Fossil Gas	DK	B04	2024-05-29 11:56:05	100	131.9553300	
Monthly Domestic Values	10	2019	Solar	PT	B16	2024-05-29 11:56:05	100	83.9055000	
Monthly Domestic Values	5	2019	Fossil Gas	BE	B04	2024-05-29 11:56:05	100	1457.8508500	
Monthly Domestic Values	3	2019	Solar	HR	B16	2024-05-29 11:56:05	100	6.1370000	
Monthly Domestic Values	6	2019	Fossil Coal-derived gas	ES	B03	2024-05-29 11:56:05	100	0.0000000	
Monthly Domestic Values	7	2019	Wind Onshore	FR	B19	2024-05-29 11:56:05	100	1738.8070000	
Monthly Domestic Values	10	2019	Biomass	LT	B01	2024-05-29 11:56:05	100	32.3963800	
Monthly Domestic Values	7	2019	Hydro Pumped Storage	AT	B10	2024-05-29 11:56:05	100	400.7226000	
Monthly Domestic Values	2	2019	Fossil Gas	EE	B04	2024-05-29 11:56:05	100	1.0149000	
Monthly Domestic Values	2	2019	Fossil Gas	IT	B04	2024-05-29 11:56:05	100	8790.8280000	
Monthly Domestic Values	1	2019	Nuclear	SK	B14	2024-05-29 11:56:05	100	1434.8857000	
Monthly Domestic Values	9	2019	Nuclear	BG	B14	2024-05-29 11:56:05	100	1260.3630000	
Monthly Domestic Values	9	2019	Wind Onshore	AT	B19	2024-05-29 11:56:05	100	437.6820000	
Monthly Domestic Values	4	2019	Wind Onshore	IT	B19	2024-05-29 11:56:05	100	1462.3020000	
Monthly Domestic Values	1	2019	Fossil Gas	DE	B04	2024-05-29 11:56:05	100	5744.2230525	
Monthly Domestic Values	8	2019	Wind Offshore	NL	B18	2024-05-29 11:56:05	100	252.3991175	
Monthly Domestic Values	3	2019	Solar	CZ	B16	2024-05-29 11:56:05	100	196.7706900	
Monthly Domestic Values	1	2019	Other	SE	B20	2024-05-29 11:56:05	100	1389.6540000	
Monthly Domestic Values	5	2019	Fossil Hard coal	ES	B05	2024-05-29 11:56:05	100	375.4930000	
Monthly Domestic Values	6	2019	Wind Onshore	HR	B19	2024-05-29 11:56:05	100	76.1460200	
Monthly Domestic Values	3	2019	Biomass	PL	B01	2024-05-29 11:56:05	100	176.1464000	
Monthly Domestic Values	9	2019	Biomass	PL	B01	2024-05-29 11:56:05	100	189.0471200	
Monthly Domestic Values	11	2019	Biomass	DE	B01	2024-05-29 11:56:05	100	3442.9336475	
Monthly Domestic Values	8	2019	Biomass	HR	B01	2024-05-29 11:56:05	100	33.8200000	
Monthly Domestic Values	6	2019	Fossil Oil	SK	B06	2024-05-29 11:56:05	100	21.4476000	
Monthly Domestic Values	10	2019	Hydro Pumped Storage	CZ	B10	2024-05-29 11:56:05	100	115.6396100	
Monthly Domestic Values	2	2019	Other renewable	ES	B15	2024-05-29 11:56:05	100	66.0630000	
Monthly Domestic Values	1	2019	Wind Onshore	MK	B19	2024-05-29 11:56:05	100	12.6576500	
Monthly Domestic Values	5	2019	Fossil Peat	ES	B08	2024-05-29 11:56:05	100	0.0000000	
Monthly Domestic Values	4	2019	Hydro Water Reservoir	AT	B12	2024-05-29 11:56:05	100	367.4505000	
Monthly Domestic Values	2	2019	Hydro Run-of-river and poundage	DE	B11	2024-05-29 11:56:05	100	950.0732900	
Monthly Domestic Values	3	2019	Other	GB	B20	2024-05-29 11:56:05	100	43.1559000	
Monthly Domestic Values	9	2019	Other	GB	B20	2024-05-29 11:56:05	100	77.4857700	
Monthly Domestic Values	11	2019	Hydro Run-of-river and poundage	FI	B11	2024-05-29 11:56:05	100	962.6741900	
Monthly Domestic Values	11	2019	Hydro Pumped Storage	FR	B10	2024-05-29 11:56:05	100	511.6950000	
Monthly Domestic Values	9	2019	Fossil Oil	FI	B06	2024-05-29 11:56:05	100	1.6410600	
Monthly Domestic Values	5	2019	Fossil Gas	AT	B04	2024-05-29 11:56:05	100	78.6755000	
Monthly Domestic Values	4	2019	Fossil Gas	FR	B04	2024-05-29 11:56:05	100	2054.8220000	
Monthly Domestic Values	10	2019	Fossil Gas	NL	B04	2024-05-29 11:56:05	100	4243.0821075	
Monthly Domestic Values	1	2019	Hydro Water Reservoir	HR	B12	2024-05-29 11:56:05	100	320.1426100	
Monthly Domestic Values	6	2019	Waste	IT	B17	2024-05-29 11:56:05	100	19.6460000	
Monthly Domestic Values	11	2019	Waste	CZ	B17	2024-05-29 11:56:05	100	15.4666200	
Monthly Domestic Values	12	2019	Waste	HR	B17	2024-05-29 11:56:05	100	1.1850000	
Monthly Domestic Values	5	2019	Fossil Oil	HR	B06	2024-05-29 11:56:05	100	0.0000000	
Monthly Domestic Values	3	2019	Solar	EE	B16	2024-05-29 11:56:05	100	0.5187000	
Monthly Domestic Values	11	2019	Fossil Peat	EE	B08	2024-05-29 11:56:05	100	2.2594000	
Monthly Domestic Values	6	2019	Hydro Run-of-river and poundage	RS	B11	2024-05-29 11:56:05	100	925.9860000	
Monthly Domestic Values	12	2019	Hydro Run-of-river and poundage	RS	B11	2024-05-29 11:56:05	100	802.1460000	
Monthly Domestic Values	10	2019	Other renewable	SK	B15	2024-05-29 11:56:05	100	46.3286000	
Monthly Domestic Values	1	2019	Other	AT	B20	2024-05-29 11:56:05	100	16.3680000	
Monthly Domestic Values	3	2019	Other	NL	B20	2024-05-29 11:56:05	100	3539.0849600	
Monthly Domestic Values	11	2019	Solar	CH	B16	2024-05-29 11:56:05	100	11.6025600	
Monthly Domestic Values	8	2019	Solar	GB	B16	2024-05-29 11:56:05	100	1366.4290000	
Monthly Domestic Values	2	2019	Fossil Coal-derived gas	PL	B03	2024-05-29 11:56:05	100	38.7672900	
Monthly Domestic Values	2	2019	Hydro Run-of-river and poundage	EE	B11	2024-05-29 11:56:05	100	1.7445000	
Monthly Domestic Values	1	2019	Biomass	LU	B01	2024-05-29 11:56:05	100	11.8869800	
Monthly Domestic Values	10	2019	Fossil Brown coal/Lignite	HU	B02	2024-05-29 11:56:05	100	404.7707925	
Monthly Domestic Values	2	2019	Fossil Brown coal/Lignite	SK	B02	2024-05-29 11:56:05	100	111.4377000	
Monthly Domestic Values	2	2019	Fossil Oil	PL	B06	2024-05-29 11:56:05	100	143.9377900	
Monthly Domestic Values	10	2019	Hydro Pumped Storage	IT	B10	2024-05-29 11:56:05	100	262.1320000	
Monthly Domestic Values	5	2019	Wind Offshore	DE	B18	2024-05-29 11:56:05	100	1793.7553875	
Monthly Domestic Values	12	2019	Solar	FR	B16	2024-05-29 11:56:05	100	388.0920000	
Monthly Domestic Values	5	2019	Wind Onshore	ES	B19	2024-05-29 11:56:05	100	4562.5600000	
Monthly Domestic Values	7	2019	Other	IE	B20	2024-05-29 11:56:05	100	0.1261200	
Monthly Domestic Values	6	2019	Hydro Run-of-river and poundage	LV	B11	2024-05-29 11:56:05	100	74.5020000	
Monthly Domestic Values	10	2019	Nuclear	RO	B14	2024-05-29 11:56:05	100	1015.3204400	
Monthly Domestic Values	5	2019	Fossil Hard coal	BG	B05	2024-05-29 11:56:05	100	43.9120000	
Monthly Domestic Values	8	2019	Geothermal	ES	B09	2024-05-29 11:56:05	100	0.0000000	
Monthly Domestic Values	9	2019	Solar	ES	B16	2024-05-29 11:56:05	100	1331.1850000	
Monthly Domestic Values	11	2019	Fossil Gas	BE	B04	2024-05-29 11:56:05	100	2519.4885300	
Monthly Domestic Values	3	2019	Wind Offshore	ES	B18	2024-05-29 11:56:05	100	0.0000000	
Monthly Domestic Values	4	2019	Biomass	LT	B01	2024-05-29 11:56:05	100	36.9002000	
Monthly Domestic Values	3	2019	Biomass	GB	B01	2024-05-29 11:56:05	100	1378.5655000	
Monthly Domestic Values	5	2019	Fossil Brown coal/Lignite	BA	B02	2024-05-29 11:56:05	100	202.9230600	
Monthly Domestic Values	9	2019	Fossil Oil	SI	B06	2024-05-29 11:56:05	100	0.0000000	
Monthly Domestic Values	3	2019	Nuclear	SE	B14	2024-05-29 11:56:05	100	5771.9990000	
Monthly Domestic Values	9	2019	Fossil Oil	CY	B06	2024-05-29 11:56:05	100	436.8769850	
Monthly Domestic Values	3	2019	Hydro Run-of-river and poundage	ES	B11	2024-05-29 11:56:05	100	801.6170000	
Monthly Domestic Values	1	2019	Hydro Run-of-river and poundage	RO	B11	2024-05-29 11:56:05	100	721.0216900	
Monthly Domestic Values	6	2019	Other renewable	ME	B15	2024-05-29 11:56:05	100	0.0000000	
Monthly Domestic Values	9	2019	Wind Onshore	SI	B19	2024-05-29 11:56:05	100	0.3123000	
Monthly Domestic Values	9	2019	Other renewable	CZ	B15	2024-05-29 11:56:05	100	192.7374000	
Monthly Domestic Values	5	2019	Fossil Oil	MK	B06	2024-05-29 11:56:05	100	0.0000000	
Monthly Domestic Values	3	2019	Hydro Pumped Storage	SK	B10	2024-05-29 11:56:05	100	17.6230700	
Monthly Domestic Values	7	2019	Hydro Water Reservoir	HU	B12	2024-05-29 11:56:05	100	9.1031825	
Monthly Domestic Values	3	2019	Hydro Water Reservoir	CH	B12	2024-05-29 11:56:05	100	432.0148900	
Monthly Domestic Values	6	2019	Hydro Water Reservoir	ES	B12	2024-05-29 11:56:05	100	988.6330000	
Monthly Domestic Values	11	2019	Fossil Hard coal	ES	B05	2024-05-29 11:56:05	100	584.9780000	
Monthly Domestic Values	8	2019	Biomass	IT	B01	2024-05-29 11:56:05	100	487.5390000	
Monthly Domestic Values	5	2019	Waste	NL	B17	2024-05-29 11:56:05	100	188.8672050	
Monthly Domestic Values	1	2019	Marine	ES	B13	2024-05-29 11:56:05	100	0.0000000	
Monthly Domestic Values	11	2019	Fossil Oil	CZ	B06	2024-05-29 11:56:05	100	3.4480300	
Monthly Domestic Values	12	2019	Fossil Gas	CZ	B04	2024-05-29 11:56:05	100	401.3865000	
Monthly Domestic Values	11	2019	Hydro Pumped Storage	SK	B10	2024-05-29 11:56:05	100	16.0058100	
Monthly Domestic Values	7	2019	Hydro Run-of-river and poundage	PL	B11	2024-05-29 11:56:05	100	70.5893100	
Monthly Domestic Values	7	2019	Wind Onshore	CH	B19	2024-05-29 11:56:05	100	4.3555100	
Monthly Domestic Values	2	2019	Waste	ES	B17	2024-05-29 11:56:05	100	202.4960000	
Monthly Domestic Values	8	2019	Fossil Gas	ES	B04	2024-05-29 11:56:05	100	9064.3010000	
Monthly Domestic Values	12	2019	Solar	SI	B16	2024-05-29 11:56:05	100	7.8642200	
Monthly Domestic Values	11	2019	Hydro Water Reservoir	CZ	B12	2024-05-29 11:56:05	100	44.0662500	
Monthly Domestic Values	9	2019	Fossil Hard coal	BA	B05	2024-05-29 11:56:05	100	653.6082200	
Monthly Domestic Values	9	2019	Fossil Hard coal	GB	B05	2024-05-29 11:56:05	100	168.7780000	
Monthly Domestic Values	5	2019	Hydro Run-of-river and poundage	CH	B11	2024-05-29 11:56:05	100	165.5674300	
Monthly Domestic Values	1	2019	Fossil Hard coal	DE	B05	2024-05-29 11:56:05	100	7558.0297375	
Monthly Domestic Values	11	2019	Waste	HU	B17	2024-05-29 11:56:05	100	16.6208750	
Monthly Domestic Values	2	2019	Hydro Pumped Storage	CZ	B10	2024-05-29 11:56:05	100	77.8969500	
Monthly Domestic Values	11	2019	Hydro Pumped Storage	PL	B10	2024-05-29 11:56:05	100	82.3887400	
Monthly Domestic Values	6	2019	Waste	LU	B17	2024-05-29 11:56:05	100	9.6711025	
Monthly Domestic Values	2	2019	Wind Offshore	BE	B18	2024-05-29 11:56:05	100	304.0917700	
Monthly Domestic Values	1	2019	Other	FI	B20	2024-05-29 11:56:05	100	229.7110700	
Monthly Domestic Values	9	2019	Other	LV	B20	2024-05-29 11:56:05	100	40.8190000	
Monthly Domestic Values	6	2019	Wind Onshore	LV	B19	2024-05-29 11:56:05	100	6.2910000	
Monthly Domestic Values	4	2019	Wind Onshore	BG	B19	2024-05-29 11:56:05	100	80.3270000	
Monthly Domestic Values	8	2019	Nuclear	HU	B14	2024-05-29 11:56:05	100	1266.3974225	
Monthly Domestic Values	11	2019	Fossil Brown coal/Lignite	SI	B02	2024-05-29 11:56:05	100	333.5396300	
Monthly Domestic Values	3	2019	Nuclear	CZ	B14	2024-05-29 11:56:05	100	2175.1579600	
Monthly Domestic Values	12	2019	Waste	BG	B17	2024-05-29 11:56:05	100	2.8540000	
Monthly Domestic Values	7	2019	Hydro Water Reservoir	LU	B12	2024-05-29 11:56:05	100	0.2266650	
Monthly Domestic Values	8	2019	Solar	AT	B16	2024-05-29 11:56:05	100	82.6310000	
Monthly Domestic Values	7	2019	Biomass	RO	B01	2024-05-29 11:56:05	100	33.3784100	
Monthly Domestic Values	6	2019	Fossil Brown coal/Lignite	RS	B02	2024-05-29 11:56:05	100	1515.0400000	
Monthly Domestic Values	4	2019	Fossil Oil	DE	B06	2024-05-29 11:56:05	100	230.9593800	
Monthly Domestic Values	9	2019	Fossil Brown coal/Lignite	BG	B02	2024-05-29 11:56:05	100	1449.4330000	
Monthly Domestic Values	8	2019	Hydro Pumped Storage	LT	B10	2024-05-29 11:56:05	100	92.3262400	
Monthly Domestic Values	6	2019	Fossil Gas	NO	B04	2024-05-29 11:56:05	100	249.5333300	
Monthly Domestic Values	12	2019	Hydro Run-of-river and poundage	BG	B11	2024-05-29 11:56:05	100	56.5140000	
Monthly Domestic Values	8	2019	Other	BE	B20	2024-05-29 11:56:05	100	369.5646800	
Monthly Domestic Values	1	2019	Other	HU	B20	2024-05-29 11:56:05	100	54.6006725	
Monthly Domestic Values	3	2019	Hydro Run-of-river and poundage	PT	B11	2024-05-29 11:56:05	100	533.6454000	
Monthly Domestic Values	6	2019	Hydro Run-of-river and poundage	SK	B11	2024-05-29 11:56:05	100	457.9322300	
Monthly Domestic Values	1	2019	Waste	BG	B17	2024-05-29 11:56:05	100	2.7620000	
Monthly Domestic Values	3	2019	Hydro Pumped Storage	BE	B10	2024-05-29 11:56:05	100	78.2555100	
Monthly Domestic Values	12	2019	Hydro Pumped Storage	BE	B10	2024-05-29 11:56:05	100	100.0222600	
Monthly Domestic Values	12	2019	Fossil Oil	GB	B06	2024-05-29 11:56:05	100	0.0362850	
Monthly Domestic Values	7	2019	Fossil Gas	HU	B04	2024-05-29 11:56:05	100	621.5788675	
Monthly Domestic Values	5	2019	Hydro Run-of-river and poundage	NO	B11	2024-05-29 11:56:05	100	1165.4918700	
Monthly Domestic Values	1	2019	Fossil Hard coal	BE	B05	2024-05-29 11:56:05	100	0.0000000	
Monthly Domestic Values	9	2019	Biomass	GB	B01	2024-05-29 11:56:05	100	1250.5745000	
Monthly Domestic Values	9	2019	Fossil Hard coal	SK	B05	2024-05-29 11:56:05	100	9.8243000	
Monthly Domestic Values	8	2019	Geothermal	AT	B09	2024-05-29 11:56:05	100	0.0520800	
Monthly Domestic Values	12	2019	Fossil Brown coal/Lignite	CZ	B02	2024-05-29 11:56:05	100	2992.7320800	
Monthly Domestic Values	3	2019	Fossil Oil	SI	B06	2024-05-29 11:56:05	100	0.0000000	
Monthly Domestic Values	12	2019	Hydro Run-of-river and poundage	BE	B11	2024-05-29 11:56:05	100	19.3263600	
Monthly Domestic Values	5	2019	Hydro Run-of-river and poundage	IE	B11	2024-05-29 11:56:05	100	20.0496600	
Monthly Domestic Values	6	2019	Other	CZ	B20	2024-05-29 11:56:05	100	78.5046900	
Monthly Domestic Values	9	2019	Hydro Water Reservoir	CH	B12	2024-05-29 11:56:05	100	966.3770300	
Monthly Domestic Values	1	2019	Hydro Run-of-river and poundage	IT	B11	2024-05-29 11:56:05	100	1944.5080000	
Monthly Domestic Values	11	2019	Fossil Coal-derived gas	CZ	B03	2024-05-29 11:56:05	100	154.1895700	
Monthly Domestic Values	3	2019	Wind Onshore	BA	B19	2024-05-29 11:56:05	100	19.5730800	
Monthly Domestic Values	7	2019	Hydro Run-of-river and poundage	HU	B11	2024-05-29 11:56:05	100	6.7150000	
Monthly Domestic Values	1	2019	Fossil Gas	CZ	B04	2024-05-29 11:56:05	100	535.5991300	
Monthly Domestic Values	11	2019	Fossil Oil	MK	B06	2024-05-29 11:56:05	100	0.0000000	
Monthly Domestic Values	1	2019	Solar	ES	B16	2024-05-29 11:56:05	100	660.0270000	
Monthly Domestic Values	2	2019	Solar	NL	B16	2024-05-29 11:56:05	100	2.3098700	
Monthly Domestic Values	6	2019	Fossil Gas	IE	B04	2024-05-29 11:56:05	100	861.7413050	
Monthly Domestic Values	11	2019	Fossil Gas	FI	B04	2024-05-29 11:56:05	100	433.3771900	
Monthly Domestic Values	9	2019	Fossil Hard coal	DE	B05	2024-05-29 11:56:05	100	2491.2433450	
Monthly Domestic Values	7	2019	Fossil Hard coal	FI	B05	2024-05-29 11:56:05	100	143.2305600	
Monthly Domestic Values	2	2019	Fossil Peat	FI	B08	2024-05-29 11:56:05	100	389.0737700	
Monthly Domestic Values	8	2019	Hydro Pumped Storage	IE	B10	2024-05-29 11:56:05	100	22.1663950	
Monthly Domestic Values	10	2019	Nuclear	NL	B14	2024-05-29 11:56:05	100	353.7615350	
Monthly Domestic Values	9	2019	Solar	HU	B16	2024-05-29 11:56:05	100	20.6641025	
Monthly Domestic Values	9	2019	Hydro Water Reservoir	MK	B12	2024-05-29 11:56:05	100	42.6573000	
Monthly Domestic Values	3	2019	Biomass	LV	B01	2024-05-29 11:56:05	100	63.9640000	
Monthly Domestic Values	7	2019	Waste	LT	B17	2024-05-29 11:56:05	100	9.6590400	
Monthly Domestic Values	3	2019	Fossil Brown coal/Lignite	CZ	B02	2024-05-29 11:56:05	100	2999.4871500	
Monthly Domestic Values	3	2019	Fossil Hard coal	GB	B05	2024-05-29 11:56:05	100	445.4589650	
Monthly Domestic Values	1	2019	Fossil Oil	GB	B06	2024-05-29 11:56:05	100	0.7360900	
Monthly Domestic Values	5	2019	Fossil Peat	EE	B08	2024-05-29 11:56:05	100	3.1282000	
Monthly Domestic Values	3	2019	Hydro Pumped Storage	BG	B10	2024-05-29 11:56:05	100	64.7130000	
Monthly Domestic Values	10	2019	Other	DE	B20	2024-05-29 11:56:05	100	260.9814425	
Monthly Domestic Values	12	2019	Other	HU	B20	2024-05-29 11:56:05	100	53.0325200	
Monthly Domestic Values	10	2019	Wind Onshore	FI	B19	2024-05-29 11:56:05	100	445.6454800	
Monthly Domestic Values	8	2019	Wind Onshore	CZ	B19	2024-05-29 11:56:05	100	25.5775600	
Monthly Domestic Values	7	2019	Biomass	SK	B01	2024-05-29 11:56:05	100	76.1610000	
Monthly Domestic Values	8	2019	Biomass	HU	B01	2024-05-29 11:56:05	100	65.3528225	
Monthly Domestic Values	12	2019	Fossil Brown coal/Lignite	RS	B02	2024-05-29 11:56:05	100	2245.0280000	
Monthly Domestic Values	3	2019	Fossil Brown coal/Lignite	BG	B02	2024-05-29 11:56:05	100	1499.0780000	
Monthly Domestic Values	1	2019	Fossil Gas	HU	B04	2024-05-29 11:56:05	100	982.7546050	
Monthly Domestic Values	1	2019	Fossil Gas	RO	B04	2024-05-29 11:56:05	100	1301.7092800	
Monthly Domestic Values	3	2019	Hydro Run-of-river and poundage	BG	B11	2024-05-29 11:56:05	100	106.7180000	
Monthly Domestic Values	11	2019	Hydro Run-of-river and poundage	NO	B11	2024-05-29 11:56:05	100	737.1298800	
Monthly Domestic Values	5	2019	Other renewable	HU	B15	2024-05-29 11:56:05	100	7.8483675	
Monthly Domestic Values	12	2019	Wind Onshore	PT	B19	2024-05-29 11:56:05	100	1498.0481000	
Monthly Domestic Values	9	2019	Hydro Run-of-river and poundage	PT	B11	2024-05-29 11:56:05	100	320.5637000	
Monthly Domestic Values	9	2019	Wind Onshore	GB	B19	2024-05-29 11:56:05	100	1985.0304300	
Monthly Domestic Values	1	2019	Biomass	NL	B01	2024-05-29 11:56:05	100	0.0000000	
Monthly Domestic Values	10	2019	Biomass	SI	B01	2024-05-29 11:56:05	100	8.5081100	
Monthly Domestic Values	2	2019	Fossil Brown coal/Lignite	ES	B02	2024-05-29 11:56:05	100	161.7990000	
Monthly Domestic Values	6	2019	Fossil Brown coal/Lignite	CZ	B02	2024-05-29 11:56:05	100	1900.0744000	
Monthly Domestic Values	2	2019	Fossil Oil	BE	B06	2024-05-29 11:56:05	100	0.0439400	
Monthly Domestic Values	12	2019	Fossil Gas	RS	B04	2024-05-29 11:56:05	100	1.4880000	
Monthly Domestic Values	6	2019	Hydro Run-of-river and poundage	BA	B11	2024-05-29 11:56:05	100	8.5765400	
Monthly Domestic Values	7	2019	Hydro Run-of-river and poundage	IT	B11	2024-05-29 11:56:05	100	3917.5390000	
Monthly Domestic Values	8	2019	Solar	RO	B16	2024-05-29 11:56:05	100	165.2951200	
Monthly Domestic Values	9	2019	Wind Onshore	BA	B19	2024-05-29 11:56:05	100	9.9029100	
Monthly Domestic Values	1	2019	Hydro Run-of-river and poundage	HU	B11	2024-05-29 11:56:05	100	7.8497425	
Monthly Domestic Values	6	2019	Hydro Run-of-river and poundage	BE	B11	2024-05-29 11:56:05	100	7.2912200	
Monthly Domestic Values	4	2019	Wind Onshore	HU	B19	2024-05-29 11:56:05	100	70.1454050	
Monthly Domestic Values	9	2019	Fossil Hard coal	NL	B05	2024-05-29 11:56:05	100	399.9925700	
Monthly Domestic Values	10	2019	Fossil Hard coal	PL	B05	2024-05-29 11:56:05	100	6742.1852200	
Monthly Domestic Values	4	2019	Waste	SI	B17	2024-05-29 11:56:05	100	5.4231600	
Monthly Domestic Values	3	2019	Fossil Brown coal/Lignite	PL	B02	2024-05-29 11:56:05	100	3067.7707500	
Monthly Domestic Values	7	2019	Fossil Gas	MK	B04	2024-05-29 11:56:05	100	158.0420000	
Monthly Domestic Values	8	2019	Waste	ES	B17	2024-05-29 11:56:05	100	226.7370000	
Monthly Domestic Values	6	2019	Fossil Gas	LV	B04	2024-05-29 11:56:05	100	243.6730000	
Monthly Domestic Values	12	2019	Hydro Water Reservoir	FR	B12	2024-05-29 11:56:05	100	2293.8620000	
Monthly Domestic Values	4	2019	Fossil Hard coal	IE	B05	2024-05-29 11:56:05	100	10.3733400	
Monthly Domestic Values	7	2019	Waste	DE	B17	2024-05-29 11:56:05	100	306.2970950	
Monthly Domestic Values	9	2019	Nuclear	DE	B14	2024-05-29 11:56:05	100	5789.7033425	
Monthly Domestic Values	11	2019	Hydro Water Reservoir	DE	B12	2024-05-29 11:56:05	100	84.8487350	
Monthly Domestic Values	1	2019	Hydro Water Reservoir	LU	B12	2024-05-29 11:56:05	100	1.9302300	
Monthly Domestic Values	10	2019	Solar	LU	B16	2024-05-29 11:56:05	100	5.9493600	
Monthly Domestic Values	5	2019	Wind Onshore	IE	B19	2024-05-29 11:56:05	100	524.2938550	
Monthly Domestic Values	9	2019	Wind Onshore	NO	B19	2024-05-29 11:56:05	100	493.2993400	
Monthly Domestic Values	2	2019	Biomass	FI	B01	2024-05-29 11:56:05	100	564.9870500	
Monthly Domestic Values	11	2019	Biomass	RS	B01	2024-05-29 11:56:05	100	10.8000000	
Monthly Domestic Values	5	2019	Waste	BE	B17	2024-05-29 11:56:05	100	179.3736900	
Monthly Domestic Values	1	2019	Geothermal	IT	B09	2024-05-29 11:56:05	100	496.2280000	
Monthly Domestic Values	9	2019	Fossil Gas	NO	B04	2024-05-29 11:56:05	100	233.1867400	
Monthly Domestic Values	1	2019	Solar	SK	B16	2024-05-29 11:56:05	100	15.2858000	
Monthly Domestic Values	4	2019	Hydro Water Reservoir	NO	B12	2024-05-29 11:56:05	100	8480.6836200	
Monthly Domestic Values	8	2019	Solar	BG	B16	2024-05-29 11:56:05	100	164.8260000	
Monthly Domestic Values	10	2019	Hydro Run-of-river and poundage	EE	B11	2024-05-29 11:56:05	100	1.1312000	
Monthly Domestic Values	12	2019	Wind Onshore	SK	B19	2024-05-29 11:56:05	100	0.4865000	
Monthly Domestic Values	6	2019	Wind Onshore	GB	B19	2024-05-29 11:56:05	100	1678.0383400	
Monthly Domestic Values	1	2019	Biomass	AT	B01	2024-05-29 11:56:05	100	228.2430000	
Monthly Domestic Values	11	2019	Biomass	PT	B01	2024-05-29 11:56:05	100	234.3449000	
Monthly Domestic Values	1	2019	Fossil Oil	HU	B06	2024-05-29 11:56:05	100	0.0014675	
Monthly Domestic Values	6	2019	Hydro Water Reservoir	ME	B12	2024-05-29 11:56:05	100	140.8563900	
Monthly Domestic Values	1	2019	Hydro Pumped Storage	HR	B10	2024-05-29 11:56:05	100	41.5349600	
Monthly Domestic Values	4	2019	Other	FI	B20	2024-05-29 11:56:05	100	45.5184000	
Monthly Domestic Values	5	2019	Other renewable	DE	B15	2024-05-29 11:56:05	100	98.4301800	
Monthly Domestic Values	6	2019	Hydro Run-of-river and poundage	MK	B11	2024-05-29 11:56:05	100	3.1355300	
Monthly Domestic Values	9	2019	Hydro Run-of-river and poundage	ES	B11	2024-05-29 11:56:05	100	384.9440000	
Monthly Domestic Values	12	2019	Hydro Run-of-river and poundage	BA	B11	2024-05-29 11:56:05	100	8.1603000	
Monthly Domestic Values	1	2019	Wind Onshore	BG	B19	2024-05-29 11:56:05	100	130.2480000	
Monthly Domestic Values	8	2019	Wind Onshore	SE	B19	2024-05-29 11:56:05	100	1189.6160000	
Monthly Domestic Values	5	2019	Biomass	IT	B01	2024-05-29 11:56:05	100	385.2820000	
Monthly Domestic Values	3	2019	Fossil Hard coal	DK	B05	2024-05-29 11:56:05	100	478.5085700	
Monthly Domestic Values	2	2019	Waste	NL	B17	2024-05-29 11:56:05	100	150.1092825	
Monthly Domestic Values	10	2019	Fossil Brown coal/Lignite	ES	B02	2024-05-29 11:56:05	100	0.0000000	
Monthly Domestic Values	4	2019	Nuclear	NL	B14	2024-05-29 11:56:05	100	347.0966375	
Monthly Domestic Values	7	2019	Hydro Pumped Storage	PT	B10	2024-05-29 11:56:05	100	116.7299000	
Monthly Domestic Values	8	2019	Wind Onshore	RO	B19	2024-05-29 11:56:05	100	426.5766300	
Monthly Domestic Values	6	2019	Other renewable	AT	B15	2024-05-29 11:56:05	100	0.0000000	
Monthly Domestic Values	8	2019	Wind Onshore	ME	B19	2024-05-29 11:56:05	100	12.2233900	
Monthly Domestic Values	8	2019	Hydro Run-of-river and poundage	DE	B11	2024-05-29 11:56:05	100	1419.0360025	
Monthly Domestic Values	8	2019	Other renewable	ES	B15	2024-05-29 11:56:05	100	69.2740000	
Monthly Domestic Values	4	2019	Other renewable	HR	B15	2024-05-29 11:56:05	100	32.8730000	
Monthly Domestic Values	2	2019	Wind Onshore	RO	B19	2024-05-29 11:56:05	100	645.3400000	
Monthly Domestic Values	3	2019	Wind Onshore	GR	B19	2024-05-29 11:56:05	100	559.0800000	
Monthly Domestic Values	3	2019	Fossil Gas	FI	B04	2024-05-29 11:56:05	100	522.3242500	
Monthly Domestic Values	8	2019	Hydro Water Reservoir	IT	B12	2024-05-29 11:56:05	100	909.9040000	
Monthly Domestic Values	9	2019	Other	IT	B20	2024-05-29 11:56:05	100	2078.3680000	
Monthly Domestic Values	12	2019	Hydro Run-of-river and poundage	GB	B11	2024-05-29 11:56:05	100	448.3980000	
Monthly Domestic Values	9	2019	Hydro Run-of-river and poundage	AT	B11	2024-05-29 11:56:05	100	1857.1329000	
Monthly Domestic Values	8	2019	Hydro Run-of-river and poundage	CH	B11	2024-05-29 11:56:05	100	221.9684000	
Monthly Domestic Values	1	2019	Biomass	LT	B01	2024-05-29 11:56:05	100	41.7430600	
Monthly Domestic Values	4	2019	Biomass	DK	B01	2024-05-29 11:56:05	100	302.5104300	
Monthly Domestic Values	7	2019	Biomass	ES	B01	2024-05-29 11:56:05	100	276.2860000	
Monthly Domestic Values	10	2019	Biomass	DK	B01	2024-05-29 11:56:05	100	357.1418700	
Monthly Domestic Values	6	2019	Fossil Hard coal	SK	B05	2024-05-29 11:56:05	100	36.3093000	
Monthly Domestic Values	1	2019	Waste	LT	B17	2024-05-29 11:56:05	100	13.8962800	
Monthly Domestic Values	6	2019	Other renewable	CZ	B15	2024-05-29 11:56:05	100	190.2463200	
Monthly Domestic Values	3	2019	Fossil Gas	IE	B04	2024-05-29 11:56:05	100	592.2661950	
Monthly Domestic Values	3	2019	Hydro Water Reservoir	CZ	B12	2024-05-29 11:56:05	100	206.3269700	
Monthly Domestic Values	11	2019	Other	EE	B20	2024-05-29 11:56:05	100	0.0000000	
Monthly Domestic Values	2	2019	Hydro Run-of-river and poundage	FR	B11	2024-05-29 11:56:05	100	3245.6560000	
Monthly Domestic Values	9	2019	Solar	IT	B16	2024-05-29 11:56:05	100	1812.4610000	
Monthly Domestic Values	6	2019	Hydro Run-of-river and poundage	SI	B11	2024-05-29 11:56:05	100	516.6794200	
Monthly Domestic Values	12	2019	Fossil Brown coal/Lignite	GR	B02	2024-05-29 11:56:05	100	1031.5420000	
Monthly Domestic Values	2	2019	Nuclear	FR	B14	2024-05-29 11:56:05	100	35940.1380000	
Monthly Domestic Values	6	2019	Nuclear	SE	B14	2024-05-29 11:56:05	100	5765.7480000	
Monthly Domestic Values	8	2019	Fossil Gas	PL	B04	2024-05-29 11:56:05	100	952.0165500	
Monthly Domestic Values	5	2019	Hydro Pumped Storage	ES	B10	2024-05-29 11:56:05	100		
Monthly Domestic Values	1	2019	Hydro Water Reservoir	SK	B12	2024-05-29 11:56:05	100	18.2205500	
Monthly Domestic Values	1	2019	Biomass	RO	B01	2024-05-29 11:56:05	100	40.7118500	
Monthly Domestic Values	5	2019	Fossil Hard coal	PT	B05	2024-05-29 11:56:05	100	344.7591000	
Monthly Domestic Values	11	2019	Biomass	LV	B01	2024-05-29 11:56:05	100	51.7500000	
Monthly Domestic Values	4	2019	Fossil Oil	DK	B06	2024-05-29 11:56:05	100	20.1821300	
Monthly Domestic Values	11	2019	Waste	BE	B17	2024-05-29 11:56:05	100	174.0662300	
Monthly Domestic Values	7	2019	Fossil Brown coal/Lignite	RO	B02	2024-05-29 11:56:05	100	1153.0878500	
Monthly Domestic Values	3	2019	Wind Onshore	PT	B19	2024-05-29 11:56:05	100	1079.0115000	
Monthly Domestic Values	6	2019	Wind Onshore	SK	B19	2024-05-29 11:56:05	100	0.0000000	
Monthly Domestic Values	4	2019	Other	IE	B20	2024-05-29 11:56:05	100	0.5902200	
Monthly Domestic Values	3	2019	Hydro Run-of-river and poundage	SK	B11	2024-05-29 11:56:05	100	529.5476200	
Monthly Domestic Values	8	2019	Fossil Brown coal/Lignite	ME	B02	2024-05-29 11:56:05	100	144.3281700	
Monthly Domestic Values	7	2019	Fossil Oil	GR	B06	2024-05-29 11:56:05	100	0.0000000	
Monthly Domestic Values	6	2019	Hydro Pumped Storage	SI	B10	2024-05-29 11:56:05	100	27.6299600	
Monthly Domestic Values	5	2019	Wind Offshore	DK	B18	2024-05-29 11:56:05	100	524.5129300	
Monthly Domestic Values	5	2019	Geothermal	ES	B09	2024-05-29 11:56:05	100	0.0000000	
Monthly Domestic Values	2	2019	Hydro Run-of-river and poundage	NO	B11	2024-05-29 11:56:05	100	676.9288400	
Monthly Domestic Values	5	2019	Fossil Hard coal	CZ	B05	2024-05-29 11:56:05	100	104.4091300	
Monthly Domestic Values	9	2019	Fossil Hard coal	FR	B05	2024-05-29 11:56:05	100	26.6030000	
Monthly Domestic Values	8	2019	Waste	HU	B17	2024-05-29 11:56:05	100	7.1190700	
Monthly Domestic Values	9	2019	Waste	LU	B17	2024-05-29 11:56:05	100	7.1702250	
Monthly Domestic Values	2	2019	Fossil Oil	HR	B06	2024-05-29 11:56:05	100	10.5097100	
Monthly Domestic Values	5	2019	Nuclear	CH	B14	2024-05-29 11:56:05	100	2075.7883000	
Monthly Domestic Values	8	2019	Fossil Gas	IT	B04	2024-05-29 11:56:05	100	10341.2230000	
Monthly Domestic Values	12	2019	Hydro Water Reservoir	ME	B12	2024-05-29 11:56:05	100	309.3039800	
Monthly Domestic Values	6	2019	Nuclear	GB	B14	2024-05-29 11:56:05	100	3187.0620000	
Monthly Domestic Values	5	2019	Fossil Coal-derived gas	PL	B03	2024-05-29 11:56:05	100	46.4572100	
Monthly Domestic Values	10	2019	Other	FI	B20	2024-05-29 11:56:05	100	63.2283000	
Monthly Domestic Values	6	2019	Hydro Run-of-river and poundage	NL	B11	2024-05-29 11:56:05	100	0.0000000	
Monthly Domestic Values	5	2019	Biomass	HR	B01	2024-05-29 11:56:05	100	34.1150000	
Monthly Domestic Values	11	2019	Fossil Hard coal	IT	B05	2024-05-29 11:56:05	100	1606.0990000	
Monthly Domestic Values	9	2019	Waste	FR	B17	2024-05-29 11:56:05	100	142.1430000	
Monthly Domestic Values	2	2019	Fossil Hard coal	HR	B05	2024-05-29 11:56:05	100	115.2232900	
Monthly Domestic Values	9	2019	Fossil Oil	SK	B06	2024-05-29 11:56:05	100	44.4737000	
Monthly Domestic Values	8	2019	Hydro Pumped Storage	FR	B10	2024-05-29 11:56:05	100	378.0590000	
Monthly Domestic Values	12	2019	Fossil Gas	LV	B04	2024-05-29 11:56:05	100	155.7640000	
Monthly Domestic Values	10	2019	Solar	GR	B16	2024-05-29 11:56:05	100	299.9840000	
Monthly Domestic Values	4	2019	Wind Onshore	MK	B19	2024-05-29 11:56:05	100	4.8447600	
Monthly Domestic Values	10	2019	Nuclear	FR	B14	2024-05-29 11:56:05	100	28937.6520000	
Monthly Domestic Values	6	2019	Fossil Oil	FI	B06	2024-05-29 11:56:05	100	1.2437300	
Monthly Domestic Values	1	2019	Fossil Gas	GB	B04	2024-05-29 11:56:05	100	13461.7983400	
Monthly Domestic Values	4	2019	Nuclear	SI	B14	2024-05-29 11:56:05	100	499.9819200	
Monthly Domestic Values	8	2019	Hydro Water Reservoir	RO	B12	2024-05-29 11:56:05	100	387.3902500	
Monthly Domestic Values	6	2019	Hydro Water Reservoir	FR	B12	2024-05-29 11:56:05	100	996.6850000	
Monthly Domestic Values	10	2019	Fossil Hard coal	IE	B05	2024-05-29 11:56:05	100	9.6976500	
Monthly Domestic Values	1	2019	Waste	DE	B17	2024-05-29 11:56:05	100	480.7437700	
Monthly Domestic Values	12	2019	Fossil Oil	DK	B06	2024-05-29 11:56:05	100	20.4203100	
Monthly Domestic Values	4	2019	Fossil Oil	IT	B06	2024-05-29 11:56:05	100	33.2390000	
Monthly Domestic Values	5	2019	Fossil Gas	BG	B04	2024-05-29 11:56:05	100	149.0490000	
Monthly Domestic Values	5	2019	Fossil Oil	ES	B06	2024-05-29 11:56:05	100	193.1860000	
Monthly Domestic Values	7	2019	Wind Onshore	CY	B19	2024-05-29 11:56:05	100	3.8855550	
Monthly Domestic Values	3	2019	Wind Onshore	NO	B19	2024-05-29 11:56:05	100	522.8258200	
Monthly Domestic Values	5	2019	Hydro Water Reservoir	DE	B12	2024-05-29 11:56:05	100	102.9879775	
Monthly Domestic Values	1	2019	Solar	LT	B16	2024-05-29 11:56:05	100	0.7493800	
Monthly Domestic Values	5	2019	Fossil Oil shale	EE	B07	2024-05-29 11:56:05	100	294.5673000	
Monthly Domestic Values	11	2019	Solar	BE	B16	2024-05-29 11:56:05	100	117.5607900	
Monthly Domestic Values	2	2019	Wind Onshore	DE	B19	2024-05-29 11:56:05	100	8881.5718575	
Monthly Domestic Values	1	2019	Hydro Run-of-river and poundage	LU	B11	2024-05-29 11:56:05	100	10.2197875	
Monthly Domestic Values	7	2019	Biomass	LU	B01	2024-05-29 11:56:05	100	19.5338275	
Monthly Domestic Values	1	2019	Fossil Brown coal/Lignite	RO	B02	2024-05-29 11:56:05	100	1170.9610300	
Monthly Domestic Values	3	2019	Hydro Pumped Storage	DE	B10	2024-05-29 11:56:05	100	844.3500025	
Monthly Domestic Values	12	2019	Nuclear	BE	B14	2024-05-29 11:56:05	100	3719.5826500	
Monthly Domestic Values	8	2019	Fossil Hard coal	BG	B05	2024-05-29 11:56:05	100	44.2250000	
Monthly Domestic Values	7	2019	Fossil Gas	LT	B04	2024-05-29 11:56:05	100	29.3544500	
Monthly Domestic Values	9	2019	Wind Offshore	ES	B18	2024-05-29 11:56:05	100	0.0000000	
Monthly Domestic Values	12	2019	Wind Onshore	LU	B19	2024-05-29 11:56:05	100	37.7709000	
Monthly Domestic Values	9	2019	Hydro Run-of-river and poundage	LV	B11	2024-05-29 11:56:05	100	75.6520000	
Monthly Domestic Values	5	2019	Other renewable	EE	B15	2024-05-29 11:56:05	100	4.5566000	
Monthly Domestic Values	9	2019	Fossil Gas	GR	B04	2024-05-29 11:56:05	100	1647.1390000	
Monthly Domestic Values	3	2019	Wind Offshore	GB	B18	2024-05-29 11:56:05	100	1849.6291600	
Monthly Domestic Values	12	2019	Solar	ES	B16	2024-05-29 11:56:05	100	588.6350000	
Monthly Domestic Values	2	2019	Fossil Gas	BE	B04	2024-05-29 11:56:05	100	1936.5717600	
Monthly Domestic Values	10	2019	Hydro Water Reservoir	SE	B12	2024-05-29 11:56:05	100	5750.6080000	
Monthly Domestic Values	1	2019	Other	NO	B20	2024-05-29 11:56:05	100	135.8298600	
Monthly Domestic Values	2	2019	Fossil Hard coal	AT	B05	2024-05-29 11:56:05	100	183.7290000	
Monthly Domestic Values	3	2019	Fossil Hard coal	FR	B05	2024-05-29 11:56:05	100	12.8020000	
Monthly Domestic Values	4	2019	Geothermal	DE	B09	2024-05-29 11:56:05	100	15.5973175	
Monthly Domestic Values	11	2019	Fossil Hard coal	CZ	B05	2024-05-29 11:56:05	100	205.4786100	
Monthly Domestic Values	9	2019	Fossil Oil	AT	B06	2024-05-29 11:56:05	100	0.0000000	
Monthly Domestic Values	2	2019	Nuclear	RO	B14	2024-05-29 11:56:05	100	926.7410000	
Monthly Domestic Values	4	2019	Wind Onshore	EE	B19	2024-05-29 11:56:05	100	39.8671000	
Monthly Domestic Values	12	2019	Nuclear	GB	B14	2024-05-29 11:56:05	100	4881.2375000	
Monthly Domestic Values	6	2019	Other	NL	B20	2024-05-29 11:56:05	100	2431.6426025	
Monthly Domestic Values	10	2019	Hydro Water Reservoir	PL	B12	2024-05-29 11:56:05	100	5.7595400	
Monthly Domestic Values	4	2019	Other	SK	B20	2024-05-29 11:56:05	100	104.3488000	
Monthly Domestic Values	2	2019	Hydro Run-of-river and poundage	LT	B11	2024-05-29 11:56:05	100	49.4949500	
Monthly Domestic Values	12	2019	Hydro Run-of-river and poundage	NL	B11	2024-05-29 11:56:05	100	0.0000000	
Monthly Domestic Values	5	2019	Biomass	DE	B01	2024-05-29 11:56:05	100	3501.0426175	
Monthly Domestic Values	7	2019	Waste	AT	B17	2024-05-29 11:56:05	100	74.4000000	
Monthly Domestic Values	10	2019	Waste	EE	B17	2024-05-29 11:56:05	100	10.4863000	
Monthly Domestic Values	1	2019	Hydro Pumped Storage	PT	B10	2024-05-29 11:56:05	100	249.8942000	
Monthly Domestic Values	10	2019	Fossil Gas	FR	B04	2024-05-29 11:56:05	100	3048.7060000	
Monthly Domestic Values	7	2019	Fossil Gas	SK	B04	2024-05-29 11:56:05	100	232.2542000	
Monthly Domestic Values	3	2019	Fossil Gas	HR	B04	2024-05-29 11:56:05	100	118.6032100	
Monthly Domestic Values	3	2019	Solar	DK	B16	2024-05-29 11:56:05	100	73.3042600	
Monthly Domestic Values	2	2019	Hydro Water Reservoir	IT	B12	2024-05-29 11:56:05	100	520.2580000	
Monthly Domestic Values	3	2019	Solar	BE	B16	2024-05-29 11:56:05	100	243.9862100	
Monthly Domestic Values	11	2019	Other	ES	B20	2024-05-29 11:56:05	100	22.5540000	
Monthly Domestic Values	8	2019	Fossil Coal-derived gas	IT	B03	2024-05-29 11:56:05	100	497.9450000	
Monthly Domestic Values	2	2019	Biomass	BG	B01	2024-05-29 11:56:05	100	19.8290000	
Monthly Domestic Values	8	2019	Biomass	BG	B01	2024-05-29 11:56:05	100	18.5450000	
Monthly Domestic Values	6	2019	Fossil Brown coal/Lignite	GR	B02	2024-05-29 11:56:05	100	869.4070000	
Monthly Domestic Values	5	2019	Fossil Gas	EE	B04	2024-05-29 11:56:05	100	1.0549000	
Monthly Domestic Values	9	2019	Fossil Gas	GB	B04	2024-05-29 11:56:05	100	7605.3296850	
Monthly Domestic Values	1	2019	Fossil Gas	GR	B04	2024-05-29 11:56:05	100	2163.8730000	
Monthly Domestic Values	5	2019	Other	EE	B20	2024-05-29 11:56:05	100	0.0000000	
Monthly Domestic Values	8	2019	Hydro Run-of-river and poundage	FR	B11	2024-05-29 11:56:05	100	2577.7950000	
Monthly Domestic Values	5	2019	Hydro Run-of-river and poundage	HR	B11	2024-05-29 11:56:05	100	193.3063200	
Monthly Domestic Values	2	2019	Fossil Gas	PL	B04	2024-05-29 11:56:05	100	776.8513000	
Monthly Domestic Values	11	2019	Fossil Gas	EE	B04	2024-05-29 11:56:05	100	2.1082000	
Monthly Domestic Values	11	2019	Hydro Pumped Storage	ES	B10	2024-05-29 11:56:05	100		
Monthly Domestic Values	4	2019	Fossil Gas	DE	B04	2024-05-29 11:56:05	100	3644.3726125	
Monthly Domestic Values	5	2019	Wind Offshore	NL	B18	2024-05-29 11:56:05	100	239.2365125	
Monthly Domestic Values	12	2019	Hydro Water Reservoir	NO	B12	2024-05-29 11:56:05	100	10439.3431300	
Monthly Domestic Values	5	2019	Biomass	BE	B01	2024-05-29 11:56:05	100	85.4430000	
Monthly Domestic Values	9	2019	Hydro Pumped Storage	DE	B10	2024-05-29 11:56:05	100	637.5960100	
Monthly Domestic Values	1	2019	Fossil Gas	DK	B04	2024-05-29 11:56:05	100	390.3997900	
Monthly Domestic Values	4	2019	Solar	PT	B16	2024-05-29 11:56:05	100	91.2790000	
Monthly Domestic Values	7	2019	Solar	SK	B16	2024-05-29 11:56:05	100	66.2301000	
Monthly Domestic Values	9	2019	Solar	HR	B16	2024-05-29 11:56:05	100	6.3990000	
Monthly Domestic Values	4	2019	Hydro Water Reservoir	SE	B12	2024-05-29 11:56:05	100	5486.8240000	
Monthly Domestic Values	1	2019	Solar	IT	B16	2024-05-29 11:56:05	100	857.2440000	
Monthly Domestic Values	12	2019	Hydro Run-of-river and poundage	RO	B11	2024-05-29 11:56:05	100	749.0541800	
Monthly Domestic Values	4	2019	Wind Onshore	FR	B19	2024-05-29 11:56:05	100	2269.5090000	
Monthly Domestic Values	7	2019	Biomass	FR	B01	2024-05-29 11:56:05	100	238.9850000	
Monthly Domestic Values	8	2019	Fossil Hard coal	AT	B05	2024-05-29 11:56:05	100	7.6319000	
Monthly Domestic Values	10	2019	Geothermal	HR	B09	2024-05-29 11:56:05	100	7.4150000	
Monthly Domestic Values	3	2019	Fossil Oil	AT	B06	2024-05-29 11:56:05	100	0.0000000	
Monthly Domestic Values	4	2019	Nuclear	BE	B14	2024-05-29 11:56:05	100	3551.5450300	
Monthly Domestic Values	5	2019	Fossil Oil	IE	B06	2024-05-29 11:56:05	100	175.4982450	
Monthly Domestic Values	2	2019	Fossil Coal-derived gas	DE	B03	2024-05-29 11:56:05	100	276.5781000	
Monthly Domestic Values	12	2019	Hydro Run-of-river and poundage	MK	B11	2024-05-29 11:56:05	100	0.0000000	
Monthly Domestic Values	1	2019	Hydro Run-of-river and poundage	CZ	B11	2024-05-29 11:56:05	100	48.2385900	
Monthly Domestic Values	2	2019	Wind Onshore	SE	B19	2024-05-29 11:56:05	100	2068.5250000	
Monthly Domestic Values	7	2019	Fossil Oil	HU	B06	2024-05-29 11:56:05	100	1.0215525	
Monthly Domestic Values	7	2019	Hydro Pumped Storage	HR	B10	2024-05-29 11:56:05	100	13.2980800	
Monthly Domestic Values	7	2019	Nuclear	SK	B14	2024-05-29 11:56:05	100	1175.9916000	
Monthly Domestic Values	4	2019	Hydro Water Reservoir	PL	B12	2024-05-29 11:56:05	100	12.2640300	
Monthly Domestic Values	7	2019	Other	SE	B20	2024-05-29 11:56:05	100	346.9670000	
Monthly Domestic Values	2	2019	Fossil Coal-derived gas	EE	B03	2024-05-29 11:56:05	100	30.5784000	
Monthly Domestic Values	6	2019	Biomass	PL	B01	2024-05-29 11:56:05	100	162.1281400	
Monthly Domestic Values	11	2019	Biomass	HR	B01	2024-05-29 11:56:05	100	40.3450000	
Monthly Domestic Values	12	2019	Biomass	NL	B01	2024-05-29 11:56:05	100	7.9600125	
Monthly Domestic Values	3	2019	Fossil Oil	SK	B06	2024-05-29 11:56:05	100	41.4942000	
Monthly Domestic Values	12	2019	Fossil Oil	FI	B06	2024-05-29 11:56:05	100	1.3425200	
Monthly Domestic Values	2	2019	Fossil Gas	AT	B04	2024-05-29 11:56:05	100	1244.3979000	
Monthly Domestic Values	8	2019	Fossil Peat	ES	B08	2024-05-29 11:56:05	100	0.0000000	
Monthly Domestic Values	12	2019	Solar	HU	B16	2024-05-29 11:56:05	100	33.4587675	
Monthly Domestic Values	6	2019	Other	GB	B20	2024-05-29 11:56:05	100	40.4336250	
Monthly Domestic Values	1	2019	Fossil Gas	FR	B04	2024-05-29 11:56:05	100	5463.0200000	
Monthly Domestic Values	7	2019	Fossil Gas	NL	B04	2024-05-29 11:56:05	100	4116.7657525	
Monthly Domestic Values	4	2019	Hydro Water Reservoir	HR	B12	2024-05-29 11:56:05	100	243.5333000	
Monthly Domestic Values	6	2019	Fossil Gas	HR	B04	2024-05-29 11:56:05	100	56.2239500	
Monthly Domestic Values	6	2019	Solar	DK	B16	2024-05-29 11:56:05	100	147.6040100	
Monthly Domestic Values	1	2019	Hydro Water Reservoir	AT	B12	2024-05-29 11:56:05	100	322.1949000	
Monthly Domestic Values	4	2019	Fossil Hard coal	BE	B05	2024-05-29 11:56:05	100	0.0000000	
Monthly Domestic Values	12	2019	Geothermal	IT	B09	2024-05-29 11:56:05	100	460.6630000	
Monthly Domestic Values	12	2019	Fossil Oil	AT	B06	2024-05-29 11:56:05	100	0.0000000	
Monthly Domestic Values	12	2019	Fossil Oil	SI	B06	2024-05-29 11:56:05	100	0.0000000	
Monthly Domestic Values	12	2019	Fossil Oil	CY	B06	2024-05-29 11:56:05	100	347.4867950	
Monthly Domestic Values	12	2019	Nuclear	BG	B14	2024-05-29 11:56:05	100	1609.8220000	
Monthly Domestic Values	6	2019	Wind Onshore	SI	B19	2024-05-29 11:56:05	100	0.1960600	
Monthly Domestic Values	7	2019	Wind Onshore	IT	B19	2024-05-29 11:56:05	100	1236.9810000	
Monthly Domestic Values	4	2019	Hydro Water Reservoir	HU	B12	2024-05-29 11:56:05	100	14.4939975	
Monthly Domestic Values	5	2019	Solar	NL	B16	2024-05-29 11:56:05	100	7.7401050	
Monthly Domestic Values	4	2019	Other	SE	B20	2024-05-29 11:56:05	100	840.6000000	
Monthly Domestic Values	8	2019	Fossil Hard coal	ES	B05	2024-05-29 11:56:05	100	375.8970000	
Monthly Domestic Values	12	2019	Wind Onshore	BA	B19	2024-05-29 11:56:05	100	20.1674300	
Monthly Domestic Values	7	2019	Wind Onshore	EE	B19	2024-05-29 11:56:05	100	37.8704000	
Monthly Domestic Values	3	2019	Fossil Brown coal/Lignite	MK	B02	2024-05-29 11:56:05	100	342.4687000	
Monthly Domestic Values	2	2019	Fossil Gas	SI	B04	2024-05-29 11:56:05	100	41.1437800	
Monthly Domestic Values	11	2019	Geothermal	ES	B09	2024-05-29 11:56:05	100	0.0000000	
Monthly Domestic Values	4	2019	Fossil Gas	DK	B04	2024-05-29 11:56:05	100	173.1352600	
Monthly Domestic Values	7	2019	Solar	PT	B16	2024-05-29 11:56:05	100	113.6943000	
Monthly Domestic Values	6	2019	Solar	HR	B16	2024-05-29 11:56:05	100	8.7460000	
Monthly Domestic Values	9	2019	Hydro Run-of-river and poundage	LU	B11	2024-05-29 11:56:05	100	0.8588250	
Monthly Domestic Values	3	2019	Wind Onshore	LT	B19	2024-05-29 11:56:05	100	172.3474700	
Monthly Domestic Values	10	2019	Wind Onshore	FR	B19	2024-05-29 11:56:05	100	3232.2230000	
Monthly Domestic Values	3	2019	Hydro Water Reservoir	BG	B12	2024-05-29 11:56:05	100	122.7910000	
Monthly Domestic Values	6	2019	Wind Offshore	ES	B18	2024-05-29 11:56:05	100	0.0000000	
Monthly Domestic Values	9	2019	Solar	FR	B16	2024-05-29 11:56:05	100	1110.5780000	
Monthly Domestic Values	10	2019	Other	RS	B20	2024-05-29 11:56:05	100	16.4560000	
Monthly Domestic Values	6	2019	Fossil Oil shale	ES	B07	2024-05-29 11:56:05	100	0.0000000	
Monthly Domestic Values	10	2019	Other	IE	B20	2024-05-29 11:56:05	100	0.9736550	
Monthly Domestic Values	3	2019	Waste	IT	B17	2024-05-29 11:56:05	100	33.1550000	
Monthly Domestic Values	9	2019	Waste	HR	B17	2024-05-29 11:56:05	100	0.6320000	
Monthly Domestic Values	8	2019	Fossil Brown coal/Lignite	SI	B02	2024-05-29 11:56:05	100	280.0893700	
Monthly Domestic Values	6	2019	Nuclear	CZ	B14	2024-05-29 11:56:05	100	2218.7782300	
Monthly Domestic Values	8	2019	Fossil Peat	EE	B08	2024-05-29 11:56:05	100	3.6526000	
Monthly Domestic Values	8	2019	Solar	CH	B16	2024-05-29 11:56:05	100	50.7678300	
Monthly Domestic Values	8	2019	Fossil Coal-derived gas	EE	B03	2024-05-29 11:56:05	100	40.1640000	
Monthly Domestic Values	8	2019	Other	PT	B20	2024-05-29 11:56:05	100	22.6483000	
Monthly Domestic Values	5	2019	Wind Onshore	DE	B19	2024-05-29 11:56:05	100	6424.9062225	
Monthly Domestic Values	8	2019	Fossil Hard coal	IT	B05	2024-05-29 11:56:05	100	939.0670000	
Monthly Domestic Values	8	2019	Fossil Oil	CZ	B06	2024-05-29 11:56:05	100	4.3001800	
Monthly Domestic Values	11	2019	Nuclear	FI	B14	2024-05-29 11:56:05	100	2008.6947000	
Monthly Domestic Values	7	2019	Fossil Gas	PT	B04	2024-05-29 11:56:05	100	1900.6881000	
Monthly Domestic Values	12	2019	Hydro Water Reservoir	PT	B12	2024-05-29 11:56:05	100	523.3760000	
Monthly Domestic Values	1	2019	Fossil Gas	LU	B04	2024-05-29 11:56:05	100	30.9878125	
Monthly Domestic Values	4	2019	Wind Onshore	CH	B19	2024-05-29 11:56:05	100	4.7256700	
Monthly Domestic Values	9	2019	Wind Onshore	GR	B19	2024-05-29 11:56:05	100	448.2660000	
Monthly Domestic Values	1	2019	Solar	GR	B16	2024-05-29 11:56:05	100	158.9970000	
Monthly Domestic Values	3	2019	Solar	SI	B16	2024-05-29 11:56:05	100	22.6591600	
Monthly Domestic Values	9	2019	Solar	SI	B16	2024-05-29 11:56:05	100	24.0037600	
Monthly Domestic Values	4	2019	Other renewable	FI	B15	2024-05-29 11:56:05	100	17.2577600	
Monthly Domestic Values	7	2019	Hydro Water Reservoir	BA	B12	2024-05-29 11:56:05	100	318.0782800	
Monthly Domestic Values	12	2019	Other	SK	B20	2024-05-29 11:56:05	100	124.5404000	
Monthly Domestic Values	7	2019	Biomass	LT	B01	2024-05-29 11:56:05	100	28.0468800	
Monthly Domestic Values	11	2019	Biomass	CZ	B01	2024-05-29 11:56:05	100	181.4020800	
Monthly Domestic Values	6	2019	Biomass	GB	B01	2024-05-29 11:56:05	100	1412.8660000	
Monthly Domestic Values	11	2019	Geothermal	AT	B09	2024-05-29 11:56:05	100	0.0504000	
Monthly Domestic Values	2	2019	Fossil Brown coal/Lignite	BA	B02	2024-05-29 11:56:05	100	178.5119100	
Monthly Domestic Values	8	2019	Fossil Brown coal/Lignite	BA	B02	2024-05-29 11:56:05	100	198.0231200	
Monthly Domestic Values	3	2019	Wind Onshore	HR	B19	2024-05-29 11:56:05	100	155.6320900	
Monthly Domestic Values	3	2019	Other renewable	ME	B15	2024-05-29 11:56:05	100	0.0000000	
Monthly Domestic Values	9	2019	Other renewable	ME	B15	2024-05-29 11:56:05	100	0.0000000	
Monthly Domestic Values	12	2019	Wind Onshore	AT	B19	2024-05-29 11:56:05	100	873.1520000	
Monthly Domestic Values	3	2019	Wind Onshore	PL	B19	2024-05-29 11:56:05	100	1801.0678900	
Monthly Domestic Values	12	2019	Other renewable	CZ	B15	2024-05-29 11:56:05	100	206.0242300	
Monthly Domestic Values	4	2019	Hydro Pumped Storage	AT	B10	2024-05-29 11:56:05	100	374.3554000	
Monthly Domestic Values	2	2019	Fossil Oil	MK	B06	2024-05-29 11:56:05	100	0.0000000	
Monthly Domestic Values	8	2019	Fossil Oil	MK	B06	2024-05-29 11:56:05	100	0.0000000	
Monthly Domestic Values	10	2019	Fossil Peat	IE	B08	2024-05-29 11:56:05	100	209.7101650	
Monthly Domestic Values	11	2019	Wind Offshore	GB	B18	2024-05-29 11:56:05	100	2060.5137550	
Monthly Domestic Values	11	2019	Wind Offshore	NL	B18	2024-05-29 11:56:05	100	296.9585075	
Monthly Domestic Values	2	2019	Fossil Hard coal	BG	B05	2024-05-29 11:56:05	100	44.6610000	
Monthly Domestic Values	5	2019	Fossil Oil	PL	B06	2024-05-29 11:56:05	100	116.1069600	
Monthly Domestic Values	2	2019	Wind Offshore	DE	B18	2024-05-29 11:56:05	100	1935.0487950	
Monthly Domestic Values	3	2019	Fossil Gas	NO	B04	2024-05-29 11:56:05	100	264.6198300	
Monthly Domestic Values	6	2019	Hydro Water Reservoir	RS	B12	2024-05-29 11:56:05	100	58.4350000	
Monthly Domestic Values	10	2019	Fossil Gas	DK	B04	2024-05-29 11:56:05	100	219.4780900	
Monthly Domestic Values	8	2019	Fossil Gas	BE	B04	2024-05-29 11:56:05	100	1797.5730800	
Monthly Domestic Values	7	2019	Other	NO	B20	2024-05-29 11:56:05	100	5.7069300	
Monthly Domestic Values	5	2019	Other	BE	B20	2024-05-29 11:56:05	100	460.6018800	
Monthly Domestic Values	10	2019	Biomass	ES	B01	2024-05-29 11:56:05	100	252.9010000	
Monthly Domestic Values	10	2019	Biomass	FI	B01	2024-05-29 11:56:05	100	423.9405900	
Monthly Domestic Values	8	2019	Waste	CZ	B17	2024-05-29 11:56:05	100	18.1216200	
Monthly Domestic Values	2	2019	Fossil Brown coal/Lignite	SI	B02	2024-05-29 11:56:05	100	355.3014700	
Monthly Domestic Values	8	2019	Fossil Oil	ES	B06	2024-05-29 11:56:05	100	176.7740000	
Monthly Domestic Values	2	2019	Hydro Water Reservoir	DE	B12	2024-05-29 11:56:05	100	56.7970800	
Monthly Domestic Values	9	2019	Wind Onshore	LV	B19	2024-05-29 11:56:05	100	11.7770000	
Monthly Domestic Values	7	2019	Other renewable	SK	B15	2024-05-29 11:56:05	100	45.3049000	
Monthly Domestic Values	10	2019	Wind Onshore	NL	B19	2024-05-29 11:56:05	100	275.0479500	
Monthly Domestic Values	7	2019	Wind Onshore	BG	B19	2024-05-29 11:56:05	100	55.8860000	
Monthly Domestic Values	5	2019	Solar	AT	B16	2024-05-29 11:56:05	100	71.6080000	
Monthly Domestic Values	4	2019	Other	AT	B20	2024-05-29 11:56:05	100	15.8400000	
Monthly Domestic Values	5	2019	Solar	GB	B16	2024-05-29 11:56:05	100	1505.0910000	
Monthly Domestic Values	11	2019	Solar	DE	B16	2024-05-29 11:56:05	100	1048.3375575	
Monthly Domestic Values	3	2019	Hydro Run-of-river and poundage	SI	B11	2024-05-29 11:56:05	100	255.9043600	
Monthly Domestic Values	9	2019	Hydro Run-of-river and poundage	RS	B11	2024-05-29 11:56:05	100	439.7540000	
Monthly Domestic Values	2	2019	Biomass	SI	B01	2024-05-29 11:56:05	100	7.6948200	
Monthly Domestic Values	12	2019	Fossil Hard coal	DE	B05	2024-05-29 11:56:05	100	3652.3354600	
Monthly Domestic Values	4	2019	Fossil Hard coal	PL	B05	2024-05-29 11:56:05	100	5869.1842000	
Monthly Domestic Values	10	2019	Fossil Hard coal	FI	B05	2024-05-29 11:56:05	100	398.1633300	
Monthly Domestic Values	10	2019	Waste	SI	B17	2024-05-29 11:56:05	100	6.7406200	
Monthly Domestic Values	3	2019	Waste	DK	B17	2024-05-29 11:56:05	100	107.1896700	
Monthly Domestic Values	6	2019	Hydro Run-of-river and poundage	AT	B11	2024-05-29 11:56:05	100	3379.4737000	
Monthly Domestic Values	12	2019	Other	GB	B20	2024-05-29 11:56:05	100	110.4566200	
Monthly Domestic Values	6	2019	Wind Onshore	DK	B19	2024-05-29 11:56:05	100	589.3071700	
Monthly Domestic Values	5	2019	Other renewable	ES	B15	2024-05-29 11:56:05	100	76.5680000	
Monthly Domestic Values	7	2019	Nuclear	NL	B14	2024-05-29 11:56:05	100	307.9828100	
Monthly Domestic Values	11	2019	Hydro Pumped Storage	IE	B10	2024-05-29 11:56:05	100	23.2144000	
Monthly Domestic Values	7	2019	Hydro Water Reservoir	AT	B12	2024-05-29 11:56:05	100	664.4742000	
Monthly Domestic Values	12	2019	Solar	LT	B16	2024-05-29 11:56:05	100	0.7630500	
Monthly Domestic Values	6	2019	Other	IT	B20	2024-05-29 11:56:05	100	2167.0020000	
Monthly Domestic Values	12	2019	Hydro Water Reservoir	MK	B12	2024-05-29 11:56:05	100	110.5462400	
Monthly Domestic Values	5	2019	Fossil Oil	BE	B06	2024-05-29 11:56:05	100	0.0065300	
Monthly Domestic Values	6	2019	Fossil Oil	SI	B06	2024-05-29 11:56:05	100	0.0000000	
Monthly Domestic Values	6	2019	Fossil Oil	CY	B06	2024-05-29 11:56:05	100	82.0465350	
Monthly Domestic Values	3	2019	Hydro Water Reservoir	ME	B12	2024-05-29 11:56:05	100	92.8492100	
Monthly Domestic Values	10	2019	Fossil Peat	FI	B08	2024-05-29 11:56:05	100	419.5142700	
Monthly Domestic Values	10	2019	Hydro Water Reservoir	HU	B12	2024-05-29 11:56:05	100	5.1513600	
Monthly Domestic Values	1	2019	Wind Onshore	IT	B19	2024-05-29 11:56:05	100	2354.8980000	
Monthly Domestic Values	12	2019	Other renewable	FI	B15	2024-05-29 11:56:05	100	17.6820800	
Monthly Domestic Values	6	2019	Wind Onshore	BA	B19	2024-05-29 11:56:05	100	9.4203000	
Monthly Domestic Values	9	2019	Hydro Run-of-river and poundage	BE	B11	2024-05-29 11:56:05	100	1.7412000	
Monthly Domestic Values	2	2019	Hydro Run-of-river and poundage	IE	B11	2024-05-29 11:56:05	100	83.5414300	
Monthly Domestic Values	11	2019	Wind Onshore	IE	B19	2024-05-29 11:56:05	100	843.5133850	
Monthly Domestic Values	12	2019	Wind Onshore	SI	B19	2024-05-29 11:56:05	100	0.6534700	
Monthly Domestic Values	12	2019	Fossil Gas	RO	B04	2024-05-29 11:56:05	100	1084.7216600	
Monthly Domestic Values	6	2019	Solar	CZ	B16	2024-05-29 11:56:05	100	323.9297800	
Monthly Domestic Values	6	2019	Hydro Water Reservoir	CH	B12	2024-05-29 11:56:05	100	1121.4558100	
Monthly Domestic Values	4	2019	Hydro Run-of-river and poundage	IT	B11	2024-05-29 11:56:05	100	2458.6420000	
Monthly Domestic Values	3	2019	Hydro Water Reservoir	ES	B12	2024-05-29 11:56:05	100	1570.5520000	
Monthly Domestic Values	12	2019	Hydro Pumped Storage	GB	B10	2024-05-29 11:56:05	100	171.0385000	
Monthly Domestic Values	2	2019	Biomass	HU	B01	2024-05-29 11:56:05	100	78.7217500	
Monthly Domestic Values	4	2019	Biomass	SK	B01	2024-05-29 11:56:05	100	71.2598000	
Monthly Domestic Values	4	2019	Biomass	RO	B01	2024-05-29 11:56:05	100	33.5213400	
Monthly Domestic Values	3	2019	Fossil Brown coal/Lignite	RS	B02	2024-05-29 11:56:05	100	2479.1690000	
Monthly Domestic Values	7	2019	Fossil Brown coal/Lignite	HU	B02	2024-05-29 11:56:05	100	411.3921975	
Monthly Domestic Values	4	2019	Geothermal	IT	B09	2024-05-29 11:56:05	100	473.0650000	
Monthly Domestic Values	9	2019	Wind Onshore	PT	B19	2024-05-29 11:56:05	100	898.7056000	
Monthly Domestic Values	9	2019	Hydro Run-of-river and poundage	SK	B11	2024-05-29 11:56:05	100	200.9341400	
Monthly Domestic Values	3	2019	Wind Onshore	GB	B19	2024-05-29 11:56:05	100	2914.4712900	
Monthly Domestic Values	9	2019	Fossil Oil	GB	B06	2024-05-29 11:56:05	100	0.0820550	
Monthly Domestic Values	4	2019	Fossil Gas	HU	B04	2024-05-29 11:56:05	100	435.9505075	
Monthly Domestic Values	3	2019	Fossil Coal-derived gas	ES	B03	2024-05-29 11:56:05	100	0.0000000	
Monthly Domestic Values	8	2019	Hydro Run-of-river and poundage	NO	B11	2024-05-29 11:56:05	100	835.9632200	
Monthly Domestic Values	8	2019	Other renewable	HU	B15	2024-05-29 11:56:05	100	8.1349425	
Monthly Domestic Values	2	2019	Wind Onshore	ES	B19	2024-05-29 11:56:05	100	3628.2770000	
Monthly Domestic Values	5	2019	Fossil Brown coal/Lignite	SK	B02	2024-05-29 11:56:05	100	124.2299000	
Monthly Domestic Values	1	2019	Fossil Oil	GR	B06	2024-05-29 11:56:05	100	0.0000000	
Monthly Domestic Values	7	2019	Fossil Oil	DE	B06	2024-05-29 11:56:05	100	363.7328125	
Monthly Domestic Values	12	2019	Fossil Brown coal/Lignite	BG	B02	2024-05-29 11:56:05	100	1636.5850000	
Monthly Domestic Values	5	2019	Hydro Pumped Storage	LT	B10	2024-05-29 11:56:05	100	40.3167900	
Monthly Domestic Values	9	2019	Hydro Pumped Storage	SI	B10	2024-05-29 11:56:05	100	22.3483600	
Monthly Domestic Values	2	2019	Hydro Pumped Storage	PL	B10	2024-05-29 11:56:05	100	64.9203000	
Monthly Domestic Values	3	2019	Waste	LU	B17	2024-05-29 11:56:05	100	4.6914050	
Monthly Domestic Values	11	2019	Nuclear	HU	B14	2024-05-29 11:56:05	100	1380.3462900	
Monthly Domestic Values	10	2019	Hydro Water Reservoir	LU	B12	2024-05-29 11:56:05	100	0.4388575	
Monthly Domestic Values	1	2019	Hydro Water Reservoir	MK	B12	2024-05-29 11:56:05	100	116.8807500	
Monthly Domestic Values	7	2019	Other	DE	B20	2024-05-29 11:56:05	100	216.6066050	
Monthly Domestic Values	3	2019	Hydro Run-of-river and poundage	RS	B11	2024-05-29 11:56:05	100	956.7000000	
Monthly Domestic Values	12	2019	Other	LV	B20	2024-05-29 11:56:05	100	52.9750000	
Monthly Domestic Values	11	2019	Biomass	IT	B01	2024-05-29 11:56:05	100	455.0320000	
Monthly Domestic Values	8	2019	Waste	NL	B17	2024-05-29 11:56:05	100	167.0048350	
Monthly Domestic Values	4	2019	Marine	ES	B13	2024-05-29 11:56:05	100	0.0000000	
Monthly Domestic Values	5	2019	Fossil Oil	FR	B06	2024-05-29 11:56:05	100	108.7160000	
Monthly Domestic Values	9	2019	Fossil Gas	CZ	B04	2024-05-29 11:56:05	100	571.4532800	
Monthly Domestic Values	4	2019	Fossil Gas	MK	B04	2024-05-29 11:56:05	100	0.0000000	
Monthly Domestic Values	6	2019	Nuclear	ES	B14	2024-05-29 11:56:05	100	4668.6010000	
Monthly Domestic Values	5	2019	Fossil Gas	ES	B04	2024-05-29 11:56:05	100	6105.3910000	
Monthly Domestic Values	6	2019	Fossil Hard coal	BA	B05	2024-05-29 11:56:05	100	480.2700400	
Monthly Domestic Values	2	2019	Hydro Run-of-river and poundage	CH	B11	2024-05-29 11:56:05	100	84.4162700	
Monthly Domestic Values	4	2019	Hydro Run-of-river and poundage	PL	B11	2024-05-29 11:56:05	100	128.5406900	
Monthly Domestic Values	1	2019	Biomass	ES	B01	2024-05-29 11:56:05	100	253.5510000	
Monthly Domestic Values	3	2019	Biomass	RS	B01	2024-05-29 11:56:05	100	11.1500000	
Monthly Domestic Values	12	2019	Biomass	GB	B01	2024-05-29 11:56:05	100	2000.2255000	
Monthly Domestic Values	4	2019	Biomass	NL	B01	2024-05-29 11:56:05	100	0.0000000	
Monthly Domestic Values	12	2019	Fossil Hard coal	SK	B05	2024-05-29 11:56:05	100	30.4603000	
Monthly Domestic Values	5	2019	Waste	FI	B17	2024-05-29 11:56:05	100	16.7877400	
Monthly Domestic Values	12	2019	Hydro Run-of-river and poundage	SI	B11	2024-05-29 11:56:05	100	498.9066300	
Monthly Domestic Values	4	2019	Hydro Run-of-river and poundage	HU	B11	2024-05-29 11:56:05	100	8.4516625	
Monthly Domestic Values	1	2019	Wind Onshore	HU	B19	2024-05-29 11:56:05	100	82.6444775	
Monthly Domestic Values	7	2019	Wind Onshore	HU	B19	2024-05-29 11:56:05	100	31.9179800	
Monthly Domestic Values	6	2019	Wind Onshore	AT	B19	2024-05-29 11:56:05	100	435.2560000	
Monthly Domestic Values	9	2019	Fossil Brown coal/Lignite	CZ	B02	2024-05-29 11:56:05	100	2562.3966400	
Monthly Domestic Values	10	2019	Hydro Pumped Storage	AT	B10	2024-05-29 11:56:05	100	353.1189000	
Monthly Domestic Values	9	2019	Fossil Gas	IE	B04	2024-05-29 11:56:05	100	697.2162000	
Monthly Domestic Values	9	2019	Fossil Gas	RS	B04	2024-05-29 11:56:05	100	1.4400000	
Monthly Domestic Values	3	2019	Other	CZ	B20	2024-05-29 11:56:05	100	84.1739700	
Monthly Domestic Values	11	2019	Solar	RO	B16	2024-05-29 11:56:05	100	50.1514000	
Monthly Domestic Values	3	2019	Biomass	CZ	B01	2024-05-29 11:56:05	100	149.2198400	
Monthly Domestic Values	10	2019	Biomass	SK	B01	2024-05-29 11:56:05	100	62.3243000	
Monthly Domestic Values	1	2019	Fossil Hard coal	RO	B05	2024-05-29 11:56:05	100	126.3309900	
Monthly Domestic Values	10	2019	Biomass	RO	B01	2024-05-29 11:56:05	100	44.5085700	
Monthly Domestic Values	11	2019	Biomass	HU	B01	2024-05-29 11:56:05	100	94.9939050	
Monthly Domestic Values	9	2019	Fossil Brown coal/Lignite	RS	B02	2024-05-29 11:56:05	100	1726.4400000	
Monthly Domestic Values	4	2019	Fossil Gas	RO	B04	2024-05-29 11:56:05	100	442.8303500	
Monthly Domestic Values	6	2019	Hydro Run-of-river and poundage	BG	B11	2024-05-29 11:56:05	100	165.7550000	
Monthly Domestic Values	2	2019	Other renewable	HU	B15	2024-05-29 11:56:05	100	8.4128050	
Monthly Domestic Values	6	2019	Hydro Run-of-river and poundage	PT	B11	2024-05-29 11:56:05	100	146.9295000	
Monthly Domestic Values	1	2019	Fossil Oil	DE	B06	2024-05-29 11:56:05	100	380.7215675	
Monthly Domestic Values	6	2019	Fossil Brown coal/Lignite	BG	B02	2024-05-29 11:56:05	100	869.5420000	
Monthly Domestic Values	11	2019	Hydro Pumped Storage	LT	B10	2024-05-29 11:56:05	100	23.1532800	
Monthly Domestic Values	12	2019	Fossil Gas	NO	B04	2024-05-29 11:56:05	100	264.3904900	
Monthly Domestic Values	6	2019	Hydro Pumped Storage	BE	B10	2024-05-29 11:56:05	100	79.4537000	
Monthly Domestic Values	9	2019	Hydro Pumped Storage	BE	B10	2024-05-29 11:56:05	100	54.9741700	
Monthly Domestic Values	7	2019	Biomass	AT	B01	2024-05-29 11:56:05	100	175.2750000	
Monthly Domestic Values	8	2019	Hydro Pumped Storage	PL	B10	2024-05-29 11:56:05	100	55.2540800	
Monthly Domestic Values	11	2019	Hydro Pumped Storage	CH	B10	2024-05-29 11:56:05	100	505.5173600	
Monthly Domestic Values	5	2019	Wind Offshore	BE	B18	2024-05-29 11:56:05	100	264.7379300	
Monthly Domestic Values	6	2019	Fossil Hard coal	GB	B05	2024-05-29 11:56:05	100	65.0897950	
Monthly Domestic Values	9	2019	Waste	BG	B17	2024-05-29 11:56:05	100	2.4940000	
Monthly Domestic Values	7	2019	Wind Onshore	FI	B19	2024-05-29 11:56:05	100	284.8424600	
Monthly Domestic Values	11	2019	Wind Onshore	BE	B19	2024-05-29 11:56:05	100	277.8193400	
Monthly Domestic Values	11	2019	Wind Onshore	CZ	B19	2024-05-29 11:56:05	100	66.1783900	
Monthly Domestic Values	4	2019	Hydro Water Reservoir	LU	B12	2024-05-29 11:56:05	100	0.6390475	
Monthly Domestic Values	2	2019	Fossil Peat	EE	B08	2024-05-29 11:56:05	100	2.9917000	
Monthly Domestic Values	11	2019	Hydro Water Reservoir	BG	B12	2024-05-29 11:56:05	100	105.6940000	
Monthly Domestic Values	6	2019	Hydro Pumped Storage	BG	B10	2024-05-29 11:56:05	100	8.7530000	
Monthly Domestic Values	6	2019	Other	LV	B20	2024-05-29 11:56:05	100	43.5370000	
Monthly Domestic Values	9	2019	Other	HU	B20	2024-05-29 11:56:05	100	40.2972400	
Monthly Domestic Values	2	2019	Biomass	IT	B01	2024-05-29 11:56:05	100	356.5840000	
Monthly Domestic Values	2	2019	Biomass	DE	B01	2024-05-29 11:56:05	100	3270.5682900	
Monthly Domestic Values	4	2019	Fossil Hard coal	FI	B05	2024-05-29 11:56:05	100	347.9696400	
Monthly Domestic Values	7	2019	Marine	ES	B13	2024-05-29 11:56:05	100	0.0000000	
Monthly Domestic Values	2	2019	Fossil Oil	FR	B06	2024-05-29 11:56:05	100	179.6720000	
Monthly Domestic Values	4	2019	Hydro Pumped Storage	PT	B10	2024-05-29 11:56:05	100	267.8915000	
Monthly Domestic Values	11	2019	Fossil Coal-derived gas	IT	B03	2024-05-29 11:56:05	100	553.2290000	
Monthly Domestic Values	11	2019	Other renewable	ES	B15	2024-05-29 11:56:05	100	68.8300000	
Monthly Domestic Values	7	2019	Other renewable	HR	B15	2024-05-29 11:56:05	100	30.0180000	
Monthly Domestic Values	3	2019	Other renewable	AT	B15	2024-05-29 11:56:05	100	0.0000000	
Monthly Domestic Values	5	2019	Wind Onshore	RO	B19	2024-05-29 11:56:05	100	536.9421000	
Monthly Domestic Values	11	2019	Wind Onshore	PL	B19	2024-05-29 11:56:05	100	1345.2007700	
Monthly Domestic Values	3	2019	Nuclear	ES	B14	2024-05-29 11:56:05	100	5280.3530000	
Monthly Domestic Values	5	2019	Hydro Pumped Storage	IE	B10	2024-05-29 11:56:05	100	10.5998850	
Monthly Domestic Values	11	2019	Hydro Water Reservoir	IT	B12	2024-05-29 11:56:05	100	684.8020000	
Monthly Domestic Values	12	2019	Other	IT	B20	2024-05-29 11:56:05	100	1859.1120000	
Monthly Domestic Values	1	2019	Hydro Run-of-river and poundage	PL	B11	2024-05-29 11:56:05	100	156.1364200	
Monthly Domestic Values	12	2019	Hydro Run-of-river and poundage	AT	B11	2024-05-29 11:56:05	100	1760.6095000	
Monthly Domestic Values	4	2019	Biomass	AT	B01	2024-05-29 11:56:05	100	210.9220000	
Monthly Domestic Values	4	2019	Biomass	FR	B01	2024-05-29 11:56:05	100	239.3690000	
Monthly Domestic Values	1	2019	Geothermal	DE	B09	2024-05-29 11:56:05	100	15.5309225	
Monthly Domestic Values	4	2019	Fossil Oil	HU	B06	2024-05-29 11:56:05	100	0.2866425	
Monthly Domestic Values	2	2019	Nuclear	CH	B14	2024-05-29 11:56:05	100	2127.6924000	
Monthly Domestic Values	9	2019	Hydro Water Reservoir	ME	B12	2024-05-29 11:56:05	100	93.6349600	
Monthly Domestic Values	11	2019	Fossil Gas	IT	B04	2024-05-29 11:56:05	100	8384.8110000	
Monthly Domestic Values	12	2019	Hydro Water Reservoir	CH	B12	2024-05-29 11:56:05	100	987.9676300	
Monthly Domestic Values	7	2019	Other	FI	B20	2024-05-29 11:56:05	100	27.0379800	
Monthly Domestic Values	2	2019	Other renewable	DE	B15	2024-05-29 11:56:05	100	111.2759875	
Monthly Domestic Values	9	2019	Hydro Run-of-river and poundage	NL	B11	2024-05-29 11:56:05	100	0.0000000	
Monthly Domestic Values	5	2019	Wind Onshore	SE	B19	2024-05-29 11:56:05	100	1392.2040000	
Monthly Domestic Values	5	2019	Biomass	HU	B01	2024-05-29 11:56:05	100	67.0420050	
Monthly Domestic Values	2	2019	Fossil Hard coal	PT	B05	2024-05-29 11:56:05	100	633.3807000	
Monthly Domestic Values	8	2019	Waste	BE	B17	2024-05-29 11:56:05	100	179.6079100	
Monthly Domestic Values	11	2019	Fossil Brown coal/Lignite	ME	B02	2024-05-29 11:56:05	100	112.4679400	
Monthly Domestic Values	4	2019	Fossil Oil	GR	B06	2024-05-29 11:56:05	100	0.0000000	
Monthly Domestic Values	2	2019	Wind Offshore	DK	B18	2024-05-29 11:56:05	100	411.4484700	
Monthly Domestic Values	11	2019	Other	BE	B20	2024-05-29 11:56:05	100	545.1743200	
Monthly Domestic Values	6	2019	Wind Onshore	PT	B19	2024-05-29 11:56:05	100	795.3294000	
Monthly Domestic Values	10	2019	Fossil Gas	LT	B04	2024-05-29 11:56:05	100	38.3896600	
Monthly Domestic Values	2	2019	Geothermal	ES	B09	2024-05-29 11:56:05	100	0.0000000	
Monthly Domestic Values	4	2019	Solar	SK	B16	2024-05-29 11:56:05	100	53.3850000	
Monthly Domestic Values	1	2019	Hydro Water Reservoir	NO	B12	2024-05-29 11:56:05	100	13235.1516300	
Monthly Domestic Values	7	2019	Hydro Water Reservoir	SE	B12	2024-05-29 11:56:05	100	5026.2140000	
Monthly Domestic Values	9	2019	Hydro Run-of-river and poundage	BG	B11	2024-05-29 11:56:05	100	44.8090000	
Monthly Domestic Values	4	2019	Biomass	ES	B01	2024-05-29 11:56:05	100	168.0320000	
Monthly Domestic Values	4	2019	Waste	LT	B17	2024-05-29 11:56:05	100	13.5493600	
Monthly Domestic Values	2	2019	Waste	FI	B17	2024-05-29 11:56:05	100	21.6389900	
Monthly Domestic Values	5	2019	Fossil Gas	PL	B04	2024-05-29 11:56:05	100	893.8481900	
Monthly Domestic Values	2	2019	Fossil Oil	ES	B06	2024-05-29 11:56:05	100	178.3130000	
Monthly Domestic Values	4	2019	Hydro Water Reservoir	SK	B12	2024-05-29 11:56:05	100	24.6329200	
Monthly Domestic Values	3	2019	Other renewable	CZ	B15	2024-05-29 11:56:05	100	202.8982500	
Monthly Domestic Values	12	2019	Wind Onshore	NO	B19	2024-05-29 11:56:05	100	762.6548800	
Monthly Domestic Values	7	2019	Solar	LU	B16	2024-05-29 11:56:05	100	19.0647250	
Monthly Domestic Values	8	2019	Other	EE	B20	2024-05-29 11:56:05	100	0.0000000	
Monthly Domestic Values	11	2019	Solar	AT	B16	2024-05-29 11:56:05	100	23.8060000	
Monthly Domestic Values	5	2019	Hydro Run-of-river and poundage	FR	B11	2024-05-29 11:56:05	100	4112.7650000	
Monthly Domestic Values	9	2019	Hydro Run-of-river and poundage	SI	B11	2024-05-29 11:56:05	100	274.1589600	
Monthly Domestic Values	8	2019	Wind Onshore	IE	B19	2024-05-29 11:56:05	100	762.1593300	
Monthly Domestic Values	2	2019	Biomass	HR	B01	2024-05-29 11:56:05	100	26.8800000	
Monthly Domestic Values	6	2019	Fossil Hard coal	NL	B05	2024-05-29 11:56:05	100	856.1768400	
Monthly Domestic Values	6	2019	Waste	FR	B17	2024-05-29 11:56:05	100	136.0280000	
Monthly Domestic Values	7	2019	Fossil Hard coal	PL	B05	2024-05-29 11:56:05	100	6154.9285000	
Monthly Domestic Values	7	2019	Waste	SI	B17	2024-05-29 11:56:05	100	5.3836800	
Monthly Domestic Values	6	2019	Fossil Brown coal/Lignite	PL	B02	2024-05-29 11:56:05	100	3237.0754600	
Monthly Domestic Values	3	2019	Wind Onshore	BE	B19	2024-05-29 11:56:05	100	459.8952900	
Monthly Domestic Values	5	2019	Hydro Water Reservoir	RO	B12	2024-05-29 11:56:05	100	803.6114300	
Monthly Domestic Values	3	2019	Fossil Gas	LV	B04	2024-05-29 11:56:05	100	159.4010000	
Monthly Domestic Values	9	2019	Hydro Water Reservoir	FR	B12	2024-05-29 11:56:05	100	624.7520000	
Monthly Domestic Values	9	2019	Fossil Gas	LV	B04	2024-05-29 11:56:05	100	378.7680000	
Monthly Domestic Values	12	2019	Fossil Hard coal	BA	B05	2024-05-29 11:56:05	100	704.8663200	
Monthly Domestic Values	3	2019	Wind Onshore	DK	B19	2024-05-29 11:56:05	100	1315.5859200	
Monthly Domestic Values	5	2019	Hydro Pumped Storage	FR	B10	2024-05-29 11:56:05	100	414.4350000	
Monthly Domestic Values	3	2019	Fossil Oil	FI	B06	2024-05-29 11:56:05	100	0.8866500	
Monthly Domestic Values	1	2019	Nuclear	SI	B14	2024-05-29 11:56:05	100	509.6860700	
Monthly Domestic Values	5	2019	Waste	ES	B17	2024-05-29 11:56:05	100	188.2780000	
Monthly Domestic Values	10	2019	Fossil Gas	MK	B04	2024-05-29 11:56:05	100	66.4699400	
Monthly Domestic Values	11	2019	Waste	ES	B17	2024-05-29 11:56:05	100	199.4540000	
Monthly Domestic Values	8	2019	Biomass	PT	B01	2024-05-29 11:56:05	100	273.1689000	
Monthly Domestic Values	2	2019	Fossil Hard coal	CZ	B05	2024-05-29 11:56:05	100	280.6882900	
Monthly Domestic Values	8	2019	Fossil Hard coal	CZ	B05	2024-05-29 11:56:05	100	77.7095900	
Monthly Domestic Values	12	2019	Fossil Hard coal	RO	B05	2024-05-29 11:56:05	100	94.1400000	
Monthly Domestic Values	5	2019	Waste	CZ	B17	2024-05-29 11:56:05	100	18.0347100	
Monthly Domestic Values	9	2019	Nuclear	GB	B14	2024-05-29 11:56:05	100	4616.3555000	
Monthly Domestic Values	3	2019	Hydro Run-of-river and poundage	MK	B11	2024-05-29 11:56:05	100	0.0000000	
Monthly Domestic Values	4	2019	Other renewable	SK	B15	2024-05-29 11:56:05	100	46.0133000	
Monthly Domestic Values	8	2019	Fossil Hard coal	PT	B05	2024-05-29 11:56:05	100	84.3326000	
Monthly Domestic Values	1	2019	Fossil Oil	DK	B06	2024-05-29 11:56:05	100	28.4134000	
Monthly Domestic Values	4	2019	Fossil Brown coal/Lignite	RO	B02	2024-05-29 11:56:05	100	1107.1620500	
Monthly Domestic Values	10	2019	Fossil Oil	GR	B06	2024-05-29 11:56:05	100	0.0000000	
Monthly Domestic Values	3	2019	Hydro Pumped Storage	SI	B10	2024-05-29 11:56:05	100	0.0000000	
Monthly Domestic Values	3	2019	Hydro Water Reservoir	RS	B12	2024-05-29 11:56:05	100	105.7480000	
Monthly Domestic Values	8	2019	Other renewable	EE	B15	2024-05-29 11:56:05	100	5.0072000	
Monthly Domestic Values	1	2019	Fossil Gas	RS	B04	2024-05-29 11:56:05	100	1.4880000	
Monthly Domestic Values	10	2019	Other	LT	B20	2024-05-29 11:56:05	100	13.4219700	
Monthly Domestic Values	3	2019	Fossil Coal-derived gas	CZ	B03	2024-05-29 11:56:05	100	107.7617700	
Monthly Domestic Values	11	2019	Solar	BG	B16	2024-05-29 11:56:05	100	49.7280000	
Monthly Domestic Values	12	2019	Hydro Run-of-river and poundage	CZ	B11	2024-05-29 11:56:05	100	76.1387300	
Monthly Domestic Values	9	2019	Wind Onshore	SK	B19	2024-05-29 11:56:05	100	0.2291000	
Monthly Domestic Values	7	2019	Biomass	DK	B01	2024-05-29 11:56:05	100	96.9441900	
Monthly Domestic Values	3	2019	Fossil Hard coal	SK	B05	2024-05-29 11:56:05	100	45.5063000	
Monthly Domestic Values	9	2019	Waste	IT	B17	2024-05-29 11:56:05	100	32.8040000	
Monthly Domestic Values	10	2019	Waste	DE	B17	2024-05-29 11:56:05	100	588.3546600	
Monthly Domestic Values	1	2019	Hydro Pumped Storage	AT	B10	2024-05-29 11:56:05	100	450.9144000	
Monthly Domestic Values	1	2019	Fossil Oil	IT	B06	2024-05-29 11:56:05	100	77.5280000	
Monthly Domestic Values	12	2019	Nuclear	DE	B14	2024-05-29 11:56:05	100	6522.7476000	
Monthly Domestic Values	2	2019	Other	RS	B20	2024-05-29 11:56:05	100	105.6090000	
Monthly Domestic Values	12	2019	Solar	IT	B16	2024-05-29 11:56:05	100	645.9220000	
Monthly Domestic Values	9	2019	Hydro Pumped Storage	GB	B10	2024-05-29 11:56:05	100	128.0915000	
Monthly Domestic Values	6	2019	Wind Onshore	NO	B19	2024-05-29 11:56:05	100	350.9013900	
Monthly Domestic Values	8	2019	Biomass	DE	B01	2024-05-29 11:56:05	100	3111.7768350	
Monthly Domestic Values	7	2019	Waste	EE	B17	2024-05-29 11:56:05	100	0.0030000	
Monthly Domestic Values	10	2019	Waste	AT	B17	2024-05-29 11:56:05	100	74.4000000	
Monthly Domestic Values	7	2019	Fossil Gas	FR	B04	2024-05-29 11:56:05	100	2707.0460000	
Monthly Domestic Values	10	2019	Fossil Gas	SK	B04	2024-05-29 11:56:05	100	273.3848000	
Monthly Domestic Values	4	2019	Fossil Gas	LU	B04	2024-05-29 11:56:05	100	20.1362600	
Monthly Domestic Values	10	2019	Hydro Water Reservoir	BA	B12	2024-05-29 11:56:05	100	371.4191400	
Monthly Domestic Values	5	2019	Fossil Coal-derived gas	IT	B03	2024-05-29 11:56:05	100	335.6490000	
Monthly Domestic Values	11	2019	Wind Onshore	ME	B19	2024-05-29 11:56:05	100	42.2620200	
Monthly Domestic Values	5	2019	Hydro Run-of-river and poundage	DE	B11	2024-05-29 11:56:05	100	1423.2250475	
Monthly Domestic Values	1	2019	Other renewable	HR	B15	2024-05-29 11:56:05	100	33.1640000	
Monthly Domestic Values	6	2019	Wind Onshore	GR	B19	2024-05-29 11:56:05	100	395.1950000	
Monthly Domestic Values	5	2019	Hydro Water Reservoir	IT	B12	2024-05-29 11:56:05	100	709.6960000	
Monthly Domestic Values	2	2019	Fossil Peat	ES	B08	2024-05-29 11:56:05	100	0.0000000	
Monthly Domestic Values	8	2019	Other	ES	B20	2024-05-29 11:56:05	100	30.6970000	
Monthly Domestic Values	9	2019	Hydro Run-of-river and poundage	GB	B11	2024-05-29 11:56:05	100	363.0685000	
Monthly Domestic Values	1	2019	Hydro Pumped Storage	GB	B10	2024-05-29 11:56:05	100	213.5370000	
Monthly Domestic Values	1	2019	Other renewable	FI	B15	2024-05-29 11:56:05	100	23.0770300	
Monthly Domestic Values	10	2019	Biomass	FR	B01	2024-05-29 11:56:05	100	235.9340000	
Monthly Domestic Values	6	2019	Fossil Hard coal	FR	B05	2024-05-29 11:56:05	100	8.4280000	
Monthly Domestic Values	7	2019	Geothermal	DE	B09	2024-05-29 11:56:05	100	11.8281000	
Monthly Domestic Values	6	2019	Fossil Oil	AT	B06	2024-05-29 11:56:05	100	0.0000000	
Monthly Domestic Values	1	2019	Nuclear	BE	B14	2024-05-29 11:56:05	100	2919.2597500	
Monthly Domestic Values	5	2019	Fossil Gas	IT	B04	2024-05-29 11:56:05	100	7618.3790000	
Monthly Domestic Values	6	2019	Hydro Run-of-river and poundage	ES	B11	2024-05-29 11:56:05	100	661.7740000	
Monthly Domestic Values	3	2019	Hydro Run-of-river and poundage	FI	B11	2024-05-29 11:56:05	100	927.8191100	
Monthly Domestic Values	1	2019	Wind Onshore	EE	B19	2024-05-29 11:56:05	100	58.9470000	
Monthly Domestic Values	6	2019	Nuclear	BG	B14	2024-05-29 11:56:05	100	1287.4820000	
Monthly Domestic Values	4	2019	Hydro Pumped Storage	HR	B10	2024-05-29 11:56:05	100	26.5605600	
Monthly Domestic Values	10	2019	Other	SE	B20	2024-05-29 11:56:05	100	665.6170000	
Monthly Domestic Values	8	2019	Other renewable	DE	B15	2024-05-29 11:56:05	100	90.0480725	
Monthly Domestic Values	4	2019	Hydro Run-of-river and poundage	CZ	B11	2024-05-29 11:56:05	100	114.5691700	
Monthly Domestic Values	5	2019	Hydro Run-of-river and poundage	LT	B11	2024-05-29 11:56:05	100	36.9106200	
Monthly Domestic Values	4	2019	Biomass	LU	B01	2024-05-29 11:56:05	100	9.7243750	
Monthly Domestic Values	6	2019	Fossil Brown coal/Lignite	MK	B02	2024-05-29 11:56:05	100	228.5999600	
Monthly Domestic Values	8	2019	Fossil Oil	PL	B06	2024-05-29 11:56:05	100	130.3456700	
Monthly Domestic Values	11	2019	Fossil Hard coal	BG	B05	2024-05-29 11:56:05	100	40.2380000	
Monthly Domestic Values	12	2019	Fossil Gas	GR	B04	2024-05-29 11:56:05	100	1101.1500000	
Monthly Domestic Values	12	2019	Hydro Pumped Storage	DE	B10	2024-05-29 11:56:05	100	861.1207850	
Monthly Domestic Values	12	2019	Hydro Run-of-river and poundage	LU	B11	2024-05-29 11:56:05	100	9.5471725	
Monthly Domestic Values	4	2019	Other	NO	B20	2024-05-29 11:56:05	100	4.0107200	
Monthly Domestic Values	5	2019	Solar	BG	B16	2024-05-29 11:56:05	100	143.4250000	
Monthly Domestic Values	3	2019	Fossil Oil shale	ES	B07	2024-05-29 11:56:05	100	0.0000000	
Monthly Domestic Values	3	2019	Wind Onshore	SK	B19	2024-05-29 11:56:05	100	0.0000000	
Monthly Domestic Values	12	2019	Hydro Run-of-river and poundage	LV	B11	2024-05-29 11:56:05	100	260.2980000	
Monthly Domestic Values	2	2019	Other renewable	EE	B15	2024-05-29 11:56:05	100	4.2315000	
Monthly Domestic Values	11	2019	Biomass	BG	B01	2024-05-29 11:56:05	100	14.8580000	
Monthly Domestic Values	11	2019	Biomass	EE	B01	2024-05-29 11:56:05	100	55.3310000	
Monthly Domestic Values	1	2019	Fossil Hard coal	IE	B05	2024-05-29 11:56:05	100	130.9851150	
Monthly Domestic Values	4	2019	Waste	DE	B17	2024-05-29 11:56:05	100	509.7793750	
Monthly Domestic Values	9	2019	Fossil Brown coal/Lignite	GR	B02	2024-05-29 11:56:05	100	620.9730000	
Monthly Domestic Values	6	2019	Nuclear	DE	B14	2024-05-29 11:56:05	100	4572.8273700	
Monthly Domestic Values	11	2019	Solar	GB	B16	2024-05-29 11:56:05	100	293.2895000	
Monthly Domestic Values	1	2019	Wind Onshore	LU	B19	2024-05-29 11:56:05	100	29.1313525	
Monthly Domestic Values	2	2019	Hydro Run-of-river and poundage	HR	B11	2024-05-29 11:56:05	100	117.7390100	
Monthly Domestic Values	4	2019	Wind Onshore	CY	B19	2024-05-29 11:56:05	100	17.4969800	
Monthly Domestic Values	7	2019	Fossil Oil	IT	B06	2024-05-29 11:56:05	100	72.1880000	
Monthly Domestic Values	2	2019	Fossil Gas	BG	B04	2024-05-29 11:56:05	100	262.1680000	
Monthly Domestic Values	7	2019	Fossil Peat	IE	B08	2024-05-29 11:56:05	100	53.6918650	
Monthly Domestic Values	8	2019	Hydro Pumped Storage	ES	B10	2024-05-29 11:56:05	100		
Monthly Domestic Values	8	2019	Hydro Water Reservoir	DE	B12	2024-05-29 11:56:05	100	161.1747025	
Monthly Domestic Values	2	2019	Other	LT	B20	2024-05-29 11:56:05	100	11.5293200	
Monthly Domestic Values	3	2019	Fossil Brown coal/Lignite	DE	B02	2024-05-29 11:56:05	100	8306.8229825	
Monthly Domestic Values	5	2019	Fossil Hard coal	HR	B05	2024-05-29 11:56:05	100	126.6676800	
Monthly Domestic Values	12	2019	Waste	FR	B17	2024-05-29 11:56:05	100	156.7620000	
Monthly Domestic Values	12	2019	Fossil Hard coal	NL	B05	2024-05-29 11:56:05	100	1997.7180600	
Monthly Domestic Values	2	2019	Fossil Oil	CZ	B06	2024-05-29 11:56:05	100	3.5151500	
Monthly Domestic Values	5	2019	Nuclear	FI	B14	2024-05-29 11:56:05	100	1503.4051000	
Monthly Domestic Values	7	2019	Nuclear	SI	B14	2024-05-29 11:56:05	100	502.9713500	
Monthly Domestic Values	12	2019	Hydro Water Reservoir	SK	B12	2024-05-29 11:56:05	100	33.3878800	
Monthly Domestic Values	7	2019	Hydro Water Reservoir	HR	B12	2024-05-29 11:56:05	100	217.7291100	
Monthly Domestic Values	11	2019	Hydro Water Reservoir	RO	B12	2024-05-29 11:56:05	100	313.2021000	
Monthly Domestic Values	7	2019	Solar	GR	B16	2024-05-29 11:56:05	100	406.2894100	
Monthly Domestic Values	7	2019	Wind Onshore	MK	B19	2024-05-29 11:56:05	100	8.2679800	
Monthly Domestic Values	5	2019	Fossil Hard coal	AT	B05	2024-05-29 11:56:05	100	74.5759000	
Monthly Domestic Values	11	2019	Fossil Hard coal	AT	B05	2024-05-29 11:56:05	100	117.8767000	
Monthly Domestic Values	2	2019	Fossil Oil	IE	B06	2024-05-29 11:56:05	100	57.8621050	
Monthly Domestic Values	4	2019	Nuclear	SK	B14	2024-05-29 11:56:05	100	1101.4743000	
Monthly Domestic Values	1	2019	Hydro Water Reservoir	PT	B12	2024-05-29 11:56:05	100	151.3888000	
Monthly Domestic Values	1	2019	Hydro Water Reservoir	PL	B12	2024-05-29 11:56:05	100	7.3452600	
Monthly Domestic Values	9	2019	Other	NL	B20	2024-05-29 11:56:05	100	3045.2792650	
Monthly Domestic Values	7	2019	Hydro Water Reservoir	PL	B12	2024-05-29 11:56:05	100	5.8340800	
Monthly Domestic Values	1	2019	Other	SK	B20	2024-05-29 11:56:05	100	171.0843000	
Monthly Domestic Values	1	2019	Hydro Run-of-river and poundage	GB	B11	2024-05-29 11:56:05	100	343.9810000	
Monthly Domestic Values	5	2019	Fossil Coal-derived gas	DE	B03	2024-05-29 11:56:05	100	242.3915500	
Monthly Domestic Values	9	2019	Hydro Run-of-river and poundage	MK	B11	2024-05-29 11:56:05	100	0.0000000	
Monthly Domestic Values	8	2019	Biomass	BE	B01	2024-05-29 11:56:05	100	224.4204900	
Monthly Domestic Values	2	2019	Waste	BE	B17	2024-05-29 11:56:05	100	168.9239900	
Monthly Domestic Values	6	2019	Hydro Pumped Storage	DE	B10	2024-05-29 11:56:05	100	774.3846575	
Monthly Domestic Values	4	2019	Fossil Gas	LT	B04	2024-05-29 11:56:05	100	32.5987900	
Monthly Domestic Values	5	2019	Fossil Gas	SI	B04	2024-05-29 11:56:05	100	20.1842200	
Monthly Domestic Values	11	2019	Solar	EE	B16	2024-05-29 11:56:05	100	1.2960000	
Monthly Domestic Values	9	2019	Wind Onshore	LU	B19	2024-05-29 11:56:05	100	19.8297975	
Monthly Domestic Values	1	2019	Wind Onshore	FR	B19	2024-05-29 11:56:05	100	2835.2430000	
Monthly Domestic Values	1	2019	Solar	PT	B16	2024-05-29 11:56:05	100	57.1841000	
Monthly Domestic Values	10	2019	Solar	SK	B16	2024-05-29 11:56:05	100	44.0206000	
Monthly Domestic Values	12	2019	Solar	HR	B16	2024-05-29 11:56:05	100	2.3250000	
Monthly Domestic Values	1	2019	Hydro Water Reservoir	SE	B12	2024-05-29 11:56:05	100	6473.5840000	
Monthly Domestic Values	12	2019	Wind Offshore	ES	B18	2024-05-29 11:56:05	100	0.0000000	
Monthly Domestic Values	9	2019	Fossil Oil shale	ES	B07	2024-05-29 11:56:05	100	0.0000000	
Monthly Domestic Values	5	2019	Biomass	BG	B01	2024-05-29 11:56:05	100	21.1790000	
Monthly Domestic Values	7	2019	Fossil Hard coal	IE	B05	2024-05-29 11:56:05	100	1.6361100	
Monthly Domestic Values	3	2019	Fossil Brown coal/Lignite	GR	B02	2024-05-29 11:56:05	100	1021.5590000	
Monthly Domestic Values	8	2019	Fossil Gas	EE	B04	2024-05-29 11:56:05	100	1.1281000	
Monthly Domestic Values	12	2019	Fossil Gas	GB	B04	2024-05-29 11:56:05	100	8888.0388100	
Monthly Domestic Values	7	2019	Fossil Gas	DE	B04	2024-05-29 11:56:05	100	4817.7121000	
Monthly Domestic Values	2	2019	Fossil Oil shale	EE	B07	2024-05-29 11:56:05	100	462.6776000	
Monthly Domestic Values	11	2019	Hydro Run-of-river and poundage	FR	B11	2024-05-29 11:56:05	100	4012.1730000	
Monthly Domestic Values	1	2019	Solar	FR	B16	2024-05-29 11:56:05	100	411.0670000	
Monthly Domestic Values	10	2019	Waste	HR	B17	2024-05-29 11:56:05	100	0.7050000	
Monthly Domestic Values	11	2019	Fossil Oil	SI	B06	2024-05-29 11:56:05	100	0.0005400	
Monthly Domestic Values	10	2019	Fossil Oil	BE	B06	2024-05-29 11:56:05	100	0.1570500	
Monthly Domestic Values	11	2019	Fossil Hard coal	GB	B05	2024-05-29 11:56:05	100	1062.1843450	
Monthly Domestic Values	1	2019	Solar	CZ	B16	2024-05-29 11:56:05	100	52.7830800	
Monthly Domestic Values	3	2019	Other	AT	B20	2024-05-29 11:56:05	100	16.3680000	
Monthly Domestic Values	7	2019	Other renewable	FI	B15	2024-05-29 11:56:05	100	17.6986900	
Monthly Domestic Values	10	2019	Hydro Run-of-river and poundage	LT	B11	2024-05-29 11:56:05	100	20.5563100	
Monthly Domestic Values	12	2019	Wind Onshore	BE	B19	2024-05-29 11:56:05	100	498.5892400	
Monthly Domestic Values	7	2019	Wind Onshore	SI	B19	2024-05-29 11:56:05	100	0.3054200	
Monthly Domestic Values	6	2019	Solar	BE	B16	2024-05-29 11:56:05	100	503.7374600	
Monthly Domestic Values	9	2019	Other	SK	B20	2024-05-29 11:56:05	100	61.1843000	
Monthly Domestic Values	2	2019	Other	DE	B20	2024-05-29 11:56:05	100	324.1064600	
Monthly Domestic Values	7	2019	Fossil Coal-derived gas	DE	B03	2024-05-29 11:56:05	100	253.7715500	
Monthly Domestic Values	4	2019	Hydro Water Reservoir	BA	B12	2024-05-29 11:56:05	100	447.6612000	
Monthly Domestic Values	8	2019	Hydro Water Reservoir	ES	B12	2024-05-29 11:56:05	100	859.9970000	
Monthly Domestic Values	7	2019	Fossil Hard coal	DE	B05	2024-05-29 11:56:05	100	3263.5096075	
Monthly Domestic Values	11	2019	Biomass	SK	B01	2024-05-29 11:56:05	100	83.1379000	
Monthly Domestic Values	8	2019	Waste	DK	B17	2024-05-29 11:56:05	100	110.7700100	
Monthly Domestic Values	8	2019	Hydro Pumped Storage	CZ	B10	2024-05-29 11:56:05	100	98.5366200	
Monthly Domestic Values	2	2019	Fossil Gas	FR	B04	2024-05-29 11:56:05	100	4297.2900000	
Monthly Domestic Values	8	2019	Fossil Gas	NL	B04	2024-05-29 11:56:05	100	3874.0686950	
Monthly Domestic Values	1	2019	Hydro Run-of-river and poundage	AT	B11	2024-05-29 11:56:05	100	1941.6741000	
Monthly Domestic Values	7	2019	Other	GB	B20	2024-05-29 11:56:05	100	70.1764150	
Monthly Domestic Values	9	2019	Hydro Run-of-river and poundage	FI	B11	2024-05-29 11:56:05	100	804.0045200	
Monthly Domestic Values	8	2019	Wind Onshore	DE	B19	2024-05-29 11:56:05	100	4515.1951100	
Monthly Domestic Values	11	2019	Fossil Oil	ES	B06	2024-05-29 11:56:05	100	172.9410000	
Monthly Domestic Values	1	2019	Hydro Water Reservoir	FR	B12	2024-05-29 11:56:05	100	1524.7740000	
Monthly Domestic Values	7	2019	Solar	LT	B16	2024-05-29 11:56:05	100	12.4604400	
Monthly Domestic Values	2	2019	Hydro Water Reservoir	AT	B12	2024-05-29 11:56:05	100	245.5549000	
Monthly Domestic Values	7	2019	Fossil Peat	ES	B08	2024-05-29 11:56:05	100	0.0000000	
Monthly Domestic Values	8	2019	Fossil Coal-derived gas	ES	B03	2024-05-29 11:56:05	100	0.0000000	
Monthly Domestic Values	6	2019	Biomass	CZ	B01	2024-05-29 11:56:05	100	147.8896100	
Monthly Domestic Values	8	2019	Biomass	LT	B01	2024-05-29 11:56:05	100	27.6986000	
Monthly Domestic Values	4	2019	Waste	IT	B17	2024-05-29 11:56:05	100	27.3940000	
Monthly Domestic Values	11	2019	Fossil Oil	AT	B06	2024-05-29 11:56:05	100	0.0000000	
Monthly Domestic Values	6	2019	Hydro Pumped Storage	CH	B10	2024-05-29 11:56:05	100	966.5988900	
Monthly Domestic Values	12	2019	Hydro Pumped Storage	SI	B10	2024-05-29 11:56:05	100	27.6140100	
Monthly Domestic Values	2	2019	Wind Onshore	FI	B19	2024-05-29 11:56:05	100	638.2436200	
Monthly Domestic Values	7	2019	Wind Onshore	AT	B19	2024-05-29 11:56:05	100	365.0950000	
Monthly Domestic Values	5	2019	Wind Onshore	NL	B19	2024-05-29 11:56:05	100	167.3144075	
Monthly Domestic Values	9	2019	Hydro Water Reservoir	RS	B12	2024-05-29 11:56:05	100	48.3200000	
Monthly Domestic Values	3	2019	Fossil Gas	DE	B04	2024-05-29 11:56:05	100	3649.8352625	
Monthly Domestic Values	6	2019	Hydro Water Reservoir	BG	B12	2024-05-29 11:56:05	100	280.6060000	
Monthly Domestic Values	4	2019	Solar	NL	B16	2024-05-29 11:56:05	100	7.1758825	
Monthly Domestic Values	9	2019	Solar	CH	B16	2024-05-29 11:56:05	100	38.3072100	
Monthly Domestic Values	6	2019	Solar	DE	B16	2024-05-29 11:56:05	100	6462.3656350	
Monthly Domestic Values	5	2019	Waste	AT	B17	2024-05-29 11:56:05	100	74.4000000	
Monthly Domestic Values	2	2019	Fossil Oil	SK	B06	2024-05-29 11:56:05	100	33.8477000	
Monthly Domestic Values	6	2019	Nuclear	FI	B14	2024-05-29 11:56:05	100	1767.5659000	
Monthly Domestic Values	5	2019	Fossil Gas	DK	B04	2024-05-29 11:56:05	100	147.1879000	
Monthly Domestic Values	5	2019	Solar	HR	B16	2024-05-29 11:56:05	100	5.9460000	
Monthly Domestic Values	2	2019	Solar	GR	B16	2024-05-29 11:56:05	100	216.8560000	
Monthly Domestic Values	3	2019	Other	ES	B20	2024-05-29 11:56:05	100	43.5330000	
Monthly Domestic Values	7	2019	Wind Offshore	ES	B18	2024-05-29 11:56:05	100	0.0000000	
Monthly Domestic Values	11	2019	Solar	HU	B16	2024-05-29 11:56:05	100	39.6814775	
Monthly Domestic Values	11	2019	Other	IE	B20	2024-05-29 11:56:05	100	0.9839600	
Monthly Domestic Values	10	2019	Wind Onshore	HU	B19	2024-05-29 11:56:05	100	59.2026925	
Monthly Domestic Values	10	2019	Hydro Run-of-river and poundage	LU	B11	2024-05-29 11:56:05	100	5.4325075	
Monthly Domestic Values	1	2019	Fossil Hard coal	PL	B05	2024-05-29 11:56:05	100	7556.3938100	
Monthly Domestic Values	9	2019	Fossil Hard coal	DK	B05	2024-05-29 11:56:05	100	124.3120400	
Monthly Domestic Values	1	2019	Fossil Brown coal/Lignite	BA	B02	2024-05-29 11:56:05	100	176.5562600	
Monthly Domestic Values	7	2019	Fossil Brown coal/Lignite	BA	B02	2024-05-29 11:56:05	100	199.2912500	
Monthly Domestic Values	12	2019	Fossil Brown coal/Lignite	PL	B02	2024-05-29 11:56:05	100	2943.5274400	
Monthly Domestic Values	5	2019	Hydro Pumped Storage	AT	B10	2024-05-29 11:56:05	100	353.1519000	
Monthly Domestic Values	1	2019	Wind Onshore	NO	B19	2024-05-29 11:56:05	100	404.1773700	
Monthly Domestic Values	11	2019	Hydro Water Reservoir	LU	B12	2024-05-29 11:56:05	100	2.3238600	
Monthly Domestic Values	12	2019	Wind Offshore	NL	B18	2024-05-29 11:56:05	100	399.6367775	
Monthly Domestic Values	8	2019	Other	CZ	B20	2024-05-29 11:56:05	100	78.6131800	
Monthly Domestic Values	2	2019	Wind Onshore	PL	B19	2024-05-29 11:56:05	100	1539.3993100	
Monthly Domestic Values	10	2019	Wind Onshore	LV	B19	2024-05-29 11:56:05	100	11.4040000	
Monthly Domestic Values	8	2019	Wind Onshore	BG	B19	2024-05-29 11:56:05	100	84.5780000	
Monthly Domestic Values	1	2019	Nuclear	SE	B14	2024-05-29 11:56:05	100	6065.4630000	
Monthly Domestic Values	3	2019	Fossil Brown coal/Lignite	SI	B02	2024-05-29 11:56:05	100	298.6781100	
Monthly Domestic Values	3	2019	Fossil Oil	MK	B06	2024-05-29 11:56:05	100	0.0000000	
Monthly Domestic Values	9	2019	Fossil Oil	MK	B06	2024-05-29 11:56:05	100	0.0000000	
Monthly Domestic Values	5	2019	Nuclear	CZ	B14	2024-05-29 11:56:05	100	2746.0598400	
Monthly Domestic Values	3	2019	Hydro Water Reservoir	DE	B12	2024-05-29 11:56:05	100	95.7356050	
Monthly Domestic Values	8	2019	Fossil Brown coal/Lignite	HU	B02	2024-05-29 11:56:05	100	325.2891800	
Monthly Domestic Values	7	2019	Fossil Oil	CZ	B06	2024-05-29 11:56:05	100	5.0427400	
Monthly Domestic Values	1	2019	Wind Offshore	DE	B18	2024-05-29 11:56:05	100	2213.2542125	
Monthly Domestic Values	7	2019	Wind Offshore	DE	B18	2024-05-29 11:56:05	100	1668.5048300	
Monthly Domestic Values	3	2019	Fossil Gas	GB	B04	2024-05-29 11:56:05	100	9421.7614250	
Monthly Domestic Values	8	2019	Fossil Gas	PT	B04	2024-05-29 11:56:05	100	1713.0929000	
Monthly Domestic Values	4	2019	Solar	SI	B16	2024-05-29 11:56:05	100	21.8706000	
Monthly Domestic Values	6	2019	Other	NO	B20	2024-05-29 11:56:05	100	4.8102100	
Monthly Domestic Values	7	2019	Hydro Run-of-river and poundage	GB	B11	2024-05-29 11:56:05	100	206.8330000	
Monthly Domestic Values	12	2019	Other	NO	B20	2024-05-29 11:56:05	100	10.6864300	
Monthly Domestic Values	10	2019	Solar	FR	B16	2024-05-29 11:56:05	100	692.6850000	
Monthly Domestic Values	10	2019	Wind Onshore	GR	B19	2024-05-29 11:56:05	100	357.5710000	
Monthly Domestic Values	3	2019	Biomass	PT	B01	2024-05-29 11:56:05	100	183.6358000	
Monthly Domestic Values	6	2019	Biomass	EE	B01	2024-05-29 11:56:05	100	35.0923000	
Monthly Domestic Values	11	2019	Biomass	FI	B01	2024-05-29 11:56:05	100	460.6668700	
Monthly Domestic Values	12	2019	Biomass	CZ	B01	2024-05-29 11:56:05	100	172.8046800	
Monthly Domestic Values	12	2019	Geothermal	AT	B09	2024-05-29 11:56:05	100	0.0520800	
Monthly Domestic Values	10	2019	Fossil Oil	DE	B06	2024-05-29 11:56:05	100	322.6675975	
Monthly Domestic Values	8	2019	Hydro Run-of-river and poundage	RS	B11	2024-05-29 11:56:05	100	527.5340000	
Monthly Domestic Values	8	2019	Other renewable	SK	B15	2024-05-29 11:56:05	100	42.7644000	
Monthly Domestic Values	11	2019	Wind Onshore	NL	B19	2024-05-29 11:56:05	100	362.9554100	
Monthly Domestic Values	6	2019	Solar	GB	B16	2024-05-29 11:56:05	100	1349.5320000	
Monthly Domestic Values	12	2019	Solar	DE	B16	2024-05-29 11:56:05	100	933.0213300	
Monthly Domestic Values	10	2019	Solar	NL	B16	2024-05-29 11:56:05	100	3.6342000	
Monthly Domestic Values	2	2019	Other	BE	B20	2024-05-29 11:56:05	100	510.6635500	
Monthly Domestic Values	4	2019	Hydro Run-of-river and poundage	EE	B11	2024-05-29 11:56:05	100	1.7663000	
Monthly Domestic Values	1	2019	Hydro Run-of-river and poundage	ES	B11	2024-05-29 11:56:05	100	686.2820000	
Monthly Domestic Values	11	2019	Fossil Oil	CY	B06	2024-05-29 11:56:05	100	304.7546450	
Monthly Domestic Values	5	2019	Hydro Water Reservoir	HU	B12	2024-05-29 11:56:05	100	7.0879725	
Monthly Domestic Values	6	2019	Wind Offshore	GB	B18	2024-05-29 11:56:05	100	1200.8228550	
Monthly Domestic Values	1	2019	Other	NL	B20	2024-05-29 11:56:05	100	3347.8864400	
Monthly Domestic Values	6	2019	Solar	AT	B16	2024-05-29 11:56:05	100	106.4290000	
Monthly Domestic Values	5	2019	Hydro Water Reservoir	CH	B12	2024-05-29 11:56:05	100	667.2713600	
Monthly Domestic Values	5	2019	Biomass	PL	B01	2024-05-29 11:56:05	100	122.6566500	
Monthly Domestic Values	3	2019	Fossil Hard coal	IT	B05	2024-05-29 11:56:05	100	1313.0550000	
Monthly Domestic Values	8	2019	Fossil Oil	SK	B06	2024-05-29 11:56:05	100	55.4484000	
Monthly Domestic Values	3	2019	Fossil Hard coal	BG	B05	2024-05-29 11:56:05	100	43.8690000	
Monthly Domestic Values	8	2019	Hydro Pumped Storage	IT	B10	2024-05-29 11:56:05	100	264.1850000	
Monthly Domestic Values	9	2019	Hydro Pumped Storage	FR	B10	2024-05-29 11:56:05	100	320.9070000	
Monthly Domestic Values	4	2019	Hydro Run-of-river and poundage	LV	B11	2024-05-29 11:56:05	100	289.0520000	
Monthly Domestic Values	11	2019	Hydro Run-of-river and poundage	IE	B11	2024-05-29 11:56:05	100	106.3484050	
Monthly Domestic Values	3	2019	Wind Onshore	CH	B19	2024-05-29 11:56:05	100	13.2795300	
Monthly Domestic Values	10	2019	Wind Onshore	EE	B19	2024-05-29 11:56:05	100	58.0183000	
Monthly Domestic Values	8	2019	Nuclear	RO	B14	2024-05-29 11:56:05	100	993.1401300	
Monthly Domestic Values	12	2019	Nuclear	FI	B14	2024-05-29 11:56:05	100	2080.7550000	
Monthly Domestic Values	7	2019	Fossil Oil	FI	B06	2024-05-29 11:56:05	100	1.1032500	
Monthly Domestic Values	7	2019	Solar	ES	B16	2024-05-29 11:56:05	100	1761.5620000	
Monthly Domestic Values	1	2019	Wind Offshore	ES	B18	2024-05-29 11:56:05	100	0.0000000	
Monthly Domestic Values	7	2019	Wind Onshore	ES	B19	2024-05-29 11:56:05	100	3206.2410000	
Monthly Domestic Values	9	2019	Biomass	ES	B01	2024-05-29 11:56:05	100	250.2470000	
Monthly Domestic Values	9	2019	Waste	LT	B17	2024-05-29 11:56:05	100	12.8004700	
Monthly Domestic Values	4	2019	Fossil Oil	BE	B06	2024-05-29 11:56:05	100	0.0957000	
Monthly Domestic Values	5	2019	Fossil Hard coal	GB	B05	2024-05-29 11:56:05	100	33.3924800	
Monthly Domestic Values	9	2019	Nuclear	ES	B14	2024-05-29 11:56:05	100	5005.9980000	
Monthly Domestic Values	8	2019	Other	DE	B20	2024-05-29 11:56:05	100	246.5899125	
Monthly Domestic Values	2	2019	Hydro Water Reservoir	ES	B12	2024-05-29 11:56:05	100	1821.1430000	
Monthly Domestic Values	6	2019	Wind Onshore	BE	B19	2024-05-29 11:56:05	100	198.5424500	
Monthly Domestic Values	11	2019	Wind Onshore	RO	B19	2024-05-29 11:56:05	100	768.3749100	
Monthly Domestic Values	5	2019	Biomass	SK	B01	2024-05-29 11:56:05	100	69.1895000	
Monthly Domestic Values	10	2019	Biomass	AT	B01	2024-05-29 11:56:05	100	151.1960000	
Monthly Domestic Values	11	2019	Fossil Hard coal	FI	B05	2024-05-29 11:56:05	100	498.2878700	
Monthly Domestic Values	2	2019	Waste	DK	B17	2024-05-29 11:56:05	100	113.6550300	
Monthly Domestic Values	12	2019	Marine	ES	B13	2024-05-29 11:56:05	100	0.0000000	
Monthly Domestic Values	4	2019	Fossil Gas	NO	B04	2024-05-29 11:56:05	100	257.9918500	
Monthly Domestic Values	2	2019	Fossil Gas	NL	B04	2024-05-29 11:56:05	100	3779.4157500	
Monthly Domestic Values	2	2019	Fossil Coal-derived gas	ES	B03	2024-05-29 11:56:05	100	0.0000000	
Monthly Domestic Values	5	2019	Other	PT	B20	2024-05-29 11:56:05	100	19.6505000	
Monthly Domestic Values	7	2019	Hydro Run-of-river and poundage	AT	B11	2024-05-29 11:56:05	100	2372.3792000	
Monthly Domestic Values	2	2019	Wind Onshore	GB	B19	2024-05-29 11:56:05	100	2656.6592500	
Monthly Domestic Values	6	2019	Geothermal	AT	B09	2024-05-29 11:56:05	100	0.0504000	
Monthly Domestic Values	7	2019	Fossil Hard coal	SK	B05	2024-05-29 11:56:05	100	4.5489000	
Monthly Domestic Values	1	2019	Fossil Brown coal/Lignite	CZ	B02	2024-05-29 11:56:05	100	3368.2696500	
Monthly Domestic Values	2	2019	Fossil Brown coal/Lignite	ME	B02	2024-05-29 11:56:05	100	138.8926200	
Monthly Domestic Values	4	2019	Hydro Water Reservoir	ME	B12	2024-05-29 11:56:05	100	80.3082000	
Monthly Domestic Values	11	2019	Hydro Water Reservoir	HU	B12	2024-05-29 11:56:05	100	10.1123950	
Monthly Domestic Values	2	2019	Wind Onshore	IT	B19	2024-05-29 11:56:05	100	2334.1190000	
Monthly Domestic Values	12	2019	Wind Offshore	GB	B18	2024-05-29 11:56:05	100	2796.6424900	
Monthly Domestic Values	4	2019	Fossil Gas	RS	B04	2024-05-29 11:56:05	100	1.4400000	
Monthly Domestic Values	4	2019	Fossil Gas	IE	B04	2024-05-29 11:56:05	100	565.4780850	
Monthly Domestic Values	9	2019	Fossil Coal-derived gas	CZ	B03	2024-05-29 11:56:05	100	110.4365400	
Monthly Domestic Values	1	2019	Hydro Run-of-river and poundage	NL	B11	2024-05-29 11:56:05	100	0.0000000	
Monthly Domestic Values	6	2019	Wind Onshore	LT	B19	2024-05-29 11:56:05	100	74.2607900	
Monthly Domestic Values	3	2019	Biomass	HU	B01	2024-05-29 11:56:05	100	83.9476450	
Monthly Domestic Values	11	2019	Biomass	PL	B01	2024-05-29 11:56:05	100	169.0794800	
Monthly Domestic Values	7	2019	Biomass	NL	B01	2024-05-29 11:56:05	100	0.0000000	
Monthly Domestic Values	9	2019	Waste	SI	B17	2024-05-29 11:56:05	100	4.0653500	
Monthly Domestic Values	4	2019	Fossil Brown coal/Lignite	RS	B02	2024-05-29 11:56:05	100	1894.9830000	
Monthly Domestic Values	3	2019	Geothermal	IT	B09	2024-05-29 11:56:05	100	482.5650000	
Monthly Domestic Values	1	2019	Wind Onshore	ES	B19	2024-05-29 11:56:05	100	5990.5670000	
Monthly Domestic Values	8	2019	Hydro Run-of-river and poundage	SK	B11	2024-05-29 11:56:05	100	237.4669200	
Monthly Domestic Values	9	2019	Wind Onshore	CH	B19	2024-05-29 11:56:05	100	5.2104000	
Monthly Domestic Values	11	2019	Nuclear	CH	B14	2024-05-29 11:56:05	100	2411.2790000	
Monthly Domestic Values	10	2019	Fossil Gas	ES	B04	2024-05-29 11:56:05	100	7761.4740000	
Monthly Domestic Values	10	2019	Fossil Oil	GB	B06	2024-05-29 11:56:05	100	0.1557150	
Monthly Domestic Values	9	2019	Fossil Gas	RO	B04	2024-05-29 11:56:05	100	709.3353700	
Monthly Domestic Values	7	2019	Other	IT	B20	2024-05-29 11:56:05	100	2315.3680000	
Monthly Domestic Values	3	2019	Hydro Run-of-river and poundage	CH	B11	2024-05-29 11:56:05	100	80.9524600	
Monthly Domestic Values	3	2019	Marine	ES	B13	2024-05-29 11:56:05	100	0.0000000	
Monthly Domestic Values	6	2019	Hydro Pumped Storage	LT	B10	2024-05-29 11:56:05	100	60.3016800	
Monthly Domestic Values	10	2019	Fossil Oil	FR	B06	2024-05-29 11:56:05	100	125.3060000	
Monthly Domestic Values	8	2019	Nuclear	NL	B14	2024-05-29 11:56:05	100	318.5779450	
Monthly Domestic Values	9	2019	Hydro Pumped Storage	SK	B10	2024-05-29 11:56:05	100	15.5054100	
Monthly Domestic Values	1	2019	Hydro Pumped Storage	BE	B10	2024-05-29 11:56:05	100	90.2899700	
Monthly Domestic Values	5	2019	Biomass	SI	B01	2024-05-29 11:56:05	100	7.1237400	
Monthly Domestic Values	11	2019	Biomass	GB	B01	2024-05-29 11:56:05	100	1839.3160000	
Monthly Domestic Values	4	2019	Fossil Brown coal/Lignite	ES	B02	2024-05-29 11:56:05	100	0.0000000	
Monthly Domestic Values	2	2019	Waste	LU	B17	2024-05-29 11:56:05	100	8.4667075	
Monthly Domestic Values	12	2019	Nuclear	HU	B14	2024-05-29 11:56:05	100	1432.4952250	
Monthly Domestic Values	11	2019	Fossil Gas	AT	B04	2024-05-29 11:56:05	100	1269.0546000	
Monthly Domestic Values	9	2019	Wind Onshore	DK	B19	2024-05-29 11:56:05	100	904.2271900	
Monthly Domestic Values	7	2019	Other	LV	B20	2024-05-29 11:56:05	100	36.4470000	
Monthly Domestic Values	8	2019	Wind Onshore	PL	B19	2024-05-29 11:56:05	100	574.8821700	
Monthly Domestic Values	12	2019	Other renewable	AT	B15	2024-05-29 11:56:05	100	0.0000000	
Monthly Domestic Values	11	2019	Nuclear	CZ	B14	2024-05-29 11:56:05	100	2772.8603400	
Monthly Domestic Values	5	2019	Hydro Water Reservoir	LU	B12	2024-05-29 11:56:05	100	0.4250400	
Monthly Domestic Values	2	2019	Other	CZ	B20	2024-05-29 11:56:05	100	76.0677700	
Monthly Domestic Values	6	2019	Solar	RO	B16	2024-05-29 11:56:05	100	163.2750900	
Monthly Domestic Values	12	2019	Solar	RO	B16	2024-05-29 11:56:05	100	47.5917100	
Monthly Domestic Values	1	2019	Other	LV	B20	2024-05-29 11:56:05	100	62.7630000	
Monthly Domestic Values	12	2019	Biomass	IT	B01	2024-05-29 11:56:05	100	473.4070000	
Monthly Domestic Values	9	2019	Biomass	RO	B01	2024-05-29 11:56:05	100	31.2113500	
Monthly Domestic Values	6	2019	Fossil Hard coal	RO	B05	2024-05-29 11:56:05	100	44.2560000	
Monthly Domestic Values	2	2019	Fossil Brown coal/Lignite	HU	B02	2024-05-29 11:56:05	100	349.0380650	
Monthly Domestic Values	1	2019	Fossil Brown coal/Lignite	BG	B02	2024-05-29 11:56:05	100	2255.2260000	
Monthly Domestic Values	2	2019	Fossil Oil	DE	B06	2024-05-29 11:56:05	100	398.8285550	
Monthly Domestic Values	9	2019	Hydro Run-of-river and poundage	NO	B11	2024-05-29 11:56:05	100	989.7615600	
Monthly Domestic Values	9	2019	Hydro Pumped Storage	BG	B10	2024-05-29 11:56:05	100	37.3380000	
Monthly Domestic Values	1	2019	Fossil Hard coal	BA	B05	2024-05-29 11:56:05	100	772.5591000	
Monthly Domestic Values	7	2019	Fossil Hard coal	BA	B05	2024-05-29 11:56:05	100	779.0932600	
Monthly Domestic Values	5	2019	Hydro Run-of-river and poundage	PT	B11	2024-05-29 11:56:05	100	298.9771000	
Monthly Domestic Values	11	2019	Hydro Run-of-river and poundage	PT	B11	2024-05-29 11:56:05	100	455.5425000	
Monthly Domestic Values	11	2019	Fossil Oil	HR	B06	2024-05-29 11:56:05	100	0.4390600	
Monthly Domestic Values	7	2019	Fossil Brown coal/Lignite	BG	B02	2024-05-29 11:56:05	100	1338.4520000	
Monthly Domestic Values	10	2019	Fossil Gas	CZ	B04	2024-05-29 11:56:05	100	613.1356800	
Monthly Domestic Values	5	2019	Fossil Gas	MK	B04	2024-05-29 11:56:05	100	0.4542900	
Monthly Domestic Values	4	2019	Hydro Water Reservoir	MK	B12	2024-05-29 11:56:05	100	63.2291800	
Monthly Domestic Values	9	2019	Hydro Water Reservoir	CZ	B12	2024-05-29 11:56:05	100	59.3852200	
Monthly Domestic Values	11	2019	Fossil Brown coal/Lignite	SK	B02	2024-05-29 11:56:05	100	110.3693000	
Monthly Domestic Values	7	2019	Hydro Pumped Storage	PL	B10	2024-05-29 11:56:05	100	51.2532100	
Monthly Domestic Values	12	2019	Hydro Pumped Storage	CH	B10	2024-05-29 11:56:05	100	434.6549500	
Monthly Domestic Values	3	2019	Fossil Peat	EE	B08	2024-05-29 11:56:05	100	3.4162000	
Monthly Domestic Values	3	2019	Solar	CH	B16	2024-05-29 11:56:05	100	40.2673200	
Monthly Domestic Values	10	2019	Fossil Gas	RS	B04	2024-05-29 11:56:05	100	1.4880000	
Monthly Domestic Values	12	2019	Wind Onshore	CZ	B19	2024-05-29 11:56:05	100	78.0312500	
Monthly Domestic Values	12	2019	Wind Onshore	LT	B19	2024-05-29 11:56:05	100	170.1084600	
Monthly Domestic Values	12	2019	Hydro Water Reservoir	BG	B12	2024-05-29 11:56:05	100	146.7650000	
Monthly Domestic Values	7	2019	Wind Onshore	BA	B19	2024-05-29 11:56:05	100	10.3003200	
Monthly Domestic Values	7	2019	Other	HU	B20	2024-05-29 11:56:05	100	84.2176325	
Monthly Domestic Values	10	2019	Other	HU	B20	2024-05-29 11:56:05	100	41.9129725	
Monthly Domestic Values	8	2019	Wind Onshore	FI	B19	2024-05-29 11:56:05	100	431.3300500	
Monthly Domestic Values	1	2019	Wind Onshore	AT	B19	2024-05-29 11:56:05	100	951.5880000	
Monthly Domestic Values	6	2019	Biomass	RS	B01	2024-05-29 11:56:05	100	10.0780000	
Monthly Domestic Values	7	2019	Fossil Hard coal	BE	B05	2024-05-29 11:56:05	100	0.0000000	
Monthly Domestic Values	2	2019	Fossil Hard coal	FI	B05	2024-05-29 11:56:05	100	647.7747900	
Monthly Domestic Values	8	2019	Waste	FI	B17	2024-05-29 11:56:05	100	21.0509700	
Monthly Domestic Values	10	2019	Fossil Brown coal/Lignite	RS	B02	2024-05-29 11:56:05	100	1998.3230000	
Monthly Domestic Values	9	2019	Geothermal	IT	B09	2024-05-29 11:56:05	100	469.1710000	
Monthly Domestic Values	10	2019	Wind Onshore	IT	B19	2024-05-29 11:56:05	100	1024.1880000	
Monthly Domestic Values	12	2019	Fossil Gas	IE	B04	2024-05-29 11:56:05	100	523.6973450	
Monthly Domestic Values	7	2019	Hydro Water Reservoir	MK	B12	2024-05-29 11:56:05	100	75.8111800	
Monthly Domestic Values	5	2019	Hydro Run-of-river and poundage	BG	B11	2024-05-29 11:56:05	100	183.3390000	
Monthly Domestic Values	1	2019	Other	IT	B20	2024-05-29 11:56:05	100	1968.9430000	
Monthly Domestic Values	3	2019	Other renewable	HU	B15	2024-05-29 11:56:05	100	9.0208375	
Monthly Domestic Values	11	2019	Wind Onshore	GB	B19	2024-05-29 11:56:05	100	2131.7050100	
Monthly Domestic Values	4	2019	Fossil Oil	FR	B06	2024-05-29 11:56:05	100	108.3020000	
Monthly Domestic Values	12	2019	Hydro Pumped Storage	LT	B10	2024-05-29 11:56:05	100	43.4229300	
Monthly Domestic Values	7	2019	Hydro Pumped Storage	BE	B10	2024-05-29 11:56:05	100	53.0302700	
Monthly Domestic Values	12	2019	Hydro Pumped Storage	IE	B10	2024-05-29 11:56:05	100	25.9547300	
Monthly Domestic Values	4	2019	Fossil Gas	ES	B04	2024-05-29 11:56:05	100	4906.2320000	
Monthly Domestic Values	3	2019	Fossil Gas	RO	B04	2024-05-29 11:56:05	100	818.2696000	
Monthly Domestic Values	3	2019	Biomass	ES	B01	2024-05-29 11:56:05	100	256.4770000	
Monthly Domestic Values	8	2019	Biomass	DK	B01	2024-05-29 11:56:05	100	113.7200000	
Monthly Domestic Values	8	2019	Biomass	SI	B01	2024-05-29 11:56:05	100	8.1213800	
Monthly Domestic Values	3	2019	Waste	FR	B17	2024-05-29 11:56:05	100	162.0930000	
Monthly Domestic Values	8	2019	Fossil Hard coal	HR	B05	2024-05-29 11:56:05	100	139.6466400	
Monthly Domestic Values	3	2019	Waste	LT	B17	2024-05-29 11:56:05	100	12.7423800	
Monthly Domestic Values	1	2019	Wind Onshore	LV	B19	2024-05-29 11:56:05	100	10.7680000	
Monthly Domestic Values	10	2019	Wind Onshore	MK	B19	2024-05-29 11:56:05	100	4.3782000	
Monthly Domestic Values	12	2019	Fossil Brown coal/Lignite	DE	B02	2024-05-29 11:56:05	100	7657.3451275	
Monthly Domestic Values	11	2019	Waste	LU	B17	2024-05-29 11:56:05	100	9.6649725	
Monthly Domestic Values	4	2019	Nuclear	FR	B14	2024-05-29 11:56:05	100	31642.8030000	
Monthly Domestic Values	3	2019	Hydro Pumped Storage	ES	B10	2024-05-29 11:56:05	100		
Monthly Domestic Values	2	2019	Hydro Water Reservoir	RO	B12	2024-05-29 11:56:05	100	226.3730000	
Monthly Domestic Values	4	2019	Hydro Run-of-river and poundage	FR	B11	2024-05-29 11:56:05	100	3261.6160000	
Monthly Domestic Values	6	2019	Biomass	HU	B01	2024-05-29 11:56:05	100	77.8223500	
Monthly Domestic Values	2	2019	Waste	EE	B17	2024-05-29 11:56:05	100	10.3185000	
Monthly Domestic Values	3	2019	Fossil Hard coal	PT	B05	2024-05-29 11:56:05	100	592.4680000	
Monthly Domestic Values	5	2019	Fossil Hard coal	FI	B05	2024-05-29 11:56:05	100	259.2646000	
Monthly Domestic Values	6	2019	Fossil Oil	DK	B06	2024-05-29 11:56:05	100	17.2638600	
Monthly Domestic Values	6	2019	Marine	ES	B13	2024-05-29 11:56:05	100	0.0000000	
Monthly Domestic Values	8	2019	Hydro Run-of-river and poundage	BG	B11	2024-05-29 11:56:05	100	68.1880000	
Monthly Domestic Values	6	2019	Hydro Pumped Storage	GB	B10	2024-05-29 11:56:05	100	131.0390000	
Monthly Domestic Values	10	2019	Wind Onshore	SK	B19	2024-05-29 11:56:05	100	2.1191000	
Monthly Domestic Values	4	2019	Wind Onshore	LU	B19	2024-05-29 11:56:05	100	19.0181775	
Monthly Domestic Values	8	2019	Wind Onshore	GB	B19	2024-05-29 11:56:05	100	2171.7882150	
Monthly Domestic Values	1	2019	Fossil Oil	FR	B06	2024-05-29 11:56:05	100	188.8880000	
Monthly Domestic Values	11	2019	Fossil Gas	LT	B04	2024-05-29 11:56:05	100	33.0611000	
Monthly Domestic Values	11	2019	Fossil Gas	BG	B04	2024-05-29 11:56:05	100	190.6690000	
Monthly Domestic Values	6	2019	Hydro Water Reservoir	SE	B12	2024-05-29 11:56:05	100	4948.6360000	
Monthly Domestic Values	10	2019	Hydro Water Reservoir	IT	B12	2024-05-29 11:56:05	100	353.9390000	
Monthly Domestic Values	12	2019	Solar	CZ	B16	2024-05-29 11:56:05	100	52.2624700	
Monthly Domestic Values	9	2019	Biomass	PT	B01	2024-05-29 11:56:05	100	252.9963000	
Monthly Domestic Values	2	2019	Geothermal	DE	B09	2024-05-29 11:56:05	100	15.5656875	
Monthly Domestic Values	8	2019	Fossil Brown coal/Lignite	SK	B02	2024-05-29 11:56:05	100	23.5732000	
Monthly Domestic Values	4	2019	Fossil Gas	PL	B04	2024-05-29 11:56:05	100	1014.4198400	
Monthly Domestic Values	12	2019	Fossil Gas	DE	B04	2024-05-29 11:56:05	100	4524.7953775	
Monthly Domestic Values	8	2019	Solar	LU	B16	2024-05-29 11:56:05	100	15.7863775	
Monthly Domestic Values	10	2019	Hydro Run-of-river and poundage	NL	B11	2024-05-29 11:56:05	100	0.0000000	
Monthly Domestic Values	11	2019	Wind Onshore	FI	B19	2024-05-29 11:56:05	100	387.5899700	
Monthly Domestic Values	6	2019	Wind Onshore	CZ	B19	2024-05-29 11:56:05	100	35.1587900	
Monthly Domestic Values	4	2019	Other renewable	CZ	B15	2024-05-29 11:56:05	100	197.6677800	
Monthly Domestic Values	12	2019	Solar	AT	B16	2024-05-29 11:56:05	100	14.5140000	
Monthly Domestic Values	11	2019	Hydro Water Reservoir	CH	B12	2024-05-29 11:56:05	100	997.3249700	
Monthly Domestic Values	1	2019	Hydro Pumped Storage	BG	B10	2024-05-29 11:56:05	100	47.7930000	
Monthly Domestic Values	4	2019	Hydro Run-of-river and poundage	MK	B11	2024-05-29 11:56:05	100	0.0000000	
Monthly Domestic Values	8	2019	Hydro Run-of-river and poundage	SI	B11	2024-05-29 11:56:05	100	268.1648800	
Monthly Domestic Values	9	2019	Hydro Run-of-river and poundage	CZ	B11	2024-05-29 11:56:05	100	44.2493100	
Monthly Domestic Values	9	2019	Fossil Hard coal	RO	B05	2024-05-29 11:56:05	100	73.0230000	
Monthly Domestic Values	2	2019	Waste	CZ	B17	2024-05-29 11:56:05	100	12.4201000	
Monthly Domestic Values	12	2019	Fossil Hard coal	PL	B05	2024-05-29 11:56:05	100	6407.0573000	
Monthly Domestic Values	7	2019	Waste	BE	B17	2024-05-29 11:56:05	100	145.2364200	
Monthly Domestic Values	3	2019	Fossil Oil	GR	B06	2024-05-29 11:56:05	100	0.0000000	
Monthly Domestic Values	10	2019	Nuclear	BE	B14	2024-05-29 11:56:05	100	3155.0041100	
Monthly Domestic Values	2	2019	Hydro Run-of-river and poundage	PL	B11	2024-05-29 11:56:05	100	162.6775100	
Monthly Domestic Values	7	2019	Wind Onshore	PT	B19	2024-05-29 11:56:05	100	711.7075000	
Monthly Domestic Values	12	2019	Fossil Coal-derived gas	IT	B03	2024-05-29 11:56:05	100	589.5820000	
Monthly Domestic Values	1	2019	Wind Onshore	GR	B19	2024-05-29 11:56:05	100	578.6730000	
Monthly Domestic Values	11	2019	Fossil Oil	IE	B06	2024-05-29 11:56:05	100	187.2324000	
Monthly Domestic Values	7	2019	Fossil Peat	FI	B08	2024-05-29 11:56:05	100	148.0241100	
Monthly Domestic Values	3	2019	Waste	BG	B17	2024-05-29 11:56:05	100	2.9520000	
Monthly Domestic Values	6	2019	Hydro Pumped Storage	IE	B10	2024-05-29 11:56:05	100	10.8466750	
Monthly Domestic Values	10	2019	Hydro Water Reservoir	FR	B12	2024-05-29 11:56:05	100	668.9960000	
Monthly Domestic Values	10	2019	Other	BE	B20	2024-05-29 11:56:05	100	503.4652700	
Monthly Domestic Values	5	2019	Waste	DE	B17	2024-05-29 11:56:05	100	579.9746350	
Monthly Domestic Values	7	2019	Nuclear	DE	B14	2024-05-29 11:56:05	100	5439.3546300	
Monthly Domestic Values	2	2019	Fossil Oil	IT	B06	2024-05-29 11:56:05	100	61.9720000	
Monthly Domestic Values	6	2019	Nuclear	HU	B14	2024-05-29 11:56:05	100	1201.3451275	
Monthly Domestic Values	3	2019	Fossil Oil	ES	B06	2024-05-29 11:56:05	100	194.8840000	
Monthly Domestic Values	4	2019	Nuclear	GB	B14	2024-05-29 11:56:05	100	4520.7640000	
Monthly Domestic Values	10	2019	Nuclear	GB	B14	2024-05-29 11:56:05	100	4904.0085000	
Monthly Domestic Values	9	2019	Fossil Gas	FI	B04	2024-05-29 11:56:05	100	323.3255700	
Monthly Domestic Values	7	2019	Fossil Coal-derived gas	PL	B03	2024-05-29 11:56:05	100	51.3277600	
Monthly Domestic Values	2	2019	Wind Onshore	ME	B19	2024-05-29 11:56:05	100	34.4654200	
Monthly Domestic Values	7	2019	Wind Onshore	NO	B19	2024-05-29 11:56:05	100	275.7886800	
Monthly Domestic Values	3	2019	Biomass	RO	B01	2024-05-29 11:56:05	100	39.3201200	
Monthly Domestic Values	9	2019	Biomass	LV	B01	2024-05-29 11:56:05	100	38.7400000	
Monthly Domestic Values	7	2019	Fossil Hard coal	NL	B05	2024-05-29 11:56:05	100	967.9141200	
Monthly Domestic Values	12	2019	Waste	IT	B17	2024-05-29 11:56:05	100	29.0290000	
Monthly Domestic Values	1	2019	Fossil Brown coal/Lignite	RS	B02	2024-05-29 11:56:05	100	2147.9190000	
Monthly Domestic Values	11	2019	Fossil Oil	SK	B06	2024-05-29 11:56:05	100	45.6163000	
Monthly Domestic Values	10	2019	Hydro Run-of-river and poundage	HU	B11	2024-05-29 11:56:05	100	8.1816700	
Monthly Domestic Values	5	2019	Hydro Run-of-river and poundage	SK	B11	2024-05-29 11:56:05	100	484.7797400	
Monthly Domestic Values	6	2019	Hydro Pumped Storage	FR	B10	2024-05-29 11:56:05	100	418.1800000	
Monthly Domestic Values	3	2019	Hydro Pumped Storage	LT	B10	2024-05-29 11:56:05	100	17.5820600	
Monthly Domestic Values	4	2019	Fossil Oil	FI	B06	2024-05-29 11:56:05	100	0.8635000	
Monthly Domestic Values	3	2019	Geothermal	ES	B09	2024-05-29 11:56:05	100	0.0000000	
Monthly Domestic Values	11	2019	Fossil Gas	MK	B04	2024-05-29 11:56:05	100	50.2415800	
Monthly Domestic Values	2	2019	Other	IE	B20	2024-05-29 11:56:05	100	0.4178100	
Monthly Domestic Values	8	2019	Biomass	FI	B01	2024-05-29 11:56:05	100	476.1165600	
Monthly Domestic Values	4	2019	Fossil Hard coal	SK	B05	2024-05-29 11:56:05	100	27.3529000	
Monthly Domestic Values	3	2019	Fossil Hard coal	CZ	B05	2024-05-29 11:56:05	100	214.1118300	
Monthly Domestic Values	6	2019	Waste	HU	B17	2024-05-29 11:56:05	100	8.0729525	
Monthly Domestic Values	10	2019	Fossil Gas	PL	B04	2024-05-29 11:56:05	100	921.0517400	
Monthly Domestic Values	10	2019	Hydro Water Reservoir	ME	B12	2024-05-29 11:56:05	100	33.2321100	
Monthly Domestic Values	4	2019	Hydro Run-of-river and poundage	NL	B11	2024-05-29 11:56:05	100	0.0000000	
Monthly Domestic Values	11	2019	Other renewable	EE	B15	2024-05-29 11:56:05	100	3.4772000	
Monthly Domestic Values	5	2019	Other renewable	SK	B15	2024-05-29 11:56:05	100	46.8901000	
Monthly Domestic Values	11	2019	Hydro Pumped Storage	RS	B10	2024-05-29 11:56:05	100	23.6780000	
Monthly Domestic Values	1	2019	Fossil Gas	IE	B04	2024-05-29 11:56:05	100	823.8638150	
Monthly Domestic Values	7	2019	Other	LT	B20	2024-05-29 11:56:05	100	15.0292600	
Monthly Domestic Values	6	2019	Fossil Coal-derived gas	CZ	B03	2024-05-29 11:56:05	100	140.4589700	
Monthly Domestic Values	1	2019	Other	RS	B20	2024-05-29 11:56:05	100	125.9190000	
Monthly Domestic Values	1	2019	Other renewable	DE	B15	2024-05-29 11:56:05	100	115.6918500	
Monthly Domestic Values	3	2019	Biomass	IT	B01	2024-05-29 11:56:05	100	415.2920000	
Monthly Domestic Values	3	2019	Biomass	HR	B01	2024-05-29 11:56:05	100	31.4460000	
Monthly Domestic Values	9	2019	Fossil Oil	GR	B06	2024-05-29 11:56:05	100	0.0000000	
Monthly Domestic Values	2	2019	Nuclear	NL	B14	2024-05-29 11:56:05	100	247.6128175	
Monthly Domestic Values	6	2019	Waste	ES	B17	2024-05-29 11:56:05	100	207.5620000	
Monthly Domestic Values	8	2019	Fossil Gas	LV	B04	2024-05-29 11:56:05	100	353.0800000	
Monthly Domestic Values	10	2019	Hydro Run-of-river and poundage	GB	B11	2024-05-29 11:56:05	100	391.5940000	
Monthly Domestic Values	12	2019	Solar	BG	B16	2024-05-29 11:56:05	100	56.6080000	
Monthly Domestic Values	1	2019	Wind Onshore	PT	B19	2024-05-29 11:56:05	100	1418.2541000	
Monthly Domestic Values	6	2019	Other renewable	ES	B15	2024-05-29 11:56:05	100	72.6140000	
Monthly Domestic Values	2	2019	Biomass	DK	B01	2024-05-29 11:56:05	100	440.2216100	
Monthly Domestic Values	6	2019	Fossil Brown coal/Lignite	DE	B02	2024-05-29 11:56:05	100	7006.6683950	
Monthly Domestic Values	9	2019	Fossil Brown coal/Lignite	PL	B02	2024-05-29 11:56:05	100	2882.6154700	
Monthly Domestic Values	6	2019	Fossil Gas	IT	B04	2024-05-29 11:56:05	100	8648.5310000	
Monthly Domestic Values	9	2019	Hydro Pumped Storage	ES	B10	2024-05-29 11:56:05	100		
Monthly Domestic Values	5	2019	Hydro Pumped Storage	HR	B10	2024-05-29 11:56:05	100	45.1619200	
Monthly Domestic Values	1	2019	Wind Onshore	SI	B19	2024-05-29 11:56:05	100	0.5035100	
Monthly Domestic Values	10	2019	Hydro Water Reservoir	HR	B12	2024-05-29 11:56:05	100	150.0333200	
Monthly Domestic Values	3	2019	Wind Offshore	NL	B18	2024-05-29 11:56:05	100	380.4759400	
Monthly Domestic Values	9	2019	Other	AT	B20	2024-05-29 11:56:05	100	15.8400000	
Monthly Domestic Values	10	2019	Hydro Run-of-river and poundage	FR	B11	2024-05-29 11:56:05	100	2618.5000000	
Monthly Domestic Values	4	2019	Hydro Run-of-river and poundage	LT	B11	2024-05-29 11:56:05	100	41.4835400	
Monthly Domestic Values	2	2019	Wind Onshore	EE	B19	2024-05-29 11:56:05	100	90.7353000	
Monthly Domestic Values	8	2019	Waste	EE	B17	2024-05-29 11:56:05	100	8.1159000	
Monthly Domestic Values	5	2019	Fossil Gas	LT	B04	2024-05-29 11:56:05	100	34.3042700	
Monthly Domestic Values	8	2019	Fossil Gas	FR	B04	2024-05-29 11:56:05	100	1988.4880000	
Monthly Domestic Values	1	2019	Solar	DK	B16	2024-05-29 11:56:05	100	16.3728300	
Monthly Domestic Values	4	2019	Hydro Water Reservoir	IT	B12	2024-05-29 11:56:05	100	489.7040000	
Monthly Domestic Values	1	2019	Fossil Peat	ES	B08	2024-05-29 11:56:05	100	0.0000000	
Monthly Domestic Values	12	2019	Hydro Water Reservoir	SE	B12	2024-05-29 11:56:05	100	6266.3790000	
Monthly Domestic Values	4	2019	Wind Onshore	SK	B19	2024-05-29 11:56:05	100	0.0000000	
Monthly Domestic Values	10	2019	Wind Onshore	LU	B19	2024-05-29 11:56:05	100	31.3811675	
Monthly Domestic Values	2	2019	Other renewable	HR	B15	2024-05-29 11:56:05	100	31.7240000	
Monthly Domestic Values	11	2019	Biomass	FR	B01	2024-05-29 11:56:05	100	234.0540000	
Monthly Domestic Values	12	2019	Biomass	EE	B01	2024-05-29 11:56:05	100	49.4760000	
Monthly Domestic Values	11	2019	Fossil Hard coal	PT	B05	2024-05-29 11:56:05	100	224.2806000	
Monthly Domestic Values	9	2019	Fossil Hard coal	CZ	B05	2024-05-29 11:56:05	100	129.9514600	
Monthly Domestic Values	12	2019	Fossil Hard coal	IE	B05	2024-05-29 11:56:05	100	70.3736800	
Monthly Domestic Values	11	2019	Fossil Oil	PL	B06	2024-05-29 11:56:05	100	138.5732100	
Monthly Domestic Values	3	2019	Solar	DE	B16	2024-05-29 11:56:05	100	3024.8750925	
Monthly Domestic Values	7	2019	Other	RS	B20	2024-05-29 11:56:05	100	14.8700000	
Monthly Domestic Values	12	2019	Solar	GB	B16	2024-05-29 11:56:05	100	243.5795000	
Monthly Domestic Values	7	2019	Other renewable	DE	B15	2024-05-29 11:56:05	100	92.0606500	
Monthly Domestic Values	10	2019	Wind Onshore	SE	B19	2024-05-29 11:56:05	100	1581.7870000	
Monthly Domestic Values	11	2019	Wind Offshore	DK	B18	2024-05-29 11:56:05	100	567.8316300	
Monthly Domestic Values	7	2019	Nuclear	BG	B14	2024-05-29 11:56:05	100	1520.3260000	
Monthly Domestic Values	1	2019	Other	LT	B20	2024-05-29 11:56:05	100	13.0965000	
Monthly Domestic Values	4	2019	Other	NL	B20	2024-05-29 11:56:05	100	3112.4166675	
Monthly Domestic Values	12	2019	Hydro Water Reservoir	PL	B12	2024-05-29 11:56:05	100	7.7631100	
Monthly Domestic Values	7	2019	Fossil Oil shale	EE	B07	2024-05-29 11:56:05	100	146.3890000	
Monthly Domestic Values	9	2019	Biomass	DE	B01	2024-05-29 11:56:05	100	2992.3034975	
Monthly Domestic Values	9	2019	Fossil Hard coal	IT	B05	2024-05-29 11:56:05	100	1521.3410000	
Monthly Domestic Values	11	2019	Waste	FR	B17	2024-05-29 11:56:05	100	152.1690000	
Monthly Domestic Values	4	2019	Geothermal	HR	B09	2024-05-29 11:56:05	100	7.0060000	
Monthly Domestic Values	2	2019	Nuclear	SI	B14	2024-05-29 11:56:05	100	467.3937400	
Monthly Domestic Values	6	2019	Solar	EE	B16	2024-05-29 11:56:05	100	0.5040000	
Monthly Domestic Values	3	2019	Other renewable	EE	B15	2024-05-29 11:56:05	100	4.0018000	
Monthly Domestic Values	11	2019	Fossil Gas	SK	B04	2024-05-29 11:56:05	100	247.1103000	
Monthly Domestic Values	1	2019	Fossil Gas	HR	B04	2024-05-29 11:56:05	100	332.5913800	
Monthly Domestic Values	1	2019	Solar	SI	B16	2024-05-29 11:56:05	100	7.1195700	
Monthly Domestic Values	3	2019	Other	NO	B20	2024-05-29 11:56:05	100	3.2279900	
Monthly Domestic Values	6	2019	Solar	BG	B16	2024-05-29 11:56:05	100	154.9060000	
Monthly Domestic Values	4	2019	Fossil Oil shale	ES	B07	2024-05-29 11:56:05	100	0.0000000	
Monthly Domestic Values	1	2019	Nuclear	DE	B14	2024-05-29 11:56:05	100	6821.5279050	
Monthly Domestic Values	9	2019	Hydro Water Reservoir	DE	B12	2024-05-29 11:56:05	100	108.9736675	
Monthly Domestic Values	9	2019	Fossil Gas	HR	B04	2024-05-29 11:56:05	100	204.3141600	
Monthly Domestic Values	9	2019	Solar	DK	B16	2024-05-29 11:56:05	100	80.4428100	
Monthly Domestic Values	7	2019	Fossil Gas	LU	B04	2024-05-29 11:56:05	100	11.5044875	
Monthly Domestic Values	4	2019	Fossil Coal-derived gas	DE	B03	2024-05-29 11:56:05	100	280.0201750	
Monthly Domestic Values	1	2019	Hydro Water Reservoir	BA	B12	2024-05-29 11:56:05	100	375.7985300	
Monthly Domestic Values	10	2019	Other renewable	HR	B15	2024-05-29 11:56:05	100	30.5020000	
Monthly Domestic Values	3	2019	Biomass	BE	B01	2024-05-29 11:56:05	100	144.4895200	
Monthly Domestic Values	9	2019	Biomass	BE	B01	2024-05-29 11:56:05	100	228.7378500	
Monthly Domestic Values	1	2019	Fossil Brown coal/Lignite	PL	B02	2024-05-29 11:56:05	100	3814.3029400	
Monthly Domestic Values	12	2019	Nuclear	SE	B14	2024-05-29 11:56:05	100	5784.8540000	
Monthly Domestic Values	11	2019	Hydro Pumped Storage	DE	B10	2024-05-29 11:56:05	100	690.5555525	
Monthly Domestic Values	7	2019	Fossil Gas	GR	B04	2024-05-29 11:56:05	100	1915.7030000	
Monthly Domestic Values	4	2019	Solar	FR	B16	2024-05-29 11:56:05	100	1084.8840000	
Monthly Domestic Values	9	2019	Wind Onshore	HR	B19	2024-05-29 11:56:05	100	92.1314500	
Monthly Domestic Values	10	2019	Hydro Run-of-river and poundage	RO	B11	2024-05-29 11:56:05	100	472.9353300	
Monthly Domestic Values	11	2019	Hydro Run-of-river and poundage	HR	B11	2024-05-29 11:56:05	100	208.3834300	
Monthly Domestic Values	4	2019	Fossil Peat	IE	B08	2024-05-29 11:56:05	100	209.1352200	
Monthly Domestic Values	2	2019	Fossil Gas	PT	B04	2024-05-29 11:56:05	100	834.8438000	
Monthly Domestic Values	7	2019	Hydro Water Reservoir	SK	B12	2024-05-29 11:56:05	100	21.2389100	
Monthly Domestic Values	5	2019	Solar	SK	B16	2024-05-29 11:56:05	100	46.0992000	
Monthly Domestic Values	10	2019	Hydro Water Reservoir	RO	B12	2024-05-29 11:56:05	100	365.9783300	
Monthly Domestic Values	3	2019	Solar	IT	B16	2024-05-29 11:56:05	100	1876.4460000	
Monthly Domestic Values	5	2019	Biomass	FR	B01	2024-05-29 11:56:05	100	231.8150000	
Monthly Domestic Values	6	2019	Biomass	BG	B01	2024-05-29 11:56:05	100	20.2780000	
Monthly Domestic Values	6	2019	Fossil Hard coal	AT	B05	2024-05-29 11:56:05	100	76.1911000	
Monthly Domestic Values	6	2019	Fossil Hard coal	IE	B05	2024-05-29 11:56:05	100	61.6213650	
Monthly Domestic Values	9	2019	Fossil Brown coal/Lignite	MK	B02	2024-05-29 11:56:05	100	240.4705500	
Monthly Domestic Values	8	2019	Fossil Gas	SI	B04	2024-05-29 11:56:05	100	23.1325300	
Monthly Domestic Values	3	2019	Hydro Run-of-river and poundage	CZ	B11	2024-05-29 11:56:05	100	77.2902600	
Monthly Domestic Values	4	2019	Wind Onshore	SE	B19	2024-05-29 11:56:05	100	1266.8040000	
Monthly Domestic Values	1	2019	Nuclear	BG	B14	2024-05-29 11:56:05	100	1562.2870000	
Monthly Domestic Values	6	2019	Fossil Gas	DE	B04	2024-05-29 11:56:05	100	3684.1677625	
Monthly Domestic Values	10	2019	Hydro Water Reservoir	NO	B12	2024-05-29 11:56:05	100	9787.5216500	
Monthly Domestic Values	6	2019	Hydro Water Reservoir	PL	B12	2024-05-29 11:56:05	100	13.7326300	
Monthly Domestic Values	1	2019	Fossil Oil shale	EE	B07	2024-05-29 11:56:05	100	852.5206000	
Monthly Domestic Values	12	2019	Fossil Oil shale	ES	B07	2024-05-29 11:56:05	100	0.0000000	
Monthly Domestic Values	3	2019	Biomass	DE	B01	2024-05-29 11:56:05	100	3544.2678125	
Monthly Domestic Values	11	2019	Waste	AT	B17	2024-05-29 11:56:05	100	72.0000000	
Monthly Domestic Values	8	2019	Nuclear	SI	B14	2024-05-29 11:56:05	100	502.3946000	
Monthly Domestic Values	4	2019	Hydro Water Reservoir	PT	B12	2024-05-29 11:56:05	100	151.7612000	
Monthly Domestic Values	5	2019	Fossil Gas	SK	B04	2024-05-29 11:56:05	100	222.9386000	
Monthly Domestic Values	12	2019	Solar	EE	B16	2024-05-29 11:56:05	100	1.3340000	
Monthly Domestic Values	2	2019	Wind Onshore	FR	B19	2024-05-29 11:56:05	100	2462.3550000	
Monthly Domestic Values	2	2019	Solar	PT	B16	2024-05-29 11:56:05	100	68.4056000	
Monthly Domestic Values	11	2019	Solar	HR	B16	2024-05-29 11:56:05	100	2.3200000	
Monthly Domestic Values	8	2019	Solar	GR	B16	2024-05-29 11:56:05	100	421.1830000	
Monthly Domestic Values	12	2019	Other	NL	B20	2024-05-29 11:56:05	100	2651.1537850	
Monthly Domestic Values	9	2019	Other	ES	B20	2024-05-29 11:56:05	100	37.4320000	
Monthly Domestic Values	6	2019	Fossil Coal-derived gas	IT	B03	2024-05-29 11:56:05	100	425.0750000	
Monthly Domestic Values	12	2019	Fossil Hard coal	DK	B05	2024-05-29 11:56:05	100	473.6506600	
Monthly Domestic Values	1	2019	Fossil Brown coal/Lignite	ES	B02	2024-05-29 11:56:05	100	352.1930000	
Monthly Domestic Values	4	2019	Fossil Brown coal/Lignite	GR	B02	2024-05-29 11:56:05	100	929.7760000	
Monthly Domestic Values	4	2019	Fossil Brown coal/Lignite	BA	B02	2024-05-29 11:56:05	100	28.0681600	
Monthly Domestic Values	8	2019	Hydro Pumped Storage	AT	B10	2024-05-29 11:56:05	100	350.6778000	
Monthly Domestic Values	6	2019	Fossil Brown coal/Lignite	SI	B02	2024-05-29 11:56:05	100	296.0005800	
Monthly Domestic Values	4	2019	Other	LV	B20	2024-05-29 11:56:05	100	58.9580000	
Monthly Domestic Values	12	2019	Wind Onshore	DK	B19	2024-05-29 11:56:05	100	1161.8422700	
Monthly Domestic Values	2	2019	Hydro Run-of-river and poundage	HU	B11	2024-05-29 11:56:05	100	8.3049350	
Monthly Domestic Values	6	2019	Fossil Oil	MK	B06	2024-05-29 11:56:05	100	0.0000000	
Monthly Domestic Values	8	2019	Nuclear	CZ	B14	2024-05-29 11:56:05	100	2098.0907900	
Monthly Domestic Values	2	2019	Nuclear	SK	B14	2024-05-29 11:56:05	100	1284.6034000	
Monthly Domestic Values	9	2019	Wind Offshore	NL	B18	2024-05-29 11:56:05	100	304.6241775	
Monthly Domestic Values	11	2019	Other	CZ	B20	2024-05-29 11:56:05	100	88.3113700	
Monthly Domestic Values	3	2019	Solar	RO	B16	2024-05-29 11:56:05	100	142.0242300	
Monthly Domestic Values	6	2019	Fossil Hard coal	IT	B05	2024-05-29 11:56:05	100	1164.7990000	
Monthly Domestic Values	1	2019	Fossil Brown coal/Lignite	MK	B02	2024-05-29 11:56:05	100	386.9681700	
Monthly Domestic Values	5	2019	Hydro Pumped Storage	IT	B10	2024-05-29 11:56:05	100	250.3940000	
Monthly Domestic Values	9	2019	Nuclear	FI	B14	2024-05-29 11:56:05	100	1561.4119000	
Monthly Domestic Values	6	2019	Hydro Pumped Storage	SK	B10	2024-05-29 11:56:05	100	15.8982800	
Monthly Domestic Values	1	2019	Fossil Gas	ES	B04	2024-05-29 11:56:05	100	5525.9250000	
Monthly Domestic Values	8	2019	Hydro Run-of-river and poundage	IE	B11	2024-05-29 11:56:05	100	53.0117150	
Monthly Domestic Values	7	2019	Hydro Run-of-river and poundage	LU	B11	2024-05-29 11:56:05	100	0.9763425	
Monthly Domestic Values	6	2019	Fossil Gas	BE	B04	2024-05-29 11:56:05	100	1750.5009400	
Monthly Domestic Values	6	2019	Fossil Gas	RO	B04	2024-05-29 11:56:05	100	303.9140500	
Monthly Domestic Values	5	2019	Solar	GR	B16	2024-05-29 11:56:05	100	358.9193800	
Monthly Domestic Values	4	2019	Wind Offshore	ES	B18	2024-05-29 11:56:05	100	0.0000000	
Monthly Domestic Values	10	2019	Wind Onshore	ES	B19	2024-05-29 11:56:05	100	3652.2040000	
Monthly Domestic Values	3	2019	Hydro Run-of-river and poundage	BE	B11	2024-05-29 11:56:05	100	19.8072400	
Monthly Domestic Values	9	2019	Biomass	CZ	B01	2024-05-29 11:56:05	100	165.7144800	
Monthly Domestic Values	9	2019	Biomass	EE	B01	2024-05-29 11:56:05	100	48.1842000	
Monthly Domestic Values	1	2019	Fossil Hard coal	FR	B05	2024-05-29 11:56:05	100	433.6430000	
Monthly Domestic Values	1	2019	Waste	IT	B17	2024-05-29 11:56:05	100	30.6040000	
Monthly Domestic Values	4	2019	Hydro Pumped Storage	PL	B10	2024-05-29 11:56:05	100	87.7709800	
Monthly Domestic Values	3	2019	Fossil Gas	EE	B04	2024-05-29 11:56:05	100	1.1294000	
Monthly Domestic Values	1	2019	Hydro Run-of-river and poundage	EE	B11	2024-05-29 11:56:05	100	2.2925000	
Monthly Domestic Values	10	2019	Wind Onshore	AT	B19	2024-05-29 11:56:05	100	531.9340000	
Monthly Domestic Values	11	2019	Other renewable	SK	B15	2024-05-29 11:56:05	100	44.4139000	
Monthly Domestic Values	2	2019	Wind Onshore	CY	B19	2024-05-29 11:56:05	100	26.3164850	
Monthly Domestic Values	10	2019	Nuclear	BG	B14	2024-05-29 11:56:05	100	977.5160000	
Monthly Domestic Values	2	2019	Hydro Water Reservoir	HU	B12	2024-05-29 11:56:05	100	9.8217250	
Monthly Domestic Values	12	2019	Hydro Water Reservoir	RS	B12	2024-05-29 11:56:05	100	43.9900000	
Monthly Domestic Values	6	2019	Fossil Peat	EE	B08	2024-05-29 11:56:05	100	2.4133000	
Monthly Domestic Values	6	2019	Solar	CH	B16	2024-05-29 11:56:05	100	60.8447200	
Monthly Domestic Values	2	2019	Other	SE	B20	2024-05-29 11:56:05	100	1098.4830000	
Monthly Domestic Values	12	2019	Biomass	BE	B01	2024-05-29 11:56:05	100	228.4877400	
Monthly Domestic Values	4	2019	Fossil Oil	CZ	B06	2024-05-29 11:56:05	100	3.9000600	
Monthly Domestic Values	8	2019	Fossil Oil	HR	B06	2024-05-29 11:56:05	100	0.0000000	
Monthly Domestic Values	6	2019	Fossil Gas	GB	B04	2024-05-29 11:56:05	100	8505.0216150	
Monthly Domestic Values	10	2019	Hydro Water Reservoir	PT	B12	2024-05-29 11:56:05	100	175.1888000	
Monthly Domestic Values	5	2019	Fossil Coal-derived gas	ES	B03	2024-05-29 11:56:05	100	0.0000000	
Monthly Domestic Values	4	2019	Hydro Run-of-river and poundage	GB	B11	2024-05-29 11:56:05	100	198.6040000	
Monthly Domestic Values	12	2019	Hydro Pumped Storage	BG	B10	2024-05-29 11:56:05	100	54.6720000	
Monthly Domestic Values	7	2019	Solar	FR	B16	2024-05-29 11:56:05	100	1537.7150000	
Monthly Domestic Values	1	2019	Wind Onshore	SK	B19	2024-05-29 11:56:05	100	0.0000000	
Monthly Domestic Values	12	2019	Biomass	ES	B01	2024-05-29 11:56:05	100	241.8620000	
Monthly Domestic Values	10	2019	Waste	CZ	B17	2024-05-29 11:56:05	100	13.7143800	
Monthly Domestic Values	8	2019	Fossil Oil	SI	B06	2024-05-29 11:56:05	100	0.1737200	
Monthly Domestic Values	3	2019	Fossil Gas	IT	B04	2024-05-29 11:56:05	100	9193.9920000	
Monthly Domestic Values	6	2019	Other	AT	B20	2024-05-29 11:56:05	100	15.8400000	
Monthly Domestic Values	1	2019	Fossil Coal-derived gas	PL	B03	2024-05-29 11:56:05	100	40.4531700	
Monthly Domestic Values	10	2019	Other renewable	FI	B15	2024-05-29 11:56:05	100	19.9030300	
Monthly Domestic Values	7	2019	Hydro Run-of-river and poundage	LT	B11	2024-05-29 11:56:05	100	14.1922600	
Monthly Domestic Values	4	2019	Wind Onshore	SI	B19	2024-05-29 11:56:05	100	0.4039400	
Monthly Domestic Values	10	2019	Wind Onshore	SI	B19	2024-05-29 11:56:05	100	0.3818200	
Monthly Domestic Values	6	2019	Other	SK	B20	2024-05-29 11:56:05	100	90.2860000	
Monthly Domestic Values	9	2019	Solar	BE	B16	2024-05-29 11:56:05	100	359.4774600	
Monthly Domestic Values	5	2019	Other	DE	B20	2024-05-29 11:56:05	100	265.3479125	
Monthly Domestic Values	5	2019	Hydro Water Reservoir	ES	B12	2024-05-29 11:56:05	100	1164.4160000	
Monthly Domestic Values	10	2019	Fossil Hard coal	ES	B05	2024-05-29 11:56:05	100	712.2250000	
Monthly Domestic Values	11	2019	Hydro Water Reservoir	ES	B12	2024-05-29 11:56:05	100	1946.2280000	
Monthly Domestic Values	2	2019	Biomass	PL	B01	2024-05-29 11:56:05	100	132.6544300	
Monthly Domestic Values	8	2019	Biomass	PL	B01	2024-05-29 11:56:05	100	183.3809000	
Monthly Domestic Values	2	2019	Biomass	LU	B01	2024-05-29 11:56:05	100	9.7015450	
Monthly Domestic Values	1	2019	Fossil Hard coal	NL	B05	2024-05-29 11:56:05	100	2428.8039025	
Monthly Domestic Values	10	2019	Biomass	NL	B01	2024-05-29 11:56:05	100	0.3995150	
Monthly Domestic Values	2	2019	Waste	AT	B17	2024-05-29 11:56:05	100	67.2000000	
Monthly Domestic Values	1	2019	Hydro Run-of-river and poundage	LV	B11	2024-05-29 11:56:05	100	81.1130000	
Monthly Domestic Values	3	2019	Other renewable	ES	B15	2024-05-29 11:56:05	100	78.0590000	
Monthly Domestic Values	4	2019	Hydro Run-of-river and poundage	RO	B11	2024-05-29 11:56:05	100	932.4575400	
Monthly Domestic Values	7	2019	Hydro Run-of-river and poundage	LV	B11	2024-05-29 11:56:05	100	63.3850000	
Monthly Domestic Values	2	2019	Wind Onshore	MK	B19	2024-05-29 11:56:05	100	10.7849200	
Monthly Domestic Values	2	2019	Hydro Water Reservoir	HR	B12	2024-05-29 11:56:05	100	361.0775400	
Monthly Domestic Values	8	2019	Fossil Gas	DK	B04	2024-05-29 11:56:05	100	156.9618600	
Monthly Domestic Values	4	2019	Solar	ES	B16	2024-05-29 11:56:05	100	1021.8530000	
Monthly Domestic Values	10	2019	Solar	ES	B16	2024-05-29 11:56:05	100	1111.3820000	
Monthly Domestic Values	3	2019	Hydro Run-of-river and poundage	DE	B11	2024-05-29 11:56:05	100	1269.8280300	
Monthly Domestic Values	8	2019	Other	IE	B20	2024-05-29 11:56:05	100	0.2126550	
Monthly Domestic Values	5	2019	Fossil Oil	SK	B06	2024-05-29 11:56:05	100	23.7877000	
Monthly Domestic Values	12	2019	Hydro Pumped Storage	FR	B10	2024-05-29 11:56:05	100	574.9460000	
Monthly Domestic Values	5	2019	Nuclear	RO	B14	2024-05-29 11:56:05	100	538.5840700	
Monthly Domestic Values	11	2019	Nuclear	RO	B14	2024-05-29 11:56:05	100	996.1631100	
Monthly Domestic Values	6	2019	Fossil Hard coal	BG	B05	2024-05-29 11:56:05	100	39.8520000	
Monthly Domestic Values	10	2019	Fossil Oil	FI	B06	2024-05-29 11:56:05	100	1.0030000	
Monthly Domestic Values	3	2019	Biomass	EE	B01	2024-05-29 11:56:05	100	51.9686000	
Monthly Domestic Values	5	2019	Biomass	LT	B01	2024-05-29 11:56:05	100	27.8986100	
Monthly Domestic Values	12	2019	Fossil Peat	IE	B08	2024-05-29 11:56:05	100	194.0660450	
Monthly Domestic Values	8	2019	Hydro Water Reservoir	HU	B12	2024-05-29 11:56:05	100	7.8576600	
Monthly Domestic Values	3	2019	Solar	AT	B16	2024-05-29 11:56:05	100	47.2120000	
Monthly Domestic Values	9	2019	Wind Offshore	GB	B18	2024-05-29 11:56:05	100	1684.5688600	
Monthly Domestic Values	4	2019	Hydro Run-of-river and poundage	ES	B11	2024-05-29 11:56:05	100	789.3940000	
Monthly Domestic Values	1	2019	Wind Onshore	HR	B19	2024-05-29 11:56:05	100	160.3828100	
Monthly Domestic Values	11	2019	Hydro Run-of-river and poundage	RS	B11	2024-05-29 11:56:05	100	682.8920000	
Monthly Domestic Values	8	2019	Wind Onshore	NL	B19	2024-05-29 11:56:05	100	190.9241375	
Monthly Domestic Values	10	2019	Other renewable	CZ	B15	2024-05-29 11:56:05	100	201.2030800	
Monthly Domestic Values	2	2019	Solar	LU	B16	2024-05-29 11:56:05	100	6.8562875	
Monthly Domestic Values	10	2019	Fossil Gas	HU	B04	2024-05-29 11:56:05	100	857.4795925	
Monthly Domestic Values	7	2019	Solar	NL	B16	2024-05-29 11:56:05	100	10.3920375	
Monthly Domestic Values	12	2019	Solar	CH	B16	2024-05-29 11:56:05	100	4.7617300	
Monthly Domestic Values	3	2019	Solar	GB	B16	2024-05-29 11:56:05	100	899.4695000	
Monthly Domestic Values	9	2019	Solar	DE	B16	2024-05-29 11:56:05	100	3914.1769800	
Monthly Domestic Values	10	2019	Geothermal	DE	B09	2024-05-29 11:56:05	100	14.5392925	
Monthly Domestic Values	11	2019	Fossil Brown coal/Lignite	HU	B02	2024-05-29 11:56:05	100	307.1823050	
Monthly Domestic Values	11	2019	Waste	DK	B17	2024-05-29 11:56:05	100	117.6522200	
Monthly Domestic Values	5	2019	Hydro Pumped Storage	CZ	B10	2024-05-29 11:56:05	100	90.7684900	
Monthly Domestic Values	3	2019	Fossil Oil	PL	B06	2024-05-29 11:56:05	100	141.3795200	
Monthly Domestic Values	10	2019	Fossil Oil	CZ	B06	2024-05-29 11:56:05	100	4.5376300	
Monthly Domestic Values	11	2019	Wind Onshore	DE	B19	2024-05-29 11:56:05	100	7859.7096775	
Monthly Domestic Values	7	2019	Wind Onshore	GR	B19	2024-05-29 11:56:05	100	407.6340000	
Monthly Domestic Values	7	2019	Solar	SI	B16	2024-05-29 11:56:05	100	33.2610800	
Monthly Domestic Values	10	2019	Fossil Peat	ES	B08	2024-05-29 11:56:05	100	0.0000000	
Monthly Domestic Values	11	2019	Fossil Coal-derived gas	ES	B03	2024-05-29 11:56:05	100	0.0000000	
Monthly Domestic Values	9	2019	Other	NO	B20	2024-05-29 11:56:05	100	8.5483600	
Monthly Domestic Values	4	2019	Other	GB	B20	2024-05-29 11:56:05	100	49.4565650	
Monthly Domestic Values	6	2019	Hydro Run-of-river and poundage	FI	B11	2024-05-29 11:56:05	100	1166.1133900	
Monthly Domestic Values	4	2019	Wind Offshore	DE	B18	2024-05-29 11:56:05	100	1708.9305525	
Monthly Domestic Values	1	2019	Fossil Gas	NO	B04	2024-05-29 11:56:05	100	231.2131900	
Monthly Domestic Values	5	2019	Fossil Gas	NL	B04	2024-05-29 11:56:05	100	3565.1766725	
Monthly Domestic Values	11	2019	Fossil Gas	PT	B04	2024-05-29 11:56:05	100	1377.7745000	
Monthly Domestic Values	4	2019	Hydro Water Reservoir	FR	B12	2024-05-29 11:56:05	100	963.7720000	
Monthly Domestic Values	4	2019	Solar	LT	B16	2024-05-29 11:56:05	100	11.2748400	
Monthly Domestic Values	8	2019	Biomass	GB	B01	2024-05-29 11:56:05	100	1390.5780000	
Monthly Domestic Values	6	2019	Fossil Hard coal	DK	B05	2024-05-29 11:56:05	100	82.0764900	
Monthly Domestic Values	7	2019	Fossil Brown coal/Lignite	ES	B02	2024-05-29 11:56:05	100	0.0000000	
Monthly Domestic Values	10	2019	Fossil Brown coal/Lignite	BA	B02	2024-05-29 11:56:05	100	146.1007800	
Monthly Domestic Values	2	2019	Hydro Pumped Storage	AT	B10	2024-05-29 11:56:05	100	317.0590000	
Monthly Domestic Values	5	2019	Waste	LU	B17	2024-05-29 11:56:05	100	10.0626975	
Monthly Domestic Values	5	2019	Wind Onshore	BG	B19	2024-05-29 11:56:05	100	88.2710000	
Monthly Domestic Values	9	2019	Other renewable	AT	B15	2024-05-29 11:56:05	100	0.0000000	
Monthly Domestic Values	5	2019	Other	CZ	B20	2024-05-29 11:56:05	100	84.7225200	
Monthly Domestic Values	9	2019	Solar	RO	B16	2024-05-29 11:56:05	100	131.9972500	
Monthly Domestic Values	10	2019	Other	LV	B20	2024-05-29 11:56:05	100	49.6520000	
Monthly Domestic Values	1	2019	Other renewable	ME	B15	2024-05-29 11:56:05	100	0.0000000	
Monthly Domestic Values	7	2019	Wind Onshore	LV	B19	2024-05-29 11:56:05	100	7.7620000	
Monthly Domestic Values	5	2019	Wind Onshore	PL	B19	2024-05-29 11:56:05	100	920.4394000	
Monthly Domestic Values	9	2019	Nuclear	HU	B14	2024-05-29 11:56:05	100	1168.5595050	
Monthly Domestic Values	8	2019	Fossil Gas	AT	B04	2024-05-29 11:56:05	100	704.1834000	
Monthly Domestic Values	2	2019	Nuclear	CZ	B14	2024-05-29 11:56:05	100	2457.3436000	
Monthly Domestic Values	1	2019	Nuclear	GB	B14	2024-05-29 11:56:05	100	4572.4975000	
Monthly Domestic Values	8	2019	Hydro Water Reservoir	LU	B12	2024-05-29 11:56:05	100	0.1936150	
Monthly Domestic Values	12	2019	Fossil Gas	FI	B04	2024-05-29 11:56:05	100	438.7736200	
Monthly Domestic Values	6	2019	Geothermal	IT	B09	2024-05-29 11:56:05	100	467.9220000	
Monthly Domestic Values	11	2019	Hydro Pumped Storage	IT	B10	2024-05-29 11:56:05	100	328.7500000	
Monthly Domestic Values	7	2019	Fossil Oil	FR	B06	2024-05-29 11:56:05	100	122.4260000	
Monthly Domestic Values	8	2019	Nuclear	CH	B14	2024-05-29 11:56:05	100	1975.8412000	
Monthly Domestic Values	12	2019	Hydro Pumped Storage	SK	B10	2024-05-29 11:56:05	100	17.1729600	
Monthly Domestic Values	3	2019	Waste	ES	B17	2024-05-29 11:56:05	100	210.5850000	
Monthly Domestic Values	7	2019	Fossil Gas	ES	B04	2024-05-29 11:56:05	100	9131.9960000	
Monthly Domestic Values	4	2019	Wind Onshore	ES	B19	2024-05-29 11:56:05	100	4604.6220000	
Monthly Domestic Values	6	2019	Wind Onshore	CH	B19	2024-05-29 11:56:05	100	4.3468400	
Monthly Domestic Values	9	2019	Geothermal	AT	B09	2024-05-29 11:56:05	100	0.0504000	
Monthly Domestic Values	12	2019	Waste	HU	B17	2024-05-29 11:56:05	100	14.0549475	
Monthly Domestic Values	3	2019	Hydro Pumped Storage	CH	B10	2024-05-29 11:56:05	100	479.8139200	
Monthly Domestic Values	5	2019	Hydro Pumped Storage	RS	B10	2024-05-29 11:56:05	100	60.9400000	
Monthly Domestic Values	7	2019	Fossil Gas	RS	B04	2024-05-29 11:56:05	100	1.4880000	
Monthly Domestic Values	1	2019	Solar	NL	B16	2024-05-29 11:56:05	100	0.7724900	
Monthly Domestic Values	4	2019	Other	HU	B20	2024-05-29 11:56:05	100	73.8574000	
Monthly Domestic Values	5	2019	Hydro Run-of-river and poundage	RS	B11	2024-05-29 11:56:05	100	1074.6580000	
Monthly Domestic Values	11	2019	Hydro Run-of-river and poundage	BE	B11	2024-05-29 11:56:05	100	19.9510500	
Monthly Domestic Values	2	2019	Wind Onshore	NL	B19	2024-05-29 11:56:05	100	263.2271850	
Monthly Domestic Values	9	2019	Solar	AT	B16	2024-05-29 11:56:05	100	68.3340000	
Monthly Domestic Values	8	2019	Hydro Water Reservoir	CH	B12	2024-05-29 11:56:05	100	1675.0370300	
Monthly Domestic Values	2	2019	Hydro Run-of-river and poundage	IT	B11	2024-05-29 11:56:05	100	1828.6790000	
Monthly Domestic Values	12	2019	Fossil Coal-derived gas	CZ	B03	2024-05-29 11:56:05	100	154.2470600	
Monthly Domestic Values	2	2019	Other	FI	B20	2024-05-29 11:56:05	100	98.5161400	
Monthly Domestic Values	4	2019	Wind Onshore	BA	B19	2024-05-29 11:56:05	100	13.7059500	
Monthly Domestic Values	9	2019	Biomass	IT	B01	2024-05-29 11:56:05	100	465.7130000	
Monthly Domestic Values	10	2019	Fossil Hard coal	DE	B05	2024-05-29 11:56:05	100	3768.1352225	
Monthly Domestic Values	6	2019	Biomass	RO	B01	2024-05-29 11:56:05	100	23.5095200	
Monthly Domestic Values	8	2019	Fossil Hard coal	FI	B05	2024-05-29 11:56:05	100	89.3493200	
Monthly Domestic Values	5	2019	Fossil Brown coal/Lignite	HU	B02	2024-05-29 11:56:05	100	226.0325575	
Monthly Domestic Values	6	2019	Waste	NL	B17	2024-05-29 11:56:05	100	150.8715425	
Monthly Domestic Values	11	2019	Hydro Run-of-river and poundage	BG	B11	2024-05-29 11:56:05	100	58.2870000	
Monthly Domestic Values	4	2019	Hydro Run-of-river and poundage	AT	B11	2024-05-29 11:56:05	100	2725.1416000	
Monthly Domestic Values	10	2019	Fossil Hard coal	BA	B05	2024-05-29 11:56:05	100	579.5363500	
Monthly Domestic Values	12	2019	Hydro Run-of-river and poundage	FI	B11	2024-05-29 11:56:05	100	1108.5777900	
Monthly Domestic Values	2	2019	Hydro Run-of-river and poundage	PT	B11	2024-05-29 11:56:05	100	569.8618000	
Monthly Domestic Values	5	2019	Waste	DK	B17	2024-05-29 11:56:05	100	95.4227000	
Monthly Domestic Values	10	2019	Wind Offshore	DE	B18	2024-05-29 11:56:05	100	2335.5094300	
Monthly Domestic Values	11	2019	Wind Offshore	BE	B18	2024-05-29 11:56:05	100	454.8443900	
Monthly Domestic Values	7	2019	Fossil Gas	NO	B04	2024-05-29 11:56:05	100	240.5711600	
Monthly Domestic Values	10	2019	Solar	LT	B16	2024-05-29 11:56:05	100	2.9903700	
Monthly Domestic Values	6	2019	Hydro Run-of-river and poundage	NO	B11	2024-05-29 11:56:05	100	1193.8904500	
Monthly Domestic Values	11	2019	Biomass	SI	B01	2024-05-29 11:56:05	100	7.6842400	
Monthly Domestic Values	6	2019	Waste	LT	B17	2024-05-29 11:56:05	100	3.7383500	
Monthly Domestic Values	12	2019	Waste	LT	B17	2024-05-29 11:56:05	100	13.9905000	
Monthly Domestic Values	7	2019	Waste	HR	B17	2024-05-29 11:56:05	100	0.0000000	
Monthly Domestic Values	1	2019	Fossil Oil	BE	B06	2024-05-29 11:56:05	100	1.1205100	
Monthly Domestic Values	7	2019	Fossil Oil	BE	B06	2024-05-29 11:56:05	100	0.1164900	
Monthly Domestic Values	2	2019	Fossil Hard coal	GB	B05	2024-05-29 11:56:05	100	638.0296150	
Monthly Domestic Values	8	2019	Fossil Hard coal	GB	B05	2024-05-29 11:56:05	100	212.2080300	
Monthly Domestic Values	12	2019	Nuclear	ES	B14	2024-05-29 11:56:05	100	4334.0630000	
Monthly Domestic Values	11	2019	Other	DE	B20	2024-05-29 11:56:05	100	284.6479925	
Monthly Domestic Values	10	2019	Hydro Run-of-river and poundage	PL	B11	2024-05-29 11:56:05	100	81.3384500	
Monthly Domestic Values	9	2019	Wind Onshore	BE	B19	2024-05-29 11:56:05	100	249.1346800	
Monthly Domestic Values	9	2019	Biomass	RS	B01	2024-05-29 11:56:05	100	10.7940000	
Monthly Domestic Values	12	2019	Waste	SI	B17	2024-05-29 11:56:05	100	6.7988000	
Monthly Domestic Values	11	2019	Waste	FI	B17	2024-05-29 11:56:05	100	18.8582800	
Monthly Domestic Values	7	2019	Fossil Brown coal/Lignite	RS	B02	2024-05-29 11:56:05	100	1752.4700000	
Monthly Domestic Values	9	2019	Hydro Pumped Storage	LT	B10	2024-05-29 11:56:05	100	84.2534000	
Monthly Domestic Values	4	2019	Fossil Gas	CZ	B04	2024-05-29 11:56:05	100	314.3942300	
Monthly Domestic Values	10	2019	Hydro Water Reservoir	MK	B12	2024-05-29 11:56:05	100	61.3426300	
Monthly Domestic Values	11	2019	Hydro Run-of-river and poundage	SK	B11	2024-05-29 11:56:05	100	298.6272500	
Monthly Domestic Values	4	2019	Hydro Pumped Storage	BE	B10	2024-05-29 11:56:05	100	73.6688500	
Monthly Domestic Values	9	2019	Hydro Pumped Storage	IE	B10	2024-05-29 11:56:05	100	20.9938500	
Monthly Domestic Values	7	2019	Fossil Oil	GB	B06	2024-05-29 11:56:05	100	0.9335850	
Monthly Domestic Values	11	2019	Nuclear	NL	B14	2024-05-29 11:56:05	100	347.5235275	
Monthly Domestic Values	2	2019	Fossil Gas	HU	B04	2024-05-29 11:56:05	100	540.0686650	
Monthly Domestic Values	4	2019	Other	IT	B20	2024-05-29 11:56:05	100	2282.6060000	
Monthly Domestic Values	3	2019	Geothermal	AT	B09	2024-05-29 11:56:05	100	0.0520800	
Monthly Domestic Values	4	2019	Fossil Brown coal/Lignite	CZ	B02	2024-05-29 11:56:05	100	2645.3161600	
Monthly Domestic Values	7	2019	Fossil Brown coal/Lignite	CZ	B02	2024-05-29 11:56:05	100	1986.8974500	
Monthly Domestic Values	9	2019	Hydro Pumped Storage	CH	B10	2024-05-29 11:56:05	100	540.2478400	
Monthly Domestic Values	10	2019	Hydro Pumped Storage	PL	B10	2024-05-29 11:56:05	100	62.8277600	
Monthly Domestic Values	3	2019	Wind Offshore	BE	B18	2024-05-29 11:56:05	100	457.4015500	
Monthly Domestic Values	9	2019	Wind Onshore	LT	B19	2024-05-29 11:56:05	100	114.2603800	
Monthly Domestic Values	1	2019	Hydro Water Reservoir	ME	B12	2024-05-29 11:56:05	100	142.6771100	
Monthly Domestic Values	9	2019	Hydro Water Reservoir	BG	B12	2024-05-29 11:56:05	100	83.7470000	
Monthly Domestic Values	10	2019	Wind Onshore	BA	B19	2024-05-29 11:56:05	100	7.5670200	
Monthly Domestic Values	5	2019	Wind Onshore	FI	B19	2024-05-29 11:56:05	100	449.8931700	
Monthly Domestic Values	4	2019	Wind Onshore	AT	B19	2024-05-29 11:56:05	100	859.3030000	
Monthly Domestic Values	9	2019	Wind Onshore	CZ	B19	2024-05-29 11:56:05	100	44.9120600	
Monthly Domestic Values	4	2019	Fossil Hard coal	DE	B05	2024-05-29 11:56:05	100	3413.3870925	
Monthly Domestic Values	8	2019	Biomass	SK	B01	2024-05-29 11:56:05	100	78.4845000	
Monthly Domestic Values	3	2019	Fossil Hard coal	RO	B05	2024-05-29 11:56:05	100	104.4630000	
Monthly Domestic Values	9	2019	Biomass	HU	B01	2024-05-29 11:56:05	100	73.4937450	
Monthly Domestic Values	12	2019	Biomass	RO	B01	2024-05-29 11:56:05	100	41.5825400	
Monthly Domestic Values	4	2019	Fossil Brown coal/Lignite	BG	B02	2024-05-29 11:56:05	100	1314.8750000	
Monthly Domestic Values	2	2019	Other	PT	B20	2024-05-29 11:56:05	100	63.3150000	
Monthly Domestic Values	4	2019	Fossil Hard coal	BA	B05	2024-05-29 11:56:05	100	484.7594100	
Monthly Domestic Values	8	2019	Hydro Run-of-river and poundage	PT	B11	2024-05-29 11:56:05	100	213.9798000	
Monthly Domestic Values	2	2019	Wind Onshore	IE	B19	2024-05-29 11:56:05	100	1122.4273600	
Monthly Domestic Values	9	2019	Marine	ES	B13	2024-05-29 11:56:05	100	0.0000000	
Monthly Domestic Values	7	2019	Fossil Gas	CZ	B04	2024-05-29 11:56:05	100	550.4388400	
Monthly Domestic Values	1	2019	Fossil Peat	FI	B08	2024-05-29 11:56:05	100	511.7886600	
Monthly Domestic Values	2	2019	Fossil Gas	MK	B04	2024-05-29 11:56:05	100	58.7491100	
Monthly Domestic Values	4	2019	Fossil Oil	GB	B06	2024-05-29 11:56:05	100	0.0366950	
Monthly Domestic Values	12	2019	Hydro Water Reservoir	CZ	B12	2024-05-29 11:56:05	100	43.4173300	
Monthly Domestic Values	8	2019	Waste	DE	B17	2024-05-29 11:56:05	100	492.6323500	
Monthly Domestic Values	10	2019	Nuclear	DE	B14	2024-05-29 11:56:05	100	6739.5251175	
Monthly Domestic Values	3	2019	Nuclear	HU	B14	2024-05-29 11:56:05	100	1084.0750775	
Monthly Domestic Values	7	2019	Nuclear	GB	B14	2024-05-29 11:56:05	100	3851.0320000	
Monthly Domestic Values	2	2019	Hydro Water Reservoir	LU	B12	2024-05-29 11:56:05	100	2.9234500	
Monthly Domestic Values	6	2019	Fossil Gas	FI	B04	2024-05-29 11:56:05	100	160.1703500	
Monthly Domestic Values	10	2019	Fossil Gas	LU	B04	2024-05-29 11:56:05	100	20.0815200	
Monthly Domestic Values	10	2019	Fossil Coal-derived gas	PL	B03	2024-05-29 11:56:05	100	50.6257400	
Monthly Domestic Values	11	2019	Hydro Run-of-river and poundage	CH	B11	2024-05-29 11:56:05	100	151.7103200	
Monthly Domestic Values	5	2019	Wind Onshore	ME	B19	2024-05-29 11:56:05	100	20.2624200	
Monthly Domestic Values	11	2019	Hydro Run-of-river and poundage	DE	B11	2024-05-29 11:56:05	100	1072.5719575	
Monthly Domestic Values	10	2019	Wind Onshore	NO	B19	2024-05-29 11:56:05	100	437.1695400	
Monthly Domestic Values	12	2019	Fossil Hard coal	FR	B05	2024-05-29 11:56:05	100	257.5190000	
Monthly Domestic Values	9	2019	Fossil Hard coal	PL	B05	2024-05-29 11:56:05	100	6256.3071600	
Monthly Domestic Values	6	2019	Fossil Oil	GR	B06	2024-05-29 11:56:05	100	0.0000000	
Monthly Domestic Values	1	2019	Hydro Pumped Storage	SI	B10	2024-05-29 11:56:05	100	0.0000000	
Monthly Domestic Values	7	2019	Nuclear	BE	B14	2024-05-29 11:56:05	100	3583.6773100	
Monthly Domestic Values	4	2019	Fossil Peat	FI	B08	2024-05-29 11:56:05	100	304.1415400	
Monthly Domestic Values	12	2019	Hydro Run-of-river and poundage	ES	B11	2024-05-29 11:56:05	100	1206.4960000	
Monthly Domestic Values	12	2019	Wind Onshore	CH	B19	2024-05-29 11:56:05	100	3.4122300	
Monthly Domestic Values	6	2019	Waste	BG	B17	2024-05-29 11:56:05	100	1.5970000	
Monthly Domestic Values	10	2019	Fossil Gas	NO	B04	2024-05-29 11:56:05	100	245.6077000	
Monthly Domestic Values	9	2019	Waste	ES	B17	2024-05-29 11:56:05	100	220.4240000	
Monthly Domestic Values	10	2019	Hydro Run-of-river and poundage	IT	B11	2024-05-29 11:56:05	100	2252.0950000	
Monthly Domestic Values	9	2019	Solar	BG	B16	2024-05-29 11:56:05	100	132.9750000	
Monthly Domestic Values	4	2019	Wind Onshore	PT	B19	2024-05-29 11:56:05	100	1180.2943000	
Monthly Domestic Values	2	2019	Biomass	AT	B01	2024-05-29 11:56:05	100	207.7320000	
Monthly Domestic Values	2	2019	Biomass	FR	B01	2024-05-29 11:56:05	100	260.6500000	
Monthly Domestic Values	5	2019	Biomass	FI	B01	2024-05-29 11:56:05	100	495.6502100	
Monthly Domestic Values	12	2019	Biomass	PT	B01	2024-05-29 11:56:05	100	260.7316000	
Monthly Domestic Values	3	2019	Waste	HU	B17	2024-05-29 11:56:05	100	12.1644500	
Monthly Domestic Values	10	2019	Fossil Brown coal/Lignite	RO	B02	2024-05-29 11:56:05	100	1084.8545100	
Monthly Domestic Values	2	2019	Other renewable	SK	B15	2024-05-29 11:56:05	100	43.3285000	
Monthly Domestic Values	3	2019	Wind Onshore	CZ	B19	2024-05-29 11:56:05	100	86.5378900	
Monthly Domestic Values	1	2019	Other renewable	CZ	B15	2024-05-29 11:56:05	100	202.0676300	
Monthly Domestic Values	7	2019	Wind Onshore	SE	B19	2024-05-29 11:56:05	100	1029.6470000	
Monthly Domestic Values	5	2019	Other	FI	B20	2024-05-29 11:56:05	100	43.5292000	
Monthly Domestic Values	4	2019	Other renewable	DE	B15	2024-05-29 11:56:05	100	105.7395850	
Monthly Domestic Values	7	2019	Hydro Run-of-river and poundage	MK	B11	2024-05-29 11:56:05	100	0.0000000	
Monthly Domestic Values	11	2019	Hydro Run-of-river and poundage	SI	B11	2024-05-29 11:56:05	100	594.1210500	
Monthly Domestic Values	1	2019	Wind Onshore	BA	B19	2024-05-29 11:56:05	100	19.6698000	
Monthly Domestic Values	11	2019	Other renewable	HU	B15	2024-05-29 11:56:05	100	10.6098100	
Monthly Domestic Values	2	2019	Fossil Oil	HU	B06	2024-05-29 11:56:05	100	0.0000000	
Monthly Domestic Values	7	2019	Fossil Gas	PL	B04	2024-05-29 11:56:05	100	846.3231800	
Monthly Domestic Values	11	2019	Fossil Gas	SI	B04	2024-05-29 11:56:05	100	35.8005900	
Monthly Domestic Values	7	2019	Hydro Water Reservoir	ME	B12	2024-05-29 11:56:05	100	91.6967500	
Monthly Domestic Values	4	2019	Other	LT	B20	2024-05-29 11:56:05	100	14.3566400	
Monthly Domestic Values	10	2019	Fossil Oil shale	EE	B07	2024-05-29 11:56:05	100	240.0352000	
Monthly Domestic Values	2	2019	Biomass	SK	B01	2024-05-29 11:56:05	100	60.1671000	
Monthly Domestic Values	12	2019	Biomass	RS	B01	2024-05-29 11:56:05	100	11.1620000	
Monthly Domestic Values	6	2019	Biomass	LV	B01	2024-05-29 11:56:05	100	40.9150000	
Monthly Domestic Values	10	2019	Fossil Hard coal	NL	B05	2024-05-29 11:56:05	100	1340.2854700	
Monthly Domestic Values	3	2019	Hydro Pumped Storage	FR	B10	2024-05-29 11:56:05	100	401.7250000	
Monthly Domestic Values	3	2019	Fossil Oil	CY	B06	2024-05-29 11:56:05	100	293.7782500	
Monthly Domestic Values	9	2019	Nuclear	SE	B14	2024-05-29 11:56:05	100	4349.0790000	
Monthly Domestic Values	1	2019	Fossil Oil	FI	B06	2024-05-29 11:56:05	100	1.4896200	
Monthly Domestic Values	8	2019	Fossil Gas	MK	B04	2024-05-29 11:56:05	100	136.9267000	
Monthly Domestic Values	2	2019	Solar	SK	B16	2024-05-29 11:56:05	100	32.7423000	
Monthly Domestic Values	6	2019	Hydro Water Reservoir	CZ	B12	2024-05-29 11:56:05	100	71.6139000	
Monthly Domestic Values	5	2019	Wind Onshore	GB	B19	2024-05-29 11:56:05	100	1512.8793350	
Monthly Domestic Values	5	2019	Biomass	DK	B01	2024-05-29 11:56:05	100	220.3681000	
Monthly Domestic Values	6	2019	Biomass	ES	B01	2024-05-29 11:56:05	100	231.5620000	
Monthly Domestic Values	11	2019	Biomass	DK	B01	2024-05-29 11:56:05	100	463.5507900	
Monthly Domestic Values	1	2019	Waste	SI	B17	2024-05-29 11:56:05	100	6.1734200	
Monthly Domestic Values	8	2019	Waste	LU	B17	2024-05-29 11:56:05	100	8.6943975	
Monthly Domestic Values	1	2019	Nuclear	FR	B14	2024-05-29 11:56:05	100	40009.1350000	
Monthly Domestic Values	4	2019	Wind Onshore	LV	B19	2024-05-29 11:56:05	100	10.1650000	
Monthly Domestic Values	2	2019	Wind Onshore	BG	B19	2024-05-29 11:56:05	100	168.8000000	
Monthly Domestic Values	7	2019	Nuclear	FR	B14	2024-05-29 11:56:05	100	29098.6020000	
Monthly Domestic Values	6	2019	Hydro Pumped Storage	ES	B10	2024-05-29 11:56:05	100		
Monthly Domestic Values	9	2019	Fossil Gas	IT	B04	2024-05-29 11:56:05	100	10183.3670000	
Monthly Domestic Values	10	2019	Other	EE	B20	2024-05-29 11:56:05	100	0.0000000	
Monthly Domestic Values	10	2019	Hydro Water Reservoir	AT	B12	2024-05-29 11:56:05	100	264.9266000	
Monthly Domestic Values	1	2019	Hydro Run-of-river and poundage	FR	B11	2024-05-29 11:56:05	100	2969.6010000	
Monthly Domestic Values	6	2019	Biomass	IT	B01	2024-05-29 11:56:05	100	372.2360000	
Monthly Domestic Values	1	2019	Geothermal	HR	B09	2024-05-29 11:56:05	100	0.0000000	
Monthly Domestic Values	10	2019	Waste	BE	B17	2024-05-29 11:56:05	100	175.3646100	
Monthly Domestic Values	3	2019	Waste	NL	B17	2024-05-29 11:56:05	100	160.6720925	
Monthly Domestic Values	5	2019	Nuclear	NL	B14	2024-05-29 11:56:05	100	328.6617600	
Monthly Domestic Values	1	2019	Nuclear	ES	B14	2024-05-29 11:56:05	100	5051.7140000	
Monthly Domestic Values	3	2019	Hydro Pumped Storage	IE	B10	2024-05-29 11:56:05	100	23.0460200	
Monthly Domestic Values	3	2019	Hydro Run-of-river and poundage	NO	B11	2024-05-29 11:56:05	100	726.8291100	
Monthly Domestic Values	10	2019	Other	IT	B20	2024-05-29 11:56:05	100	1820.9050000	
Monthly Domestic Values	1	2019	Other renewable	AT	B15	2024-05-29 11:56:05	100	0.0000000	
Monthly Domestic Values	3	2019	Wind Onshore	RO	B19	2024-05-29 11:56:05	100	654.4274200	
Monthly Domestic Values	4	2019	Wind Onshore	GR	B19	2024-05-29 11:56:05	100	386.3700000	
Monthly Domestic Values	2	2019	Biomass	LT	B01	2024-05-29 11:56:05	100	37.0674600	
Monthly Domestic Values	6	2019	Biomass	PT	B01	2024-05-29 11:56:05	100	236.2235000	
Monthly Domestic Values	1	2019	Fossil Hard coal	SK	B05	2024-05-29 11:56:05	100	60.8487000	
Monthly Domestic Values	6	2019	Fossil Hard coal	CZ	B05	2024-05-29 11:56:05	100	78.8584700	
Monthly Domestic Values	5	2019	Fossil Brown coal/Lignite	ME	B02	2024-05-29 11:56:05	100	0.0000000	
Monthly Domestic Values	9	2019	Waste	HU	B17	2024-05-29 11:56:05	100	8.8795000	
Monthly Domestic Values	7	2019	Other renewable	CZ	B15	2024-05-29 11:56:05	100	193.7723400	
Monthly Domestic Values	8	2019	Wind Offshore	DK	B18	2024-05-29 11:56:05	100	259.3101700	
Monthly Domestic Values	8	2019	Hydro Pumped Storage	RS	B10	2024-05-29 11:56:05	100	83.0660000	
Monthly Domestic Values	4	2019	Other	RS	B20	2024-05-29 11:56:05	100	14.3960000	
Monthly Domestic Values	1	2019	Hydro Run-of-river and poundage	MK	B11	2024-05-29 11:56:05	100	0.0000000	
Monthly Domestic Values	7	2019	Hydro Run-of-river and poundage	EE	B11	2024-05-29 11:56:05	100	2.5372000	
Monthly Domestic Values	7	2019	Hydro Run-of-river and poundage	NL	B11	2024-05-29 11:56:05	100	0.0000000	
Monthly Domestic Values	4	2019	Fossil Hard coal	NL	B05	2024-05-29 11:56:05	100	1219.9937675	
Monthly Domestic Values	12	2019	Biomass	LV	B01	2024-05-29 11:56:05	100	53.3090000	
Monthly Domestic Values	3	2019	Fossil Oil	DK	B06	2024-05-29 11:56:05	100	25.2147500	
Monthly Domestic Values	8	2019	Fossil Gas	BG	B04	2024-05-29 11:56:05	100	115.4210000	
Monthly Domestic Values	9	2019	Solar	CZ	B16	2024-05-29 11:56:05	100	217.7021500	
Monthly Domestic Values	12	2019	Hydro Water Reservoir	BA	B12	2024-05-29 11:56:05	100	730.2474600	
Monthly Domestic Values	10	2019	Hydro Run-of-river and poundage	AT	B11	2024-05-29 11:56:05	100	1660.8586000	
Monthly Domestic Values	1	2019	Wind Onshore	DK	B19	2024-05-29 11:56:05	100	1106.9420200	
Monthly Domestic Values	7	2019	Wind Onshore	SK	B19	2024-05-29 11:56:05	100	0.0000000	
Monthly Domestic Values	5	2019	Other	IE	B20	2024-05-29 11:56:05	100	0.5489700	
Monthly Domestic Values	2	2019	Hydro Run-of-river and poundage	SK	B11	2024-05-29 11:56:05	100	350.4147000	
Monthly Domestic Values	2	2019	Waste	DE	B17	2024-05-29 11:56:05	100	484.4188500	
Monthly Domestic Values	4	2019	Nuclear	DE	B14	2024-05-29 11:56:05	100	5687.2172650	
Monthly Domestic Values	10	2019	Hydro Pumped Storage	PT	B10	2024-05-29 11:56:05	100	203.7263000	
Monthly Domestic Values	6	2019	Hydro Water Reservoir	DE	B12	2024-05-29 11:56:05	100	189.0828025	
Monthly Domestic Values	12	2019	Fossil Gas	HR	B04	2024-05-29 11:56:05	100	190.4502800	
Monthly Domestic Values	12	2019	Solar	DK	B16	2024-05-29 11:56:05	100	11.9094100	
Monthly Domestic Values	3	2019	Other	SK	B20	2024-05-29 11:56:05	100	130.0377000	
Monthly Domestic Values	4	2019	Fossil Coal-derived gas	PL	B03	2024-05-29 11:56:05	100	52.3993100	
Monthly Domestic Values	12	2019	Solar	BE	B16	2024-05-29 11:56:05	100	71.2183800	
Monthly Domestic Values	1	2019	Fossil Coal-derived gas	DE	B03	2024-05-29 11:56:05	100	322.1743250	
Monthly Domestic Values	4	2019	Wind Onshore	NO	B19	2024-05-29 11:56:05	100	349.1196400	
Monthly Domestic Values	6	2019	Biomass	HR	B01	2024-05-29 11:56:05	100	36.1570000	
Monthly Domestic Values	12	2019	Fossil Hard coal	IT	B05	2024-05-29 11:56:05	100	1296.8680000	
Monthly Domestic Values	2	2019	Fossil Brown coal/Lignite	RO	B02	2024-05-29 11:56:05	100	1059.4690000	
Monthly Domestic Values	12	2019	Fossil Oil	GR	B06	2024-05-29 11:56:05	100	0.0000000	
Monthly Domestic Values	3	2019	Nuclear	FI	B14	2024-05-29 11:56:05	100	2073.8576000	
Monthly Domestic Values	10	2019	Fossil Oil	HU	B06	2024-05-29 11:56:05	100	1.2744400	
Monthly Domestic Values	2	2019	Fossil Hard coal	ES	B05	2024-05-29 11:56:05	100	2111.9060000	
Monthly Domestic Values	1	2019	Other	GB	B20	2024-05-29 11:56:05	100	44.8529400	
Monthly Domestic Values	5	2019	Nuclear	SI	B14	2024-05-29 11:56:05	100	514.4720100	
Monthly Domestic Values	7	2019	Hydro Water Reservoir	FR	B12	2024-05-29 11:56:05	100	922.1740000	
Monthly Domestic Values	11	2019	Fossil Gas	LV	B04	2024-05-29 11:56:05	100	206.1470000	
Monthly Domestic Values	11	2019	Fossil Coal-derived gas	EE	B03	2024-05-29 11:56:05	100	43.1743000	
Monthly Domestic Values	3	2019	Solar	BG	B16	2024-05-29 11:56:05	100	133.6410000	
Monthly Domestic Values	1	2019	Fossil Oil shale	ES	B07	2024-05-29 11:56:05	100	0.0000000	
Monthly Domestic Values	4	2019	Fossil Hard coal	FR	B05	2024-05-29 11:56:05	100	24.9040000	
Monthly Domestic Values	3	2019	Fossil Hard coal	AT	B05	2024-05-29 11:56:05	100	125.3983000	
Monthly Domestic Values	8	2019	Fossil Oil	AT	B06	2024-05-29 11:56:05	100	0.0000000	
Monthly Domestic Values	5	2019	Solar	LU	B16	2024-05-29 11:56:05	100	16.6067175	
Monthly Domestic Values	9	2019	Hydro Water Reservoir	PL	B12	2024-05-29 11:56:05	100	5.0672600	
Monthly Domestic Values	9	2019	Solar	GB	B16	2024-05-29 11:56:05	100	1038.6710000	
Monthly Domestic Values	6	2019	Hydro Run-of-river and poundage	CZ	B11	2024-05-29 11:56:05	100	94.7796600	
Monthly Domestic Values	5	2019	Waste	EE	B17	2024-05-29 11:56:05	100	11.9921000	
Monthly Domestic Values	9	2019	Fossil Oil	DK	B06	2024-05-29 11:56:05	100	25.8938100	
Monthly Domestic Values	11	2019	Hydro Pumped Storage	CZ	B10	2024-05-29 11:56:05	100	92.9339800	
Monthly Domestic Values	2	2019	Hydro Pumped Storage	IT	B10	2024-05-29 11:56:05	100	177.2590000	
Monthly Domestic Values	9	2019	Fossil Hard coal	BG	B05	2024-05-29 11:56:05	100	41.1500000	
Monthly Domestic Values	8	2019	Fossil Gas	LT	B04	2024-05-29 11:56:05	100	25.7359000	
Monthly Domestic Values	12	2019	Other renewable	ME	B15	2024-05-29 11:56:05	100	0.0000000	
Monthly Domestic Values	7	2019	Hydro Water Reservoir	IT	B12	2024-05-29 11:56:05	100	1091.7600000	
Monthly Domestic Values	9	2019	Hydro Water Reservoir	SE	B12	2024-05-29 11:56:05	100	4535.5860000	
Monthly Domestic Values	6	2019	Solar	IT	B16	2024-05-29 11:56:05	100	2345.5920000	
Monthly Domestic Values	3	2019	Hydro Pumped Storage	GB	B10	2024-05-29 11:56:05	100	192.0275000	
Monthly Domestic Values	7	2019	Hydro Run-of-river and poundage	RO	B11	2024-05-29 11:56:05	100	790.3547700	
Monthly Domestic Values	10	2019	Hydro Run-of-river and poundage	LV	B11	2024-05-29 11:56:05	100	150.0250000	
Monthly Domestic Values	10	2019	Fossil Gas	GR	B04	2024-05-29 11:56:05	100	1558.4720000	
Monthly Domestic Values	5	2019	Fossil Gas	FR	B04	2024-05-29 11:56:05	100	1892.0830000	
Monthly Domestic Values	11	2019	Fossil Gas	NL	B04	2024-05-29 11:56:05	100	4047.1263400	
Monthly Domestic Values	5	2019	Fossil Gas	PT	B04	2024-05-29 11:56:05	100	1373.5280000	
Monthly Domestic Values	3	2019	Fossil Gas	BE	B04	2024-05-29 11:56:05	100	1540.9068800	
Monthly Domestic Values	4	2019	Fossil Peat	ES	B08	2024-05-29 11:56:05	100	0.0000000	
Monthly Domestic Values	11	2019	Fossil Hard coal	HR	B05	2024-05-29 11:56:05	100	106.2593100	
Monthly Domestic Values	1	2019	Fossil Brown coal/Lignite	GR	B02	2024-05-29 11:56:05	100	1409.2970000	
Monthly Domestic Values	9	2019	Fossil Brown coal/Lignite	DE	B02	2024-05-29 11:56:05	100	7732.8513650	
Monthly Domestic Values	7	2019	Fossil Brown coal/Lignite	GR	B02	2024-05-29 11:56:05	100	828.1100000	
Monthly Domestic Values	12	2019	Hydro Pumped Storage	ES	B10	2024-05-29 11:56:05	100		
Monthly Domestic Values	8	2019	Hydro Pumped Storage	HR	B10	2024-05-29 11:56:05	100	3.5824800	
Monthly Domestic Values	2	2019	Hydro Pumped Storage	HR	B10	2024-05-29 11:56:05	100	64.1935100	
Monthly Domestic Values	6	2019	Wind Offshore	NL	B18	2024-05-29 11:56:05	100	167.9931425	
Monthly Domestic Values	12	2019	Other	AT	B20	2024-05-29 11:56:05	100	16.3680000	
Monthly Domestic Values	7	2019	Hydro Run-of-river and poundage	FR	B11	2024-05-29 11:56:05	100	3049.2930000	
Monthly Domestic Values	3	2019	Fossil Coal-derived gas	EE	B03	2024-05-29 11:56:05	100	36.6066000	
Monthly Domestic Values	1	2019	Hydro Run-of-river and poundage	LT	B11	2024-05-29 11:56:05	100	44.6856100	
Monthly Domestic Values	6	2019	Biomass	DE	B01	2024-05-29 11:56:05	100	3235.6020125	
Monthly Domestic Values	7	2019	Geothermal	HR	B09	2024-05-29 11:56:05	100	6.7570000	
Monthly Domestic Values	4	2019	Waste	BE	B17	2024-05-29 11:56:05	100	159.5485700	
Monthly Domestic Values	8	2019	Waste	AT	B17	2024-05-29 11:56:05	100	74.4000000	
Monthly Domestic Values	8	2019	Fossil Oil	IE	B06	2024-05-29 11:56:05	100	215.0924450	
Monthly Domestic Values	2	2019	Hydro Pumped Storage	PT	B10	2024-05-29 11:56:05	100	232.7744000	
Monthly Domestic Values	5	2019	Wind Onshore	FR	B19	2024-05-29 11:56:05	100	2211.9290000	
Monthly Domestic Values	5	2019	Solar	PT	B16	2024-05-29 11:56:05	100	114.4866000	
Monthly Domestic Values	8	2019	Solar	HR	B16	2024-05-29 11:56:05	100	8.2250000	
Monthly Domestic Values	6	2019	Other	ES	B20	2024-05-29 11:56:05	100	15.8770000	
Monthly Domestic Values	12	2019	Other	ES	B20	2024-05-29 11:56:05	100	34.7830000	
Monthly Domestic Values	3	2019	Fossil Coal-derived gas	IT	B03	2024-05-29 11:56:05	100	465.0660000	
Monthly Domestic Values	9	2019	Fossil Coal-derived gas	IT	B03	2024-05-29 11:56:05	100	532.5270000	
Monthly Domestic Values	10	2019	Nuclear	SK	B14	2024-05-29 11:56:05	100	1251.0423000	
Monthly Domestic Values	2	2019	Fossil Gas	SK	B04	2024-05-29 11:56:05	100	206.0561000	
Monthly Domestic Values	2	2019	Fossil Gas	DK	B04	2024-05-29 11:56:05	100	307.5841700	
Monthly Domestic Values	8	2019	Fossil Gas	SK	B04	2024-05-29 11:56:05	100	225.9171000	
Monthly Domestic Values	7	2019	Hydro Water Reservoir	PT	B12	2024-05-29 11:56:05	100	109.2814000	
Monthly Domestic Values	9	2019	Solar	EE	B16	2024-05-29 11:56:05	100	0.8869000	
Monthly Domestic Values	3	2019	Biomass	BG	B01	2024-05-29 11:56:05	100	21.9440000	
Monthly Domestic Values	8	2019	Biomass	FR	B01	2024-05-29 11:56:05	100	351.2220000	
Monthly Domestic Values	10	2019	Biomass	LU	B01	2024-05-29 11:56:05	100	21.8948925	
Monthly Domestic Values	9	2019	Fossil Hard coal	AT	B05	2024-05-29 11:56:05	100	26.4540000	
Monthly Domestic Values	9	2019	Fossil Hard coal	IE	B05	2024-05-29 11:56:05	100	40.8889500	
Monthly Domestic Values	12	2019	Fossil Brown coal/Lignite	MK	B02	2024-05-29 11:56:05	100	287.5953600	
Monthly Domestic Values	4	2019	Fossil Oil shale	EE	B07	2024-05-29 11:56:05	100	404.4447000	
Monthly Domestic Values	10	2019	Other renewable	DE	B15	2024-05-29 11:56:05	100	117.7139800	
Monthly Domestic Values	1	2019	Wind Onshore	SE	B19	2024-05-29 11:56:05	100	1791.8370000	
Monthly Domestic Values	1	2019	Fossil Gas	PL	B04	2024-05-29 11:56:05	100	866.2343400	
Monthly Domestic Values	6	2019	Fossil Gas	EE	B04	2024-05-29 11:56:05	100	1.0623000	
Monthly Domestic Values	4	2019	Nuclear	BG	B14	2024-05-29 11:56:05	100	1502.1810000	
Monthly Domestic Values	9	2019	Fossil Gas	DE	B04	2024-05-29 11:56:05	100	4870.7412000	
Monthly Domestic Values	11	2019	Solar	LU	B16	2024-05-29 11:56:05	100	2.5586975	
Monthly Domestic Values	7	2019	Hydro Water Reservoir	NO	B12	2024-05-29 11:56:05	100	8396.4291700	
Monthly Domestic Values	6	2019	Biomass	BE	B01	2024-05-29 11:56:05	100	236.2691500	
Monthly Domestic Values	11	2019	Waste	EE	B17	2024-05-29 11:56:05	100	10.2969000	
Monthly Domestic Values	8	2019	Hydro Pumped Storage	DE	B10	2024-05-29 11:56:05	100	714.6404675	
Monthly Domestic Values	2	2019	Fossil Gas	LT	B04	2024-05-29 11:56:05	100	32.9475100	
Monthly Domestic Values	4	2019	Fossil Gas	GR	B04	2024-05-29 11:56:05	100	1034.3820000	
Monthly Domestic Values	1	2019	Fossil Peat	IE	B08	2024-05-29 11:56:05	100	231.9819050	
Monthly Domestic Values	4	2019	Hydro Run-of-river and poundage	LU	B11	2024-05-29 11:56:05	100	6.5463000	
Monthly Domestic Values	10	2019	Wind Onshore	CY	B19	2024-05-29 11:56:05	100	17.8042550	
Monthly Domestic Values	10	2019	Hydro Water Reservoir	SK	B12	2024-05-29 11:56:05	100	17.6991400	
Monthly Domestic Values	2	2019	Other	EE	B20	2024-05-29 11:56:05	100	0.0000000	
Monthly Domestic Values	3	2019	Hydro Water Reservoir	SE	B12	2024-05-29 11:56:05	100	5790.0910000	
Monthly Domestic Values	12	2019	Wind Onshore	HR	B19	2024-05-29 11:56:05	100	180.1874600	
Monthly Domestic Values	8	2019	Hydro Run-of-river and poundage	HR	B11	2024-05-29 11:56:05	100	96.7098000	
Monthly Domestic Values	7	2019	Wind Onshore	LU	B19	2024-05-29 11:56:05	100	10.9757450	
Monthly Domestic Values	7	2019	Consumption of Hydro Run-of-river and poundage	PT	(B11)	2024-05-29 12:01:45	100	1.4127000	
Monthly Domestic Values	9	2019	Consumption of Hydro Run-of-river and poundage	IE	(B11)	2024-05-29 12:01:45	100	0.0986450	
Monthly Domestic Values	10	2019	Consumption of Fossil Gas	IE	(B04)	2024-05-29 12:01:45	100	2.0772400	
Monthly Domestic Values	6	2019	Consumption of Hydro Pumped Storage	IT	(B10)	2024-05-29 12:01:45	100	133.2990000	
Monthly Domestic Values	6	2019	Consumption of Solar	NL	(B16)	2024-05-29 12:01:45	100	0.0159500	
Monthly Domestic Values	9	2019	Consumption of Waste	NL	(B17)	2024-05-29 12:01:45	100	2.9645775	
Monthly Domestic Values	11	2019	Consumption of Hydro Water Reservoir	PT	(B12)	2024-05-29 12:01:45	100	0.7578000	
Monthly Domestic Values	9	2019	Consumption of Wind Onshore	NL	(B19)	2024-05-29 12:01:45	100	0.2184450	
Monthly Domestic Values	8	2019	Consumption of Fossil Oil	DE	(B06)	2024-05-29 12:01:45	100	0.2009750	
Monthly Domestic Values	1	2019	Consumption of Hydro Pumped Storage	SK	(B10)	2024-05-29 12:01:45	100	33.0733800	
Monthly Domestic Values	7	2019	Consumption of Hydro Pumped Storage	SK	(B10)	2024-05-29 12:01:45	100	23.7274900	
Monthly Domestic Values	3	2019	Consumption of Hydro Pumped Storage	AT	(B10)	2024-05-29 12:01:45	100	159.4021000	
Monthly Domestic Values	10	2019	Consumption of Waste	DK	(B17)	2024-05-29 12:01:45	100	0.0570000	
Monthly Domestic Values	6	2019	Consumption of Fossil Gas	NL	(B04)	2024-05-29 12:01:45	100	24.7097675	
Monthly Domestic Values	6	2019	Consumption of Hydro Pumped Storage	CZ	(B10)	2024-05-29 12:01:45	100	85.1174400	
Monthly Domestic Values	2	2019	Consumption of Fossil Hard coal	NL	(B05)	2024-05-29 12:01:45	100	4.6266525	
Monthly Domestic Values	6	2019	Consumption of Nuclear	NL	(B14)	2024-05-29 12:01:45	100	3.2950675	
Monthly Domestic Values	12	2019	Consumption of Hydro Pumped Storage	IT	(B10)	2024-05-29 12:01:45	100	245.3560000	
Monthly Domestic Values	12	2019	Consumption of Wind Offshore	BE	(B18)	2024-05-29 12:01:45	100	0.3026900	
Monthly Domestic Values	3	2019	Consumption of Wind Onshore	NL	(B19)	2024-05-29 12:01:45	100	0.1360000	
Monthly Domestic Values	10	2019	Consumption of Hydro Pumped Storage	BE	(B10)	2024-05-29 12:01:45	100	106.6967100	
Monthly Domestic Values	2	2019	Consumption of Wind Onshore	HU	(B19)	2024-05-29 12:01:45	100	0.0207125	
Monthly Domestic Values	8	2019	Consumption of Wind Onshore	HU	(B19)	2024-05-29 12:01:45	100	0.0592825	
Monthly Domestic Values	11	2019	Consumption of Hydro Pumped Storage	AT	(B10)	2024-05-29 12:01:45	100	236.4609000	
Monthly Domestic Values	6	2019	Consumption of Wind Offshore	BE	(B18)	2024-05-29 12:01:45	100	1.5388100	
Monthly Domestic Values	12	2019	Consumption of Other renewable	HU	(B15)	2024-05-29 12:01:45	100	0.0856700	
Monthly Domestic Values	4	2019	Consumption of Hydro Pumped Storage	IE	(B10)	2024-05-29 12:01:45	100	45.3132750	
Monthly Domestic Values	9	2019	Consumption of Fossil Oil	IE	(B06)	2024-05-29 12:01:45	100	1.7978050	
Monthly Domestic Values	10	2019	Consumption of Other	NL	(B20)	2024-05-29 12:01:45	100	667.1609175	
Monthly Domestic Values	5	2019	Consumption of Hydro Pumped Storage	PT	(B10)	2024-05-29 12:01:45	100	135.1221000	
Monthly Domestic Values	4	2019	Consumption of Hydro Pumped Storage	FR	(B10)	2024-05-29 12:01:45	100	333.8800000	
Monthly Domestic Values	7	2019	Consumption of Fossil Hard coal	FR	(B05)	2024-05-29 12:01:45	100	0.0110000	
Monthly Domestic Values	1	2019	Consumption of Hydro Pumped Storage	ES	(B10)	2024-05-29 12:01:45	100	294.3930000	
Monthly Domestic Values	5	2019	Consumption of Fossil Hard coal	NL	(B05)	2024-05-29 12:01:45	100	8.0760475	
Monthly Domestic Values	1	2019	Consumption of Hydro Pumped Storage	LT	(B10)	2024-05-29 12:01:45	100	47.0523400	
Monthly Domestic Values	9	2019	Consumption of Fossil Hard coal	PT	(B05)	2024-05-29 12:01:45	100	7.7369000	
Monthly Domestic Values	3	2019	Consumption of Fossil Oil	IE	(B06)	2024-05-29 12:01:45	100	0.2624700	
Monthly Domestic Values	12	2019	Consumption of Solar	NL	(B16)	2024-05-29 12:01:45	100	0.1866425	
Monthly Domestic Values	2	2019	Consumption of Hydro Water Reservoir	PT	(B12)	2024-05-29 12:01:45	100	0.5208000	
Monthly Domestic Values	6	2019	Consumption of Fossil Peat	IE	(B08)	2024-05-29 12:01:45	100	0.8429350	
Monthly Domestic Values	3	2019	Consumption of Hydro Pumped Storage	HR	(B10)	2024-05-29 12:01:45	100	7.7223200	
Monthly Domestic Values	7	2019	Consumption of Hydro Pumped Storage	ES	(B10)	2024-05-29 12:01:45	100	105.3890000	
Monthly Domestic Values	12	2019	Consumption of Hydro Pumped Storage	CZ	(B10)	2024-05-29 12:01:45	100	171.8695300	
Monthly Domestic Values	6	2019	Consumption of Fossil Gas	PT	(B04)	2024-05-29 12:01:45	100	3.4219000	
Monthly Domestic Values	5	2019	Consumption of Fossil Oil	HU	(B06)	2024-05-29 12:01:45	100	0.0482125	
Monthly Domestic Values	5	2019	Consumption of Hydro Pumped Storage	DE	(B10)	2024-05-29 12:01:45	100	933.3478400	
Monthly Domestic Values	11	2019	Consumption of Fossil Oil	HU	(B06)	2024-05-29 12:01:45	100	0.1516725	
Monthly Domestic Values	1	2019	Consumption of Wind Offshore	NL	(B18)	2024-05-29 12:01:45	100	0.3205125	
Monthly Domestic Values	8	2019	Consumption of Fossil Gas	DE	(B04)	2024-05-29 12:01:45	100	0.4470700	
Monthly Domestic Values	6	2019	Consumption of Wind Onshore	NL	(B19)	2024-05-29 12:01:45	100	0.2215625	
Monthly Domestic Values	11	2019	Consumption of Fossil Oil	DE	(B06)	2024-05-29 12:01:45	100	0.1683950	
Monthly Domestic Values	9	2019	Consumption of Fossil Gas	PT	(B04)	2024-05-29 12:01:45	100	3.7852000	
Monthly Domestic Values	11	2019	Consumption of Hydro Pumped Storage	HR	(B10)	2024-05-29 12:01:45	100	4.6688000	
Monthly Domestic Values	8	2019	Consumption of Hydro Water Reservoir	PT	(B12)	2024-05-29 12:01:45	100	0.6333000	
Monthly Domestic Values	7	2019	Consumption of Wind Offshore	NL	(B18)	2024-05-29 12:01:45	100	1.0953925	
Monthly Domestic Values	3	2019	Consumption of Hydro Pumped Storage	IT	(B10)	2024-05-29 12:01:45	100	212.5580000	
Monthly Domestic Values	3	2019	Consumption of Solar	NL	(B16)	2024-05-29 12:01:45	100	0.0737550	
Monthly Domestic Values	12	2019	Consumption of Fossil Hard coal	PT	(B05)	2024-05-29 12:01:45	100	8.2921000	
Monthly Domestic Values	3	2019	Consumption of Hydro Pumped Storage	CZ	(B10)	2024-05-29 12:01:45	100	122.0144100	
Monthly Domestic Values	9	2019	Consumption of Hydro Pumped Storage	CZ	(B10)	2024-05-29 12:01:45	100	135.6336700	
Monthly Domestic Values	3	2019	Consumption of Fossil Gas	NL	(B04)	2024-05-29 12:01:45	100	13.3462550	
Monthly Domestic Values	9	2019	Consumption of Fossil Gas	NL	(B04)	2024-05-29 12:01:45	100	985.5559625	
Monthly Domestic Values	4	2019	Consumption of Hydro Water Reservoir	DE	(B12)	2024-05-29 12:01:45	100	0.0000075	
Monthly Domestic Values	11	2019	Consumption of Hydro Pumped Storage	PT	(B10)	2024-05-29 12:01:45	100	277.1676000	
Monthly Domestic Values	4	2019	Consumption of Hydro Pumped Storage	SK	(B10)	2024-05-29 12:01:45	100	20.7080300	
Monthly Domestic Values	9	2019	Consumption of Hydro Pumped Storage	IT	(B10)	2024-05-29 12:01:45	100	145.2140000	
Monthly Domestic Values	6	2019	Consumption of Other	IE	(B20)	2024-05-29 12:01:45	100	0.4526200	
Monthly Domestic Values	9	2019	Consumption of Solar	NL	(B16)	2024-05-29 12:01:45	100	0.0221550	
Monthly Domestic Values	5	2019	Consumption of Fossil Oil	DE	(B06)	2024-05-29 12:01:45	100	0.1915575	
Monthly Domestic Values	7	2019	Consumption of Fossil Gas	IE	(B04)	2024-05-29 12:01:45	100	1.4183100	
Monthly Domestic Values	10	2019	Consumption of Hydro Pumped Storage	SK	(B10)	2024-05-29 12:01:45	100	25.2268600	
Monthly Domestic Values	2	2019	Consumption of Hydro Pumped Storage	BE	(B10)	2024-05-29 12:01:45	100	91.7861000	
Monthly Domestic Values	4	2019	Consumption of Hydro Run-of-river and poundage	PT	(B11)	2024-05-29 12:01:45	100	1.2144000	
Monthly Domestic Values	10	2019	Consumption of Hydro Run-of-river and poundage	PT	(B11)	2024-05-29 12:01:45	100	1.4080000	
Monthly Domestic Values	10	2019	Consumption of Wind Onshore	GB	(B19)	2024-05-29 12:01:45	100	232.1170900	
Monthly Domestic Values	9	2019	Consumption of Wind Offshore	BE	(B18)	2024-05-29 12:01:45	100	0.7328800	
Monthly Domestic Values	12	2019	Consumption of Waste	NL	(B17)	2024-05-29 12:01:45	100	0.5431200	
Monthly Domestic Values	5	2019	Consumption of Wind Onshore	HU	(B19)	2024-05-29 12:01:45	100	0.0292400	
Monthly Domestic Values	7	2019	Consumption of Wind Onshore	GB	(B19)	2024-05-29 12:01:45	100	140.7670750	
Monthly Domestic Values	1	2019	Consumption of Hydro Pumped Storage	FR	(B10)	2024-05-29 12:01:45	100	469.7600000	
Monthly Domestic Values	12	2019	Consumption of Hydro Water Reservoir	DE	(B12)	2024-05-29 12:01:45	100	0.0000800	
Monthly Domestic Values	8	2019	Consumption of Fossil Hard coal	NL	(B05)	2024-05-29 12:01:45	100	11.0931025	
Monthly Domestic Values	3	2019	Consumption of Fossil Hard coal	IE	(B05)	2024-05-29 12:01:45	100	0.7688400	
Monthly Domestic Values	8	2019	Consumption of Nuclear	DE	(B14)	2024-05-29 12:01:45	100	3.0355150	
Monthly Domestic Values	7	2019	Consumption of Hydro Pumped Storage	IE	(B10)	2024-05-29 12:01:45	100	40.6180750	
Monthly Domestic Values	12	2019	Consumption of Fossil Oil	IE	(B06)	2024-05-29 12:01:45	100	1.8412850	
Monthly Domestic Values	6	2019	Consumption of Fossil Hard coal	PT	(B05)	2024-05-29 12:01:45	100	7.1758000	
Monthly Domestic Values	3	2019	Consumption of Other	IE	(B20)	2024-05-29 12:01:45	100	0.0701950	
Monthly Domestic Values	4	2019	Consumption of Hydro Pumped Storage	ES	(B10)	2024-05-29 12:01:45	100	237.1080000	
Monthly Domestic Values	1	2019	Consumption of Hydro Pumped Storage	IE	(B10)	2024-05-29 12:01:45	100	0.7407450	
Monthly Domestic Values	10	2019	Consumption of Fossil Hard coal	FR	(B05)	2024-05-29 12:01:45	100	0.3840000	
Monthly Domestic Values	1	2019	Consumption of Waste	NL	(B17)	2024-05-29 12:01:45	100	0.0482500	
Monthly Domestic Values	7	2019	Consumption of Hydro Pumped Storage	FR	(B10)	2024-05-29 12:01:45	100	300.6420000	
Monthly Domestic Values	11	2019	Consumption of Fossil Hard coal	IE	(B05)	2024-05-29 12:01:45	100	3.0289500	
Monthly Domestic Values	3	2019	Consumption of Fossil Gas	PT	(B04)	2024-05-29 12:01:45	100	5.5921000	
Monthly Domestic Values	8	2019	Consumption of Hydro Water Reservoir	SK	(B12)	2024-05-29 12:01:45	100	0.0094200	
Monthly Domestic Values	9	2019	Consumption of Fossil Peat	IE	(B08)	2024-05-29 12:01:45	100	0.9836250	
Monthly Domestic Values	8	2019	Consumption of Hydro Pumped Storage	PT	(B10)	2024-05-29 12:01:45	100	113.2611000	
Monthly Domestic Values	7	2019	Consumption of Other	NL	(B20)	2024-05-29 12:01:45	100	772.5244775	
Monthly Domestic Values	2	2019	Consumption of Hydro Pumped Storage	DE	(B10)	2024-05-29 12:01:45	100	1011.5508200	
Monthly Domestic Values	5	2019	Consumption of Fossil Gas	DE	(B04)	2024-05-29 12:01:45	100	1.3101175	
Monthly Domestic Values	11	2019	Consumption of Fossil Gas	DE	(B04)	2024-05-29 12:01:45	100	0.0189725	
Monthly Domestic Values	4	2019	Consumption of Wind Offshore	NL	(B18)	2024-05-29 12:01:45	100	0.5293675	
Monthly Domestic Values	6	2019	Consumption of Fossil Oil	IE	(B06)	2024-05-29 12:01:45	100	1.6604900	
Monthly Domestic Values	5	2019	Consumption of Hydro Water Reservoir	PT	(B12)	2024-05-29 12:01:45	100	0.7236000	
Monthly Domestic Values	8	2019	Consumption of Fossil Oil	HU	(B06)	2024-05-29 12:01:45	100	0.0108125	
Monthly Domestic Values	5	2019	Consumption of Hydro Pumped Storage	SK	(B10)	2024-05-29 12:01:45	100	18.4786000	
Monthly Domestic Values	7	2019	Consumption of Hydro Pumped Storage	DE	(B10)	2024-05-29 12:01:45	100	807.8214300	
Monthly Domestic Values	12	2019	Consumption of Hydro Pumped Storage	HR	(B10)	2024-05-29 12:01:45	100	11.0372800	
Monthly Domestic Values	10	2019	Consumption of Wind Offshore	NL	(B18)	2024-05-29 12:01:45	100	0.2510800	
Monthly Domestic Values	4	2019	Consumption of Hydro Pumped Storage	IT	(B10)	2024-05-29 12:01:45	100	202.0070000	
Monthly Domestic Values	9	2019	Consumption of Hydro Pumped Storage	AT	(B10)	2024-05-29 12:01:45	100	166.6944000	
Monthly Domestic Values	4	2019	Consumption of Hydro Pumped Storage	CZ	(B10)	2024-05-29 12:01:45	100	114.2780000	
Monthly Domestic Values	4	2019	Consumption of Fossil Gas	NL	(B04)	2024-05-29 12:01:45	100	18.7596900	
Monthly Domestic Values	8	2019	Consumption of Solar	NL	(B16)	2024-05-29 12:01:45	100	0.0186500	
Monthly Domestic Values	11	2019	Consumption of Fossil Peat	IE	(B08)	2024-05-29 12:01:45	100	0.0294400	
Monthly Domestic Values	9	2019	Consumption of Other	IE	(B20)	2024-05-29 12:01:45	100	0.4573250	
Monthly Domestic Values	12	2019	Consumption of Fossil Oil	DE	(B06)	2024-05-29 12:01:45	100	0.1913550	
Monthly Domestic Values	12	2019	Consumption of Hydro Pumped Storage	PT	(B10)	2024-05-29 12:01:45	100	199.8543000	
Monthly Domestic Values	12	2019	Consumption of Fossil Gas	PT	(B04)	2024-05-29 12:01:45	100	4.7883000	
Monthly Domestic Values	1	2019	Consumption of Hydro Run-of-river and poundage	PT	(B11)	2024-05-29 12:01:45	100	1.0705000	
Monthly Domestic Values	10	2019	Consumption of Hydro Pumped Storage	IE	(B10)	2024-05-29 12:01:45	100	45.6002250	
Monthly Domestic Values	1	2019	Consumption of Wind Onshore	NL	(B19)	2024-05-29 12:01:45	100	0.1691350	
Monthly Domestic Values	6	2019	Consumption of Fossil Oil	DE	(B06)	2024-05-29 12:01:45	100	0.1795900	
Monthly Domestic Values	7	2019	Consumption of Waste	NL	(B17)	2024-05-29 12:01:45	100	1.0680325	
Monthly Domestic Values	8	2019	Consumption of Fossil Gas	IE	(B04)	2024-05-29 12:01:45	100	1.1155900	
Monthly Domestic Values	4	2019	Consumption of Wind Offshore	BE	(B18)	2024-05-29 12:01:45	100	0.8209700	
Monthly Domestic Values	10	2019	Consumption of Wind Offshore	BE	(B18)	2024-05-29 12:01:45	100	0.4954700	
Monthly Domestic Values	5	2019	Consumption of Hydro Pumped Storage	BE	(B10)	2024-05-29 12:01:45	100	85.7311500	
Monthly Domestic Values	6	2019	Consumption of Wind Onshore	HU	(B19)	2024-05-29 12:01:45	100	0.0542875	
Monthly Domestic Values	8	2019	Consumption of Hydro Pumped Storage	BE	(B10)	2024-05-29 12:01:45	100	66.3635800	
Monthly Domestic Values	11	2019	Consumption of Fossil Hard coal	FR	(B05)	2024-05-29 12:01:45	100	0.0090000	
Monthly Domestic Values	3	2019	Consumption of Fossil Oil	HU	(B06)	2024-05-29 12:01:45	100	0.1230575	
Monthly Domestic Values	2	2019	Consumption of Hydro Pumped Storage	FR	(B10)	2024-05-29 12:01:45	100	374.4690000	
Monthly Domestic Values	3	2019	Consumption of Hydro Pumped Storage	PT	(B10)	2024-05-29 12:01:45	100	143.7786000	
Monthly Domestic Values	11	2019	Consumption of Fossil Hard coal	NL	(B05)	2024-05-29 12:01:45	100	5.5400375	
Monthly Domestic Values	1	2019	Consumption of Fossil Hard coal	PT	(B05)	2024-05-29 12:01:45	100	3.1009000	
Monthly Domestic Values	2	2019	Consumption of Fossil Hard coal	IE	(B05)	2024-05-29 12:01:45	100	0.0318100	
Monthly Domestic Values	4	2019	Consumption of Wind Onshore	GB	(B19)	2024-05-29 12:01:45	100	223.9208700	
Monthly Domestic Values	2	2019	Consumption of Hydro Pumped Storage	IE	(B10)	2024-05-29 12:01:45	100	0.6129700	
Monthly Domestic Values	7	2019	Consumption of Fossil Hard coal	PT	(B05)	2024-05-29 12:01:45	100	5.0818000	
Monthly Domestic Values	12	2019	Consumption of Wind Onshore	NL	(B19)	2024-05-29 12:01:45	100	0.1509975	
Monthly Domestic Values	4	2019	Consumption of Fossil Gas	PT	(B04)	2024-05-29 12:01:45	100	3.5457000	
Monthly Domestic Values	5	2019	Consumption of Fossil Hard coal	FR	(B05)	2024-05-29 12:01:45	100	1.1540000	
Monthly Domestic Values	1	2019	Consumption of Hydro Pumped Storage	DE	(B10)	2024-05-29 12:01:45	100	1137.9884950	
Monthly Domestic Values	9	2019	Consumption of Fossil Oil	HU	(B06)	2024-05-29 12:01:45	100	0.0293700	
Monthly Domestic Values	9	2019	Consumption of Hydro Pumped Storage	PT	(B10)	2024-05-29 12:01:45	100	178.6330000	
Monthly Domestic Values	1	2019	Consumption of Hydro Pumped Storage	IT	(B10)	2024-05-29 12:01:45	100	233.0080000	
Monthly Domestic Values	8	2019	Consumption of Fossil Peat	IE	(B08)	2024-05-29 12:01:45	100	1.2917600	
Monthly Domestic Values	12	2019	Consumption of Fossil Gas	NL	(B04)	2024-05-29 12:01:45	100	343.3934525	
Monthly Domestic Values	1	2019	Consumption of Fossil Oil	IE	(B06)	2024-05-29 12:01:45	100	0.0302750	
Monthly Domestic Values	7	2019	Consumption of Fossil Oil	IE	(B06)	2024-05-29 12:01:45	100	1.2677650	
Monthly Domestic Values	8	2019	Consumption of Other	NL	(B20)	2024-05-29 12:01:45	100	750.5333200	
Monthly Domestic Values	10	2019	Consumption of Fossil Gas	DE	(B04)	2024-05-29 12:01:45	100	0.1787300	
Monthly Domestic Values	6	2019	Consumption of Hydro Water Reservoir	PT	(B12)	2024-05-29 12:01:45	100	0.7249000	
Monthly Domestic Values	9	2019	Consumption of Hydro Pumped Storage	HR	(B10)	2024-05-29 12:01:45	100	22.1649600	
Monthly Domestic Values	8	2019	Consumption of Fossil Hard coal	IE	(B05)	2024-05-29 12:01:45	100	3.4657750	
Monthly Domestic Values	11	2019	Consumption of Fossil Gas	IE	(B04)	2024-05-29 12:01:45	100	1.7127750	
Monthly Domestic Values	7	2019	Consumption of Hydro Pumped Storage	CZ	(B10)	2024-05-29 12:01:45	100	113.3496500	
Monthly Domestic Values	7	2019	Consumption of Wind Offshore	BE	(B18)	2024-05-29 12:01:45	100	1.7846400	
Monthly Domestic Values	10	2019	Consumption of Waste	NL	(B17)	2024-05-29 12:01:45	100	0.0774800	
Monthly Domestic Values	9	2019	Consumption of Wind Onshore	HU	(B19)	2024-05-29 12:01:45	100	0.0607125	
Monthly Domestic Values	6	2019	Consumption of Hydro Pumped Storage	AT	(B10)	2024-05-29 12:01:45	100	194.9625000	
Monthly Domestic Values	2	2019	Consumption of Fossil Gas	DE	(B04)	2024-05-29 12:01:45	100	0.2966500	
Monthly Domestic Values	4	2019	Consumption of Wind Onshore	NL	(B19)	2024-05-29 12:01:45	100	0.0888225	
Monthly Domestic Values	12	2019	Consumption of Other	IE	(B20)	2024-05-29 12:01:45	100	0.4916150	
Monthly Domestic Values	2	2019	Consumption of Other	NL	(B20)	2024-05-29 12:01:45	100	665.0680350	
Monthly Domestic Values	2	2019	Consumption of Hydro Pumped Storage	SK	(B10)	2024-05-29 12:01:45	100	19.5039900	
Monthly Domestic Values	8	2019	Consumption of Hydro Pumped Storage	SK	(B10)	2024-05-29 12:01:45	100	23.8649500	
Monthly Domestic Values	9	2019	Consumption of Fossil Oil	DE	(B06)	2024-05-29 12:01:45	100	0.2222250	
Monthly Domestic Values	7	2019	Consumption of Hydro Pumped Storage	IT	(B10)	2024-05-29 12:01:45	100	115.8570000	
Monthly Domestic Values	10	2019	Consumption of Hydro Pumped Storage	FR	(B10)	2024-05-29 12:01:45	100	437.7680000	
Monthly Domestic Values	1	2019	Consumption of Wind Onshore	GB	(B19)	2024-05-29 12:01:45	100	207.2459700	
Monthly Domestic Values	5	2019	Consumption of Fossil Gas	IE	(B04)	2024-05-29 12:01:45	100	1.1870550	
Monthly Domestic Values	1	2019	Consumption of Fossil Gas	NL	(B04)	2024-05-29 12:01:45	100	12.6591750	
Monthly Domestic Values	1	2019	Consumption of Hydro Pumped Storage	CZ	(B10)	2024-05-29 12:01:45	100	134.2848600	
Monthly Domestic Values	1	2019	Consumption of Wind Offshore	BE	(B18)	2024-05-29 12:01:45	100	0.3833200	
Monthly Domestic Values	3	2019	Consumption of Fossil Hard coal	NL	(B05)	2024-05-29 12:01:45	100	9.1835125	
Monthly Domestic Values	12	2019	Consumption of Hydro Run-of-river and poundage	PT	(B11)	2024-05-29 12:01:45	100	0.8108000	
Monthly Domestic Values	4	2019	Consumption of Waste	NL	(B17)	2024-05-29 12:01:45	100	0.1379475	
Monthly Domestic Values	11	2019	Consumption of Hydro Pumped Storage	BE	(B10)	2024-05-29 12:01:45	100	100.8287600	
Monthly Domestic Values	3	2019	Consumption of Fossil Oil	DE	(B06)	2024-05-29 12:01:45	100	0.0760500	
Monthly Domestic Values	3	2019	Consumption of Wind Onshore	HU	(B19)	2024-05-29 12:01:45	100	0.0392700	
Monthly Domestic Values	12	2019	Consumption of Hydro Pumped Storage	AT	(B10)	2024-05-29 12:01:45	100	292.6123000	
Monthly Domestic Values	12	2019	Consumption of Wind Onshore	GB	(B19)	2024-05-29 12:01:45	100	269.7256350	
Monthly Domestic Values	10	2019	Consumption of Fossil Oil	IE	(B06)	2024-05-29 12:01:45	100	2.3665050	
Monthly Domestic Values	11	2019	Consumption of Other	NL	(B20)	2024-05-29 12:01:45	100	678.2223300	
Monthly Domestic Values	5	2019	Consumption of Fossil Hard coal	IE	(B05)	2024-05-29 12:01:45	100	4.4466950	
Monthly Domestic Values	4	2019	Consumption of Fossil Hard coal	PT	(B05)	2024-05-29 12:01:45	100	8.9005000	
Monthly Domestic Values	1	2019	Consumption of Other	IE	(B20)	2024-05-29 12:01:45	100	0.0039650	
Monthly Domestic Values	6	2019	Consumption of Hydro Pumped Storage	PT	(B10)	2024-05-29 12:01:45	100	102.5513000	
Monthly Domestic Values	2	2019	Consumption of Fossil Gas	IE	(B04)	2024-05-29 12:01:45	100	0.0315800	
Monthly Domestic Values	2	2019	Consumption of Hydro Pumped Storage	LT	(B10)	2024-05-29 12:01:45	100	4.7205500	
Monthly Domestic Values	2	2019	Consumption of Hydro Pumped Storage	ES	(B10)	2024-05-29 12:01:45	100	337.8460000	
Monthly Domestic Values	4	2019	Consumption of Fossil Oil	IE	(B06)	2024-05-29 12:01:45	100	2.3640450	
Monthly Domestic Values	3	2019	Consumption of Hydro Water Reservoir	PT	(B12)	2024-05-29 12:01:45	100	0.7932000	
Monthly Domestic Values	11	2019	Consumption of Solar	NL	(B16)	2024-05-29 12:01:45	100	0.1496125	
Monthly Domestic Values	5	2019	Consumption of Other	NL	(B20)	2024-05-29 12:01:45	100	697.6735950	
Monthly Domestic Values	10	2019	Consumption of Fossil Hard coal	PT	(B05)	2024-05-29 12:01:45	100	7.8391000	
Monthly Domestic Values	10	2019	Consumption of Hydro Pumped Storage	ES	(B10)	2024-05-29 12:01:45	100	178.4910000	
Monthly Domestic Values	1	2019	Consumption of Fossil Gas	PT	(B04)	2024-05-29 12:01:45	100	5.2373000	
Monthly Domestic Values	4	2019	Consumption of Hydro Pumped Storage	DE	(B10)	2024-05-29 12:01:45	100	1019.3233375	
Monthly Domestic Values	6	2019	Consumption of Fossil Oil	HU	(B06)	2024-05-29 12:01:45	100	0.0354550	
Monthly Domestic Values	12	2019	Consumption of Fossil Oil	HU	(B06)	2024-05-29 12:01:45	100	0.2159425	
Monthly Domestic Values	10	2019	Consumption of Hydro Pumped Storage	DE	(B10)	2024-05-29 12:01:45	100	1004.6561600	
Monthly Domestic Values	5	2019	Consumption of Fossil Peat	IE	(B08)	2024-05-29 12:01:45	100	1.2572600	
Monthly Domestic Values	6	2019	Consumption of Hydro Pumped Storage	HR	(B10)	2024-05-29 12:01:45	100	23.2489500	
Monthly Domestic Values	2	2019	Consumption of Wind Offshore	NL	(B18)	2024-05-29 12:01:45	100	0.5940900	
Monthly Domestic Values	10	2019	Consumption of Fossil Gas	PT	(B04)	2024-05-29 12:01:45	100	3.5394000	
Monthly Domestic Values	9	2019	Consumption of Hydro Water Reservoir	PT	(B12)	2024-05-29 12:01:45	100	0.6812000	
Monthly Domestic Values	11	2019	Consumption of Waste	NL	(B17)	2024-05-29 12:01:45	100	1.8198875	
Monthly Domestic Values	7	2019	Consumption of Wind Onshore	NL	(B19)	2024-05-29 12:01:45	100	0.2836175	
Monthly Domestic Values	10	2019	Consumption of Hydro Pumped Storage	HR	(B10)	2024-05-29 12:01:45	100	22.6602600	
Monthly Domestic Values	8	2019	Consumption of Wind Offshore	BE	(B18)	2024-05-29 12:01:45	100	1.5043700	
Monthly Domestic Values	1	2019	Consumption of Fossil Gas	DE	(B04)	2024-05-29 12:01:45	100	0.4601575	
Monthly Domestic Values	7	2019	Consumption of Hydro Pumped Storage	AT	(B10)	2024-05-29 12:01:45	100	92.3781000	
Monthly Domestic Values	8	2019	Consumption of Wind Offshore	NL	(B18)	2024-05-29 12:01:45	100	0.6542625	
Monthly Domestic Values	10	2019	Consumption of Hydro Pumped Storage	CZ	(B10)	2024-05-29 12:01:45	100	144.7942400	
Monthly Domestic Values	11	2019	Consumption of Hydro Pumped Storage	FR	(B10)	2024-05-29 12:01:45	100	537.5290000	
Monthly Domestic Values	10	2019	Consumption of Fossil Gas	NL	(B04)	2024-05-29 12:01:45	100	1043.3310375	
Monthly Domestic Values	3	2019	Consumption of Other	NL	(B20)	2024-05-29 12:01:45	100	687.9852375	
Monthly Domestic Values	7	2019	Consumption of Other	IE	(B20)	2024-05-29 12:01:45	100	0.4720400	
Monthly Domestic Values	10	2019	Consumption of Hydro Pumped Storage	IT	(B10)	2024-05-29 12:01:45	100	258.5940000	
Monthly Domestic Values	3	2019	Consumption of Hydro Pumped Storage	SK	(B10)	2024-05-29 12:01:45	100	28.9857800	
Monthly Domestic Values	11	2019	Consumption of Hydro Pumped Storage	SK	(B10)	2024-05-29 12:01:45	100	25.9117400	
Monthly Domestic Values	5	2019	Consumption of Waste	NL	(B17)	2024-05-29 12:01:45	100	1.1117075	
Monthly Domestic Values	2	2019	Consumption of Hydro Pumped Storage	CZ	(B10)	2024-05-29 12:01:45	100	78.0064000	
Monthly Domestic Values	2	2019	Consumption of Wind Offshore	BE	(B18)	2024-05-29 12:01:45	100	0.5280000	
Monthly Domestic Values	3	2019	Consumption of Hydro Run-of-river and poundage	PT	(B11)	2024-05-29 12:01:45	100	1.1771000	
Monthly Domestic Values	3	2019	Consumption of Hydro Pumped Storage	BE	(B10)	2024-05-29 12:01:45	100	106.9557600	
Monthly Domestic Values	12	2019	Consumption of Hydro Pumped Storage	BE	(B10)	2024-05-29 12:01:45	100	133.4746700	
Monthly Domestic Values	4	2019	Consumption of Fossil Oil	DE	(B06)	2024-05-29 12:01:45	100	0.0890850	
Monthly Domestic Values	6	2019	Consumption of Fossil Gas	IE	(B04)	2024-05-29 12:01:45	100	0.9406350	
Monthly Domestic Values	2	2019	Consumption of Solar	NL	(B16)	2024-05-29 12:01:45	100	0.0487125	
Monthly Domestic Values	8	2019	Consumption of Hydro Pumped Storage	IE	(B10)	2024-05-29 12:01:45	100	43.7701350	
Monthly Domestic Values	9	2019	Consumption of Hydro Run-of-river and poundage	PT	(B11)	2024-05-29 12:01:45	100	1.1157000	
Monthly Domestic Values	9	2019	Consumption of Wind Onshore	GB	(B19)	2024-05-29 12:01:45	100	183.3793150	
Monthly Domestic Values	4	2019	Consumption of Wind Onshore	HU	(B19)	2024-05-29 12:01:45	100	0.0249550	
Monthly Domestic Values	9	2019	Consumption of Fossil Hard coal	NL	(B05)	2024-05-29 12:01:45	100	15.5196125	
Monthly Domestic Values	4	2019	Consumption of Fossil Hard coal	IE	(B05)	2024-05-29 12:01:45	100	5.1429100	
Monthly Domestic Values	6	2019	Consumption of Wind Onshore	GB	(B19)	2024-05-29 12:01:45	100	134.0231850	
Monthly Domestic Values	1	2019	Consumption of Fossil Oil	HU	(B06)	2024-05-29 12:01:45	100	0.2100050	
Monthly Domestic Values	1	2019	Consumption of Hydro Pumped Storage	HR	(B10)	2024-05-29 12:01:45	100	29.3231700	
Monthly Domestic Values	7	2019	Consumption of Hydro Pumped Storage	PT	(B10)	2024-05-29 12:01:45	100	80.1923000	
Monthly Domestic Values	2	2019	Consumption of Waste	NL	(B17)	2024-05-29 12:01:45	100	0.2851575	
Monthly Domestic Values	3	2019	Consumption of Fossil Gas	IE	(B04)	2024-05-29 12:01:45	100	0.2872900	
Monthly Domestic Values	5	2019	Consumption of Hydro Pumped Storage	ES	(B10)	2024-05-29 12:01:45	100	242.0050000	
Monthly Domestic Values	4	2019	Consumption of Other	IE	(B20)	2024-05-29 12:01:45	100	0.4553150	
Monthly Domestic Values	5	2019	Consumption of Fossil Hard coal	PT	(B05)	2024-05-29 12:01:45	100	9.4394000	
Monthly Domestic Values	8	2019	Consumption of Hydro Pumped Storage	FR	(B10)	2024-05-29 12:01:45	100	473.3380000	
Monthly Domestic Values	10	2019	Consumption of Fossil Hard coal	IE	(B05)	2024-05-29 12:01:45	100	3.8832350	
Monthly Domestic Values	3	2019	Consumption of Hydro Pumped Storage	DE	(B10)	2024-05-29 12:01:45	100	1174.6326975	
Monthly Domestic Values	3	2019	Consumption of Fossil Hard coal	FR	(B05)	2024-05-29 12:01:45	100	0.9670000	
Monthly Domestic Values	6	2019	Consumption of Other	NL	(B20)	2024-05-29 12:01:45	100	692.4753625	
Monthly Domestic Values	1	2019	Consumption of Hydro Pumped Storage	PT	(B10)	2024-05-29 12:01:45	100	163.8151000	
Monthly Domestic Values	4	2019	Consumption of Fossil Gas	DE	(B04)	2024-05-29 12:01:45	100	0.9833225	
Monthly Domestic Values	11	2019	Consumption of Hydro Pumped Storage	ES	(B10)	2024-05-29 12:01:45	100	347.6750000	
Monthly Domestic Values	5	2019	Consumption of Wind Offshore	NL	(B18)	2024-05-29 12:01:45	100	0.7504375	
Monthly Domestic Values	9	2019	Consumption of Hydro Pumped Storage	DE	(B10)	2024-05-29 12:01:45	100	922.2668100	
Monthly Domestic Values	7	2019	Consumption of Hydro Pumped Storage	HR	(B10)	2024-05-29 12:01:45	100	18.1885200	
Monthly Domestic Values	7	2019	Consumption of Fossil Oil	HU	(B06)	2024-05-29 12:01:45	100	0.0326450	
Monthly Domestic Values	5	2019	Consumption of Fossil Oil	IE	(B06)	2024-05-29 12:01:45	100	2.4634500	
Monthly Domestic Values	7	2019	Consumption of Fossil Gas	NL	(B04)	2024-05-29 12:01:45	100	219.6045425	
Monthly Domestic Values	5	2019	Consumption of Solar	NL	(B16)	2024-05-29 12:01:45	100	0.0146300	
Monthly Domestic Values	10	2019	Consumption of Other	IE	(B20)	2024-05-29 12:01:45	100	0.4775100	
Monthly Domestic Values	7	2019	Consumption of Fossil Gas	PT	(B04)	2024-05-29 12:01:45	100	3.5471000	
Monthly Domestic Values	12	2019	Consumption of Hydro Water Reservoir	PT	(B12)	2024-05-29 12:01:45	100	0.6345000	
Monthly Domestic Values	11	2019	Consumption of Wind Offshore	NL	(B18)	2024-05-29 12:01:45	100	0.4499050	
Monthly Domestic Values	4	2019	Consumption of Hydro Pumped Storage	AT	(B10)	2024-05-29 12:01:45	100	136.9856000	
Monthly Domestic Values	10	2019	Consumption of Fossil Peat	IE	(B08)	2024-05-29 12:01:45	100	0.0191600	
Monthly Domestic Values	10	2019	Consumption of Fossil Gas	DK	(B04)	2024-05-29 12:01:45	100	0.1200000	
Monthly Domestic Values	10	2019	Consumption of Wind Onshore	NL	(B19)	2024-05-29 12:01:45	100	0.0910475	
Monthly Domestic Values	2	2019	Consumption of Hydro Water Reservoir	DE	(B12)	2024-05-29 12:01:45	100	0.0021450	
Monthly Domestic Values	11	2019	Consumption of Hydro Pumped Storage	IE	(B10)	2024-05-29 12:01:45	100	45.3169100	
Monthly Domestic Values	7	2019	Consumption of Nuclear	NL	(B14)	2024-05-29 12:01:45	100	1.3389075	
Monthly Domestic Values	1	2019	Consumption of Wind Onshore	IT	(B19)	2024-05-29 12:01:45	100	0.0040000	
Monthly Domestic Values	3	2019	Consumption of Wind Onshore	GB	(B19)	2024-05-29 12:01:45	100	285.8711550	
Monthly Domestic Values	7	2019	Consumption of Fossil Oil	DE	(B06)	2024-05-29 12:01:45	100	0.1985975	
Monthly Domestic Values	8	2019	Consumption of Waste	NL	(B17)	2024-05-29 12:01:45	100	1.1035650	
Monthly Domestic Values	1	2019	Consumption of Wind Onshore	HU	(B19)	2024-05-29 12:01:45	100	0.0040875	
Monthly Domestic Values	7	2019	Consumption of Wind Onshore	HU	(B19)	2024-05-29 12:01:45	100	0.0246275	
Monthly Domestic Values	10	2019	Consumption of Hydro Pumped Storage	AT	(B10)	2024-05-29 12:01:45	100	254.7259000	
Monthly Domestic Values	9	2019	Consumption of Fossil Gas	IE	(B04)	2024-05-29 12:01:45	100	0.7596250	
Monthly Domestic Values	6	2019	Consumption of Hydro Run-of-river and poundage	PT	(B11)	2024-05-29 12:01:45	100	1.3319000	
Monthly Domestic Values	6	2019	Consumption of Hydro Pumped Storage	BE	(B10)	2024-05-29 12:01:45	100	104.3705600	
Monthly Domestic Values	9	2019	Consumption of Hydro Pumped Storage	BE	(B10)	2024-05-29 12:01:45	100	72.7417600	
Monthly Domestic Values	1	2019	Consumption of Fossil Oil	DE	(B06)	2024-05-29 12:01:45	100	0.1619225	
Monthly Domestic Values	5	2019	Consumption of Wind Offshore	BE	(B18)	2024-05-29 12:01:45	100	2.2395800	
Monthly Domestic Values	4	2019	Consumption of Hydro Pumped Storage	PT	(B10)	2024-05-29 12:01:45	100	190.6787000	
Monthly Domestic Values	5	2019	Consumption of Hydro Pumped Storage	IE	(B10)	2024-05-29 12:01:45	100	20.8136800	
Monthly Domestic Values	4	2019	Consumption of Fossil Oil	HU	(B06)	2024-05-29 12:01:45	100	0.0445350	
Monthly Domestic Values	2	2019	Consumption of Fossil Hard coal	PT	(B05)	2024-05-29 12:01:45	100	6.0551000	
Monthly Domestic Values	5	2019	Consumption of Hydro Pumped Storage	FR	(B10)	2024-05-29 12:01:45	100	497.1930000	
Monthly Domestic Values	6	2019	Consumption of Fossil Hard coal	NL	(B05)	2024-05-29 12:01:45	100	8.7565375	
Monthly Domestic Values	8	2019	Consumption of Fossil Hard coal	PT	(B05)	2024-05-29 12:01:45	100	6.8649000	
Monthly Domestic Values	1	2019	Consumption of Hydro Pumped Storage	AT	(B10)	2024-05-29 12:01:45	100	213.0944000	
Monthly Domestic Values	6	2019	Consumption of Fossil Hard coal	FR	(B05)	2024-05-29 12:01:45	100	0.0070000	
Monthly Domestic Values	4	2019	Consumption of Hydro Pumped Storage	HR	(B10)	2024-05-29 12:01:45	100	4.1367200	
Monthly Domestic Values	12	2019	Consumption of Hydro Pumped Storage	DE	(B10)	2024-05-29 12:01:45	100	1158.1205325	
Monthly Domestic Values	7	2019	Consumption of Fossil Peat	IE	(B08)	2024-05-29 12:01:45	100	1.0029350	
Monthly Domestic Values	8	2019	Consumption of Hydro Pumped Storage	ES	(B10)	2024-05-29 12:01:45	100	131.3410000	
Monthly Domestic Values	8	2019	Consumption of Hydro Water Reservoir	DE	(B12)	2024-05-29 12:01:45	100	0.0000600	
Monthly Domestic Values	1	2019	Consumption of Fossil Hard coal	IE	(B05)	2024-05-29 12:01:45	100	0.0301050	
Monthly Domestic Values	12	2019	Consumption of Fossil Hard coal	NL	(B05)	2024-05-29 12:01:45	100	4.9398700	
Monthly Domestic Values	1	2019	Consumption of Hydro Water Reservoir	PT	(B12)	2024-05-29 12:01:45	100	0.6250000	
Monthly Domestic Values	9	2019	Consumption of Other	NL	(B20)	2024-05-29 12:01:45	100	618.0501700	
Monthly Domestic Values	2	2019	Consumption of Fossil Oil	IE	(B06)	2024-05-29 12:01:45	100	0.0238150	
Monthly Domestic Values	6	2019	Consumption of Hydro Pumped Storage	DE	(B10)	2024-05-29 12:01:45	100	1021.0742925	
Monthly Domestic Values	7	2019	Consumption of Fossil Gas	DE	(B04)	2024-05-29 12:01:45	100	0.2967150	
Monthly Domestic Values	7	2019	Consumption of Fossil Hard coal	IE	(B05)	2024-05-29 12:01:45	100	3.9691350	
Monthly Domestic Values	8	2019	Consumption of Hydro Pumped Storage	CZ	(B10)	2024-05-29 12:01:45	100	128.3698800	
Monthly Domestic Values	8	2019	Consumption of Fossil Gas	NL	(B04)	2024-05-29 12:01:45	100	551.8553050	
Monthly Domestic Values	3	2019	Consumption of Fossil Gas	DE	(B04)	2024-05-29 12:01:45	100	0.5281825	
Monthly Domestic Values	5	2019	Consumption of Wind Onshore	NL	(B19)	2024-05-29 12:01:45	100	0.1824775	
Monthly Domestic Values	4	2019	Consumption of Solar	NL	(B16)	2024-05-29 12:01:45	100	0.0166075	
Monthly Domestic Values	10	2019	Consumption of Wind Onshore	HU	(B19)	2024-05-29 12:01:45	100	0.0023625	
Monthly Domestic Values	11	2019	Consumption of Other	IE	(B20)	2024-05-29 12:01:45	100	0.4739100	
Monthly Domestic Values	12	2019	Consumption of Wind Offshore	NL	(B18)	2024-05-29 12:01:45	100	0.2020275	
Monthly Domestic Values	5	2019	Consumption of Hydro Pumped Storage	AT	(B10)	2024-05-29 12:01:45	100	184.2349000	
Monthly Domestic Values	8	2019	Consumption of Fossil Gas	PT	(B04)	2024-05-29 12:01:45	100	3.6354000	
Monthly Domestic Values	11	2019	Consumption of Wind Onshore	NL	(B19)	2024-05-29 12:01:45	100	0.2766375	
Monthly Domestic Values	10	2019	Consumption of Fossil Oil	DE	(B06)	2024-05-29 12:01:45	100	0.2018300	
Monthly Domestic Values	10	2019	Consumption of Solar	NL	(B16)	2024-05-29 12:01:45	100	0.0299675	
Monthly Domestic Values	1	2019	Consumption of Other	NL	(B20)	2024-05-29 12:01:45	100	701.6631900	
Monthly Domestic Values	8	2019	Consumption of Hydro Pumped Storage	IT	(B10)	2024-05-29 12:01:45	100	112.1770000	
Monthly Domestic Values	9	2019	Consumption of Hydro Pumped Storage	FR	(B10)	2024-05-29 12:01:45	100	473.3520000	
Monthly Domestic Values	2	2019	Consumption of Wind Onshore	GB	(B19)	2024-05-29 12:01:45	100	303.1572850	
Monthly Domestic Values	2	2019	Consumption of Fossil Gas	NL	(B04)	2024-05-29 12:01:45	100	11.0152550	
Monthly Domestic Values	4	2019	Consumption of Fossil Gas	IE	(B04)	2024-05-29 12:01:45	100	3.1509300	
Monthly Domestic Values	8	2019	Consumption of Nuclear	NL	(B14)	2024-05-29 12:01:45	100	0.8073600	
Monthly Domestic Values	1	2019	Consumption of Hydro Pumped Storage	BE	(B10)	2024-05-29 12:01:45	100	117.4827400	
Monthly Domestic Values	9	2019	Consumption of Hydro Pumped Storage	SK	(B10)	2024-05-29 12:01:45	100	26.0141000	
Monthly Domestic Values	5	2019	Consumption of Hydro Run-of-river and poundage	PT	(B11)	2024-05-29 12:01:45	100	1.3520000	
Monthly Domestic Values	11	2019	Consumption of Hydro Run-of-river and poundage	PT	(B11)	2024-05-29 12:01:45	100	1.2406000	
Monthly Domestic Values	2	2019	Consumption of Fossil Oil	DE	(B06)	2024-05-29 12:01:45	100	0.1612600	
Monthly Domestic Values	11	2019	Consumption of Wind Onshore	GB	(B19)	2024-05-29 12:01:45	100	175.1755150	
Monthly Domestic Values	7	2019	Consumption of Hydro Pumped Storage	BE	(B10)	2024-05-29 12:01:45	100	70.6982500	
Monthly Domestic Values	12	2019	Consumption of Hydro Pumped Storage	IE	(B10)	2024-05-29 12:01:45	100	46.4037400	
Monthly Domestic Values	12	2019	Consumption of Fossil Gas	IE	(B04)	2024-05-29 12:01:45	100	2.8632500	
Monthly Domestic Values	3	2019	Consumption of Hydro Pumped Storage	ES	(B10)	2024-05-29 12:01:45	100	372.7310000	
Monthly Domestic Values	8	2019	Consumption of Wind Onshore	GB	(B19)	2024-05-29 12:01:45	100	195.1798700	
Monthly Domestic Values	3	2019	Consumption of Fossil Hard coal	PT	(B05)	2024-05-29 12:01:45	100	8.1897000	
Monthly Domestic Values	10	2019	Consumption of Hydro Water Reservoir	FR	(B12)	2024-05-29 12:01:45	100	0.8110000	
Monthly Domestic Values	6	2019	Consumption of Hydro Pumped Storage	IE	(B10)	2024-05-29 12:01:45	100	20.7025650	
Monthly Domestic Values	11	2019	Consumption of Fossil Oil	IE	(B06)	2024-05-29 12:01:45	100	2.2422750	
Monthly Domestic Values	2	2019	Consumption of Other	IE	(B20)	2024-05-29 12:01:45	100	0.0066100	
Monthly Domestic Values	7	2019	Consumption of Fossil Hard coal	NL	(B05)	2024-05-29 12:01:45	100	10.2952800	
Monthly Domestic Values	6	2019	Consumption of Hydro Pumped Storage	FR	(B10)	2024-05-29 12:01:45	100	413.1280000	
Monthly Domestic Values	1	2019	Consumption of Fossil Gas	IE	(B04)	2024-05-29 12:01:45	100	0.0232500	
Monthly Domestic Values	2	2019	Consumption of Nuclear	NL	(B14)	2024-05-29 12:01:45	100	2.0281775	
Monthly Domestic Values	3	2019	Consumption of Wind Offshore	NL	(B18)	2024-05-29 12:01:45	100	0.5119125	
Monthly Domestic Values	9	2019	Consumption of Hydro Pumped Storage	ES	(B10)	2024-05-29 12:01:45	100	206.4250000	
Monthly Domestic Values	5	2019	Consumption of Hydro Pumped Storage	HR	(B10)	2024-05-29 12:01:45	100	3.8707200	
Monthly Domestic Values	11	2019	Consumption of Fossil Hard coal	PT	(B05)	2024-05-29 12:01:45	100	8.3157000	
Monthly Domestic Values	12	2019	Consumption of Fossil Hard coal	IE	(B05)	2024-05-29 12:01:45	100	3.1487950	
Monthly Domestic Values	4	2019	Consumption of Other	NL	(B20)	2024-05-29 12:01:45	100	687.9496475	
Monthly Domestic Values	2	2019	Consumption of Fossil Gas	PT	(B04)	2024-05-29 12:01:45	100	4.7760000	
Monthly Domestic Values	11	2019	Consumption of Hydro Pumped Storage	DE	(B10)	2024-05-29 12:01:45	100	921.9190725	
Monthly Domestic Values	4	2019	Consumption of Fossil Peat	IE	(B08)	2024-05-29 12:01:45	100	0.1534300	
Monthly Domestic Values	6	2019	Consumption of Fossil Gas	DE	(B04)	2024-05-29 12:01:45	100	0.4619150	
Monthly Domestic Values	6	2019	Consumption of Fossil Hard coal	IE	(B05)	2024-05-29 12:01:45	100	2.7307000	
Monthly Domestic Values	4	2019	Consumption of Hydro Water Reservoir	PT	(B12)	2024-05-29 12:01:45	100	0.8158000	
Monthly Domestic Values	12	2019	Consumption of Other	NL	(B20)	2024-05-29 12:01:45	100	682.9593500	
Monthly Domestic Values	9	2019	Consumption of Wind Offshore	NL	(B18)	2024-05-29 12:01:45	100	0.4218725	
Monthly Domestic Values	8	2019	Consumption of Hydro Pumped Storage	AT	(B10)	2024-05-29 12:01:45	100	58.5519000	
Monthly Domestic Values	8	2019	Consumption of Hydro Run-of-river and poundage	IE	(B11)	2024-05-29 12:01:45	100	0.2015450	
Monthly Domestic Values	6	2019	Consumption of Hydro Pumped Storage	SK	(B10)	2024-05-29 12:01:45	100	25.4744800	
Monthly Domestic Values	5	2019	Consumption of Hydro Pumped Storage	IT	(B10)	2024-05-29 12:01:45	100	170.5660000	
Monthly Domestic Values	1	2019	Consumption of Fossil Hard coal	FR	(B05)	2024-05-29 12:01:45	100	0.5440000	
Monthly Domestic Values	10	2019	Consumption of Hydro Water Reservoir	PT	(B12)	2024-05-29 12:01:45	100	0.8134000	
Monthly Domestic Values	12	2019	Consumption of Hydro Pumped Storage	FR	(B10)	2024-05-29 12:01:45	100	641.7960000	
Monthly Domestic Values	1	2019	Consumption of Fossil Hard coal	NL	(B05)	2024-05-29 12:01:45	100	2.3614600	
Monthly Domestic Values	8	2019	Consumption of Other	IE	(B20)	2024-05-29 12:01:45	100	0.4710750	
Monthly Domestic Values	8	2019	Consumption of Wind Onshore	NL	(B19)	2024-05-29 12:01:45	100	0.2384475	
Monthly Domestic Values	7	2019	Consumption of Solar	NL	(B16)	2024-05-29 12:01:45	100	0.0158650	
Monthly Domestic Values	12	2019	Consumption of Fossil Peat	IE	(B08)	2024-05-29 12:01:45	100	0.4071550	
Monthly Domestic Values	5	2019	Consumption of Hydro Pumped Storage	CZ	(B10)	2024-05-29 12:01:45	100	122.8481400	
Monthly Domestic Values	11	2019	Consumption of Fossil Gas	PT	(B04)	2024-05-29 12:01:45	100	3.3565000	
Monthly Domestic Values	5	2019	Consumption of Fossil Gas	NL	(B04)	2024-05-29 12:01:45	100	30.3615575	
Monthly Domestic Values	2	2019	Consumption of Hydro Pumped Storage	AT	(B10)	2024-05-29 12:01:45	100	132.2913000	
Monthly Domestic Values	12	2019	Consumption of Hydro Pumped Storage	SK	(B10)	2024-05-29 12:01:45	100	27.8671500	
Monthly Domestic Values	11	2019	Consumption of Hydro Pumped Storage	IT	(B10)	2024-05-29 12:01:45	100	169.6910000	
Monthly Domestic Values	2	2019	Consumption of Wind Onshore	NL	(B19)	2024-05-29 12:01:45	100	0.1496025	
Monthly Domestic Values	1	2019	Consumption of Solar	NL	(B16)	2024-05-29 12:01:45	100	0.0954225	
Monthly Domestic Values	2	2019	Consumption of Hydro Run-of-river and poundage	PT	(B11)	2024-05-29 12:01:45	100	0.9223000	
Monthly Domestic Values	11	2019	Consumption of Wind Offshore	BE	(B18)	2024-05-29 12:01:45	100	0.5257900	
Monthly Domestic Values	6	2019	Consumption of Waste	NL	(B17)	2024-05-29 12:01:45	100	4.0794250	
Monthly Domestic Values	4	2019	Consumption of Hydro Pumped Storage	BE	(B10)	2024-05-29 12:01:45	100	92.5373300	
Monthly Domestic Values	9	2019	Consumption of Hydro Pumped Storage	IE	(B10)	2024-05-29 12:01:45	100	42.9817150	
Monthly Domestic Values	3	2019	Consumption of Wind Offshore	BE	(B18)	2024-05-29 12:01:45	100	1.3779300	
Monthly Domestic Values	8	2019	Consumption of Hydro Run-of-river and poundage	PT	(B11)	2024-05-29 12:01:45	100	1.3778000	
Monthly Domestic Values	2	2019	Consumption of Fossil Oil	HU	(B06)	2024-05-29 12:01:45	100	0.1259125	
Monthly Domestic Values	5	2019	Consumption of Wind Onshore	GB	(B19)	2024-05-29 12:01:45	100	139.9844650	
Monthly Domestic Values	10	2019	Consumption of Fossil Hard coal	NL	(B05)	2024-05-29 12:01:45	100	12.4401000	
Monthly Domestic Values	3	2019	Consumption of Hydro Pumped Storage	FR	(B10)	2024-05-29 12:01:45	100	491.4760000	
Monthly Domestic Values	6	2019	Consumption of Hydro Pumped Storage	ES	(B10)	2024-05-29 12:01:45	100	82.3400000	
Monthly Domestic Values	3	2019	Consumption of Waste	NL	(B17)	2024-05-29 12:01:45	100	1.2632500	
Monthly Domestic Values	3	2019	Consumption of Hydro Pumped Storage	IE	(B10)	2024-05-29 12:01:45	100	5.5287250	
Monthly Domestic Values	5	2019	Consumption of Nuclear	NL	(B14)	2024-05-29 12:01:45	100	0.6484350	
Monthly Domestic Values	5	2019	Consumption of Other	IE	(B20)	2024-05-29 12:01:45	100	0.4756250	
Monthly Domestic Values	4	2019	Consumption of Fossil Hard coal	NL	(B05)	2024-05-29 12:01:45	100	9.8957275	
Monthly Domestic Values	10	2019	Consumption of Hydro Pumped Storage	PT	(B10)	2024-05-29 12:01:45	100	158.4607000	
Monthly Domestic Values	10	2019	Consumption of Fossil Oil	HU	(B06)	2024-05-29 12:01:45	100	0.0975175	
Monthly Domestic Values	4	2019	Consumption of Fossil Hard coal	FR	(B05)	2024-05-29 12:01:45	100	0.0580000	
Monthly Domestic Values	11	2019	Consumption of Hydro Pumped Storage	CZ	(B10)	2024-05-29 12:01:45	100	122.5721600	
Monthly Domestic Values	11	2019	Consumption of Fossil Gas	NL	(B04)	2024-05-29 12:01:45	100	782.6785500	
Monthly Domestic Values	2	2019	Consumption of Hydro Pumped Storage	IT	(B10)	2024-05-29 12:01:45	100	163.9830000	
Monthly Domestic Values	5	2019	Consumption of Fossil Gas	PT	(B04)	2024-05-29 12:01:45	100	3.7962000	
Monthly Domestic Values	12	2019	Consumption of Hydro Pumped Storage	ES	(B10)	2024-05-29 12:01:45	100	680.9100000	
Monthly Domestic Values	8	2019	Consumption of Hydro Pumped Storage	HR	(B10)	2024-05-29 12:01:45	100	6.0648200	
Monthly Domestic Values	2	2019	Consumption of Hydro Pumped Storage	HR	(B10)	2024-05-29 12:01:45	100	22.3642700	
Monthly Domestic Values	6	2019	Consumption of Wind Offshore	NL	(B18)	2024-05-29 12:01:45	100	0.8607000	
Monthly Domestic Values	2	2019	Consumption of Hydro Pumped Storage	PT	(B10)	2024-05-29 12:01:45	100	129.4533000	
Monthly Domestic Values	8	2019	Consumption of Fossil Oil	IE	(B06)	2024-05-29 12:01:45	100	1.6264300	
Monthly Domestic Values	7	2019	Consumption of Hydro Water Reservoir	PT	(B12)	2024-05-29 12:01:45	100	0.7159000	
Monthly Domestic Values	9	2019	Consumption of Fossil Gas	DE	(B04)	2024-05-29 12:01:45	100	0.1611675	
Monthly Domestic Values	9	2019	Consumption of Fossil Hard coal	IE	(B05)	2024-05-29 12:01:45	100	3.8309850	
Monthly Domestic Values	8	2019	Consumption of Hydro Pumped Storage	DE	(B10)	2024-05-29 12:01:45	100	891.4457300	
Monthly Domestic Values	10	2019	Consumption of Hydro Water Reservoir	SK	(B12)	2024-05-29 12:01:45	100	0.0000100	
