MeasureItem;Year;Month;Value;ProvidedValue;AVG_Value;FromAreaCode;ToAreaCode;MeasureTime;Direction;Flag;FromAreaMemberType;ToAreaMemberType
Physical Energy & Power Flows;2020;3;185;185;185;AL;GR;Value on 3rd Wed. at 03;Export;Harmonized;M;M
Physical Energy & Power Flows;2020;3;298;298;298;AL;ME;Value on 3rd Wed. at 03;Import;Harmonized;M;M
Physical Energy & Power Flows;2020;3;27;27;27;AL;RS;Value on 3rd Wed. at 03;Import;Harmonized;M;M
Physical Energy & Power Flows;2020;3;780;780;780;AT;CH;Value on 3rd Wed. at 03;Export;Harmonized;M;M
Physical Energy & Power Flows;2020;3;873;873;873;AT;CZ;Value on 3rd Wed. at 03;Import;Harmonized;M;M
Physical Energy & Power Flows;2020;3;1909;1909;1909;AT;DE;Value on 3rd Wed. at 03;Import;Harmonized;M;M
Physical Energy & Power Flows;2020;3;242;242;242;AT;HU;Value on 3rd Wed. at 03;Export;Harmonized;M;M
Physical Energy & Power Flows;2020;3;138;138;138;AT;IT;Value on 3rd Wed. at 03;Export;Harmonized;M;M
Physical Energy & Power Flows;2020;3;543;543;543;AT;SI;Value on 3rd Wed. at 03;Export;Harmonized;M;M
Physical Energy & Power Flows;2020;3;5;5;5;BA;HR;Value on 3rd Wed. at 03;Import;Harmonized;M;M
Physical Energy & Power Flows;2020;3;439;439;439;BA;ME;Value on 3rd Wed. at 03;Export;Harmonized;M;M
Physical Energy & Power Flows;2020;3;158;158;158;BA;RS;Value on 3rd Wed. at 03;Export;Harmonized;M;M
Physical Energy & Power Flows;2020;3;796;796;796;BE;FR;Value on 3rd Wed. at 03;Export;Harmonized;M;M
Physical Energy & Power Flows;2020;3;722;722;722;BE;GB;Value on 3rd Wed. at 03;Export;Harmonized;M;M
Physical Energy & Power Flows;2020;3;0;0;0;BE;LU;Value on 3rd Wed. at 03;Import;Harmonized;M;M
Physical Energy & Power Flows;2020;3;929;929;929;BE;NL;Value on 3rd Wed. at 03;Import;Harmonized;M;M
Physical Energy & Power Flows;2020;3;257;257;257;BG;GR;Value on 3rd Wed. at 03;Export;Harmonized;M;M
Physical Energy & Power Flows;2020;3;148;148;148;BG;MK;Value on 3rd Wed. at 03;Export;Harmonized;M;M
Physical Energy & Power Flows;2020;3;58;58;58;BG;RO;Value on 3rd Wed. at 03;Import;Harmonized;M;M
Physical Energy & Power Flows;2020;3;62;62;62;BG;RS;Value on 3rd Wed. at 03;Import;Harmonized;M;M
Physical Energy & Power Flows;2020;3;295;295;295;BG;TR;Value on 3rd Wed. at 03;Export;Harmonized;M;M
Physical Energy & Power Flows;2020;3;159;159;159;BY;LT;Value on 3rd Wed. at 03;Export;Harmonized;NaM;M
Physical Energy & Power Flows;2020;3;280;280;280;BY;UA;Value on 3rd Wed. at 03;Import;Harmonized;NaM;NaM
Physical Energy & Power Flows;2020;3;780;780;780;CH;AT;Value on 3rd Wed. at 03;Import;Harmonized;M;M
Physical Energy & Power Flows;2020;3;1963;1963;1963;CH;DE;Value on 3rd Wed. at 03;Import;Harmonized;M;M
Physical Energy & Power Flows;2020;3;2378;2378;2378;CH;FR;Value on 3rd Wed. at 03;Import;Harmonized;M;M
Physical Energy & Power Flows;2020;3;3255;3255;3255;CH;IT;Value on 3rd Wed. at 03;Export;Harmonized;M;M
Physical Energy & Power Flows;2020;3;873;873;873;CZ;AT;Value on 3rd Wed. at 03;Export;Harmonized;M;M
Physical Energy & Power Flows;2020;3;932;932;932;CZ;DE;Value on 3rd Wed. at 03;Import;Harmonized;M;M
Physical Energy & Power Flows;2020;3;935;935;935;CZ;PL;Value on 3rd Wed. at 03;Import;Harmonized;M;M
Physical Energy & Power Flows;2020;3;948;948;948;CZ;SK;Value on 3rd Wed. at 03;Export;Harmonized;M;M
Physical Energy & Power Flows;2020;3;1909;1909;1909;DE;AT;Value on 3rd Wed. at 03;Export;Harmonized;M;M
Physical Energy & Power Flows;2020;3;1963;1963;1963;DE;CH;Value on 3rd Wed. at 03;Export;Harmonized;M;M
Physical Energy & Power Flows;2020;3;932;932;932;DE;CZ;Value on 3rd Wed. at 03;Export;Harmonized;M;M
Physical Energy & Power Flows;2020;3;210;210;210;DE;DK;Value on 3rd Wed. at 03;Export;Harmonized;M;M
Physical Energy & Power Flows;2020;3;1436;1436;1436;DE;FR;Value on 3rd Wed. at 03;Import;Harmonized;M;M
Physical Energy & Power Flows;2020;3;388;388;388;DE;LU;Value on 3rd Wed. at 03;Export;Harmonized;M;M
Physical Energy & Power Flows;2020;3;1135;1135;1135;DE;NL;Value on 3rd Wed. at 03;Import;Harmonized;M;M
Physical Energy & Power Flows;2020;3;1360;1360;1360;DE;PL;Value on 3rd Wed. at 03;Export;Harmonized;M;M
Physical Energy & Power Flows;2020;3;608;608;608;DE;SE;Value on 3rd Wed. at 03;Import;Harmonized;M;M
Physical Energy & Power Flows;2020;3;210;210;210;DK;DE;Value on 3rd Wed. at 03;Import;Harmonized;M;M
Physical Energy & Power Flows;2020;3;700;700;700;DK;NL;Value on 3rd Wed. at 03;Export;Harmonized;M;M
Physical Energy & Power Flows;2020;3;881;881;881;DK;NO;Value on 3rd Wed. at 03;Export;Harmonized;M;M
Physical Energy & Power Flows;2020;3;373;373;373;DK;SE;Value on 3rd Wed. at 03;Import;Harmonized;M;M
Physical Energy & Power Flows;2020;3;852;852;852;EE;FI;Value on 3rd Wed. at 03;Import;Harmonized;M;M
Physical Energy & Power Flows;2020;3;323;323;323;EE;LV;Value on 3rd Wed. at 03;Export;Harmonized;M;M
Physical Energy & Power Flows;2020;3;213;213;213;EE;RU;Value on 3rd Wed. at 03;Export;Harmonized;M;NaM
Physical Energy & Power Flows;2020;3;2119;2119;2119;ES;FR;Value on 3rd Wed. at 03;Import;Harmonized;M;M
Physical Energy & Power Flows;2020;3;555;555;555;ES;PT;Value on 3rd Wed. at 03;Export;Harmonized;M;M
Physical Energy & Power Flows;2020;3;65;65;65;AL;GR;Value on 3rd Wed. at 11;Export;Harmonized;M;M
Physical Energy & Power Flows;2020;3;340;340;340;AL;ME;Value on 3rd Wed. at 11;Import;Harmonized;M;M
Physical Energy & Power Flows;2020;3;46;46;46;AL;RS;Value on 3rd Wed. at 11;Export;Harmonized;M;M
Physical Energy & Power Flows;2020;3;851;851;851;AT;CH;Value on 3rd Wed. at 11;Export;Harmonized;M;M
Physical Energy & Power Flows;2020;3;904;904;904;AT;CZ;Value on 3rd Wed. at 11;Import;Harmonized;M;M
Physical Energy & Power Flows;2020;3;2779;2779;2779;AT;DE;Value on 3rd Wed. at 11;Import;Harmonized;M;M
Physical Energy & Power Flows;2020;3;479;479;479;AT;HU;Value on 3rd Wed. at 11;Export;Harmonized;M;M
Physical Energy & Power Flows;2020;3;168;168;168;AT;IT;Value on 3rd Wed. at 11;Export;Harmonized;M;M
Physical Energy & Power Flows;2020;3;740;740;740;AT;SI;Value on 3rd Wed. at 11;Export;Harmonized;M;M
Physical Energy & Power Flows;2020;3;42;42;42;BA;HR;Value on 3rd Wed. at 11;Export;Harmonized;M;M
Physical Energy & Power Flows;2020;3;528;528;528;BA;ME;Value on 3rd Wed. at 11;Export;Harmonized;M;M
Physical Energy & Power Flows;2020;3;118;118;118;BA;RS;Value on 3rd Wed. at 11;Export;Harmonized;M;M
Physical Energy & Power Flows;2020;3;654;654;654;BE;FR;Value on 3rd Wed. at 11;Export;Harmonized;M;M
Physical Energy & Power Flows;2020;3;1023;1023;1023;BE;GB;Value on 3rd Wed. at 11;Export;Harmonized;M;M
Physical Energy & Power Flows;2020;3;0;0;0;BE;LU;Value on 3rd Wed. at 11;Import;Harmonized;M;M
Physical Energy & Power Flows;2020;3;304;304;304;BE;NL;Value on 3rd Wed. at 11;Import;Harmonized;M;M
Physical Energy & Power Flows;2020;3;220;220;220;BG;GR;Value on 3rd Wed. at 11;Export;Harmonized;M;M
Physical Energy & Power Flows;2020;3;179;179;179;BG;MK;Value on 3rd Wed. at 11;Export;Harmonized;M;M
Physical Energy & Power Flows;2020;3;109;109;109;BG;RO;Value on 3rd Wed. at 11;Import;Harmonized;M;M
Physical Energy & Power Flows;2020;3;7;7;7;BG;RS;Value on 3rd Wed. at 11;Export;Harmonized;M;M
Physical Energy & Power Flows;2020;3;500;500;500;BG;TR;Value on 3rd Wed. at 11;Export;Harmonized;M;M
Physical Energy & Power Flows;2020;3;185;185;185;BY;LT;Value on 3rd Wed. at 11;Export;Harmonized;NaM;M
Physical Energy & Power Flows;2020;3;390;390;390;BY;UA;Value on 3rd Wed. at 11;Import;Harmonized;NaM;NaM
Physical Energy & Power Flows;2020;3;851;851;851;CH;AT;Value on 3rd Wed. at 11;Import;Harmonized;M;M
Physical Energy & Power Flows;2020;3;1693;1693;1693;CH;DE;Value on 3rd Wed. at 11;Import;Harmonized;M;M
Physical Energy & Power Flows;2020;3;1985;1985;1985;CH;FR;Value on 3rd Wed. at 11;Import;Harmonized;M;M
Physical Energy & Power Flows;2020;3;3586;3586;3586;CH;IT;Value on 3rd Wed. at 11;Export;Harmonized;M;M
Physical Energy & Power Flows;2020;3;904;904;904;CZ;AT;Value on 3rd Wed. at 11;Export;Harmonized;M;M
Physical Energy & Power Flows;2020;3;2141;2141;2141;CZ;DE;Value on 3rd Wed. at 11;Import;Harmonized;M;M
Physical Energy & Power Flows;2020;3;146;146;146;CZ;PL;Value on 3rd Wed. at 11;Import;Harmonized;M;M
Physical Energy & Power Flows;2020;3;1433;1433;1433;CZ;SK;Value on 3rd Wed. at 11;Export;Harmonized;M;M
Physical Energy & Power Flows;2020;3;2779;2779;2779;DE;AT;Value on 3rd Wed. at 11;Export;Harmonized;M;M
Physical Energy & Power Flows;2020;3;1693;1693;1693;DE;CH;Value on 3rd Wed. at 11;Export;Harmonized;M;M
Physical Energy & Power Flows;2020;3;2141;2141;2141;DE;CZ;Value on 3rd Wed. at 11;Export;Harmonized;M;M
Physical Energy & Power Flows;2020;3;439;439;439;DE;DK;Value on 3rd Wed. at 11;Export;Harmonized;M;M
Physical Energy & Power Flows;2020;3;1134;1134;1134;DE;FR;Value on 3rd Wed. at 11;Import;Harmonized;M;M
Physical Energy & Power Flows;2020;3;511;511;511;DE;LU;Value on 3rd Wed. at 11;Export;Harmonized;M;M
Physical Energy & Power Flows;2020;3;151;151;151;DE;NL;Value on 3rd Wed. at 11;Import;Harmonized;M;M
Physical Energy & Power Flows;2020;3;1518;1518;1518;DE;PL;Value on 3rd Wed. at 11;Export;Harmonized;M;M
Physical Energy & Power Flows;2020;3;608;608;608;DE;SE;Value on 3rd Wed. at 11;Import;Harmonized;M;M
Physical Energy & Power Flows;2020;3;439;439;439;DK;DE;Value on 3rd Wed. at 11;Import;Harmonized;M;M
Physical Energy & Power Flows;2020;4;4762;4762;4762;DE;FR;Value on 3rd Wed. at 03;Import;Harmonized;M;M
Physical Energy & Power Flows;2020;4;328;328;328;DE;LU;Value on 3rd Wed. at 03;Export;Harmonized;M;M
Physical Energy & Power Flows;2020;4;267;267;267;DE;NL;Value on 3rd Wed. at 03;Import;Harmonized;M;M
Physical Energy & Power Flows;2020;4;968;968;968;DE;PL;Value on 3rd Wed. at 03;Export;Harmonized;M;M
Physical Energy & Power Flows;2020;4;607;607;607;DE;SE;Value on 3rd Wed. at 03;Import;Harmonized;M;M
Physical Energy & Power Flows;2020;4;396;396;396;DK;DE;Value on 3rd Wed. at 03;Export;Harmonized;M;M
Physical Energy & Power Flows;2020;4;700;700;700;DK;NL;Value on 3rd Wed. at 03;Export;Harmonized;M;M
Physical Energy & Power Flows;2020;4;40;40;40;DK;NO;Value on 3rd Wed. at 03;Import;Harmonized;M;M
Physical Energy & Power Flows;2020;4;327;327;327;DK;SE;Value on 3rd Wed. at 03;Export;Harmonized;M;M
Physical Energy & Power Flows;2020;4;252;252;252;EE;FI;Value on 3rd Wed. at 03;Import;Harmonized;M;M
Physical Energy & Power Flows;2020;4;2;2;2;EE;LV;Value on 3rd Wed. at 03;Import;Harmonized;M;M
Physical Energy & Power Flows;2020;4;203;203;203;EE;RU;Value on 3rd Wed. at 03;Import;Harmonized;M;NaM
Physical Energy & Power Flows;2020;4;2737;2737;2737;ES;FR;Value on 3rd Wed. at 03;Import;Harmonized;M;M
Physical Energy & Power Flows;2020;4;731;731;731;ES;PT;Value on 3rd Wed. at 03;Export;Harmonized;M;M
Physical Energy & Power Flows;2020;4;252;252;252;FI;EE;Value on 3rd Wed. at 03;Export;Harmonized;M;M
Physical Energy & Power Flows;2020;4;0;0;0;FI;NO;Value on 3rd Wed. at 03;Export;Harmonized;M;M
Physical Energy & Power Flows;2020;4;275;275;275;FI;RU;Value on 3rd Wed. at 03;Import;Harmonized;M;NaM
Physical Energy & Power Flows;2020;4;1542;1542;1542;FI;SE;Value on 3rd Wed. at 03;Import;Harmonized;M;M
Physical Energy & Power Flows;2020;4;2527;2527;2527;FR;BE;Value on 3rd Wed. at 03;Export;Harmonized;M;M
Physical Energy & Power Flows;2020;4;2755;2755;2755;FR;CH;Value on 3rd Wed. at 03;Export;Harmonized;M;M
Physical Energy & Power Flows;2020;4;4762;4762;4762;FR;DE;Value on 3rd Wed. at 03;Export;Harmonized;M;M
Physical Energy & Power Flows;2020;4;2737;2737;2737;FR;ES;Value on 3rd Wed. at 03;Export;Harmonized;M;M
Physical Energy & Power Flows;2020;4;1514;1514;1514;FR;GB;Value on 3rd Wed. at 03;Export;Harmonized;M;M
Physical Energy & Power Flows;2020;4;735;735;735;FR;IT;Value on 3rd Wed. at 03;Export;Harmonized;M;M
Physical Energy & Power Flows;2020;4;771;771;771;GB;BE;Value on 3rd Wed. at 03;Import;Harmonized;M;M
Physical Energy & Power Flows;2020;4;1514;1514;1514;GB;FR;Value on 3rd Wed. at 03;Import;Harmonized;M;M
Physical Energy & Power Flows;2020;4;463;463;463;GB;IE;Value on 3rd Wed. at 03;Export;Harmonized;M;M
Physical Energy & Power Flows;2020;4;624;624;624;GB;NL;Value on 3rd Wed. at 03;Import;Harmonized;M;M
Physical Energy & Power Flows;2020;4;192;192;192;GR;AL;Value on 3rd Wed. at 03;Import;Harmonized;M;M
Physical Energy & Power Flows;2020;4;0;0;0;GR;BG;Value on 3rd Wed. at 03;Import;Harmonized;M;M
Physical Energy & Power Flows;2020;4;503;503;503;GR;IT;Value on 3rd Wed. at 03;Import;Harmonized;M;M
Physical Energy & Power Flows;2020;4;334;334;334;GR;MK;Value on 3rd Wed. at 03;Import;Harmonized;M;M
Physical Energy & Power Flows;2020;4;158;158;158;GR;TR;Value on 3rd Wed. at 03;Import;Harmonized;M;M
Physical Energy & Power Flows;2020;4;265;265;265;HR;BA;Value on 3rd Wed. at 03;Import;Harmonized;M;M
Physical Energy & Power Flows;2020;4;274;274;274;HR;HU;Value on 3rd Wed. at 03;Import;Harmonized;M;M
Physical Energy & Power Flows;2020;4;90;90;90;HR;RS;Value on 3rd Wed. at 03;Import;Harmonized;M;M
Physical Energy & Power Flows;2020;4;80;80;80;HR;SI;Value on 3rd Wed. at 03;Export;Harmonized;M;M
Physical Energy & Power Flows;2020;4;282;282;282;HU;AT;Value on 3rd Wed. at 03;Import;Harmonized;M;M
Physical Energy & Power Flows;2020;4;274;274;274;HU;HR;Value on 3rd Wed. at 03;Export;Harmonized;M;M
Physical Energy & Power Flows;2020;4;79;79;79;HU;RO;Value on 3rd Wed. at 03;Import;Harmonized;M;M
Physical Energy & Power Flows;2020;4;139;139;139;HU;RS;Value on 3rd Wed. at 03;Import;Harmonized;M;M
Physical Energy & Power Flows;2020;4;447;447;447;HU;SK;Value on 3rd Wed. at 03;Import;Harmonized;M;M
Physical Energy & Power Flows;2020;4;58;58;58;HU;UA;Value on 3rd Wed. at 03;Import;Harmonized;M;NaM
Physical Energy & Power Flows;2020;4;463;463;463;IE;GB;Value on 3rd Wed. at 03;Import;Harmonized;M;M
Physical Energy & Power Flows;2020;4;100;100;100;IT;AT;Value on 3rd Wed. at 03;Import;Harmonized;M;M
Physical Energy & Power Flows;2020;4;153;153;153;IT;CH;Value on 3rd Wed. at 03;Export;Harmonized;M;M
Physical Energy & Power Flows;2020;4;735;735;735;IT;FR;Value on 3rd Wed. at 03;Import;Harmonized;M;M
Physical Energy & Power Flows;2020;4;503;503;503;IT;GR;Value on 3rd Wed. at 03;Export;Harmonized;M;M
Physical Energy & Power Flows;2020;4;195;195;195;IT;ME;Value on 3rd Wed. at 03;Export;Harmonized;M;M
Physical Energy & Power Flows;2020;4;65;65;65;IT;MT;Value on 3rd Wed. at 03;Export;Harmonized;M;NaM
Physical Energy & Power Flows;2020;4;483;483;483;IT;SI;Value on 3rd Wed. at 03;Import;Harmonized;M;M
Physical Energy & Power Flows;2020;4;15;15;15;LT;BY;Value on 3rd Wed. at 03;Import;Harmonized;M;NaM
Physical Energy & Power Flows;2020;4;352;352;352;LT;LV;Value on 3rd Wed. at 03;Export;Harmonized;M;M
Physical Energy & Power Flows;2020;4;84;84;84;RS;RO;Value on 3rd Wed. at 11;Export;Harmonized;M;M
Physical Energy & Power Flows;2020;4;163;163;163;RU;EE;Value on 3rd Wed. at 11;Export;Harmonized;NaM;M
Physical Energy & Power Flows;2020;4;2;2;2;RU;FI;Value on 3rd Wed. at 11;Import;Harmonized;NaM;M
Physical Energy & Power Flows;2020;4;79;79;79;RU;LT;Value on 3rd Wed. at 11;Export;Harmonized;NaM;M
Physical Energy & Power Flows;2020;4;0;0;0;RU;LV;Value on 3rd Wed. at 11;Import;Harmonized;NaM;M
Physical Energy & Power Flows;2020;4;107;107;107;RU;UA;Value on 3rd Wed. at 11;Import;Harmonized;NaM;NaM
Physical Energy & Power Flows;2020;4;606;606;606;SE;DE;Value on 3rd Wed. at 11;Export;Harmonized;M;M
Physical Energy & Power Flows;2020;4;456;456;456;SE;DK;Value on 3rd Wed. at 11;Import;Harmonized;M;M
Physical Energy & Power Flows;2020;4;1655;1655;1655;SE;FI;Value on 3rd Wed. at 11;Export;Harmonized;M;M
Physical Energy & Power Flows;2020;4;733;733;733;SE;LT;Value on 3rd Wed. at 11;Export;Harmonized;M;M
Physical Energy & Power Flows;2020;4;147;147;147;SE;NO;Value on 3rd Wed. at 11;Export;Harmonized;M;M
Physical Energy & Power Flows;2020;4;297;297;297;SE;PL;Value on 3rd Wed. at 11;Export;Harmonized;M;M
Physical Energy & Power Flows;2020;4;917;917;917;SI;AT;Value on 3rd Wed. at 11;Import;Harmonized;M;M
Physical Energy & Power Flows;2020;4;714;714;714;SI;HR;Value on 3rd Wed. at 11;Export;Harmonized;M;M
Physical Energy & Power Flows;2020;4;12;12;12;SI;IT;Value on 3rd Wed. at 11;Import;Harmonized;M;M
Physical Energy & Power Flows;2020;4;1407;1407;1407;SK;CZ;Value on 3rd Wed. at 11;Import;Harmonized;M;M
Physical Energy & Power Flows;2020;4;806;806;806;SK;HU;Value on 3rd Wed. at 11;Export;Harmonized;M;M
Physical Energy & Power Flows;2020;4;518;518;518;SK;PL;Value on 3rd Wed. at 11;Import;Harmonized;M;M
Physical Energy & Power Flows;2020;4;417;417;417;SK;UA;Value on 3rd Wed. at 11;Export;Harmonized;M;NaM
Physical Energy & Power Flows;2020;4;246;246;246;TR;BG;Value on 3rd Wed. at 11;Import;Harmonized;M;M
Physical Energy & Power Flows;2020;4;155;155;155;TR;GR;Value on 3rd Wed. at 11;Export;Harmonized;M;M
Physical Energy & Power Flows;2020;4;132;132;132;UA;BY;Value on 3rd Wed. at 11;Export;Harmonized;NaM;NaM
Physical Energy & Power Flows;2020;4;60;60;60;UA;HU;Value on 3rd Wed. at 11;Export;Harmonized;NaM;M
Physical Energy & Power Flows;2020;4;2;2;2;UA;MD;Value on 3rd Wed. at 11;Export;Harmonized;NaM;NaM
Physical Energy & Power Flows;2020;4;192;192;192;UA;PL;Value on 3rd Wed. at 11;Export;Harmonized;NaM;M
Physical Energy & Power Flows;2020;4;353;353;353;UA;RO;Value on 3rd Wed. at 11;Export;Harmonized;NaM;M
Physical Energy & Power Flows;2020;4;107;107;107;UA;RU;Value on 3rd Wed. at 11;Export;Harmonized;NaM;NaM
Physical Energy & Power Flows;2020;4;417;417;417;UA;SK;Value on 3rd Wed. at 11;Import;Harmonized;NaM;M
Physical Energy & Power Flows;2020;5;138;138;138;AL;GR;Value on 3rd Wed. at 03;Export;Harmonized;M;M
Physical Energy & Power Flows;2020;5;278;278;278;AL;ME;Value on 3rd Wed. at 03;Import;Harmonized;M;M
Physical Energy & Power Flows;2020;5;44;44;44;AL;RS;Value on 3rd Wed. at 03;Import;Harmonized;M;M
Physical Energy & Power Flows;2020;5;533;533;533;AT;CH;Value on 3rd Wed. at 03;Import;Harmonized;M;M
Physical Energy & Power Flows;2020;5;579;579;579;AT;CZ;Value on 3rd Wed. at 03;Import;Harmonized;M;M
Physical Energy & Power Flows;2020;5;419;419;419;AT;DE;Value on 3rd Wed. at 03;Export;Harmonized;M;M
Physical Energy & Power Flows;2020;5;1080;1080;1080;AT;HU;Value on 3rd Wed. at 03;Export;Harmonized;M;M
Physical Energy & Power Flows;2020;5;184;184;184;AT;IT;Value on 3rd Wed. at 03;Export;Harmonized;M;M
Physical Energy & Power Flows;2020;5;636;636;636;AT;SI;Value on 3rd Wed. at 03;Export;Harmonized;M;M
Physical Energy & Power Flows;2020;5;282;282;282;BA;HR;Value on 3rd Wed. at 03;Import;Harmonized;M;M
Physical Energy & Power Flows;2020;5;660;660;660;BA;ME;Value on 3rd Wed. at 03;Export;Harmonized;M;M
Physical Energy & Power Flows;2020;5;93;93;93;BA;RS;Value on 3rd Wed. at 03;Export;Harmonized;M;M
Physical Energy & Power Flows;2020;5;2283;2283;2283;BE;FR;Value on 3rd Wed. at 03;Import;Harmonized;M;M
Physical Energy & Power Flows;2020;5;749;749;749;BE;GB;Value on 3rd Wed. at 03;Export;Harmonized;M;M
Physical Energy & Power Flows;2020;5;0;0;0;BE;LU;Value on 3rd Wed. at 03;Import;Harmonized;M;M
Physical Energy & Power Flows;2020;5;1589;1589;1589;BE;NL;Value on 3rd Wed. at 03;Export;Harmonized;M;M
Physical Energy & Power Flows;2020;5;0;0;0;BG;GR;Value on 3rd Wed. at 03;Import;Harmonized;M;M
Physical Energy & Power Flows;2020;5;111;111;111;BG;MK;Value on 3rd Wed. at 03;Export;Harmonized;M;M
Physical Energy & Power Flows;2020;5;270;270;270;BG;RO;Value on 3rd Wed. at 03;Import;Harmonized;M;M
Physical Energy & Power Flows;2020;5;172;172;172;BG;RS;Value on 3rd Wed. at 03;Import;Harmonized;M;M
Physical Energy & Power Flows;2020;5;271;271;271;BG;TR;Value on 3rd Wed. at 03;Export;Harmonized;M;M
Physical Energy & Power Flows;2020;5;206;206;206;BY;LT;Value on 3rd Wed. at 03;Export;Harmonized;NaM;M
Physical Energy & Power Flows;2020;5;223;223;223;BY;UA;Value on 3rd Wed. at 03;Import;Harmonized;NaM;NaM
Physical Energy & Power Flows;2020;5;533;533;533;CH;AT;Value on 3rd Wed. at 03;Export;Harmonized;M;M
Physical Energy & Power Flows;2020;5;3487;3487;3487;CH;DE;Value on 3rd Wed. at 03;Export;Harmonized;M;M
Physical Energy & Power Flows;2020;5;1585;1585;1585;CH;FR;Value on 3rd Wed. at 03;Import;Harmonized;M;M
Physical Energy & Power Flows;2020;5;459;459;459;CH;IT;Value on 3rd Wed. at 03;Import;Harmonized;M;M
Physical Energy & Power Flows;2020;5;579;579;579;CZ;AT;Value on 3rd Wed. at 03;Export;Harmonized;M;M
Physical Energy & Power Flows;2020;5;1024;1024;1024;CZ;DE;Value on 3rd Wed. at 03;Export;Harmonized;M;M
Physical Energy & Power Flows;2020;5;15;15;15;AL;GR;Value on 3rd Wed. at 11;Export;Harmonized;M;M
Physical Energy & Power Flows;2020;5;347;347;347;AL;ME;Value on 3rd Wed. at 11;Import;Harmonized;M;M
Physical Energy & Power Flows;2020;5;5;5;5;AL;RS;Value on 3rd Wed. at 11;Export;Harmonized;M;M
Physical Energy & Power Flows;2020;5;372;372;372;AT;CH;Value on 3rd Wed. at 11;Import;Harmonized;M;M
Physical Energy & Power Flows;2020;5;912;912;912;AT;CZ;Value on 3rd Wed. at 11;Import;Harmonized;M;M
Physical Energy & Power Flows;2020;5;445;445;445;AT;DE;Value on 3rd Wed. at 11;Import;Harmonized;M;M
Physical Energy & Power Flows;2020;5;1699;1699;1699;AT;HU;Value on 3rd Wed. at 11;Export;Harmonized;M;M
Physical Energy & Power Flows;2020;5;47;47;47;AT;IT;Value on 3rd Wed. at 11;Export;Harmonized;M;M
Physical Energy & Power Flows;2020;5;888;888;888;AT;SI;Value on 3rd Wed. at 11;Export;Harmonized;M;M
Physical Energy & Power Flows;2020;5;356;356;356;BA;HR;Value on 3rd Wed. at 11;Import;Harmonized;M;M
Physical Energy & Power Flows;2020;5;534;534;534;BA;ME;Value on 3rd Wed. at 11;Export;Harmonized;M;M
Physical Energy & Power Flows;2020;5;180;180;180;BA;RS;Value on 3rd Wed. at 11;Export;Harmonized;M;M
Physical Energy & Power Flows;2020;5;1278;1278;1278;BE;FR;Value on 3rd Wed. at 11;Import;Harmonized;M;M
Physical Energy & Power Flows;2020;5;772;772;772;BE;GB;Value on 3rd Wed. at 11;Export;Harmonized;M;M
Physical Energy & Power Flows;2020;5;0;0;0;BE;LU;Value on 3rd Wed. at 11;Import;Harmonized;M;M
Physical Energy & Power Flows;2020;5;1583;1583;1583;BE;NL;Value on 3rd Wed. at 11;Export;Harmonized;M;M
Physical Energy & Power Flows;2020;5;0;0;0;BG;GR;Value on 3rd Wed. at 11;Import;Harmonized;M;M
Physical Energy & Power Flows;2020;5;154;154;154;BG;MK;Value on 3rd Wed. at 11;Export;Harmonized;M;M
Physical Energy & Power Flows;2020;5;482;482;482;BG;RO;Value on 3rd Wed. at 11;Import;Harmonized;M;M
Physical Energy & Power Flows;2020;5;32;32;32;BG;RS;Value on 3rd Wed. at 11;Import;Harmonized;M;M
Physical Energy & Power Flows;2020;5;439;439;439;BG;TR;Value on 3rd Wed. at 11;Export;Harmonized;M;M
Physical Energy & Power Flows;2020;5;157;157;157;BY;LT;Value on 3rd Wed. at 11;Import;Harmonized;NaM;M
Physical Energy & Power Flows;2020;6;121;121;121;AL;GR;Value on 3rd Wed. at 03;Export;Harmonized;M;M
Physical Energy & Power Flows;2020;6;376;376;376;AL;ME;Value on 3rd Wed. at 03;Import;Harmonized;M;M
Physical Energy & Power Flows;2020;6;114;114;114;AL;RS;Value on 3rd Wed. at 03;Import;Harmonized;M;M
Physical Energy & Power Flows;2020;6;424;424;424;AT;CH;Value on 3rd Wed. at 03;Import;Harmonized;M;M
Physical Energy & Power Flows;2020;6;57;57;57;AT;CZ;Value on 3rd Wed. at 03;Export;Harmonized;M;M
Physical Energy & Power Flows;2020;6;956;956;956;AT;DE;Value on 3rd Wed. at 03;Export;Harmonized;M;M
Physical Energy & Power Flows;2020;6;989;989;989;AT;HU;Value on 3rd Wed. at 03;Export;Harmonized;M;M
Physical Energy & Power Flows;2020;6;13;13;13;AT;IT;Value on 3rd Wed. at 03;Export;Harmonized;M;M
Physical Energy & Power Flows;2020;6;438;438;438;AT;SI;Value on 3rd Wed. at 03;Export;Harmonized;M;M
Physical Energy & Power Flows;2020;6;185;185;185;BA;HR;Value on 3rd Wed. at 03;Import;Harmonized;M;M
Physical Energy & Power Flows;2020;6;456;456;456;BA;ME;Value on 3rd Wed. at 03;Export;Harmonized;M;M
Physical Energy & Power Flows;2020;6;54;54;54;BA;RS;Value on 3rd Wed. at 03;Export;Harmonized;M;M
Physical Energy & Power Flows;2020;6;438;438;438;BE;FR;Value on 3rd Wed. at 03;Import;Harmonized;M;M
Physical Energy & Power Flows;2020;6;38;38;38;BE;GB;Value on 3rd Wed. at 03;Import;Harmonized;M;M
Physical Energy & Power Flows;2020;6;0;0;0;BE;LU;Value on 3rd Wed. at 03;Import;Harmonized;M;M
Physical Energy & Power Flows;2020;6;812;812;812;BE;NL;Value on 3rd Wed. at 03;Import;Harmonized;M;M
Physical Energy & Power Flows;2020;6;419;419;419;BG;GR;Value on 3rd Wed. at 03;Export;Harmonized;M;M
Physical Energy & Power Flows;2020;6;158;158;158;BG;MK;Value on 3rd Wed. at 03;Export;Harmonized;M;M
Physical Energy & Power Flows;2020;6;192;192;192;BG;RO;Value on 3rd Wed. at 03;Import;Harmonized;M;M
Physical Energy & Power Flows;2020;6;14;14;14;BG;RS;Value on 3rd Wed. at 03;Import;Harmonized;M;M
Physical Energy & Power Flows;2020;6;289;289;289;BG;TR;Value on 3rd Wed. at 03;Export;Harmonized;M;M
Physical Energy & Power Flows;2020;6;284;284;284;BY;LT;Value on 3rd Wed. at 03;Export;Harmonized;NaM;M
Physical Energy & Power Flows;2020;6;526;526;526;BY;UA;Value on 3rd Wed. at 03;Import;Harmonized;NaM;NaM
Physical Energy & Power Flows;2020;6;424;424;424;CH;AT;Value on 3rd Wed. at 03;Export;Harmonized;M;M
Physical Energy & Power Flows;2020;6;2153;2153;2153;CH;DE;Value on 3rd Wed. at 03;Export;Harmonized;M;M
Physical Energy & Power Flows;2020;6;1157;1157;1157;CH;FR;Value on 3rd Wed. at 03;Import;Harmonized;M;M
Physical Energy & Power Flows;2020;6;483;483;483;CH;IT;Value on 3rd Wed. at 03;Import;Harmonized;M;M
Physical Energy & Power Flows;2020;6;57;57;57;CZ;AT;Value on 3rd Wed. at 03;Import;Harmonized;M;M
Physical Energy & Power Flows;2020;6;734;734;734;CZ;DE;Value on 3rd Wed. at 03;Export;Harmonized;M;M
Physical Energy & Power Flows;2020;7;10;10;10;MT;IT;Value on 3rd Wed. at 03;Import;Harmonized;NaM;M
Physical Energy & Power Flows;2020;7;1656;1656;1656;NL;BE;Value on 3rd Wed. at 03;Import;Harmonized;M;M
Physical Energy & Power Flows;2020;7;3904;3904;3904;NL;DE;Value on 3rd Wed. at 03;Export;Harmonized;M;M
Physical Energy & Power Flows;2020;7;691;691;691;NL;DK;Value on 3rd Wed. at 03;Export;Harmonized;M;M
Physical Energy & Power Flows;2020;7;165;165;165;NL;GB;Value on 3rd Wed. at 03;Import;Harmonized;M;M
Physical Energy & Power Flows;2020;7;0;0;0;NL;NO;Value on 3rd Wed. at 03;Import;Harmonized;M;M
Physical Energy & Power Flows;2020;7;1161;1161;1161;NO;DK;Value on 3rd Wed. at 03;Export;Harmonized;M;M
Physical Energy & Power Flows;2020;7;62;62;62;NO;FI;Value on 3rd Wed. at 03;Export;Harmonized;M;M
Physical Energy & Power Flows;2020;7;0;0;0;NO;NL;Value on 3rd Wed. at 03;Import;Harmonized;M;M
Physical Energy & Power Flows;2020;7;2007;2007;2007;NO;SE;Value on 3rd Wed. at 03;Export;Harmonized;M;M
Physical Energy & Power Flows;2020;7;717;717;717;PL;CZ;Value on 3rd Wed. at 03;Export;Harmonized;M;M
Physical Energy & Power Flows;2020;7;1108;1108;1108;PL;DE;Value on 3rd Wed. at 03;Import;Harmonized;M;M
Physical Energy & Power Flows;2020;7;0;0;0;PL;LT;Value on 3rd Wed. at 03;Export;Harmonized;M;M
Physical Energy & Power Flows;2020;7;475;475;475;PL;SE;Value on 3rd Wed. at 03;Import;Harmonized;M;M
Physical Energy & Power Flows;2020;7;604;604;604;PL;SK;Value on 3rd Wed. at 03;Export;Harmonized;M;M
Physical Energy & Power Flows;2020;7;156;156;156;PL;UA;Value on 3rd Wed. at 03;Import;Harmonized;M;NaM
Physical Energy & Power Flows;2020;7;755;755;755;PT;ES;Value on 3rd Wed. at 03;Import;Harmonized;M;M
Physical Energy & Power Flows;2020;7;38;38;38;RO;BG;Value on 3rd Wed. at 03;Export;Harmonized;M;M
Physical Energy & Power Flows;2020;7;369;369;369;RO;HU;Value on 3rd Wed. at 03;Import;Harmonized;M;M
Physical Energy & Power Flows;2020;7;0;0;0;RO;MD;Value on 3rd Wed. at 03;Import;Harmonized;M;NaM
Physical Energy & Power Flows;2020;7;28;28;28;RO;RS;Value on 3rd Wed. at 03;Export;Harmonized;M;M
Physical Energy & Power Flows;2020;7;470;470;470;RO;UA;Value on 3rd Wed. at 03;Import;Harmonized;M;NaM
Physical Energy & Power Flows;2020;7;102;102;102;RS;AL;Value on 3rd Wed. at 03;Export;Harmonized;M;M
Physical Energy & Power Flows;2020;7;75;75;75;RS;BA;Value on 3rd Wed. at 03;Import;Harmonized;M;M
Physical Energy & Power Flows;2020;7;5;5;5;RS;BG;Value on 3rd Wed. at 03;Export;Harmonized;M;M
Physical Energy & Power Flows;2020;7;200;200;200;RS;HR;Value on 3rd Wed. at 03;Import;Harmonized;M;M
Physical Energy & Power Flows;2020;7;200;200;200;RS;HU;Value on 3rd Wed. at 03;Import;Harmonized;M;M
Physical Energy & Power Flows;2020;7;273;273;273;RS;ME;Value on 3rd Wed. at 03;Export;Harmonized;M;M
Physical Energy & Power Flows;2020;7;539;539;539;RS;MK;Value on 3rd Wed. at 03;Export;Harmonized;M;M
Physical Energy & Power Flows;2020;7;28;28;28;RS;RO;Value on 3rd Wed. at 03;Import;Harmonized;M;M
Physical Energy & Power Flows;2020;7;171;171;171;RU;EE;Value on 3rd Wed. at 03;Import;Harmonized;NaM;M
Physical Energy & Power Flows;2020;7;3;3;3;RU;FI;Value on 3rd Wed. at 03;Export;Harmonized;NaM;M
Physical Energy & Power Flows;2020;7;160;160;160;RU;LT;Value on 3rd Wed. at 03;Export;Harmonized;NaM;M
Physical Energy & Power Flows;2020;7;225;225;225;RU;LV;Value on 3rd Wed. at 03;Export;Harmonized;NaM;M
Physical Energy & Power Flows;2020;7;250;250;250;RU;UA;Value on 3rd Wed. at 03;Export;Harmonized;NaM;NaM
Physical Energy & Power Flows;2020;7;608;608;608;SE;DE;Value on 3rd Wed. at 03;Export;Harmonized;M;M
Physical Energy & Power Flows;2020;7;1653;1653;1653;SE;DK;Value on 3rd Wed. at 03;Export;Harmonized;M;M
Physical Energy & Power Flows;2020;7;2198;2198;2198;SE;FI;Value on 3rd Wed. at 03;Export;Harmonized;M;M
Physical Energy & Power Flows;2020;7;349;349;349;SE;LT;Value on 3rd Wed. at 03;Export;Harmonized;M;M
Physical Energy & Power Flows;2020;7;2007;2007;2007;SE;NO;Value on 3rd Wed. at 03;Import;Harmonized;M;M
Physical Energy & Power Flows;2020;7;475;475;475;SE;PL;Value on 3rd Wed. at 03;Export;Harmonized;M;M
Physical Energy & Power Flows;2020;7;361;361;361;SI;AT;Value on 3rd Wed. at 03;Import;Harmonized;M;M
Physical Energy & Power Flows;2020;7;700;700;700;SI;HR;Value on 3rd Wed. at 03;Export;Harmonized;M;M
Physical Energy & Power Flows;2020;7;252;252;252;SI;IT;Value on 3rd Wed. at 03;Export;Harmonized;M;M
Physical Energy & Power Flows;2020;7;787;787;787;SK;CZ;Value on 3rd Wed. at 03;Import;Harmonized;M;M
Physical Energy & Power Flows;2020;7;1078;1078;1078;SK;HU;Value on 3rd Wed. at 03;Export;Harmonized;M;M
Physical Energy & Power Flows;2020;7;604;604;604;SK;PL;Value on 3rd Wed. at 03;Import;Harmonized;M;M
Physical Energy & Power Flows;2020;7;512;512;512;SK;UA;Value on 3rd Wed. at 03;Export;Harmonized;M;NaM
Physical Energy & Power Flows;2020;7;24;24;24;TR;BG;Value on 3rd Wed. at 03;Export;Harmonized;M;M
Physical Energy & Power Flows;2020;7;356;356;356;TR;GR;Value on 3rd Wed. at 03;Export;Harmonized;M;M
Physical Energy & Power Flows;2020;7;236;236;236;UA;BY;Value on 3rd Wed. at 03;Export;Harmonized;NaM;NaM
Physical Energy & Power Flows;2020;7;40;40;40;UA;HU;Value on 3rd Wed. at 03;Export;Harmonized;NaM;M
Physical Energy & Power Flows;2020;7;9;9;9;UA;MD;Value on 3rd Wed. at 03;Import;Harmonized;NaM;NaM
Physical Energy & Power Flows;2020;7;998;998;998;EE;FI;Value on 3rd Wed. at 11;Import;Harmonized;M;M
Physical Energy & Power Flows;2020;7;436;436;436;EE;LV;Value on 3rd Wed. at 11;Export;Harmonized;M;M
Physical Energy & Power Flows;2020;7;252;252;252;EE;RU;Value on 3rd Wed. at 11;Export;Harmonized;M;NaM
Physical Energy & Power Flows;2020;7;1448;1448;1448;ES;FR;Value on 3rd Wed. at 11;Export;Harmonized;M;M
Physical Energy & Power Flows;2020;7;647;647;647;ES;PT;Value on 3rd Wed. at 11;Export;Harmonized;M;M
Physical Energy & Power Flows;2020;7;998;998;998;FI;EE;Value on 3rd Wed. at 11;Export;Harmonized;M;M
Physical Energy & Power Flows;2020;7;56;56;56;FI;NO;Value on 3rd Wed. at 11;Import;Harmonized;M;M
Physical Energy & Power Flows;2020;7;3;3;3;FI;RU;Value on 3rd Wed. at 11;Import;Harmonized;M;NaM
Physical Energy & Power Flows;2020;7;2448;2448;2448;FI;SE;Value on 3rd Wed. at 11;Import;Harmonized;M;M
Physical Energy & Power Flows;2020;7;485;485;485;FR;BE;Value on 3rd Wed. at 11;Import;Harmonized;M;M
Physical Energy & Power Flows;2020;7;1026;1026;1026;FR;CH;Value on 3rd Wed. at 11;Import;Harmonized;M;M
Physical Energy & Power Flows;2020;7;1589;1589;1589;FR;DE;Value on 3rd Wed. at 11;Export;Harmonized;M;M
Physical Energy & Power Flows;2020;7;1448;1448;1448;FR;ES;Value on 3rd Wed. at 11;Import;Harmonized;M;M
Physical Energy & Power Flows;2020;7;1408;1408;1408;FR;GB;Value on 3rd Wed. at 11;Import;Harmonized;M;M
Physical Energy & Power Flows;2020;7;511;511;511;FR;IT;Value on 3rd Wed. at 11;Export;Harmonized;M;M
Physical Energy & Power Flows;2020;7;763;763;763;GB;BE;Value on 3rd Wed. at 11;Export;Harmonized;M;M
Physical Energy & Power Flows;2020;7;1408;1408;1408;GB;FR;Value on 3rd Wed. at 11;Export;Harmonized;M;M
Physical Energy & Power Flows;2020;7;287;287;287;GB;IE;Value on 3rd Wed. at 11;Import;Harmonized;M;M
Physical Energy & Power Flows;2020;7;637;637;637;GB;NL;Value on 3rd Wed. at 11;Import;Harmonized;M;M
Physical Energy & Power Flows;2020;7;111;111;111;GR;AL;Value on 3rd Wed. at 11;Export;Harmonized;M;M
Physical Energy & Power Flows;2020;7;52;52;52;GR;BG;Value on 3rd Wed. at 11;Import;Harmonized;M;M
Physical Energy & Power Flows;2020;7;381;381;381;GR;IT;Value on 3rd Wed. at 11;Import;Harmonized;M;M
Physical Energy & Power Flows;2020;7;90;90;90;GR;MK;Value on 3rd Wed. at 11;Import;Harmonized;M;M
Physical Energy & Power Flows;2020;7;129;129;129;GR;TR;Value on 3rd Wed. at 11;Import;Harmonized;M;M
Physical Energy & Power Flows;2020;7;368;368;368;HR;BA;Value on 3rd Wed. at 11;Import;Harmonized;M;M
Physical Energy & Power Flows;2020;7;409;409;409;HR;HU;Value on 3rd Wed. at 11;Export;Harmonized;M;M
Physical Energy & Power Flows;2020;7;72;72;72;HR;RS;Value on 3rd Wed. at 11;Import;Harmonized;M;M
Physical Energy & Power Flows;2020;7;1087;1087;1087;HR;SI;Value on 3rd Wed. at 11;Import;Harmonized;M;M
Physical Energy & Power Flows;2020;7;459;459;459;HU;AT;Value on 3rd Wed. at 11;Import;Harmonized;M;M
Physical Energy & Power Flows;2020;7;409;409;409;HU;HR;Value on 3rd Wed. at 11;Import;Harmonized;M;M
Physical Energy & Power Flows;2020;7;95;95;95;HU;RO;Value on 3rd Wed. at 11;Export;Harmonized;M;M
Physical Energy & Power Flows;2020;7;57;57;57;HU;RS;Value on 3rd Wed. at 11;Import;Harmonized;M;M
Physical Energy & Power Flows;2020;7;226;226;226;HU;SK;Value on 3rd Wed. at 11;Import;Harmonized;M;M
Physical Energy & Power Flows;2020;7;22;22;22;HU;UA;Value on 3rd Wed. at 11;Import;Harmonized;M;NaM
Physical Energy & Power Flows;2020;7;287;287;287;IE;GB;Value on 3rd Wed. at 11;Export;Harmonized;M;M
Physical Energy & Power Flows;2020;7;139;139;139;IT;AT;Value on 3rd Wed. at 11;Import;Harmonized;M;M
Physical Energy & Power Flows;2020;7;914;914;914;IT;CH;Value on 3rd Wed. at 11;Import;Harmonized;M;M
Physical Energy & Power Flows;2020;7;511;511;511;IT;FR;Value on 3rd Wed. at 11;Import;Harmonized;M;M
Physical Energy & Power Flows;2020;7;381;381;381;IT;GR;Value on 3rd Wed. at 11;Export;Harmonized;M;M
Physical Energy & Power Flows;2020;7;432;432;432;IT;ME;Value on 3rd Wed. at 11;Export;Harmonized;M;M
Physical Energy & Power Flows;2020;7;64;64;64;IT;MT;Value on 3rd Wed. at 11;Export;Harmonized;M;NaM
Physical Energy & Power Flows;2020;7;725;725;725;IT;SI;Value on 3rd Wed. at 11;Export;Harmonized;M;M
Physical Energy & Power Flows;2020;7;274;274;274;LT;BY;Value on 3rd Wed. at 11;Import;Harmonized;M;NaM
Physical Energy & Power Flows;2020;7;498;498;498;LT;LV;Value on 3rd Wed. at 11;Import;Harmonized;M;M
Physical Energy & Power Flows;2020;7;486;486;486;LT;PL;Value on 3rd Wed. at 11;Export;Harmonized;M;M
Physical Energy & Power Flows;2020;7;155;155;155;LT;RU;Value on 3rd Wed. at 11;Import;Harmonized;M;NaM
Physical Energy & Power Flows;2020;7;215;215;215;LT;SE;Value on 3rd Wed. at 11;Import;Harmonized;M;M
Physical Energy & Power Flows;2020;7;0;0;0;LU;BE;Value on 3rd Wed. at 11;Import;Harmonized;M;M
Physical Energy & Power Flows;2020;7;503;503;503;LU;DE;Value on 3rd Wed. at 11;Import;Harmonized;M;M
Physical Energy & Power Flows;2020;7;436;436;436;LV;EE;Value on 3rd Wed. at 11;Import;Harmonized;M;M
Physical Energy & Power Flows;2020;7;498;498;498;LV;LT;Value on 3rd Wed. at 11;Export;Harmonized;M;M
Physical Energy & Power Flows;2020;7;191;191;191;LV;RU;Value on 3rd Wed. at 11;Import;Harmonized;M;NaM
Physical Energy & Power Flows;2020;7;0;0;0;MD;RO;Value on 3rd Wed. at 11;Import;Harmonized;NaM;M
Physical Energy & Power Flows;2020;10;782;782;782;NL;DE;Value on 3rd Wed. at 03;Import;Harmonized;M;M
Physical Energy & Power Flows;2020;10;0;0;0;NL;DK;Value on 3rd Wed. at 03;Import;Harmonized;M;M
Physical Energy & Power Flows;2020;10;608;608;608;NL;GB;Value on 3rd Wed. at 03;Export;Harmonized;M;M
Physical Energy & Power Flows;2020;10;704;704;704;NL;NO;Value on 3rd Wed. at 03;Import;Harmonized;M;M
Physical Energy & Power Flows;2020;10;0;0;0;NO;DE;Value on 3rd Wed. at 03;Import;Harmonized;M;M
Physical Energy & Power Flows;2020;10;946;946;946;NO;DK;Value on 3rd Wed. at 03;Export;Harmonized;M;M
Physical Energy & Power Flows;2020;10;22;22;22;NO;FI;Value on 3rd Wed. at 03;Export;Harmonized;M;M
Physical Energy & Power Flows;2020;10;704;704;704;NO;NL;Value on 3rd Wed. at 03;Export;Harmonized;M;M
Physical Energy & Power Flows;2020;10;3015;3015;3015;NO;SE;Value on 3rd Wed. at 03;Export;Harmonized;M;M
Physical Energy & Power Flows;2020;10;922;922;922;PL;CZ;Value on 3rd Wed. at 03;Export;Harmonized;M;M
Physical Energy & Power Flows;2020;10;1574;1574;1574;PL;DE;Value on 3rd Wed. at 03;Import;Harmonized;M;M
Physical Energy & Power Flows;2020;10;0;0;0;PL;LT;Value on 3rd Wed. at 03;Import;Harmonized;M;M
Physical Energy & Power Flows;2020;10;396;396;396;PL;SE;Value on 3rd Wed. at 03;Import;Harmonized;M;M
Physical Energy & Power Flows;2020;10;764;764;764;PL;SK;Value on 3rd Wed. at 03;Export;Harmonized;M;M
Physical Energy & Power Flows;2020;10;211;211;211;PL;UA;Value on 3rd Wed. at 03;Import;Harmonized;M;NaM
Physical Energy & Power Flows;2020;10;1218;1218;1218;PT;ES;Value on 3rd Wed. at 03;Import;Harmonized;M;M
Physical Energy & Power Flows;2020;10;136;136;136;RO;BG;Value on 3rd Wed. at 03;Import;Harmonized;M;M
Physical Energy & Power Flows;2020;10;264;264;264;RO;HU;Value on 3rd Wed. at 03;Import;Harmonized;M;M
Physical Energy & Power Flows;2020;10;0;0;0;RO;MD;Value on 3rd Wed. at 03;Import;Harmonized;M;NaM
Physical Energy & Power Flows;2020;10;84;84;84;RO;RS;Value on 3rd Wed. at 03;Import;Harmonized;M;M
Physical Energy & Power Flows;2020;10;610;610;610;RO;UA;Value on 3rd Wed. at 03;Import;Harmonized;M;NaM
Physical Energy & Power Flows;2020;10;18;18;18;RS;AL;Value on 3rd Wed. at 03;Import;Harmonized;M;M
Physical Energy & Power Flows;2020;10;130;130;130;RS;BA;Value on 3rd Wed. at 03;Import;Harmonized;M;M
Physical Energy & Power Flows;2020;10;117;117;117;RS;BG;Value on 3rd Wed. at 03;Export;Harmonized;M;M
Physical Energy & Power Flows;2020;10;182;182;182;RS;HR;Value on 3rd Wed. at 03;Import;Harmonized;M;M
Physical Energy & Power Flows;2020;10;49;49;49;RS;HU;Value on 3rd Wed. at 03;Export;Harmonized;M;M
Physical Energy & Power Flows;2020;10;72;72;72;RS;ME;Value on 3rd Wed. at 03;Import;Harmonized;M;M
Physical Energy & Power Flows;2020;10;181;181;181;RS;MK;Value on 3rd Wed. at 03;Export;Harmonized;M;M
Physical Energy & Power Flows;2020;10;84;84;84;RS;RO;Value on 3rd Wed. at 03;Export;Harmonized;M;M
Physical Energy & Power Flows;2020;10;228;228;228;RU;EE;Value on 3rd Wed. at 03;Import;Harmonized;NaM;M
Physical Energy & Power Flows;2020;10;881;881;881;RU;FI;Value on 3rd Wed. at 03;Export;Harmonized;NaM;M
Physical Energy & Power Flows;2020;10;319;319;319;RU;LT;Value on 3rd Wed. at 03;Export;Harmonized;NaM;M
Physical Energy & Power Flows;2020;10;115;115;115;RU;LV;Value on 3rd Wed. at 03;Export;Harmonized;NaM;M
Physical Energy & Power Flows;2020;10;76;76;76;RU;UA;Value on 3rd Wed. at 03;Import;Harmonized;NaM;NaM
Physical Energy & Power Flows;2020;10;494;494;494;SE;DE;Value on 3rd Wed. at 03;Export;Harmonized;M;M
Physical Energy & Power Flows;2020;10;1390;1390;1390;SE;DK;Value on 3rd Wed. at 03;Export;Harmonized;M;M
Physical Energy & Power Flows;2020;10;2431;2431;2431;SE;FI;Value on 3rd Wed. at 03;Export;Harmonized;M;M
Physical Energy & Power Flows;2020;10;552;552;552;SE;LT;Value on 3rd Wed. at 03;Export;Harmonized;M;M
Physical Energy & Power Flows;2020;10;3015;3015;3015;SE;NO;Value on 3rd Wed. at 03;Import;Harmonized;M;M
Physical Energy & Power Flows;2020;10;396;396;396;SE;PL;Value on 3rd Wed. at 03;Export;Harmonized;M;M
Physical Energy & Power Flows;2020;10;296;296;296;SI;AT;Value on 3rd Wed. at 03;Import;Harmonized;M;M
Physical Energy & Power Flows;2020;10;374;374;374;SI;HR;Value on 3rd Wed. at 03;Import;Harmonized;M;M
Physical Energy & Power Flows;2020;10;909;909;909;SI;IT;Value on 3rd Wed. at 03;Export;Harmonized;M;M
Physical Energy & Power Flows;2020;10;1046;1046;1046;SK;CZ;Value on 3rd Wed. at 03;Import;Harmonized;M;M
Physical Energy & Power Flows;2020;10;1132;1132;1132;SK;HU;Value on 3rd Wed. at 03;Export;Harmonized;M;M
Physical Energy & Power Flows;2020;10;764;764;764;SK;PL;Value on 3rd Wed. at 03;Import;Harmonized;M;M
Physical Energy & Power Flows;2020;10;675;675;675;SK;UA;Value on 3rd Wed. at 03;Export;Harmonized;M;NaM
Physical Energy & Power Flows;2020;10;116;116;116;TR;BG;Value on 3rd Wed. at 03;Export;Harmonized;M;M
Physical Energy & Power Flows;2020;10;79;79;79;TR;GR;Value on 3rd Wed. at 03;Export;Harmonized;M;M
Physical Energy & Power Flows;2020;10;164;164;164;UA;BY;Value on 3rd Wed. at 03;Export;Harmonized;NaM;NaM
Physical Energy & Power Flows;2020;10;331;331;331;UA;HU;Value on 3rd Wed. at 03;Export;Harmonized;NaM;M
Physical Energy & Power Flows;2020;10;62;62;62;UA;MD;Value on 3rd Wed. at 03;Export;Harmonized;NaM;NaM
Physical Energy & Power Flows;2020;10;211;211;211;UA;PL;Value on 3rd Wed. at 03;Export;Harmonized;NaM;M
Physical Energy & Power Flows;2020;10;60;60;60;BY;LT;Value on 3rd Wed. at 11;Export;Harmonized;NaM;M
Physical Energy & Power Flows;2020;10;61;61;61;BY;UA;Value on 3rd Wed. at 11;Import;Harmonized;NaM;NaM
Physical Energy & Power Flows;2020;10;858;858;858;CH;AT;Value on 3rd Wed. at 11;Import;Harmonized;M;M
Physical Energy & Power Flows;2020;10;772;772;772;CH;DE;Value on 3rd Wed. at 11;Import;Harmonized;M;M
Physical Energy & Power Flows;2020;10;1648;1648;1648;CH;FR;Value on 3rd Wed. at 11;Import;Harmonized;M;M
Physical Energy & Power Flows;2020;10;3147;3147;3147;CH;IT;Value on 3rd Wed. at 11;Export;Harmonized;M;M
Physical Energy & Power Flows;2020;10;636;636;636;CZ;AT;Value on 3rd Wed. at 11;Export;Harmonized;M;M
Physical Energy & Power Flows;2020;10;625;625;625;CZ;DE;Value on 3rd Wed. at 11;Import;Harmonized;M;M
Physical Energy & Power Flows;2020;10;436;436;436;CZ;PL;Value on 3rd Wed. at 11;Export;Harmonized;M;M
Physical Energy & Power Flows;2020;10;931;931;931;CZ;SK;Value on 3rd Wed. at 11;Export;Harmonized;M;M
Physical Energy & Power Flows;2020;10;1437;1437;1437;DE;AT;Value on 3rd Wed. at 11;Export;Harmonized;M;M
Physical Energy & Power Flows;2020;10;0;0;0;DE;BE;Value on 3rd Wed. at 11;Import;Harmonized;M;M
Physical Energy & Power Flows;2020;10;772;772;772;DE;CH;Value on 3rd Wed. at 11;Export;Harmonized;M;M
Physical Energy & Power Flows;2020;10;625;625;625;DE;CZ;Value on 3rd Wed. at 11;Export;Harmonized;M;M
Physical Energy & Power Flows;2020;10;1003;1003;1003;DE;DK;Value on 3rd Wed. at 11;Export;Harmonized;M;M
Physical Energy & Power Flows;2020;10;2638;2638;2638;DE;FR;Value on 3rd Wed. at 11;Import;Harmonized;M;M
Physical Energy & Power Flows;2020;10;395;395;395;DE;LU;Value on 3rd Wed. at 11;Export;Harmonized;M;M
Physical Energy & Power Flows;2020;10;553;553;553;DE;NL;Value on 3rd Wed. at 11;Export;Harmonized;M;M
Physical Energy & Power Flows;2020;10;61;61;61;DE;NO;Value on 3rd Wed. at 11;Import;Harmonized;M;M
Physical Energy & Power Flows;2020;10;1273;1273;1273;DE;PL;Value on 3rd Wed. at 11;Export;Harmonized;M;M
Physical Energy & Power Flows;2020;10;201;201;201;DE;SE;Value on 3rd Wed. at 11;Export;Harmonized;M;M
Physical Energy & Power Flows;2020;10;1003;1003;1003;DK;DE;Value on 3rd Wed. at 11;Import;Harmonized;M;M
Physical Energy & Power Flows;2020;10;0;0;0;DK;NL;Value on 3rd Wed. at 11;Export;Harmonized;M;M
Physical Energy & Power Flows;2020;10;952;952;952;DK;NO;Value on 3rd Wed. at 11;Import;Harmonized;M;M
Physical Energy & Power Flows;2020;10;471;471;471;DK;SE;Value on 3rd Wed. at 11;Import;Harmonized;M;M
Physical Energy & Power Flows;2020;10;837;837;837;EE;FI;Value on 3rd Wed. at 11;Import;Harmonized;M;M
Physical Energy & Power Flows;2020;10;241;241;241;EE;LV;Value on 3rd Wed. at 11;Export;Harmonized;M;M
Physical Energy & Power Flows;2020;10;65;65;65;EE;RU;Value on 3rd Wed. at 11;Export;Harmonized;M;NaM
Physical Energy & Power Flows;2020;10;1140;1140;1140;ES;FR;Value on 3rd Wed. at 11;Export;Harmonized;M;M
Physical Energy & Power Flows;2020;10;2914;2914;2914;ES;PT;Value on 3rd Wed. at 11;Import;Harmonized;M;M
Physical Energy & Power Flows;2020;10;837;837;837;FI;EE;Value on 3rd Wed. at 11;Export;Harmonized;M;M
Physical Energy & Power Flows;2020;10;3;3;3;FI;NO;Value on 3rd Wed. at 11;Export;Harmonized;M;M
Physical Energy & Power Flows;2020;10;135;135;135;FI;RU;Value on 3rd Wed. at 11;Import;Harmonized;M;NaM
Physical Energy & Power Flows;2020;10;2292;2292;2292;FI;SE;Value on 3rd Wed. at 11;Import;Harmonized;M;M
Physical Energy & Power Flows;2020;10;864;864;864;FR;BE;Value on 3rd Wed. at 11;Export;Harmonized;M;M
Physical Energy & Power Flows;2020;10;1648;1648;1648;FR;CH;Value on 3rd Wed. at 11;Export;Harmonized;M;M
Physical Energy & Power Flows;2020;10;2638;2638;2638;FR;DE;Value on 3rd Wed. at 11;Export;Harmonized;M;M
Physical Energy & Power Flows;2020;10;1140;1140;1140;FR;ES;Value on 3rd Wed. at 11;Import;Harmonized;M;M
Physical Energy & Power Flows;2020;10;2025;2025;2025;FR;GB;Value on 3rd Wed. at 11;Export;Harmonized;M;M
Physical Energy & Power Flows;2020;10;2568;2568;2568;FR;IT;Value on 3rd Wed. at 11;Export;Harmonized;M;M
Physical Energy & Power Flows;2020;10;1023;1023;1023;GB;BE;Value on 3rd Wed. at 11;Import;Harmonized;M;M
Physical Energy & Power Flows;2020;10;2025;2025;2025;GB;FR;Value on 3rd Wed. at 11;Import;Harmonized;M;M
Physical Energy & Power Flows;2020;10;51;51;51;GB;IE;Value on 3rd Wed. at 11;Import;Harmonized;M;M
Physical Energy & Power Flows;2020;10;1011;1011;1011;GB;NL;Value on 3rd Wed. at 11;Import;Harmonized;M;M
Physical Energy & Power Flows;2020;10;244;244;244;GR;AL;Value on 3rd Wed. at 11;Export;Harmonized;M;M
Physical Energy & Power Flows;2020;10;20;20;20;GR;BG;Value on 3rd Wed. at 11;Export;Harmonized;M;M
Physical Energy & Power Flows;2020;10;0;0;0;GR;IT;Value on 3rd Wed. at 11;Import;Harmonized;M;M
Physical Energy & Power Flows;2020;10;325;325;325;GR;MK;Value on 3rd Wed. at 11;Export;Harmonized;M;M
Physical Energy & Power Flows;2020;10;237;237;237;GR;TR;Value on 3rd Wed. at 11;Import;Harmonized;M;M
Physical Energy & Power Flows;2020;10;90;90;90;HR;BA;Value on 3rd Wed. at 11;Import;Harmonized;M;M
Physical Energy & Power Flows;2020;10;156;156;156;HR;HU;Value on 3rd Wed. at 11;Import;Harmonized;M;M
Physical Energy & Power Flows;2020;10;83;83;83;HR;RS;Value on 3rd Wed. at 11;Import;Harmonized;M;M
Physical Energy & Power Flows;2020;10;144;144;144;HR;SI;Value on 3rd Wed. at 11;Import;Harmonized;M;M
Physical Energy & Power Flows;2020;12;74;74;74;RS;HU;Value on 3rd Wed. at 03;Import;Harmonized;M;M
Physical Energy & Power Flows;2020;12;163;163;163;RS;ME;Value on 3rd Wed. at 03;Import;Harmonized;M;M
Physical Energy & Power Flows;2020;12;46;46;46;RS;MK;Value on 3rd Wed. at 03;Export;Harmonized;M;M
Physical Energy & Power Flows;2020;12;36;36;36;RS;RO;Value on 3rd Wed. at 03;Import;Harmonized;M;M
Physical Energy & Power Flows;2020;12;302;302;302;RU;EE;Value on 3rd Wed. at 03;Import;Harmonized;NaM;M
Physical Energy & Power Flows;2020;12;1021;1021;1021;RU;FI;Value on 3rd Wed. at 03;Export;Harmonized;NaM;M
Physical Energy & Power Flows;2020;12;339;339;339;RU;LT;Value on 3rd Wed. at 03;Export;Harmonized;NaM;M
Physical Energy & Power Flows;2020;12;94;94;94;RU;LV;Value on 3rd Wed. at 03;Export;Harmonized;NaM;M
Physical Energy & Power Flows;2020;12;160;160;160;RU;UA;Value on 3rd Wed. at 03;Import;Harmonized;NaM;NaM
Physical Energy & Power Flows;2020;12;607;607;607;SE;DE;Value on 3rd Wed. at 03;Export;Harmonized;M;M
Physical Energy & Power Flows;2020;12;1376;1376;1376;SE;DK;Value on 3rd Wed. at 03;Export;Harmonized;M;M
Physical Energy & Power Flows;2020;12;2054;2054;2054;SE;FI;Value on 3rd Wed. at 03;Export;Harmonized;M;M
Physical Energy & Power Flows;2020;12;392;392;392;SE;LT;Value on 3rd Wed. at 03;Export;Harmonized;M;M
Physical Energy & Power Flows;2020;12;2080;2080;2080;SE;NO;Value on 3rd Wed. at 03;Import;Harmonized;M;M
Physical Energy & Power Flows;2020;12;526;526;526;SE;PL;Value on 3rd Wed. at 03;Export;Harmonized;M;M
Physical Energy & Power Flows;2020;12;424;424;424;SI;AT;Value on 3rd Wed. at 03;Import;Harmonized;M;M
Physical Energy & Power Flows;2020;12;764;764;764;SI;HR;Value on 3rd Wed. at 03;Import;Harmonized;M;M
Physical Energy & Power Flows;2020;12;829;829;829;SI;IT;Value on 3rd Wed. at 03;Export;Harmonized;M;M
Physical Energy & Power Flows;2020;12;1489;1489;1489;SK;CZ;Value on 3rd Wed. at 03;Import;Harmonized;M;M
Physical Energy & Power Flows;2020;12;1161;1161;1161;SK;HU;Value on 3rd Wed. at 03;Export;Harmonized;M;M
Physical Energy & Power Flows;2020;12;604;604;604;SK;PL;Value on 3rd Wed. at 03;Import;Harmonized;M;M
Physical Energy & Power Flows;2020;12;386;386;386;SK;UA;Value on 3rd Wed. at 03;Export;Harmonized;M;NaM
Physical Energy & Power Flows;2020;12;177;177;177;TR;BG;Value on 3rd Wed. at 03;Export;Harmonized;M;M
Physical Energy & Power Flows;2020;12;157;157;157;TR;GR;Value on 3rd Wed. at 03;Export;Harmonized;M;M
Physical Energy & Power Flows;2020;12;58;58;58;UA;BY;Value on 3rd Wed. at 03;Import;Harmonized;NaM;NaM
Physical Energy & Power Flows;2020;12;324;324;324;UA;HU;Value on 3rd Wed. at 03;Export;Harmonized;NaM;M
Physical Energy & Power Flows;2020;12;39;39;39;UA;MD;Value on 3rd Wed. at 03;Import;Harmonized;NaM;NaM
Physical Energy & Power Flows;2020;12;212;212;212;UA;PL;Value on 3rd Wed. at 03;Export;Harmonized;NaM;M
Physical Energy & Power Flows;2020;12;409;409;409;UA;RO;Value on 3rd Wed. at 03;Export;Harmonized;NaM;M
Physical Energy & Power Flows;2020;12;160;160;160;UA;RU;Value on 3rd Wed. at 03;Export;Harmonized;NaM;NaM
Physical Energy & Power Flows;2020;12;386;386;386;UA;SK;Value on 3rd Wed. at 03;Import;Harmonized;NaM;M
Physical Energy & Power Flows;2020;12;65;65;65;NO;FI;Value on 3rd Wed. at 11;Export;Harmonized;M;M
Physical Energy & Power Flows;2020;12;706;706;706;NO;NL;Value on 3rd Wed. at 11;Export;Harmonized;M;M
Physical Energy & Power Flows;2020;12;2027;2027;2027;NO;SE;Value on 3rd Wed. at 11;Export;Harmonized;M;M
Physical Energy & Power Flows;2020;12;488;488;488;PL;CZ;Value on 3rd Wed. at 11;Export;Harmonized;M;M
Physical Energy & Power Flows;2020;12;1795;1795;1795;PL;DE;Value on 3rd Wed. at 11;Import;Harmonized;M;M
Physical Energy & Power Flows;2020;12;485;485;485;PL;LT;Value on 3rd Wed. at 11;Import;Harmonized;M;M
Physical Energy & Power Flows;2020;12;598;598;598;PL;SE;Value on 3rd Wed. at 11;Import;Harmonized;M;M
Physical Energy & Power Flows;2020;12;536;536;536;PL;SK;Value on 3rd Wed. at 11;Export;Harmonized;M;M
Physical Energy & Power Flows;2020;12;215;215;215;PL;UA;Value on 3rd Wed. at 11;Import;Harmonized;M;NaM
Physical Energy & Power Flows;2020;12;1079;1079;1079;PT;ES;Value on 3rd Wed. at 11;Export;Harmonized;M;M
Physical Energy & Power Flows;2020;12;210;210;210;RO;BG;Value on 3rd Wed. at 11;Import;Harmonized;M;M
Physical Energy & Power Flows;2020;12;210;210;210;RO;HU;Value on 3rd Wed. at 11;Import;Harmonized;M;M
Physical Energy & Power Flows;2020;12;0;0;0;RO;MD;Value on 3rd Wed. at 11;Import;Harmonized;M;NaM
Physical Energy & Power Flows;2020;12;292;292;292;RO;RS;Value on 3rd Wed. at 11;Import;Harmonized;M;M
Physical Energy & Power Flows;2020;12;330;330;330;RO;UA;Value on 3rd Wed. at 11;Import;Harmonized;M;NaM
Physical Energy & Power Flows;2020;12;208;208;208;RS;BA;Value on 3rd Wed. at 11;Import;Harmonized;M;M
Physical Energy & Power Flows;2020;12;29;29;29;RS;BG;Value on 3rd Wed. at 11;Import;Harmonized;M;M
Physical Energy & Power Flows;2020;12;12;12;12;RS;HR;Value on 3rd Wed. at 11;Export;Harmonized;M;M
Physical Energy & Power Flows;2020;12;94;94;94;RS;HU;Value on 3rd Wed. at 11;Export;Harmonized;M;M
Physical Energy & Power Flows;2020;12;109;109;109;RS;ME;Value on 3rd Wed. at 11;Import;Harmonized;M;M
Physical Energy & Power Flows;2020;12;73;73;73;RS;MK;Value on 3rd Wed. at 11;Export;Harmonized;M;M
Physical Energy & Power Flows;2020;12;292;292;292;RS;RO;Value on 3rd Wed. at 11;Export;Harmonized;M;M
Physical Energy & Power Flows;2020;12;134;134;134;RU;EE;Value on 3rd Wed. at 11;Import;Harmonized;NaM;M
Physical Energy & Power Flows;2020;12;1016;1016;1016;RU;FI;Value on 3rd Wed. at 11;Export;Harmonized;NaM;M
Physical Energy & Power Flows;2020;12;302;302;302;RU;LT;Value on 3rd Wed. at 11;Export;Harmonized;NaM;M
Physical Energy & Power Flows;2020;12;93;93;93;RU;LV;Value on 3rd Wed. at 11;Export;Harmonized;NaM;M
Physical Energy & Power Flows;2020;12;187;187;187;RU;UA;Value on 3rd Wed. at 11;Import;Harmonized;NaM;NaM
Physical Energy & Power Flows;2020;12;109;109;109;SE;DE;Value on 3rd Wed. at 11;Import;Harmonized;M;M
Physical Energy & Power Flows;2020;12;771;771;771;SE;DK;Value on 3rd Wed. at 11;Export;Harmonized;M;M
Physical Energy & Power Flows;2020;12;2472;2472;2472;SE;FI;Value on 3rd Wed. at 11;Export;Harmonized;M;M
Physical Energy & Power Flows;2020;12;733;733;733;SE;LT;Value on 3rd Wed. at 11;Export;Harmonized;M;M
Physical Energy & Power Flows;2020;12;2027;2027;2027;SE;NO;Value on 3rd Wed. at 11;Import;Harmonized;M;M
Physical Energy & Power Flows;2020;12;598;598;598;SE;PL;Value on 3rd Wed. at 11;Export;Harmonized;M;M
Physical Energy & Power Flows;2020;12;601;601;601;SI;AT;Value on 3rd Wed. at 11;Import;Harmonized;M;M
Physical Energy & Power Flows;2020;12;432;432;432;SI;HR;Value on 3rd Wed. at 11;Export;Harmonized;M;M
Physical Energy & Power Flows;2020;12;29;29;29;SI;IT;Value on 3rd Wed. at 11;Import;Harmonized;M;M
Physical Energy & Power Flows;2020;12;2061;2061;2061;SK;CZ;Value on 3rd Wed. at 11;Import;Harmonized;M;M
Physical Energy & Power Flows;2020;12;1477;1477;1477;SK;HU;Value on 3rd Wed. at 11;Export;Harmonized;M;M
Physical Energy & Power Flows;2020;12;536;536;536;SK;PL;Value on 3rd Wed. at 11;Import;Harmonized;M;M
Physical Energy & Power Flows;2020;12;564;564;564;SK;UA;Value on 3rd Wed. at 11;Export;Harmonized;M;NaM
Physical Energy & Power Flows;2020;12;135;135;135;TR;BG;Value on 3rd Wed. at 11;Export;Harmonized;M;M
Physical Energy & Power Flows;2020;12;181;181;181;TR;GR;Value on 3rd Wed. at 11;Export;Harmonized;M;M
Physical Energy & Power Flows;2020;12;176;176;176;UA;BY;Value on 3rd Wed. at 11;Import;Harmonized;NaM;NaM
Physical Energy & Power Flows;2020;12;359;359;359;UA;HU;Value on 3rd Wed. at 11;Export;Harmonized;NaM;M
Physical Energy & Power Flows;2020;12;8;8;8;UA;MD;Value on 3rd Wed. at 11;Import;Harmonized;NaM;NaM
Physical Energy & Power Flows;2020;12;215;215;215;UA;PL;Value on 3rd Wed. at 11;Export;Harmonized;NaM;M
Physical Energy & Power Flows;2020;12;330;330;330;UA;RO;Value on 3rd Wed. at 11;Export;Harmonized;NaM;M
Physical Energy & Power Flows;2020;12;187;187;187;UA;RU;Value on 3rd Wed. at 11;Export;Harmonized;NaM;NaM
Physical Energy & Power Flows;2020;12;564;564;564;UA;SK;Value on 3rd Wed. at 11;Import;Harmonized;NaM;M
Physical Energy & Power Flows;2020;3;148;148;148;MK;BG;Value on 3rd Wed. at 03;Import;Harmonized;M;M
Physical Energy & Power Flows;2020;3;494;494;494;MK;GR;Value on 3rd Wed. at 03;Export;Harmonized;M;M
Physical Energy & Power Flows;2020;3;628;628;628;MK;RS;Value on 3rd Wed. at 03;Import;Harmonized;M;M
Physical Energy & Power Flows;2020;3;56;56;56;MT;IT;Value on 3rd Wed. at 03;Import;Harmonized;NaM;M
Physical Energy & Power Flows;2020;3;929;929;929;NL;BE;Value on 3rd Wed. at 03;Export;Harmonized;M;M
Physical Energy & Power Flows;2020;3;1135;1135;1135;NL;DE;Value on 3rd Wed. at 03;Export;Harmonized;M;M
Physical Energy & Power Flows;2020;3;0;0;0;RU;LT;Monthly Value;Import;Harmonized;NaM;M
Physical Energy & Power Flows;2020;3;700;700;700;NL;DK;Value on 3rd Wed. at 03;Import;Harmonized;M;M
Physical Energy & Power Flows;2020;3;724;724;724;NL;GB;Value on 3rd Wed. at 03;Export;Harmonized;M;M
Physical Energy & Power Flows;2020;3;705;705;705;NL;NO;Value on 3rd Wed. at 03;Import;Harmonized;M;M
Physical Energy & Power Flows;2020;3;881;881;881;NO;DK;Value on 3rd Wed. at 03;Import;Harmonized;M;M
Physical Energy & Power Flows;2020;3;44;44;44;NO;FI;Value on 3rd Wed. at 03;Import;Harmonized;M;M
Physical Energy & Power Flows;2020;3;705;705;705;NO;NL;Value on 3rd Wed. at 03;Export;Harmonized;M;M
Physical Energy & Power Flows;2020;3;2083;2083;2083;NO;SE;Value on 3rd Wed. at 03;Import;Harmonized;M;M
Physical Energy & Power Flows;2020;3;935;935;935;PL;CZ;Value on 3rd Wed. at 03;Export;Harmonized;M;M
Physical Energy & Power Flows;2020;3;1360;1360;1360;PL;DE;Value on 3rd Wed. at 03;Import;Harmonized;M;M
Physical Energy & Power Flows;2020;3;250;250;250;PL;LT;Value on 3rd Wed. at 03;Export;Harmonized;M;M
Physical Energy & Power Flows;2020;3;598;598;598;PL;SE;Value on 3rd Wed. at 03;Import;Harmonized;M;M
Physical Energy & Power Flows;2020;3;631;631;631;PL;SK;Value on 3rd Wed. at 03;Export;Harmonized;M;M
Physical Energy & Power Flows;2020;3;214;214;214;PL;UA;Value on 3rd Wed. at 03;Import;Harmonized;M;NaM
Physical Energy & Power Flows;2020;3;555;555;555;PT;ES;Value on 3rd Wed. at 03;Import;Harmonized;M;M
Physical Energy & Power Flows;2020;3;58;58;58;RO;BG;Value on 3rd Wed. at 03;Export;Harmonized;M;M
Physical Energy & Power Flows;2020;3;328;328;328;RO;HU;Value on 3rd Wed. at 03;Import;Harmonized;M;M
Physical Energy & Power Flows;2020;3;0;0;0;RO;MD;Value on 3rd Wed. at 03;Import;Harmonized;M;NaM
Physical Energy & Power Flows;2020;3;20;20;20;RO;RS;Value on 3rd Wed. at 03;Export;Harmonized;M;M
Physical Energy & Power Flows;2020;3;519;519;519;RO;UA;Value on 3rd Wed. at 03;Import;Harmonized;M;NaM
Physical Energy & Power Flows;2020;3;27;27;27;RS;AL;Value on 3rd Wed. at 03;Export;Harmonized;M;M
Physical Energy & Power Flows;2020;3;158;158;158;RS;BA;Value on 3rd Wed. at 03;Import;Harmonized;M;M
Physical Energy & Power Flows;2020;3;62;62;62;RS;BG;Value on 3rd Wed. at 03;Export;Harmonized;M;M
Physical Energy & Power Flows;2020;3;86;86;86;RS;HR;Value on 3rd Wed. at 03;Import;Harmonized;M;M
Physical Energy & Power Flows;2020;3;146;146;146;RS;HU;Value on 3rd Wed. at 03;Import;Harmonized;M;M
Physical Energy & Power Flows;2020;3;0;0;0;RS;ME;Value on 3rd Wed. at 03;Export;Harmonized;M;M
Physical Energy & Power Flows;2020;3;628;628;628;RS;MK;Value on 3rd Wed. at 03;Export;Harmonized;M;M
Physical Energy & Power Flows;2020;3;20;20;20;RS;RO;Value on 3rd Wed. at 03;Import;Harmonized;M;M
Physical Energy & Power Flows;2020;3;213;213;213;RU;EE;Value on 3rd Wed. at 03;Import;Harmonized;NaM;M
Physical Energy & Power Flows;2020;3;144;144;144;RU;FI;Value on 3rd Wed. at 03;Export;Harmonized;NaM;M
Physical Energy & Power Flows;2020;3;20;20;20;RU;LT;Value on 3rd Wed. at 03;Export;Harmonized;NaM;M
Physical Energy & Power Flows;2020;3;135;135;135;RU;LV;Value on 3rd Wed. at 03;Export;Harmonized;NaM;M
Physical Energy & Power Flows;2020;3;35;35;35;RU;UA;Value on 3rd Wed. at 03;Export;Harmonized;NaM;NaM
Physical Energy & Power Flows;2020;3;608;608;608;SE;DE;Value on 3rd Wed. at 03;Export;Harmonized;M;M
Physical Energy & Power Flows;2020;3;373;373;373;SE;DK;Value on 3rd Wed. at 03;Export;Harmonized;M;M
Physical Energy & Power Flows;2020;3;1671;1671;1671;SE;FI;Value on 3rd Wed. at 03;Export;Harmonized;M;M
Physical Energy & Power Flows;2020;3;671;671;671;SE;LT;Value on 3rd Wed. at 03;Export;Harmonized;M;M
Physical Energy & Power Flows;2020;3;2083;2083;2083;SE;NO;Value on 3rd Wed. at 03;Export;Harmonized;M;M
Physical Energy & Power Flows;2020;3;598;598;598;SE;PL;Value on 3rd Wed. at 03;Export;Harmonized;M;M
Physical Energy & Power Flows;2020;3;543;543;543;SI;AT;Value on 3rd Wed. at 03;Import;Harmonized;M;M
Physical Energy & Power Flows;2020;3;216;216;216;SI;HR;Value on 3rd Wed. at 03;Import;Harmonized;M;M
Physical Energy & Power Flows;2020;3;762;762;762;SI;IT;Value on 3rd Wed. at 03;Export;Harmonized;M;M
Physical Energy & Power Flows;2020;3;948;948;948;SK;CZ;Value on 3rd Wed. at 03;Import;Harmonized;M;M
Physical Energy & Power Flows;2020;3;1156;1156;1156;SK;HU;Value on 3rd Wed. at 03;Export;Harmonized;M;M
Physical Energy & Power Flows;2020;3;631;631;631;SK;PL;Value on 3rd Wed. at 03;Import;Harmonized;M;M
Physical Energy & Power Flows;2020;3;390;390;390;SK;UA;Value on 3rd Wed. at 03;Export;Harmonized;M;NaM
Physical Energy & Power Flows;2020;3;295;295;295;TR;BG;Value on 3rd Wed. at 03;Import;Harmonized;M;M
Physical Energy & Power Flows;2020;3;202;202;202;TR;GR;Value on 3rd Wed. at 03;Export;Harmonized;M;M
Physical Energy & Power Flows;2020;3;700;700;700;DK;NL;Value on 3rd Wed. at 11;Export;Harmonized;M;M
Physical Energy & Power Flows;2020;3;894;894;894;DK;NO;Value on 3rd Wed. at 11;Import;Harmonized;M;M
Physical Energy & Power Flows;2020;3;985;985;985;DK;SE;Value on 3rd Wed. at 11;Import;Harmonized;M;M
Physical Energy & Power Flows;2020;3;656;656;656;EE;FI;Value on 3rd Wed. at 11;Import;Harmonized;M;M
Physical Energy & Power Flows;2020;3;104;104;104;EE;LV;Value on 3rd Wed. at 11;Import;Harmonized;M;M
Physical Energy & Power Flows;2020;3;40;40;40;EE;RU;Value on 3rd Wed. at 11;Export;Harmonized;M;NaM
Physical Energy & Power Flows;2020;3;2196;2196;2196;ES;FR;Value on 3rd Wed. at 11;Import;Harmonized;M;M
Physical Energy & Power Flows;2020;3;216;216;216;ES;PT;Value on 3rd Wed. at 11;Import;Harmonized;M;M
Physical Energy & Power Flows;2020;3;656;656;656;FI;EE;Value on 3rd Wed. at 11;Export;Harmonized;M;M
Physical Energy & Power Flows;2020;3;3;3;3;FI;NO;Value on 3rd Wed. at 11;Import;Harmonized;M;M
Physical Energy & Power Flows;2020;3;0;0;0;FI;RU;Value on 3rd Wed. at 11;Import;Harmonized;M;NaM
Physical Energy & Power Flows;2020;3;2360;2360;2360;FI;SE;Value on 3rd Wed. at 11;Import;Harmonized;M;M
Physical Energy & Power Flows;2020;3;654;654;654;FR;BE;Value on 3rd Wed. at 11;Import;Harmonized;M;M
Physical Energy & Power Flows;2020;3;1985;1985;1985;FR;CH;Value on 3rd Wed. at 11;Export;Harmonized;M;M
Physical Energy & Power Flows;2020;3;1134;1134;1134;FR;DE;Value on 3rd Wed. at 11;Export;Harmonized;M;M
Physical Energy & Power Flows;2020;3;2196;2196;2196;FR;ES;Value on 3rd Wed. at 11;Export;Harmonized;M;M
Physical Energy & Power Flows;2020;3;2019;2019;2019;FR;GB;Value on 3rd Wed. at 11;Export;Harmonized;M;M
Physical Energy & Power Flows;2020;3;2632;2632;2632;FR;IT;Value on 3rd Wed. at 11;Export;Harmonized;M;M
Physical Energy & Power Flows;2020;3;1023;1023;1023;GB;BE;Value on 3rd Wed. at 11;Import;Harmonized;M;M
Physical Energy & Power Flows;2020;3;2019;2019;2019;GB;FR;Value on 3rd Wed. at 11;Import;Harmonized;M;M
Physical Energy & Power Flows;2020;3;0;0;0;GB;IE;Value on 3rd Wed. at 11;Import;Harmonized;M;M
Physical Energy & Power Flows;2020;3;1085;1085;1085;GB;NL;Value on 3rd Wed. at 11;Import;Harmonized;M;M
Physical Energy & Power Flows;2020;3;65;65;65;GR;AL;Value on 3rd Wed. at 11;Import;Harmonized;M;M
Physical Energy & Power Flows;2020;3;220;220;220;GR;BG;Value on 3rd Wed. at 11;Import;Harmonized;M;M
Physical Energy & Power Flows;2020;3;193;193;193;GR;IT;Value on 3rd Wed. at 11;Import;Harmonized;M;M
Physical Energy & Power Flows;2020;3;257;257;257;GR;MK;Value on 3rd Wed. at 11;Import;Harmonized;M;M
Physical Energy & Power Flows;2020;3;5;5;5;GR;TR;Value on 3rd Wed. at 11;Import;Harmonized;M;M
Physical Energy & Power Flows;2020;3;42;42;42;HR;BA;Value on 3rd Wed. at 11;Import;Harmonized;M;M
Physical Energy & Power Flows;2020;3;490;490;490;HR;HU;Value on 3rd Wed. at 11;Import;Harmonized;M;M
Physical Energy & Power Flows;2020;3;36;36;36;HR;RS;Value on 3rd Wed. at 11;Export;Harmonized;M;M
Physical Energy & Power Flows;2020;3;322;322;322;HR;SI;Value on 3rd Wed. at 11;Import;Harmonized;M;M
Physical Energy & Power Flows;2020;3;479;479;479;HU;AT;Value on 3rd Wed. at 11;Import;Harmonized;M;M
Physical Energy & Power Flows;2020;3;490;490;490;HU;HR;Value on 3rd Wed. at 11;Export;Harmonized;M;M
Physical Energy & Power Flows;2020;3;395;395;395;HU;RO;Value on 3rd Wed. at 11;Export;Harmonized;M;M
Physical Energy & Power Flows;2020;3;87;87;87;HU;RS;Value on 3rd Wed. at 11;Export;Harmonized;M;M
Physical Energy & Power Flows;2020;3;1214;1214;1214;HU;SK;Value on 3rd Wed. at 11;Import;Harmonized;M;M
Physical Energy & Power Flows;2020;3;169;169;169;HU;UA;Value on 3rd Wed. at 11;Import;Harmonized;M;NaM
Physical Energy & Power Flows;2020;3;0;0;0;IE;GB;Value on 3rd Wed. at 11;Export;Harmonized;M;M
Physical Energy & Power Flows;2020;3;168;168;168;IT;AT;Value on 3rd Wed. at 11;Import;Harmonized;M;M
Physical Energy & Power Flows;2020;3;3586;3586;3586;IT;CH;Value on 3rd Wed. at 11;Import;Harmonized;M;M
Physical Energy & Power Flows;2020;3;2632;2632;2632;IT;FR;Value on 3rd Wed. at 11;Import;Harmonized;M;M
Physical Energy & Power Flows;2020;3;193;193;193;IT;GR;Value on 3rd Wed. at 11;Export;Harmonized;M;M
Physical Energy & Power Flows;2020;3;126;126;126;IT;ME;Value on 3rd Wed. at 11;Import;Harmonized;M;M
Physical Energy & Power Flows;2020;3;105;105;105;IT;MT;Value on 3rd Wed. at 11;Export;Harmonized;M;NaM
Physical Energy & Power Flows;2020;3;32;32;32;IT;SI;Value on 3rd Wed. at 11;Import;Harmonized;M;M
Physical Energy & Power Flows;2020;3;185;185;185;LT;BY;Value on 3rd Wed. at 11;Import;Harmonized;M;NaM
Physical Energy & Power Flows;2020;3;103;103;103;LT;LV;Value on 3rd Wed. at 11;Import;Harmonized;M;M
Physical Energy & Power Flows;2020;3;434;434;434;LT;PL;Value on 3rd Wed. at 11;Export;Harmonized;M;M
Physical Energy & Power Flows;2020;3;275;275;275;LT;RU;Value on 3rd Wed. at 11;Import;Harmonized;M;NaM
Physical Energy & Power Flows;2020;3;733;733;733;LT;SE;Value on 3rd Wed. at 11;Import;Harmonized;M;M
Physical Energy & Power Flows;2020;3;0;0;0;LU;BE;Value on 3rd Wed. at 11;Export;Harmonized;M;M
Physical Energy & Power Flows;2020;3;511;511;511;LU;DE;Value on 3rd Wed. at 11;Import;Harmonized;M;M
Physical Energy & Power Flows;2020;3;104;104;104;LV;EE;Value on 3rd Wed. at 11;Export;Harmonized;M;M
Physical Energy & Power Flows;2020;4;97;97;97;HR;BA;Value on 3rd Wed. at 11;Export;Harmonized;M;M
Physical Energy & Power Flows;2020;4;327;327;327;SE;DK;Value on 3rd Wed. at 03;Import;Harmonized;M;M
Physical Energy & Power Flows;2020;4;1542;1542;1542;SE;FI;Value on 3rd Wed. at 03;Export;Harmonized;M;M
Physical Energy & Power Flows;2020;4;733;733;733;SE;LT;Value on 3rd Wed. at 03;Export;Harmonized;M;M
Physical Energy & Power Flows;2020;4;2075;2075;2075;SE;NO;Value on 3rd Wed. at 03;Export;Harmonized;M;M
Physical Energy & Power Flows;2020;4;417;417;417;SE;PL;Value on 3rd Wed. at 03;Export;Harmonized;M;M
Physical Energy & Power Flows;2020;4;469;469;469;SI;AT;Value on 3rd Wed. at 03;Import;Harmonized;M;M
Physical Energy & Power Flows;2020;4;80;80;80;SI;HR;Value on 3rd Wed. at 03;Import;Harmonized;M;M
Physical Energy & Power Flows;2020;4;483;483;483;SI;IT;Value on 3rd Wed. at 03;Export;Harmonized;M;M
Physical Energy & Power Flows;2020;4;412;412;412;SK;CZ;Value on 3rd Wed. at 03;Import;Harmonized;M;M
Physical Energy & Power Flows;2020;4;447;447;447;SK;HU;Value on 3rd Wed. at 03;Export;Harmonized;M;M
Physical Energy & Power Flows;2020;4;340;340;340;SK;PL;Value on 3rd Wed. at 03;Import;Harmonized;M;M
Physical Energy & Power Flows;2020;4;187;187;187;SK;UA;Value on 3rd Wed. at 03;Export;Harmonized;M;NaM
Physical Energy & Power Flows;2020;4;156;156;156;TR;BG;Value on 3rd Wed. at 03;Import;Harmonized;M;M
Physical Energy & Power Flows;2020;4;158;158;158;TR;GR;Value on 3rd Wed. at 03;Export;Harmonized;M;M
Physical Energy & Power Flows;2020;4;128;128;128;UA;BY;Value on 3rd Wed. at 03;Export;Harmonized;NaM;NaM
Physical Energy & Power Flows;2020;4;58;58;58;UA;HU;Value on 3rd Wed. at 03;Export;Harmonized;NaM;M
Physical Energy & Power Flows;2020;4;25;25;25;UA;MD;Value on 3rd Wed. at 03;Export;Harmonized;NaM;NaM
Physical Energy & Power Flows;2020;4;91;91;91;UA;PL;Value on 3rd Wed. at 03;Export;Harmonized;NaM;M
Physical Energy & Power Flows;2020;4;17;17;17;UA;RO;Value on 3rd Wed. at 03;Export;Harmonized;NaM;M
Physical Energy & Power Flows;2020;4;14;14;14;UA;RU;Value on 3rd Wed. at 03;Export;Harmonized;NaM;NaM
Physical Energy & Power Flows;2020;4;187;187;187;UA;SK;Value on 3rd Wed. at 03;Import;Harmonized;NaM;M
Physical Energy & Power Flows;2020;4;1915;1915;1915;CZ;DE;Value on 3rd Wed. at 11;Import;Harmonized;M;M
Physical Energy & Power Flows;2020;4;771;771;771;CZ;PL;Value on 3rd Wed. at 11;Import;Harmonized;M;M
Physical Energy & Power Flows;2020;4;1407;1407;1407;CZ;SK;Value on 3rd Wed. at 11;Export;Harmonized;M;M
Physical Energy & Power Flows;2020;4;2229;2229;2229;DE;AT;Value on 3rd Wed. at 11;Export;Harmonized;M;M
Physical Energy & Power Flows;2020;4;72;72;72;DE;CH;Value on 3rd Wed. at 11;Import;Harmonized;M;M
Physical Energy & Power Flows;2020;4;1915;1915;1915;DE;CZ;Value on 3rd Wed. at 11;Export;Harmonized;M;M
Physical Energy & Power Flows;2020;4;187;187;187;DE;DK;Value on 3rd Wed. at 11;Export;Harmonized;M;M
Physical Energy & Power Flows;2020;4;1653;1653;1653;DE;FR;Value on 3rd Wed. at 11;Import;Harmonized;M;M
Physical Energy & Power Flows;2020;4;380;380;380;DE;LU;Value on 3rd Wed. at 11;Export;Harmonized;M;M
Physical Energy & Power Flows;2020;4;768;768;768;DE;NL;Value on 3rd Wed. at 11;Export;Harmonized;M;M
Physical Energy & Power Flows;2020;4;1425;1425;1425;DE;PL;Value on 3rd Wed. at 11;Export;Harmonized;M;M
Physical Energy & Power Flows;2020;4;606;606;606;DE;SE;Value on 3rd Wed. at 11;Import;Harmonized;M;M
Physical Energy & Power Flows;2020;4;187;187;187;DK;DE;Value on 3rd Wed. at 11;Import;Harmonized;M;M
Physical Energy & Power Flows;2020;4;700;700;700;DK;NL;Value on 3rd Wed. at 11;Export;Harmonized;M;M
Physical Energy & Power Flows;2020;4;1075;1075;1075;DK;NO;Value on 3rd Wed. at 11;Import;Harmonized;M;M
Physical Energy & Power Flows;2020;4;456;456;456;DK;SE;Value on 3rd Wed. at 11;Export;Harmonized;M;M
Physical Energy & Power Flows;2020;4;363;363;363;EE;FI;Value on 3rd Wed. at 11;Import;Harmonized;M;M
Physical Energy & Power Flows;2020;4;118;118;118;EE;LV;Value on 3rd Wed. at 11;Import;Harmonized;M;M
Physical Energy & Power Flows;2020;4;163;163;163;EE;RU;Value on 3rd Wed. at 11;Import;Harmonized;M;NaM
Physical Energy & Power Flows;2020;4;2742;2742;2742;ES;FR;Value on 3rd Wed. at 11;Import;Harmonized;M;M
Physical Energy & Power Flows;2020;4;1470;1470;1470;ES;PT;Value on 3rd Wed. at 11;Export;Harmonized;M;M
Physical Energy & Power Flows;2020;4;363;363;363;FI;EE;Value on 3rd Wed. at 11;Export;Harmonized;M;M
Physical Energy & Power Flows;2020;4;0;0;0;FI;NO;Value on 3rd Wed. at 11;Export;Harmonized;M;M
Physical Energy & Power Flows;2020;4;2;2;2;FI;RU;Value on 3rd Wed. at 11;Export;Harmonized;M;NaM
Physical Energy & Power Flows;2020;4;1655;1655;1655;FI;SE;Value on 3rd Wed. at 11;Import;Harmonized;M;M
Physical Energy & Power Flows;2020;4;1327;1327;1327;FR;BE;Value on 3rd Wed. at 11;Export;Harmonized;M;M
Physical Energy & Power Flows;2020;4;380;380;380;FR;CH;Value on 3rd Wed. at 11;Export;Harmonized;M;M
Physical Energy & Power Flows;2020;4;1653;1653;1653;FR;DE;Value on 3rd Wed. at 11;Export;Harmonized;M;M
Physical Energy & Power Flows;2020;4;2742;2742;2742;FR;ES;Value on 3rd Wed. at 11;Export;Harmonized;M;M
Physical Energy & Power Flows;2020;4;1817;1817;1817;FR;GB;Value on 3rd Wed. at 11;Export;Harmonized;M;M
Physical Energy & Power Flows;2020;4;203;203;203;FR;IT;Value on 3rd Wed. at 11;Export;Harmonized;M;M
Physical Energy & Power Flows;2020;4;923;923;923;GB;BE;Value on 3rd Wed. at 11;Import;Harmonized;M;M
Physical Energy & Power Flows;2020;4;1817;1817;1817;GB;FR;Value on 3rd Wed. at 11;Import;Harmonized;M;M
Physical Energy & Power Flows;2020;4;485;485;485;GB;IE;Value on 3rd Wed. at 11;Export;Harmonized;M;M
Physical Energy & Power Flows;2020;4;925;925;925;GB;NL;Value on 3rd Wed. at 11;Import;Harmonized;M;M
Physical Energy & Power Flows;2020;4;28;28;28;GR;AL;Value on 3rd Wed. at 11;Import;Harmonized;M;M
Physical Energy & Power Flows;2020;4;0;0;0;GR;BG;Value on 3rd Wed. at 11;Import;Harmonized;M;M
Physical Energy & Power Flows;2020;4;501;501;501;GR;IT;Value on 3rd Wed. at 11;Import;Harmonized;M;M
Physical Energy & Power Flows;2020;4;221;221;221;GR;MK;Value on 3rd Wed. at 11;Import;Harmonized;M;M
Physical Energy & Power Flows;2020;4;155;155;155;GR;TR;Value on 3rd Wed. at 11;Import;Harmonized;M;M
Physical Energy & Power Flows;2020;4;298;298;298;HR;HU;Value on 3rd Wed. at 11;Import;Harmonized;M;M
Physical Energy & Power Flows;2020;4;102;102;102;HR;RS;Value on 3rd Wed. at 11;Import;Harmonized;M;M
Physical Energy & Power Flows;2020;4;714;714;714;HR;SI;Value on 3rd Wed. at 11;Import;Harmonized;M;M
Physical Energy & Power Flows;2020;4;873;873;873;HU;AT;Value on 3rd Wed. at 11;Import;Harmonized;M;M
Physical Energy & Power Flows;2020;4;298;298;298;HU;HR;Value on 3rd Wed. at 11;Export;Harmonized;M;M
Physical Energy & Power Flows;2020;4;262;262;262;HU;RO;Value on 3rd Wed. at 11;Export;Harmonized;M;M
Physical Energy & Power Flows;2020;4;447;447;447;HU;RS;Value on 3rd Wed. at 11;Export;Harmonized;M;M
Physical Energy & Power Flows;2020;4;806;806;806;HU;SK;Value on 3rd Wed. at 11;Import;Harmonized;M;M
Physical Energy & Power Flows;2020;4;60;60;60;HU;UA;Value on 3rd Wed. at 11;Import;Harmonized;M;NaM
Physical Energy & Power Flows;2020;4;485;485;485;IE;GB;Value on 3rd Wed. at 11;Import;Harmonized;M;M
Physical Energy & Power Flows;2020;4;93;93;93;IT;AT;Value on 3rd Wed. at 11;Import;Harmonized;M;M
Physical Energy & Power Flows;2020;4;44;44;44;IT;CH;Value on 3rd Wed. at 11;Import;Harmonized;M;M
Physical Energy & Power Flows;2020;5;798;798;798;FR;CH;Value on 3rd Wed. at 11;Export;Harmonized;M;M
Physical Energy & Power Flows;2020;5;106;106;106;BY;UA;Value on 3rd Wed. at 11;Import;Harmonized;NaM;NaM
Physical Energy & Power Flows;2020;5;372;372;372;CH;AT;Value on 3rd Wed. at 11;Export;Harmonized;M;M
Physical Energy & Power Flows;2020;5;3150;3150;3150;CH;DE;Value on 3rd Wed. at 11;Export;Harmonized;M;M
Physical Energy & Power Flows;2020;5;798;798;798;CH;FR;Value on 3rd Wed. at 11;Import;Harmonized;M;M
Physical Energy & Power Flows;2020;5;1024;1024;1024;CH;IT;Value on 3rd Wed. at 11;Export;Harmonized;M;M
Physical Energy & Power Flows;2020;5;912;912;912;CZ;AT;Value on 3rd Wed. at 11;Export;Harmonized;M;M
Physical Energy & Power Flows;2020;5;803;803;803;CZ;DE;Value on 3rd Wed. at 11;Import;Harmonized;M;M
Physical Energy & Power Flows;2020;5;287;287;287;CZ;PL;Value on 3rd Wed. at 11;Export;Harmonized;M;M
Physical Energy & Power Flows;2020;5;1149;1149;1149;CZ;SK;Value on 3rd Wed. at 11;Export;Harmonized;M;M
Physical Energy & Power Flows;2020;5;445;445;445;DE;AT;Value on 3rd Wed. at 11;Export;Harmonized;M;M
Physical Energy & Power Flows;2020;5;3150;3150;3150;DE;CH;Value on 3rd Wed. at 11;Import;Harmonized;M;M
Physical Energy & Power Flows;2020;5;803;803;803;DE;CZ;Value on 3rd Wed. at 11;Export;Harmonized;M;M
Physical Energy & Power Flows;2020;5;102;102;102;DE;DK;Value on 3rd Wed. at 11;Import;Harmonized;M;M
Physical Energy & Power Flows;2020;5;2915;2915;2915;DE;FR;Value on 3rd Wed. at 11;Import;Harmonized;M;M
Physical Energy & Power Flows;2020;5;499;499;499;DE;LU;Value on 3rd Wed. at 11;Export;Harmonized;M;M
Physical Energy & Power Flows;2020;5;2848;2848;2848;DE;NL;Value on 3rd Wed. at 11;Import;Harmonized;M;M
Physical Energy & Power Flows;2020;5;1456;1456;1456;DE;PL;Value on 3rd Wed. at 11;Export;Harmonized;M;M
Physical Energy & Power Flows;2020;5;0;0;0;DE;SE;Value on 3rd Wed. at 11;Import;Harmonized;M;M
Physical Energy & Power Flows;2020;5;102;102;102;DK;DE;Value on 3rd Wed. at 11;Export;Harmonized;M;M
Physical Energy & Power Flows;2020;5;698;698;698;DK;NL;Value on 3rd Wed. at 11;Import;Harmonized;M;M
Physical Energy & Power Flows;2020;5;1400;1400;1400;DK;NO;Value on 3rd Wed. at 11;Import;Harmonized;M;M
Physical Energy & Power Flows;2020;5;240;240;240;DK;SE;Value on 3rd Wed. at 11;Import;Harmonized;M;M
Physical Energy & Power Flows;2020;5;256;256;256;EE;FI;Value on 3rd Wed. at 11;Import;Harmonized;M;M
Physical Energy & Power Flows;2020;5;230;230;230;EE;LV;Value on 3rd Wed. at 11;Import;Harmonized;M;M
Physical Energy & Power Flows;2020;5;87;87;87;EE;RU;Value on 3rd Wed. at 11;Import;Harmonized;M;NaM
Physical Energy & Power Flows;2020;5;3040;3040;3040;ES;FR;Value on 3rd Wed. at 11;Import;Harmonized;M;M
Physical Energy & Power Flows;2020;5;224;224;224;ES;PT;Value on 3rd Wed. at 11;Import;Harmonized;M;M
Physical Energy & Power Flows;2020;5;256;256;256;FI;EE;Value on 3rd Wed. at 11;Export;Harmonized;M;M
Physical Energy & Power Flows;2020;5;10;10;10;FI;NO;Value on 3rd Wed. at 11;Import;Harmonized;M;M
Physical Energy & Power Flows;2020;5;1;1;1;FI;RU;Value on 3rd Wed. at 11;Import;Harmonized;M;NaM
Physical Energy & Power Flows;2020;5;2415;2415;2415;FI;SE;Value on 3rd Wed. at 11;Import;Harmonized;M;M
Physical Energy & Power Flows;2020;5;1278;1278;1278;FR;BE;Value on 3rd Wed. at 11;Export;Harmonized;M;M
Physical Energy & Power Flows;2020;5;2915;2915;2915;FR;DE;Value on 3rd Wed. at 11;Export;Harmonized;M;M
Physical Energy & Power Flows;2020;5;3040;3040;3040;FR;ES;Value on 3rd Wed. at 11;Export;Harmonized;M;M
Physical Energy & Power Flows;2020;5;1029;1029;1029;FR;GB;Value on 3rd Wed. at 11;Export;Harmonized;M;M
Physical Energy & Power Flows;2020;5;2133;2133;2133;FR;IT;Value on 3rd Wed. at 11;Export;Harmonized;M;M
Physical Energy & Power Flows;2020;5;772;772;772;GB;BE;Value on 3rd Wed. at 11;Import;Harmonized;M;M
Physical Energy & Power Flows;2020;5;1029;1029;1029;GB;FR;Value on 3rd Wed. at 11;Import;Harmonized;M;M
Physical Energy & Power Flows;2020;5;500;500;500;GB;IE;Value on 3rd Wed. at 11;Import;Harmonized;M;M
Physical Energy & Power Flows;2020;5;773;773;773;GB;NL;Value on 3rd Wed. at 11;Import;Harmonized;M;M
Physical Energy & Power Flows;2020;5;15;15;15;GR;AL;Value on 3rd Wed. at 11;Import;Harmonized;M;M
Physical Energy & Power Flows;2020;5;0;0;0;GR;BG;Value on 3rd Wed. at 11;Import;Harmonized;M;M
Physical Energy & Power Flows;2020;5;502;502;502;GR;IT;Value on 3rd Wed. at 11;Import;Harmonized;M;M
Physical Energy & Power Flows;2020;5;320;320;320;GR;MK;Value on 3rd Wed. at 11;Import;Harmonized;M;M
Physical Energy & Power Flows;2020;5;86;86;86;GR;TR;Value on 3rd Wed. at 11;Import;Harmonized;M;M
Physical Energy & Power Flows;2020;5;356;356;356;HR;BA;Value on 3rd Wed. at 11;Export;Harmonized;M;M
Physical Energy & Power Flows;2020;5;76;76;76;HR;HU;Value on 3rd Wed. at 11;Export;Harmonized;M;M
Physical Energy & Power Flows;2020;5;221;221;221;HR;RS;Value on 3rd Wed. at 11;Export;Harmonized;M;M
Physical Energy & Power Flows;2020;5;1261;1261;1261;HR;SI;Value on 3rd Wed. at 11;Import;Harmonized;M;M
Physical Energy & Power Flows;2020;5;1699;1699;1699;HU;AT;Value on 3rd Wed. at 11;Import;Harmonized;M;M
Physical Energy & Power Flows;2020;5;76;76;76;HU;HR;Value on 3rd Wed. at 11;Import;Harmonized;M;M
Physical Energy & Power Flows;2020;5;534;534;534;HU;RO;Value on 3rd Wed. at 11;Export;Harmonized;M;M
Physical Energy & Power Flows;2020;6;555;555;555;DK;SE;Value on 3rd Wed. at 11;Export;Harmonized;M;M
Physical Energy & Power Flows;2020;6;921;921;921;EE;FI;Value on 3rd Wed. at 11;Import;Harmonized;M;M
Physical Energy & Power Flows;2020;6;175;175;175;EE;LV;Value on 3rd Wed. at 11;Export;Harmonized;M;M
Physical Energy & Power Flows;2020;6;402;402;402;BY;UA;Value on 3rd Wed. at 11;Import;Harmonized;NaM;NaM
Physical Energy & Power Flows;2020;6;334;334;334;CH;AT;Value on 3rd Wed. at 11;Export;Harmonized;M;M
Physical Energy & Power Flows;2020;6;2717;2717;2717;CH;DE;Value on 3rd Wed. at 11;Export;Harmonized;M;M
Physical Energy & Power Flows;2020;6;575;575;575;CH;FR;Value on 3rd Wed. at 11;Export;Harmonized;M;M
Physical Energy & Power Flows;2020;6;1398;1398;1398;CH;IT;Value on 3rd Wed. at 11;Import;Harmonized;M;M
Physical Energy & Power Flows;2020;6;275;275;275;CZ;AT;Value on 3rd Wed. at 11;Export;Harmonized;M;M
Physical Energy & Power Flows;2020;6;1216;1216;1216;CZ;DE;Value on 3rd Wed. at 11;Import;Harmonized;M;M
Physical Energy & Power Flows;2020;6;58;58;58;CZ;PL;Value on 3rd Wed. at 11;Export;Harmonized;M;M
Physical Energy & Power Flows;2020;6;850;850;850;CZ;SK;Value on 3rd Wed. at 11;Export;Harmonized;M;M
Physical Energy & Power Flows;2020;6;11;11;11;DE;AT;Value on 3rd Wed. at 11;Import;Harmonized;M;M
Physical Energy & Power Flows;2020;6;2717;2717;2717;DE;CH;Value on 3rd Wed. at 11;Import;Harmonized;M;M
Physical Energy & Power Flows;2020;6;1216;1216;1216;DE;CZ;Value on 3rd Wed. at 11;Export;Harmonized;M;M
Physical Energy & Power Flows;2020;6;1895;1895;1895;DE;DK;Value on 3rd Wed. at 11;Export;Harmonized;M;M
Physical Energy & Power Flows;2020;6;896;896;896;DE;FR;Value on 3rd Wed. at 11;Import;Harmonized;M;M
Physical Energy & Power Flows;2020;6;579;579;579;DE;LU;Value on 3rd Wed. at 11;Export;Harmonized;M;M
Physical Energy & Power Flows;2020;6;485;485;485;DE;NL;Value on 3rd Wed. at 11;Export;Harmonized;M;M
Physical Energy & Power Flows;2020;6;1164;1164;1164;DE;PL;Value on 3rd Wed. at 11;Export;Harmonized;M;M
Physical Energy & Power Flows;2020;6;496;496;496;DE;SE;Value on 3rd Wed. at 11;Export;Harmonized;M;M
Physical Energy & Power Flows;2020;6;1895;1895;1895;DK;DE;Value on 3rd Wed. at 11;Import;Harmonized;M;M
Physical Energy & Power Flows;2020;6;698;698;698;DK;NL;Value on 3rd Wed. at 11;Import;Harmonized;M;M
Physical Energy & Power Flows;2020;6;707;707;707;DK;NO;Value on 3rd Wed. at 11;Import;Harmonized;M;M
Physical Energy & Power Flows;2020;6;146;146;146;EE;RU;Value on 3rd Wed. at 11;Export;Harmonized;M;NaM
Physical Energy & Power Flows;2020;6;1062;1062;1062;ES;FR;Value on 3rd Wed. at 11;Import;Harmonized;M;M
Physical Energy & Power Flows;2020;6;1382;1382;1382;ES;PT;Value on 3rd Wed. at 11;Export;Harmonized;M;M
Physical Energy & Power Flows;2020;6;921;921;921;FI;EE;Value on 3rd Wed. at 11;Export;Harmonized;M;M
Physical Energy & Power Flows;2020;6;43;43;43;FI;NO;Value on 3rd Wed. at 11;Import;Harmonized;M;M
Physical Energy & Power Flows;2020;6;1;1;1;FI;RU;Value on 3rd Wed. at 11;Import;Harmonized;M;NaM
Physical Energy & Power Flows;2020;6;2351;2351;2351;FI;SE;Value on 3rd Wed. at 11;Import;Harmonized;M;M
Physical Energy & Power Flows;2020;6;455;455;455;FR;BE;Value on 3rd Wed. at 11;Import;Harmonized;M;M
Physical Energy & Power Flows;2020;6;575;575;575;FR;CH;Value on 3rd Wed. at 11;Import;Harmonized;M;M
Physical Energy & Power Flows;2020;6;896;896;896;FR;DE;Value on 3rd Wed. at 11;Export;Harmonized;M;M
Physical Energy & Power Flows;2020;6;1062;1062;1062;FR;ES;Value on 3rd Wed. at 11;Export;Harmonized;M;M
Physical Energy & Power Flows;2020;6;160;160;160;FR;GB;Value on 3rd Wed. at 11;Import;Harmonized;M;M
Physical Energy & Power Flows;2020;6;561;561;561;FR;IT;Value on 3rd Wed. at 11;Import;Harmonized;M;M
Physical Energy & Power Flows;2020;6;2;2;2;GB;BE;Value on 3rd Wed. at 11;Import;Harmonized;M;M
Physical Energy & Power Flows;2020;6;160;160;160;GB;FR;Value on 3rd Wed. at 11;Export;Harmonized;M;M
Physical Energy & Power Flows;2020;6;37;37;37;GB;IE;Value on 3rd Wed. at 11;Export;Harmonized;M;M
Physical Energy & Power Flows;2020;6;110;110;110;GB;NL;Value on 3rd Wed. at 11;Import;Harmonized;M;M
Physical Energy & Power Flows;2020;6;7;7;7;GR;AL;Value on 3rd Wed. at 11;Export;Harmonized;M;M
Physical Energy & Power Flows;2020;6;189;189;189;GR;BG;Value on 3rd Wed. at 11;Import;Harmonized;M;M
Physical Energy & Power Flows;2020;6;489;489;489;GR;IT;Value on 3rd Wed. at 11;Import;Harmonized;M;M
Physical Energy & Power Flows;2020;6;4;4;4;GR;MK;Value on 3rd Wed. at 11;Import;Harmonized;M;M
Physical Energy & Power Flows;2020;6;74;74;74;GR;TR;Value on 3rd Wed. at 11;Import;Harmonized;M;M
Physical Energy & Power Flows;2020;6;64;64;64;HR;BA;Value on 3rd Wed. at 11;Import;Harmonized;M;M
Physical Energy & Power Flows;2020;6;299;299;299;HR;HU;Value on 3rd Wed. at 11;Export;Harmonized;M;M
Physical Energy & Power Flows;2020;6;104;104;104;HR;RS;Value on 3rd Wed. at 11;Import;Harmonized;M;M
Physical Energy & Power Flows;2020;6;940;940;940;HR;SI;Value on 3rd Wed. at 11;Import;Harmonized;M;M
Physical Energy & Power Flows;2020;6;894;894;894;HU;AT;Value on 3rd Wed. at 11;Import;Harmonized;M;M
Physical Energy & Power Flows;2020;6;299;299;299;HU;HR;Value on 3rd Wed. at 11;Import;Harmonized;M;M
Physical Energy & Power Flows;2020;6;83;83;83;HU;RO;Value on 3rd Wed. at 11;Export;Harmonized;M;M
Physical Energy & Power Flows;2020;7;30;30;30;RU;UA;Value on 3rd Wed. at 11;Import;Harmonized;NaM;NaM
Physical Energy & Power Flows;2020;7;62;62;62;MD;UA;Value on 3rd Wed. at 11;Export;Harmonized;NaM;NaM
Physical Energy & Power Flows;2020;7;176;176;176;ME;AL;Value on 3rd Wed. at 11;Export;Harmonized;M;M
Physical Energy & Power Flows;2020;7;181;181;181;ME;BA;Value on 3rd Wed. at 11;Export;Harmonized;M;M
Physical Energy & Power Flows;2020;7;432;432;432;ME;IT;Value on 3rd Wed. at 11;Import;Harmonized;M;M
Physical Energy & Power Flows;2020;7;106;106;106;ME;RS;Value on 3rd Wed. at 11;Export;Harmonized;M;M
Physical Energy & Power Flows;2020;7;89;89;89;MK;BG;Value on 3rd Wed. at 11;Import;Harmonized;M;M
Physical Energy & Power Flows;2020;7;90;90;90;MK;GR;Value on 3rd Wed. at 11;Export;Harmonized;M;M
Physical Energy & Power Flows;2020;7;121;121;121;MK;RS;Value on 3rd Wed. at 11;Import;Harmonized;M;M
Physical Energy & Power Flows;2020;7;64;64;64;MT;IT;Value on 3rd Wed. at 11;Import;Harmonized;NaM;M
Physical Energy & Power Flows;2020;7;404;404;404;NL;BE;Value on 3rd Wed. at 11;Import;Harmonized;M;M
Physical Energy & Power Flows;2020;7;2441;2441;2441;NL;DE;Value on 3rd Wed. at 11;Export;Harmonized;M;M
Physical Energy & Power Flows;2020;7;704;704;704;NL;DK;Value on 3rd Wed. at 11;Export;Harmonized;M;M
Physical Energy & Power Flows;2020;7;637;637;637;NL;GB;Value on 3rd Wed. at 11;Export;Harmonized;M;M
Physical Energy & Power Flows;2020;7;0;0;0;NL;NO;Value on 3rd Wed. at 11;Import;Harmonized;M;M
Physical Energy & Power Flows;2020;7;1161;1161;1161;NO;DK;Value on 3rd Wed. at 11;Export;Harmonized;M;M
Physical Energy & Power Flows;2020;7;56;56;56;NO;FI;Value on 3rd Wed. at 11;Export;Harmonized;M;M
Physical Energy & Power Flows;2020;7;0;0;0;NO;NL;Value on 3rd Wed. at 11;Import;Harmonized;M;M
Physical Energy & Power Flows;2020;7;1612;1612;1612;NO;SE;Value on 3rd Wed. at 11;Export;Harmonized;M;M
Physical Energy & Power Flows;2020;7;141;141;141;PL;CZ;Value on 3rd Wed. at 11;Export;Harmonized;M;M
Physical Energy & Power Flows;2020;7;1058;1058;1058;PL;DE;Value on 3rd Wed. at 11;Import;Harmonized;M;M
Physical Energy & Power Flows;2020;7;486;486;486;PL;LT;Value on 3rd Wed. at 11;Import;Harmonized;M;M
Physical Energy & Power Flows;2020;7;597;597;597;PL;SE;Value on 3rd Wed. at 11;Import;Harmonized;M;M
Physical Energy & Power Flows;2020;7;25;25;25;PL;SK;Value on 3rd Wed. at 11;Import;Harmonized;M;M
Physical Energy & Power Flows;2020;7;155;155;155;PL;UA;Value on 3rd Wed. at 11;Import;Harmonized;M;NaM
Physical Energy & Power Flows;2020;7;647;647;647;PT;ES;Value on 3rd Wed. at 11;Import;Harmonized;M;M
Physical Energy & Power Flows;2020;7;449;449;449;RO;BG;Value on 3rd Wed. at 11;Import;Harmonized;M;M
Physical Energy & Power Flows;2020;7;95;95;95;RO;HU;Value on 3rd Wed. at 11;Import;Harmonized;M;M
Physical Energy & Power Flows;2020;7;0;0;0;RO;MD;Value on 3rd Wed. at 11;Import;Harmonized;M;NaM
Physical Energy & Power Flows;2020;7;227;227;227;RO;RS;Value on 3rd Wed. at 11;Import;Harmonized;M;M
Physical Energy & Power Flows;2020;7;17;17;17;RO;UA;Value on 3rd Wed. at 11;Import;Harmonized;M;NaM
Physical Energy & Power Flows;2020;7;95;95;95;RS;AL;Value on 3rd Wed. at 11;Import;Harmonized;M;M
Physical Energy & Power Flows;2020;7;109;109;109;RS;BA;Value on 3rd Wed. at 11;Import;Harmonized;M;M
Physical Energy & Power Flows;2020;7;128;128;128;RS;BG;Value on 3rd Wed. at 11;Import;Harmonized;M;M
Physical Energy & Power Flows;2020;7;72;72;72;RS;HR;Value on 3rd Wed. at 11;Export;Harmonized;M;M
Physical Energy & Power Flows;2020;7;57;57;57;RS;HU;Value on 3rd Wed. at 11;Export;Harmonized;M;M
Physical Energy & Power Flows;2020;7;106;106;106;RS;ME;Value on 3rd Wed. at 11;Import;Harmonized;M;M
Physical Energy & Power Flows;2020;7;121;121;121;RS;MK;Value on 3rd Wed. at 11;Export;Harmonized;M;M
Physical Energy & Power Flows;2020;7;227;227;227;RS;RO;Value on 3rd Wed. at 11;Export;Harmonized;M;M
Physical Energy & Power Flows;2020;7;252;252;252;RU;EE;Value on 3rd Wed. at 11;Import;Harmonized;NaM;M
Physical Energy & Power Flows;2020;7;3;3;3;RU;FI;Value on 3rd Wed. at 11;Export;Harmonized;NaM;M
Physical Energy & Power Flows;2020;7;155;155;155;RU;LT;Value on 3rd Wed. at 11;Export;Harmonized;NaM;M
Physical Energy & Power Flows;2020;7;191;191;191;RU;LV;Value on 3rd Wed. at 11;Export;Harmonized;NaM;M
Physical Energy & Power Flows;2020;8;146;146;146;SK;PL;Value on 3rd Wed. at 03;Import;Harmonized;M;M
Physical Energy & Power Flows;2020;8;147;147;147;SK;UA;Value on 3rd Wed. at 03;Export;Harmonized;M;NaM
Physical Energy & Power Flows;2020;8;92;92;92;TR;BG;Value on 3rd Wed. at 03;Import;Harmonized;M;M
Physical Energy & Power Flows;2020;8;172;172;172;TR;GR;Value on 3rd Wed. at 03;Export;Harmonized;M;M
Physical Energy & Power Flows;2020;8;400;400;400;UA;BY;Value on 3rd Wed. at 03;Export;Harmonized;NaM;NaM
Physical Energy & Power Flows;2020;8;55;55;55;UA;HU;Value on 3rd Wed. at 03;Import;Harmonized;NaM;M
Physical Energy & Power Flows;2020;8;48;48;48;UA;MD;Value on 3rd Wed. at 03;Export;Harmonized;NaM;NaM
Physical Energy & Power Flows;2020;8;154;154;154;UA;PL;Value on 3rd Wed. at 03;Export;Harmonized;NaM;M
Physical Energy & Power Flows;2020;8;164;164;164;UA;RO;Value on 3rd Wed. at 03;Export;Harmonized;NaM;M
Physical Energy & Power Flows;2020;8;610;610;610;UA;RU;Value on 3rd Wed. at 03;Import;Harmonized;NaM;NaM
Physical Energy & Power Flows;2020;8;147;147;147;UA;SK;Value on 3rd Wed. at 03;Import;Harmonized;NaM;M
Physical Energy & Power Flows;2020;9;57;57;57;SK;UA;Value on 3rd Wed. at 03;Export;Harmonized;M;NaM
Physical Energy & Power Flows;2020;9;102;102;102;TR;BG;Value on 3rd Wed. at 03;Export;Harmonized;M;M
Physical Energy & Power Flows;2020;9;161;161;161;TR;GR;Value on 3rd Wed. at 03;Export;Harmonized;M;M
Physical Energy & Power Flows;2020;9;306;306;306;UA;BY;Value on 3rd Wed. at 03;Export;Harmonized;NaM;NaM
Physical Energy & Power Flows;2020;9;219;219;219;UA;HU;Value on 3rd Wed. at 03;Export;Harmonized;NaM;M
Physical Energy & Power Flows;2020;9;8;8;8;UA;MD;Value on 3rd Wed. at 03;Export;Harmonized;NaM;NaM
Physical Energy & Power Flows;2020;9;152;152;152;UA;PL;Value on 3rd Wed. at 03;Export;Harmonized;NaM;M
Physical Energy & Power Flows;2020;9;309;309;309;UA;RO;Value on 3rd Wed. at 03;Export;Harmonized;NaM;M
Physical Energy & Power Flows;2020;9;346;346;346;UA;RU;Value on 3rd Wed. at 03;Import;Harmonized;NaM;NaM
Physical Energy & Power Flows;2020;9;57;57;57;UA;SK;Value on 3rd Wed. at 03;Import;Harmonized;NaM;M
Physical Energy & Power Flows;2020;9;76;76;76;AL;GR;Value on 3rd Wed. at 11;Import;Harmonized;M;M
Physical Energy & Power Flows;2020;9;275;275;275;AL;ME;Value on 3rd Wed. at 11;Import;Harmonized;M;M
Physical Energy & Power Flows;2020;9;13;13;13;AL;RS;Value on 3rd Wed. at 11;Import;Harmonized;M;M
Physical Energy & Power Flows;2020;9;612;612;612;AT;CH;Value on 3rd Wed. at 11;Export;Harmonized;M;M
Physical Energy & Power Flows;2020;9;1069;1069;1069;AT;CZ;Value on 3rd Wed. at 11;Import;Harmonized;M;M
Physical Energy & Power Flows;2020;9;1864;1864;1864;AT;DE;Value on 3rd Wed. at 11;Import;Harmonized;M;M
Physical Energy & Power Flows;2020;9;687;687;687;AT;HU;Value on 3rd Wed. at 11;Export;Harmonized;M;M
Physical Energy & Power Flows;2020;9;172;172;172;AT;IT;Value on 3rd Wed. at 11;Export;Harmonized;M;M
Physical Energy & Power Flows;2020;9;625;625;625;AT;SI;Value on 3rd Wed. at 11;Export;Harmonized;M;M
Physical Energy & Power Flows;2020;9;119;119;119;BA;HR;Value on 3rd Wed. at 11;Export;Harmonized;M;M
Physical Energy & Power Flows;2020;9;293;293;293;BA;ME;Value on 3rd Wed. at 11;Export;Harmonized;M;M
Physical Energy & Power Flows;2020;9;73;73;73;BA;RS;Value on 3rd Wed. at 11;Import;Harmonized;M;M
Physical Energy & Power Flows;2020;9;1423;1423;1423;BE;FR;Value on 3rd Wed. at 11;Export;Harmonized;M;M
Physical Energy & Power Flows;2020;9;1015;1015;1015;BE;GB;Value on 3rd Wed. at 11;Export;Harmonized;M;M
Physical Energy & Power Flows;2020;9;51;51;51;BE;LU;Value on 3rd Wed. at 11;Import;Harmonized;M;M
Physical Energy & Power Flows;2020;9;2001;2001;2001;BE;NL;Value on 3rd Wed. at 11;Import;Harmonized;M;M
Physical Energy & Power Flows;2020;9;122;122;122;BG;GR;Value on 3rd Wed. at 11;Export;Harmonized;M;M
Physical Energy & Power Flows;2020;9;159;159;159;BG;MK;Value on 3rd Wed. at 11;Export;Harmonized;M;M
Physical Energy & Power Flows;2020;9;342;342;342;BG;RO;Value on 3rd Wed. at 11;Export;Harmonized;M;M
Physical Energy & Power Flows;2020;9;170;170;170;BG;RS;Value on 3rd Wed. at 11;Export;Harmonized;M;M
Physical Energy & Power Flows;2020;9;151;151;151;BG;TR;Value on 3rd Wed. at 11;Import;Harmonized;M;M
Physical Energy & Power Flows;2020;9;88;88;88;BY;LT;Value on 3rd Wed. at 11;Export;Harmonized;NaM;M
Physical Energy & Power Flows;2020;9;100;100;100;BY;UA;Value on 3rd Wed. at 11;Import;Harmonized;NaM;NaM
Physical Energy & Power Flows;2020;10;610;610;610;UA;RO;Value on 3rd Wed. at 03;Export;Harmonized;NaM;M
Physical Energy & Power Flows;2020;10;76;76;76;UA;RU;Value on 3rd Wed. at 03;Export;Harmonized;NaM;NaM
Physical Energy & Power Flows;2020;10;675;675;675;UA;SK;Value on 3rd Wed. at 03;Import;Harmonized;NaM;M
Physical Energy & Power Flows;2020;10;410;410;410;HU;AT;Value on 3rd Wed. at 11;Import;Harmonized;M;M
Physical Energy & Power Flows;2020;10;156;156;156;HU;HR;Value on 3rd Wed. at 11;Export;Harmonized;M;M
Physical Energy & Power Flows;2020;10;16;16;16;HU;RO;Value on 3rd Wed. at 11;Import;Harmonized;M;M
Physical Energy & Power Flows;2020;10;230;230;230;HU;RS;Value on 3rd Wed. at 11;Import;Harmonized;M;M
Physical Energy & Power Flows;2020;10;660;660;660;HU;SK;Value on 3rd Wed. at 11;Import;Harmonized;M;M
Physical Energy & Power Flows;2020;10;188;188;188;HU;UA;Value on 3rd Wed. at 11;Import;Harmonized;M;NaM
Physical Energy & Power Flows;2020;10;51;51;51;IE;GB;Value on 3rd Wed. at 11;Export;Harmonized;M;M
Physical Energy & Power Flows;2020;10;177;177;177;IT;AT;Value on 3rd Wed. at 11;Import;Harmonized;M;M
Physical Energy & Power Flows;2020;10;3147;3147;3147;IT;CH;Value on 3rd Wed. at 11;Import;Harmonized;M;M
Physical Energy & Power Flows;2020;10;2568;2568;2568;IT;FR;Value on 3rd Wed. at 11;Import;Harmonized;M;M
Physical Energy & Power Flows;2020;10;0;0;0;IT;GR;Value on 3rd Wed. at 11;Import;Harmonized;M;M
Physical Energy & Power Flows;2020;10;526;526;526;IT;ME;Value on 3rd Wed. at 11;Import;Harmonized;M;M
Physical Energy & Power Flows;2020;10;53;53;53;IT;MT;Value on 3rd Wed. at 11;Export;Harmonized;M;NaM
Physical Energy & Power Flows;2020;10;780;780;780;IT;SI;Value on 3rd Wed. at 11;Import;Harmonized;M;M
Physical Energy & Power Flows;2020;8;0;0;0;HU;AT;Monthly Value;Export;Harmonized;M;M
Physical Energy & Power Flows;2020;10;60;60;60;LT;BY;Value on 3rd Wed. at 11;Import;Harmonized;M;NaM
Physical Energy & Power Flows;2020;10;170;170;170;LT;LV;Value on 3rd Wed. at 11;Import;Harmonized;M;M
Physical Energy & Power Flows;2020;11;491;491;491;UA;RO;Value on 3rd Wed. at 03;Export;Harmonized;NaM;M
Physical Energy & Power Flows;2020;11;123;123;123;UA;RU;Value on 3rd Wed. at 03;Export;Harmonized;NaM;NaM
Physical Energy & Power Flows;2020;11;480;480;480;UA;SK;Value on 3rd Wed. at 03;Import;Harmonized;NaM;M
Physical Energy & Power Flows;2020;11;316;316;316;HR;HU;Value on 3rd Wed. at 11;Import;Harmonized;M;M
Physical Energy & Power Flows;2020;11;58;58;58;HR;RS;Value on 3rd Wed. at 11;Export;Harmonized;M;M
Physical Energy & Power Flows;2020;11;74;74;74;HR;SI;Value on 3rd Wed. at 11;Import;Harmonized;M;M
Physical Energy & Power Flows;2020;11;950;950;950;HU;AT;Value on 3rd Wed. at 11;Import;Harmonized;M;M
Physical Energy & Power Flows;2020;11;316;316;316;HU;HR;Value on 3rd Wed. at 11;Export;Harmonized;M;M
Physical Energy & Power Flows;2020;11;227;227;227;HU;RO;Value on 3rd Wed. at 11;Export;Harmonized;M;M
Physical Energy & Power Flows;2020;11;167;167;167;HU;RS;Value on 3rd Wed. at 11;Import;Harmonized;M;M
Physical Energy & Power Flows;2020;11;1156;1156;1156;HU;SK;Value on 3rd Wed. at 11;Import;Harmonized;M;M
Physical Energy & Power Flows;2020;11;270;270;270;HU;UA;Value on 3rd Wed. at 11;Import;Harmonized;M;NaM
Physical Energy & Power Flows;2020;11;486;486;486;IE;GB;Value on 3rd Wed. at 11;Export;Harmonized;M;M
Physical Energy & Power Flows;2020;11;123;123;123;IT;AT;Value on 3rd Wed. at 11;Import;Harmonized;M;M
Physical Energy & Power Flows;2020;11;3155;3155;3155;IT;CH;Value on 3rd Wed. at 11;Import;Harmonized;M;M
Physical Energy & Power Flows;2020;11;2743;2743;2743;IT;FR;Value on 3rd Wed. at 11;Import;Harmonized;M;M
Physical Energy & Power Flows;2020;11;248;248;248;IT;GR;Value on 3rd Wed. at 11;Export;Harmonized;M;M
Physical Energy & Power Flows;2020;11;340;340;340;IT;ME;Value on 3rd Wed. at 11;Export;Harmonized;M;M
Physical Energy & Power Flows;2020;11;75;75;75;IT;MT;Value on 3rd Wed. at 11;Export;Harmonized;M;NaM
Physical Energy & Power Flows;2020;11;626;626;626;IT;SI;Value on 3rd Wed. at 11;Import;Harmonized;M;M
Physical Energy & Power Flows;2020;11;405;405;405;LT;BY;Value on 3rd Wed. at 11;Import;Harmonized;M;NaM
Physical Energy & Power Flows;2020;11;159;159;159;LT;LV;Value on 3rd Wed. at 11;Import;Harmonized;M;M
Physical Energy & Power Flows;2020;11;484;484;484;LT;PL;Value on 3rd Wed. at 11;Export;Harmonized;M;M
Physical Energy & Power Flows;2020;11;365;365;365;LT;RU;Value on 3rd Wed. at 11;Import;Harmonized;M;NaM
Physical Energy & Power Flows;2020;11;633;633;633;LT;SE;Value on 3rd Wed. at 11;Import;Harmonized;M;M
Physical Energy & Power Flows;2020;11;130;130;130;LU;BE;Value on 3rd Wed. at 11;Import;Harmonized;M;M
Physical Energy & Power Flows;2020;11;444;444;444;LU;DE;Value on 3rd Wed. at 11;Import;Harmonized;M;M
Physical Energy & Power Flows;2020;11;11;11;11;LV;EE;Value on 3rd Wed. at 11;Import;Harmonized;M;M
Physical Energy & Power Flows;2020;11;159;159;159;LV;LT;Value on 3rd Wed. at 11;Export;Harmonized;M;M
Physical Energy & Power Flows;2020;11;34;34;34;LV;RU;Value on 3rd Wed. at 11;Import;Harmonized;M;NaM
Physical Energy & Power Flows;2020;11;0;0;0;MD;RO;Value on 3rd Wed. at 11;Import;Harmonized;NaM;M
Physical Energy & Power Flows;2020;11;2;2;2;MD;UA;Value on 3rd Wed. at 11;Import;Harmonized;NaM;NaM
Physical Energy & Power Flows;2020;11;533;533;533;ME;AL;Value on 3rd Wed. at 11;Export;Harmonized;M;M
Physical Energy & Power Flows;2020;11;344;344;344;ME;BA;Value on 3rd Wed. at 11;Import;Harmonized;M;M
Physical Energy & Power Flows;2020;12;1434;1434;1434;CZ;AT;Value on 3rd Wed. at 03;Export;Harmonized;M;M
Physical Energy & Power Flows;2020;12;916;916;916;AT;HU;Value on 3rd Wed. at 11;Export;Harmonized;M;M
Physical Energy & Power Flows;2020;12;184;184;184;AT;IT;Value on 3rd Wed. at 11;Export;Harmonized;M;M
Physical Energy & Power Flows;2020;12;601;601;601;AT;SI;Value on 3rd Wed. at 11;Export;Harmonized;M;M
Physical Energy & Power Flows;2020;12;46;46;46;BA;HR;Value on 3rd Wed. at 11;Import;Harmonized;M;M
Physical Energy & Power Flows;2020;5;13;13;13;CZ;PL;Value on 3rd Wed. at 03;Export;Harmonized;M;M
Physical Energy & Power Flows;2020;5;757;757;757;CZ;SK;Value on 3rd Wed. at 03;Export;Harmonized;M;M
Physical Energy & Power Flows;2020;5;419;419;419;DE;AT;Value on 3rd Wed. at 03;Import;Harmonized;M;M
Physical Energy & Power Flows;2020;5;3487;3487;3487;DE;CH;Value on 3rd Wed. at 03;Import;Harmonized;M;M
Physical Energy & Power Flows;2020;5;1024;1024;1024;DE;CZ;Value on 3rd Wed. at 03;Import;Harmonized;M;M
Physical Energy & Power Flows;2020;5;1202;1202;1202;DE;DK;Value on 3rd Wed. at 03;Import;Harmonized;M;M
Physical Energy & Power Flows;2020;5;3582;3582;3582;DE;FR;Value on 3rd Wed. at 03;Import;Harmonized;M;M
Physical Energy & Power Flows;2020;5;394;394;394;DE;LU;Value on 3rd Wed. at 03;Export;Harmonized;M;M
Physical Energy & Power Flows;2020;5;2167;2167;2167;DE;NL;Value on 3rd Wed. at 03;Import;Harmonized;M;M
Physical Energy & Power Flows;2020;5;999;999;999;DE;PL;Value on 3rd Wed. at 03;Export;Harmonized;M;M
Physical Energy & Power Flows;2020;5;0;0;0;DE;SE;Value on 3rd Wed. at 03;Import;Harmonized;M;M
Physical Energy & Power Flows;2020;5;1202;1202;1202;DK;DE;Value on 3rd Wed. at 03;Export;Harmonized;M;M
Physical Energy & Power Flows;2020;5;696;696;696;DK;NL;Value on 3rd Wed. at 03;Import;Harmonized;M;M
Physical Energy & Power Flows;2020;5;1400;1400;1400;DK;NO;Value on 3rd Wed. at 03;Import;Harmonized;M;M
Physical Energy & Power Flows;2020;5;714;714;714;DK;SE;Value on 3rd Wed. at 03;Import;Harmonized;M;M
Physical Energy & Power Flows;2020;5;997;997;997;EE;FI;Value on 3rd Wed. at 03;Import;Harmonized;M;M
Physical Energy & Power Flows;2020;5;358;358;358;EE;LV;Value on 3rd Wed. at 03;Export;Harmonized;M;M
Physical Energy & Power Flows;2020;5;304;304;304;EE;RU;Value on 3rd Wed. at 03;Export;Harmonized;M;NaM
Physical Energy & Power Flows;2020;5;2858;2858;2858;ES;FR;Value on 3rd Wed. at 03;Import;Harmonized;M;M
Physical Energy & Power Flows;2020;5;734;734;734;ES;PT;Value on 3rd Wed. at 03;Export;Harmonized;M;M
Physical Energy & Power Flows;2020;5;997;997;997;FI;EE;Value on 3rd Wed. at 03;Export;Harmonized;M;M
Physical Energy & Power Flows;2020;5;3;3;3;FI;NO;Value on 3rd Wed. at 03;Import;Harmonized;M;M
Physical Energy & Power Flows;2020;5;298;298;298;FI;RU;Value on 3rd Wed. at 03;Import;Harmonized;M;NaM
Physical Energy & Power Flows;2020;5;1842;1842;1842;FI;SE;Value on 3rd Wed. at 03;Import;Harmonized;M;M
Physical Energy & Power Flows;2020;5;2283;2283;2283;FR;BE;Value on 3rd Wed. at 03;Export;Harmonized;M;M
Physical Energy & Power Flows;2020;5;1585;1585;1585;FR;CH;Value on 3rd Wed. at 03;Export;Harmonized;M;M
Physical Energy & Power Flows;2020;5;3582;3582;3582;FR;DE;Value on 3rd Wed. at 03;Export;Harmonized;M;M
Physical Energy & Power Flows;2020;5;2858;2858;2858;FR;ES;Value on 3rd Wed. at 03;Export;Harmonized;M;M
Physical Energy & Power Flows;2020;5;1520;1520;1520;FR;GB;Value on 3rd Wed. at 03;Export;Harmonized;M;M
Physical Energy & Power Flows;2020;5;1931;1931;1931;FR;IT;Value on 3rd Wed. at 03;Export;Harmonized;M;M
Physical Energy & Power Flows;2020;5;749;749;749;GB;BE;Value on 3rd Wed. at 03;Import;Harmonized;M;M
Physical Energy & Power Flows;2020;5;1520;1520;1520;GB;FR;Value on 3rd Wed. at 03;Import;Harmonized;M;M
Physical Energy & Power Flows;2020;5;0;0;0;GB;IE;Value on 3rd Wed. at 03;Import;Harmonized;M;M
Physical Energy & Power Flows;2020;5;702;702;702;GB;NL;Value on 3rd Wed. at 03;Import;Harmonized;M;M
Physical Energy & Power Flows;2020;5;138;138;138;GR;AL;Value on 3rd Wed. at 03;Import;Harmonized;M;M
Physical Energy & Power Flows;2020;5;0;0;0;GR;BG;Value on 3rd Wed. at 03;Import;Harmonized;M;M
Physical Energy & Power Flows;2020;5;502;502;502;GR;IT;Value on 3rd Wed. at 03;Import;Harmonized;M;M
Physical Energy & Power Flows;2020;5;594;594;594;GR;MK;Value on 3rd Wed. at 03;Import;Harmonized;M;M
Physical Energy & Power Flows;2020;5;48;48;48;GR;TR;Value on 3rd Wed. at 03;Import;Harmonized;M;M
Physical Energy & Power Flows;2020;5;282;282;282;HR;BA;Value on 3rd Wed. at 03;Export;Harmonized;M;M
Physical Energy & Power Flows;2020;5;72;72;72;HR;HU;Value on 3rd Wed. at 03;Import;Harmonized;M;M
Physical Energy & Power Flows;2020;5;129;129;129;HR;RS;Value on 3rd Wed. at 03;Export;Harmonized;M;M
Physical Energy & Power Flows;2020;5;801;801;801;HR;SI;Value on 3rd Wed. at 03;Import;Harmonized;M;M
Physical Energy & Power Flows;2020;5;1080;1080;1080;HU;AT;Value on 3rd Wed. at 03;Import;Harmonized;M;M
Physical Energy & Power Flows;2020;5;72;72;72;HU;HR;Value on 3rd Wed. at 03;Export;Harmonized;M;M
Physical Energy & Power Flows;2020;5;361;361;361;HU;RO;Value on 3rd Wed. at 03;Export;Harmonized;M;M
Physical Energy & Power Flows;2020;5;263;263;263;HU;RS;Value on 3rd Wed. at 03;Export;Harmonized;M;M
Physical Energy & Power Flows;2020;6;169;169;169;HU;RS;Value on 3rd Wed. at 11;Import;Harmonized;M;M
Physical Energy & Power Flows;2020;6;1026;1026;1026;HU;SK;Value on 3rd Wed. at 11;Import;Harmonized;M;M
Physical Energy & Power Flows;2020;6;42;42;42;HU;UA;Value on 3rd Wed. at 11;Export;Harmonized;M;NaM
Physical Energy & Power Flows;2020;6;37;37;37;IE;GB;Value on 3rd Wed. at 11;Import;Harmonized;M;M
Physical Energy & Power Flows;2020;6;15;15;15;IT;AT;Value on 3rd Wed. at 11;Export;Harmonized;M;M
Physical Energy & Power Flows;2020;6;1398;1398;1398;IT;CH;Value on 3rd Wed. at 11;Export;Harmonized;M;M
Physical Energy & Power Flows;2020;6;561;561;561;IT;FR;Value on 3rd Wed. at 11;Export;Harmonized;M;M
Physical Energy & Power Flows;2020;6;489;489;489;IT;GR;Value on 3rd Wed. at 11;Export;Harmonized;M;M
Physical Energy & Power Flows;2020;6;584;584;584;IT;ME;Value on 3rd Wed. at 11;Export;Harmonized;M;M
Physical Energy & Power Flows;2020;6;1;1;1;IT;MT;Value on 3rd Wed. at 11;Export;Harmonized;M;NaM
Physical Energy & Power Flows;2020;6;507;507;507;IT;SI;Value on 3rd Wed. at 11;Export;Harmonized;M;M
Physical Energy & Power Flows;2020;6;81;81;81;LT;BY;Value on 3rd Wed. at 11;Import;Harmonized;M;NaM
Physical Energy & Power Flows;2020;6;447;447;447;LT;LV;Value on 3rd Wed. at 11;Import;Harmonized;M;M
Physical Energy & Power Flows;2020;6;475;475;475;LT;PL;Value on 3rd Wed. at 11;Export;Harmonized;M;M
Physical Energy & Power Flows;2020;6;120;120;120;LT;RU;Value on 3rd Wed. at 11;Import;Harmonized;M;NaM
Physical Energy & Power Flows;2020;6;284;284;284;LT;SE;Value on 3rd Wed. at 11;Import;Harmonized;M;M
Physical Energy & Power Flows;2020;8;1916;1916;1916;SE;FI;Value on 3rd Wed. at 03;Export;Harmonized;M;M
Physical Energy & Power Flows;2020;8;77;77;77;SE;LT;Value on 3rd Wed. at 03;Import;Harmonized;M;M
Physical Energy & Power Flows;2020;8;1477;1477;1477;SE;NO;Value on 3rd Wed. at 03;Import;Harmonized;M;M
Physical Energy & Power Flows;2020;8;194;194;194;SE;PL;Value on 3rd Wed. at 03;Export;Harmonized;M;M
Physical Energy & Power Flows;2020;8;211;211;211;SI;AT;Value on 3rd Wed. at 03;Import;Harmonized;M;M
Physical Energy & Power Flows;2020;8;464;464;464;SI;HR;Value on 3rd Wed. at 03;Export;Harmonized;M;M
Physical Energy & Power Flows;2020;8;0;0;0;SI;IT;Value on 3rd Wed. at 03;Import;Harmonized;M;M
Physical Energy & Power Flows;2020;8;464;464;464;SK;CZ;Value on 3rd Wed. at 03;Import;Harmonized;M;M
Physical Energy & Power Flows;2020;8;482;482;482;SK;HU;Value on 3rd Wed. at 03;Export;Harmonized;M;M
Physical Energy & Power Flows;2020;8;179;179;179;AL;GR;Value on 3rd Wed. at 11;Export;Harmonized;M;M
Physical Energy & Power Flows;2020;8;442;442;442;AL;ME;Value on 3rd Wed. at 11;Import;Harmonized;M;M
Physical Energy & Power Flows;2020;8;3;3;3;AL;RS;Value on 3rd Wed. at 11;Export;Harmonized;M;M
Physical Energy & Power Flows;2020;8;156;156;156;AT;CH;Value on 3rd Wed. at 11;Export;Harmonized;M;M
Physical Energy & Power Flows;2020;8;756;756;756;AT;CZ;Value on 3rd Wed. at 11;Import;Harmonized;M;M
Physical Energy & Power Flows;2020;8;1693;1693;1693;AT;DE;Value on 3rd Wed. at 11;Import;Harmonized;M;M
Physical Energy & Power Flows;2020;8;1112;1112;1112;AT;HU;Value on 3rd Wed. at 11;Export;Harmonized;M;M
Physical Energy & Power Flows;2020;8;7;7;7;AT;IT;Value on 3rd Wed. at 11;Import;Harmonized;M;M
Physical Energy & Power Flows;2020;8;622;622;622;AT;SI;Value on 3rd Wed. at 11;Export;Harmonized;M;M
Physical Energy & Power Flows;2020;8;197;197;197;BA;HR;Value on 3rd Wed. at 11;Export;Harmonized;M;M
Physical Energy & Power Flows;2020;8;468;468;468;BA;ME;Value on 3rd Wed. at 11;Export;Harmonized;M;M
Physical Energy & Power Flows;2020;8;85;85;85;BA;RS;Value on 3rd Wed. at 11;Import;Harmonized;M;M
Physical Energy & Power Flows;2020;8;806;806;806;BE;FR;Value on 3rd Wed. at 11;Import;Harmonized;M;M
Physical Energy & Power Flows;2020;8;1022;1022;1022;BE;GB;Value on 3rd Wed. at 11;Export;Harmonized;M;M
Physical Energy & Power Flows;2020;8;20;20;20;BE;LU;Value on 3rd Wed. at 11;Import;Harmonized;M;M
Physical Energy & Power Flows;2020;8;1380;1380;1380;BE;NL;Value on 3rd Wed. at 11;Import;Harmonized;M;M
Physical Energy & Power Flows;2020;8;338;338;338;BG;GR;Value on 3rd Wed. at 11;Export;Harmonized;M;M
Physical Energy & Power Flows;2020;8;251;251;251;BG;MK;Value on 3rd Wed. at 11;Export;Harmonized;M;M
Physical Energy & Power Flows;2020;8;184;184;184;BG;RO;Value on 3rd Wed. at 11;Import;Harmonized;M;M
Physical Energy & Power Flows;2020;8;15;15;15;BG;RS;Value on 3rd Wed. at 11;Import;Harmonized;M;M
Physical Energy & Power Flows;2020;8;15;15;15;BG;TR;Value on 3rd Wed. at 11;Export;Harmonized;M;M
Physical Energy & Power Flows;2020;8;156;156;156;BY;LT;Value on 3rd Wed. at 11;Export;Harmonized;NaM;M
Physical Energy & Power Flows;2020;8;269;269;269;BY;UA;Value on 3rd Wed. at 11;Import;Harmonized;NaM;NaM
Physical Energy & Power Flows;2020;8;156;156;156;CH;AT;Value on 3rd Wed. at 11;Import;Harmonized;M;M
Physical Energy & Power Flows;2020;8;594;594;594;CH;DE;Value on 3rd Wed. at 11;Export;Harmonized;M;M
Physical Energy & Power Flows;2020;8;818;818;818;CH;FR;Value on 3rd Wed. at 11;Export;Harmonized;M;M
Physical Energy & Power Flows;2020;8;244;244;244;CH;IT;Value on 3rd Wed. at 11;Import;Harmonized;M;M
Physical Energy & Power Flows;2020;8;756;756;756;CZ;AT;Value on 3rd Wed. at 11;Export;Harmonized;M;M
Physical Energy & Power Flows;2020;8;632;632;632;CZ;DE;Value on 3rd Wed. at 11;Import;Harmonized;M;M
Physical Energy & Power Flows;2020;8;22;22;22;CZ;PL;Value on 3rd Wed. at 11;Import;Harmonized;M;M
Physical Energy & Power Flows;2020;9;612;612;612;CH;AT;Value on 3rd Wed. at 11;Import;Harmonized;M;M
Physical Energy & Power Flows;2020;9;471;471;471;CH;DE;Value on 3rd Wed. at 11;Import;Harmonized;M;M
Physical Energy & Power Flows;2020;9;1140;1140;1140;CH;FR;Value on 3rd Wed. at 11;Export;Harmonized;M;M
Physical Energy & Power Flows;2020;9;1310;1310;1310;CH;IT;Value on 3rd Wed. at 11;Export;Harmonized;M;M
Physical Energy & Power Flows;2020;9;1069;1069;1069;CZ;AT;Value on 3rd Wed. at 11;Export;Harmonized;M;M
Physical Energy & Power Flows;2020;9;1822;1822;1822;CZ;DE;Value on 3rd Wed. at 11;Import;Harmonized;M;M
Physical Energy & Power Flows;2020;9;303;303;303;CZ;PL;Value on 3rd Wed. at 11;Export;Harmonized;M;M
Physical Energy & Power Flows;2020;9;1533;1533;1533;CZ;SK;Value on 3rd Wed. at 11;Export;Harmonized;M;M
Physical Energy & Power Flows;2020;9;1864;1864;1864;DE;AT;Value on 3rd Wed. at 11;Export;Harmonized;M;M
Physical Energy & Power Flows;2020;9;471;471;471;DE;CH;Value on 3rd Wed. at 11;Export;Harmonized;M;M
Physical Energy & Power Flows;2020;9;1822;1822;1822;DE;CZ;Value on 3rd Wed. at 11;Export;Harmonized;M;M
Physical Energy & Power Flows;2020;9;2368;2368;2368;DE;DK;Value on 3rd Wed. at 11;Import;Harmonized;M;M
Physical Energy & Power Flows;2020;9;1573;1573;1573;DE;FR;Value on 3rd Wed. at 11;Export;Harmonized;M;M
Physical Energy & Power Flows;2020;9;636;636;636;DE;LU;Value on 3rd Wed. at 11;Export;Harmonized;M;M
Physical Energy & Power Flows;2020;9;225;225;225;DE;NL;Value on 3rd Wed. at 11;Export;Harmonized;M;M
Physical Energy & Power Flows;2020;9;0;0;0;DE;NO;Value on 3rd Wed. at 11;Import;Harmonized;M;M
Physical Energy & Power Flows;2020;9;891;891;891;DE;PL;Value on 3rd Wed. at 11;Export;Harmonized;M;M
Physical Energy & Power Flows;2020;9;2;2;2;DE;SE;Value on 3rd Wed. at 11;Export;Harmonized;M;M
Physical Energy & Power Flows;2020;9;2368;2368;2368;DK;DE;Value on 3rd Wed. at 11;Export;Harmonized;M;M
Physical Energy & Power Flows;2020;9;699;699;699;DK;NL;Value on 3rd Wed. at 11;Import;Harmonized;M;M
Physical Energy & Power Flows;2020;9;1159;1159;1159;DK;NO;Value on 3rd Wed. at 11;Import;Harmonized;M;M
Physical Energy & Power Flows;2020;11;2443;2443;2443;ES;FR;Value on 3rd Wed. at 11;Import;Harmonized;M;M
Physical Energy & Power Flows;2020;11;806;806;806;ES;PT;Value on 3rd Wed. at 11;Import;Harmonized;M;M
Physical Energy & Power Flows;2020;11;913;913;913;FI;EE;Value on 3rd Wed. at 11;Export;Harmonized;M;M
Physical Energy & Power Flows;2020;11;57;57;57;FI;NO;Value on 3rd Wed. at 11;Import;Harmonized;M;M
Physical Energy & Power Flows;2020;11;82;82;82;FI;RU;Value on 3rd Wed. at 11;Import;Harmonized;M;NaM
Physical Energy & Power Flows;2020;11;2477;2477;2477;FI;SE;Value on 3rd Wed. at 11;Import;Harmonized;M;M
Physical Energy & Power Flows;2020;11;730;730;730;FR;BE;Value on 3rd Wed. at 11;Import;Harmonized;M;M
Physical Energy & Power Flows;2020;11;1511;1511;1511;FR;CH;Value on 3rd Wed. at 11;Export;Harmonized;M;M
Physical Energy & Power Flows;2020;11;1508;1508;1508;FR;DE;Value on 3rd Wed. at 11;Export;Harmonized;M;M
Physical Energy & Power Flows;2020;11;2443;2443;2443;FR;ES;Value on 3rd Wed. at 11;Export;Harmonized;M;M
Physical Energy & Power Flows;2020;11;1924;1924;1924;FR;GB;Value on 3rd Wed. at 11;Export;Harmonized;M;M
Physical Energy & Power Flows;2020;11;2743;2743;2743;FR;IT;Value on 3rd Wed. at 11;Export;Harmonized;M;M
Physical Energy & Power Flows;2020;11;922;922;922;GB;BE;Value on 3rd Wed. at 11;Import;Harmonized;M;M
Physical Energy & Power Flows;2020;11;1924;1924;1924;GB;FR;Value on 3rd Wed. at 11;Import;Harmonized;M;M
Physical Energy & Power Flows;2020;11;486;486;486;GB;IE;Value on 3rd Wed. at 11;Import;Harmonized;M;M
Physical Energy & Power Flows;2020;11;818;818;818;GB;NL;Value on 3rd Wed. at 11;Import;Harmonized;M;M
Physical Energy & Power Flows;2020;11;12;12;12;GR;AL;Value on 3rd Wed. at 11;Export;Harmonized;M;M
Physical Energy & Power Flows;2020;11;0;0;0;GR;BG;Value on 3rd Wed. at 11;Import;Harmonized;M;M
Physical Energy & Power Flows;2020;11;248;248;248;GR;IT;Value on 3rd Wed. at 11;Import;Harmonized;M;M
Physical Energy & Power Flows;2020;11;154;154;154;GR;MK;Value on 3rd Wed. at 11;Import;Harmonized;M;M
Physical Energy & Power Flows;2020;11;330;330;330;GR;TR;Value on 3rd Wed. at 11;Import;Harmonized;M;M
Physical Energy & Power Flows;2020;11;79;79;79;HR;BA;Value on 3rd Wed. at 11;Import;Harmonized;M;M
Physical Energy & Power Flows;2020;12;1263;1263;1263;CZ;DE;Value on 3rd Wed. at 03;Import;Harmonized;M;M
Physical Energy & Power Flows;2020;12;428;428;428;CZ;PL;Value on 3rd Wed. at 03;Import;Harmonized;M;M
Physical Energy & Power Flows;2020;12;1489;1489;1489;CZ;SK;Value on 3rd Wed. at 03;Export;Harmonized;M;M
Physical Energy & Power Flows;2020;12;2339;2339;2339;DE;AT;Value on 3rd Wed. at 03;Export;Harmonized;M;M
Physical Energy & Power Flows;2020;12;0;0;0;DE;BE;Value on 3rd Wed. at 03;Import;Harmonized;M;M
Physical Energy & Power Flows;2020;12;2522;2522;2522;DE;CH;Value on 3rd Wed. at 03;Export;Harmonized;M;M
Physical Energy & Power Flows;2020;12;1263;1263;1263;DE;CZ;Value on 3rd Wed. at 03;Export;Harmonized;M;M
Physical Energy & Power Flows;2020;12;2212;2212;2212;DE;DK;Value on 3rd Wed. at 03;Import;Harmonized;M;M
Physical Energy & Power Flows;2020;12;2471;2471;2471;DE;FR;Value on 3rd Wed. at 03;Import;Harmonized;M;M
Physical Energy & Power Flows;2020;12;228;228;228;DE;LU;Value on 3rd Wed. at 03;Export;Harmonized;M;M
Physical Energy & Power Flows;2020;12;1859;1859;1859;DE;NL;Value on 3rd Wed. at 03;Import;Harmonized;M;M
Physical Energy & Power Flows;2020;12;0;0;0;DE;NO;Value on 3rd Wed. at 03;Import;Harmonized;M;M
Physical Energy & Power Flows;2020;12;810;810;810;DE;PL;Value on 3rd Wed. at 03;Export;Harmonized;M;M
Physical Energy & Power Flows;2020;12;607;607;607;DE;SE;Value on 3rd Wed. at 03;Import;Harmonized;M;M
Physical Energy & Power Flows;2020;12;2212;2212;2212;DK;DE;Value on 3rd Wed. at 03;Export;Harmonized;M;M
Physical Energy & Power Flows;2020;12;0;0;0;DK;NL;Value on 3rd Wed. at 03;Import;Harmonized;M;M
Physical Energy & Power Flows;2020;12;1632;1632;1632;DK;NO;Value on 3rd Wed. at 03;Import;Harmonized;M;M
Physical Energy & Power Flows;2020;12;1376;1376;1376;DK;SE;Value on 3rd Wed. at 03;Import;Harmonized;M;M
Physical Energy & Power Flows;2020;12;1015;1015;1015;EE;FI;Value on 3rd Wed. at 03;Import;Harmonized;M;M
Physical Energy & Power Flows;2020;12;324;324;324;EE;LV;Value on 3rd Wed. at 03;Export;Harmonized;M;M
Physical Energy & Power Flows;2020;12;302;302;302;EE;RU;Value on 3rd Wed. at 03;Export;Harmonized;M;NaM
Physical Energy & Power Flows;2020;12;1302;1302;1302;ES;FR;Value on 3rd Wed. at 03;Export;Harmonized;M;M
Physical Energy & Power Flows;2020;12;1101;1101;1101;ES;PT;Value on 3rd Wed. at 03;Import;Harmonized;M;M
Physical Energy & Power Flows;2020;12;1015;1015;1015;FI;EE;Value on 3rd Wed. at 03;Export;Harmonized;M;M
Physical Energy & Power Flows;2020;12;95;95;95;FI;NO;Value on 3rd Wed. at 03;Import;Harmonized;M;M
Physical Energy & Power Flows;2020;12;1021;1021;1021;FI;RU;Value on 3rd Wed. at 03;Import;Harmonized;M;NaM
Physical Energy & Power Flows;2020;12;2054;2054;2054;FI;SE;Value on 3rd Wed. at 03;Import;Harmonized;M;M
Physical Energy & Power Flows;2020;12;96;96;96;FR;BE;Value on 3rd Wed. at 03;Import;Harmonized;M;M
Physical Energy & Power Flows;2020;12;3301;3301;3301;FR;CH;Value on 3rd Wed. at 03;Export;Harmonized;M;M
Physical Energy & Power Flows;2020;12;2471;2471;2471;FR;DE;Value on 3rd Wed. at 03;Export;Harmonized;M;M
Physical Energy & Power Flows;2020;12;1302;1302;1302;FR;ES;Value on 3rd Wed. at 03;Import;Harmonized;M;M
Physical Energy & Power Flows;2020;12;1366;1366;1366;FR;GB;Value on 3rd Wed. at 03;Export;Harmonized;M;M
Physical Energy & Power Flows;2020;12;2526;2526;2526;FR;IT;Value on 3rd Wed. at 03;Export;Harmonized;M;M
Physical Energy & Power Flows;2020;12;195;195;195;GB;BE;Value on 3rd Wed. at 03;Import;Harmonized;M;M
Physical Energy & Power Flows;2020;12;1366;1366;1366;GB;FR;Value on 3rd Wed. at 03;Import;Harmonized;M;M
Physical Energy & Power Flows;2020;12;500;500;500;GB;IE;Value on 3rd Wed. at 03;Import;Harmonized;M;M
Physical Energy & Power Flows;2020;12;0;0;0;GB;NL;Value on 3rd Wed. at 03;Import;Harmonized;M;M
Physical Energy & Power Flows;2020;12;106;106;106;GR;AL;Value on 3rd Wed. at 03;Export;Harmonized;M;M
Physical Energy & Power Flows;2020;12;60;60;60;GR;BG;Value on 3rd Wed. at 03;Import;Harmonized;M;M
Physical Energy & Power Flows;2020;12;290;290;290;GR;IT;Value on 3rd Wed. at 03;Export;Harmonized;M;M
Physical Energy & Power Flows;2020;12;20;20;20;GR;MK;Value on 3rd Wed. at 03;Export;Harmonized;M;M
Physical Energy & Power Flows;2020;12;157;157;157;GR;TR;Value on 3rd Wed. at 03;Import;Harmonized;M;M
Physical Energy & Power Flows;2020;12;163;163;163;HR;BA;Value on 3rd Wed. at 03;Export;Harmonized;M;M
Physical Energy & Power Flows;2020;12;571;571;571;HR;HU;Value on 3rd Wed. at 03;Import;Harmonized;M;M
Physical Energy & Power Flows;2020;12;31;31;31;HR;RS;Value on 3rd Wed. at 03;Export;Harmonized;M;M
Physical Energy & Power Flows;2020;12;764;764;764;HR;SI;Value on 3rd Wed. at 03;Export;Harmonized;M;M
Physical Energy & Power Flows;2020;12;495;495;495;HU;AT;Value on 3rd Wed. at 03;Import;Harmonized;M;M
Physical Energy & Power Flows;2020;12;571;571;571;HU;HR;Value on 3rd Wed. at 03;Export;Harmonized;M;M
Physical Energy & Power Flows;2020;12;270;270;270;HU;RO;Value on 3rd Wed. at 03;Export;Harmonized;M;M
Physical Energy & Power Flows;2020;12;74;74;74;HU;RS;Value on 3rd Wed. at 03;Export;Harmonized;M;M
Physical Energy & Power Flows;2020;12;1161;1161;1161;HU;SK;Value on 3rd Wed. at 03;Import;Harmonized;M;M
Physical Energy & Power Flows;2020;12;324;324;324;HU;UA;Value on 3rd Wed. at 03;Import;Harmonized;M;NaM
Physical Energy & Power Flows;2020;4;192;192;192;AL;GR;Value on 3rd Wed. at 03;Export;Harmonized;M;M
Physical Energy & Power Flows;2020;4;121;121;121;AL;ME;Value on 3rd Wed. at 03;Import;Harmonized;M;M
Physical Energy & Power Flows;2020;4;7;7;7;AL;RS;Value on 3rd Wed. at 03;Export;Harmonized;M;M
Physical Energy & Power Flows;2020;4;471;471;471;AT;CH;Value on 3rd Wed. at 03;Import;Harmonized;M;M
Physical Energy & Power Flows;2020;4;425;425;425;AT;CZ;Value on 3rd Wed. at 03;Import;Harmonized;M;M
Physical Energy & Power Flows;2020;4;53;53;53;AT;DE;Value on 3rd Wed. at 03;Import;Harmonized;M;M
Physical Energy & Power Flows;2020;4;282;282;282;AT;HU;Value on 3rd Wed. at 03;Export;Harmonized;M;M
Physical Energy & Power Flows;2020;4;100;100;100;AT;IT;Value on 3rd Wed. at 03;Export;Harmonized;M;M
Physical Energy & Power Flows;2020;4;469;469;469;AT;SI;Value on 3rd Wed. at 03;Export;Harmonized;M;M
Physical Energy & Power Flows;2020;4;265;265;265;BA;HR;Value on 3rd Wed. at 03;Export;Harmonized;M;M
Physical Energy & Power Flows;2020;4;85;85;85;BA;ME;Value on 3rd Wed. at 03;Export;Harmonized;M;M
Physical Energy & Power Flows;2020;4;1;1;1;BA;RS;Value on 3rd Wed. at 03;Export;Harmonized;M;M
Physical Energy & Power Flows;2020;4;2527;2527;2527;BE;FR;Value on 3rd Wed. at 03;Import;Harmonized;M;M
Physical Energy & Power Flows;2020;4;771;771;771;BE;GB;Value on 3rd Wed. at 03;Export;Harmonized;M;M
Physical Energy & Power Flows;2020;4;0;0;0;BE;LU;Value on 3rd Wed. at 03;Import;Harmonized;M;M
Physical Energy & Power Flows;2020;4;618;618;618;BE;NL;Value on 3rd Wed. at 03;Export;Harmonized;M;M
Physical Energy & Power Flows;2020;4;0;0;0;BG;GR;Value on 3rd Wed. at 03;Import;Harmonized;M;M
Physical Energy & Power Flows;2020;4;164;164;164;BG;MK;Value on 3rd Wed. at 03;Export;Harmonized;M;M
Physical Energy & Power Flows;2020;4;234;234;234;BG;RO;Value on 3rd Wed. at 03;Import;Harmonized;M;M
Physical Energy & Power Flows;2020;4;46;46;46;BG;RS;Value on 3rd Wed. at 03;Export;Harmonized;M;M
Physical Energy & Power Flows;2020;4;156;156;156;BG;TR;Value on 3rd Wed. at 03;Export;Harmonized;M;M
Physical Energy & Power Flows;2020;4;15;15;15;BY;LT;Value on 3rd Wed. at 03;Export;Harmonized;NaM;M
Physical Energy & Power Flows;2020;4;128;128;128;BY;UA;Value on 3rd Wed. at 03;Import;Harmonized;NaM;NaM
Physical Energy & Power Flows;2020;4;471;471;471;CH;AT;Value on 3rd Wed. at 03;Export;Harmonized;M;M
Physical Energy & Power Flows;2020;4;616;616;616;CH;DE;Value on 3rd Wed. at 03;Export;Harmonized;M;M
Physical Energy & Power Flows;2020;4;2755;2755;2755;CH;FR;Value on 3rd Wed. at 03;Import;Harmonized;M;M
Physical Energy & Power Flows;2020;4;153;153;153;CH;IT;Value on 3rd Wed. at 03;Import;Harmonized;M;M
Physical Energy & Power Flows;2020;4;425;425;425;CZ;AT;Value on 3rd Wed. at 03;Export;Harmonized;M;M
Physical Energy & Power Flows;2020;4;784;784;784;CZ;DE;Value on 3rd Wed. at 03;Import;Harmonized;M;M
Physical Energy & Power Flows;2020;4;549;549;549;CZ;PL;Value on 3rd Wed. at 03;Import;Harmonized;M;M
Physical Energy & Power Flows;2020;4;412;412;412;CZ;SK;Value on 3rd Wed. at 03;Export;Harmonized;M;M
Physical Energy & Power Flows;2020;4;53;53;53;DE;AT;Value on 3rd Wed. at 03;Export;Harmonized;M;M
Physical Energy & Power Flows;2020;4;616;616;616;DE;CH;Value on 3rd Wed. at 03;Import;Harmonized;M;M
Physical Energy & Power Flows;2020;4;784;784;784;DE;CZ;Value on 3rd Wed. at 03;Export;Harmonized;M;M
Physical Energy & Power Flows;2020;4;396;396;396;DE;DK;Value on 3rd Wed. at 03;Import;Harmonized;M;M
Physical Energy & Power Flows;2020;6;145;145;145;TR;GR;Value on 3rd Wed. at 03;Export;Harmonized;M;M
Physical Energy & Power Flows;2020;6;526;526;526;UA;BY;Value on 3rd Wed. at 03;Export;Harmonized;NaM;NaM
Physical Energy & Power Flows;2020;6;140;140;140;UA;HU;Value on 3rd Wed. at 03;Import;Harmonized;NaM;M
Physical Energy & Power Flows;2020;6;33;33;33;UA;MD;Value on 3rd Wed. at 03;Export;Harmonized;NaM;NaM
Physical Energy & Power Flows;2020;6;153;153;153;UA;PL;Value on 3rd Wed. at 03;Export;Harmonized;NaM;M
Physical Energy & Power Flows;2020;6;198;198;198;UA;RO;Value on 3rd Wed. at 03;Export;Harmonized;NaM;M
Physical Energy & Power Flows;2020;6;477;477;477;UA;RU;Value on 3rd Wed. at 03;Import;Harmonized;NaM;NaM
Physical Energy & Power Flows;2020;6;65;65;65;UA;SK;Value on 3rd Wed. at 03;Import;Harmonized;NaM;M
Physical Energy & Power Flows;2020;6;0;0;0;LU;BE;Value on 3rd Wed. at 11;Export;Harmonized;M;M
Physical Energy & Power Flows;2020;6;579;579;579;LU;DE;Value on 3rd Wed. at 11;Import;Harmonized;M;M
Physical Energy & Power Flows;2020;6;175;175;175;LV;EE;Value on 3rd Wed. at 11;Import;Harmonized;M;M
Physical Energy & Power Flows;2020;6;447;447;447;LV;LT;Value on 3rd Wed. at 11;Export;Harmonized;M;M
Physical Energy & Power Flows;2020;6;3;3;3;LV;RU;Value on 3rd Wed. at 11;Import;Harmonized;M;NaM
Physical Energy & Power Flows;2020;6;0;0;0;MD;RO;Value on 3rd Wed. at 11;Import;Harmonized;NaM;M
Physical Energy & Power Flows;2020;6;0;0;0;MD;UA;Value on 3rd Wed. at 11;Import;Harmonized;NaM;NaM
Physical Energy & Power Flows;2020;6;268;268;268;ME;AL;Value on 3rd Wed. at 11;Export;Harmonized;M;M
Physical Energy & Power Flows;2020;6;46;46;46;ME;BA;Value on 3rd Wed. at 11;Import;Harmonized;M;M
Physical Energy & Power Flows;2020;6;584;584;584;ME;IT;Value on 3rd Wed. at 11;Import;Harmonized;M;M
Physical Energy & Power Flows;2020;6;366;366;366;ME;RS;Value on 3rd Wed. at 11;Export;Harmonized;M;M
Physical Energy & Power Flows;2020;6;90;90;90;MK;BG;Value on 3rd Wed. at 11;Import;Harmonized;M;M
Physical Energy & Power Flows;2020;6;4;4;4;MK;GR;Value on 3rd Wed. at 11;Export;Harmonized;M;M
Physical Energy & Power Flows;2020;6;53;53;53;MK;RS;Value on 3rd Wed. at 11;Import;Harmonized;M;M
Physical Energy & Power Flows;2020;6;1;1;1;MT;IT;Value on 3rd Wed. at 11;Import;Harmonized;NaM;M
Physical Energy & Power Flows;2020;6;1223;1223;1223;NL;BE;Value on 3rd Wed. at 11;Export;Harmonized;M;M
Physical Energy & Power Flows;2020;6;485;485;485;NL;DE;Value on 3rd Wed. at 11;Import;Harmonized;M;M
Physical Energy & Power Flows;2020;6;698;698;698;NL;DK;Value on 3rd Wed. at 11;Export;Harmonized;M;M
Physical Energy & Power Flows;2020;6;110;110;110;NL;GB;Value on 3rd Wed. at 11;Export;Harmonized;M;M
Physical Energy & Power Flows;2020;6;303;303;303;NL;NO;Value on 3rd Wed. at 11;Import;Harmonized;M;M
Physical Energy & Power Flows;2020;6;707;707;707;NO;DK;Value on 3rd Wed. at 11;Export;Harmonized;M;M
Physical Energy & Power Flows;2020;6;43;43;43;NO;FI;Value on 3rd Wed. at 11;Export;Harmonized;M;M
Physical Energy & Power Flows;2020;6;303;303;303;NO;NL;Value on 3rd Wed. at 11;Export;Harmonized;M;M
Physical Energy & Power Flows;2020;6;1709;1709;1709;NO;SE;Value on 3rd Wed. at 11;Export;Harmonized;M;M
Physical Energy & Power Flows;2020;6;58;58;58;PL;CZ;Value on 3rd Wed. at 11;Import;Harmonized;M;M
Physical Energy & Power Flows;2020;6;1164;1164;1164;PL;DE;Value on 3rd Wed. at 11;Import;Harmonized;M;M
Physical Energy & Power Flows;2020;6;475;475;475;PL;LT;Value on 3rd Wed. at 11;Import;Harmonized;M;M
Physical Energy & Power Flows;2020;6;498;498;498;PL;SE;Value on 3rd Wed. at 11;Import;Harmonized;M;M
Physical Energy & Power Flows;2020;6;16;16;16;PL;SK;Value on 3rd Wed. at 11;Export;Harmonized;M;M
Physical Energy & Power Flows;2020;6;151;151;151;PL;UA;Value on 3rd Wed. at 11;Import;Harmonized;M;NaM
Physical Energy & Power Flows;2020;6;1382;1382;1382;PT;ES;Value on 3rd Wed. at 11;Import;Harmonized;M;M
Physical Energy & Power Flows;2020;6;249;249;249;RO;BG;Value on 3rd Wed. at 11;Import;Harmonized;M;M
Physical Energy & Power Flows;2020;6;83;83;83;RO;HU;Value on 3rd Wed. at 11;Import;Harmonized;M;M
Physical Energy & Power Flows;2020;6;0;0;0;RO;MD;Value on 3rd Wed. at 11;Import;Harmonized;M;NaM
Physical Energy & Power Flows;2020;6;144;144;144;RO;RS;Value on 3rd Wed. at 11;Import;Harmonized;M;M
Physical Energy & Power Flows;2020;6;107;107;107;RO;UA;Value on 3rd Wed. at 11;Import;Harmonized;M;NaM
Physical Energy & Power Flows;2020;6;52;52;52;RS;AL;Value on 3rd Wed. at 11;Import;Harmonized;M;M
Physical Energy & Power Flows;2020;7;13;13;13;AL;GR;Value on 3rd Wed. at 03;Export;Harmonized;M;M
Physical Energy & Power Flows;2020;7;226;226;226;AL;ME;Value on 3rd Wed. at 03;Import;Harmonized;M;M
Physical Energy & Power Flows;2020;7;102;102;102;AL;RS;Value on 3rd Wed. at 03;Import;Harmonized;M;M
Physical Energy & Power Flows;2020;7;160;160;160;AT;CH;Value on 3rd Wed. at 03;Import;Harmonized;M;M
Physical Energy & Power Flows;2020;7;565;565;565;AT;CZ;Value on 3rd Wed. at 03;Import;Harmonized;M;M
Physical Energy & Power Flows;2020;7;86;86;86;AT;DE;Value on 3rd Wed. at 03;Import;Harmonized;M;M
Physical Energy & Power Flows;2020;7;540;540;540;AT;HU;Value on 3rd Wed. at 03;Export;Harmonized;M;M
Physical Energy & Power Flows;2020;7;139;139;139;AT;IT;Value on 3rd Wed. at 03;Export;Harmonized;M;M
Physical Energy & Power Flows;2020;7;361;361;361;AT;SI;Value on 3rd Wed. at 03;Export;Harmonized;M;M
Physical Energy & Power Flows;2020;7;458;458;458;BA;HR;Value on 3rd Wed. at 03;Import;Harmonized;M;M
Physical Energy & Power Flows;2020;7;536;536;536;BA;ME;Value on 3rd Wed. at 03;Export;Harmonized;M;M
Physical Energy & Power Flows;2020;7;75;75;75;BA;RS;Value on 3rd Wed. at 03;Export;Harmonized;M;M
Physical Energy & Power Flows;2020;7;1244;1244;1244;BE;FR;Value on 3rd Wed. at 03;Import;Harmonized;M;M
Physical Energy & Power Flows;2020;7;826;826;826;BE;GB;Value on 3rd Wed. at 03;Import;Harmonized;M;M
Physical Energy & Power Flows;2020;7;0;0;0;BE;LU;Value on 3rd Wed. at 03;Import;Harmonized;M;M
Physical Energy & Power Flows;2020;7;1656;1656;1656;BE;NL;Value on 3rd Wed. at 03;Export;Harmonized;M;M
Physical Energy & Power Flows;2020;7;334;334;334;BG;GR;Value on 3rd Wed. at 03;Export;Harmonized;M;M
Physical Energy & Power Flows;2020;7;197;197;197;BG;MK;Value on 3rd Wed. at 03;Export;Harmonized;M;M
Physical Energy & Power Flows;2020;7;38;38;38;BG;RO;Value on 3rd Wed. at 03;Import;Harmonized;M;M
Physical Energy & Power Flows;2020;7;5;5;5;BG;RS;Value on 3rd Wed. at 03;Import;Harmonized;M;M
Physical Energy & Power Flows;2020;7;24;24;24;BG;TR;Value on 3rd Wed. at 03;Import;Harmonized;M;M
Physical Energy & Power Flows;2020;7;342;342;342;BY;LT;Value on 3rd Wed. at 03;Export;Harmonized;NaM;M
Physical Energy & Power Flows;2020;7;236;236;236;BY;UA;Value on 3rd Wed. at 03;Import;Harmonized;NaM;NaM
Physical Energy & Power Flows;2020;7;160;160;160;CH;AT;Value on 3rd Wed. at 03;Export;Harmonized;M;M
Physical Energy & Power Flows;2020;7;241;241;241;CH;DE;Value on 3rd Wed. at 03;Export;Harmonized;M;M
Physical Energy & Power Flows;2020;7;2838;2838;2838;CH;FR;Value on 3rd Wed. at 03;Import;Harmonized;M;M
Physical Energy & Power Flows;2020;7;1339;1339;1339;CH;IT;Value on 3rd Wed. at 03;Export;Harmonized;M;M
Physical Energy & Power Flows;2020;7;565;565;565;CZ;AT;Value on 3rd Wed. at 03;Export;Harmonized;M;M
Physical Energy & Power Flows;2020;7;418;418;418;CZ;DE;Value on 3rd Wed. at 03;Import;Harmonized;M;M
Physical Energy & Power Flows;2020;7;717;717;717;CZ;PL;Value on 3rd Wed. at 03;Import;Harmonized;M;M
Physical Energy & Power Flows;2020;9;156;156;156;AL;GR;Value on 3rd Wed. at 03;Import;Harmonized;M;M
Physical Energy & Power Flows;2020;9;94;94;94;AL;ME;Value on 3rd Wed. at 03;Import;Harmonized;M;M
Physical Energy & Power Flows;2020;9;114;114;114;AL;RS;Value on 3rd Wed. at 03;Import;Harmonized;M;M
Physical Energy & Power Flows;2020;9;2;2;2;AT;CH;Value on 3rd Wed. at 03;Export;Harmonized;M;M
Physical Energy & Power Flows;2020;9;954;954;954;AT;CZ;Value on 3rd Wed. at 03;Import;Harmonized;M;M
Physical Energy & Power Flows;2020;9;107;107;107;AT;DE;Value on 3rd Wed. at 03;Import;Harmonized;M;M
Physical Energy & Power Flows;2020;9;53;53;53;AT;HU;Value on 3rd Wed. at 03;Import;Harmonized;M;M
Physical Energy & Power Flows;2020;9;129;129;129;AT;IT;Value on 3rd Wed. at 03;Export;Harmonized;M;M
Physical Energy & Power Flows;2020;9;167;167;167;AT;SI;Value on 3rd Wed. at 03;Export;Harmonized;M;M
Physical Energy & Power Flows;2020;9;51;51;51;BA;HR;Value on 3rd Wed. at 03;Export;Harmonized;M;M
Physical Energy & Power Flows;2020;9;345;345;345;BA;ME;Value on 3rd Wed. at 03;Export;Harmonized;M;M
Physical Energy & Power Flows;2020;9;211;211;211;BA;RS;Value on 3rd Wed. at 03;Import;Harmonized;M;M
Physical Energy & Power Flows;2020;9;807;807;807;BE;FR;Value on 3rd Wed. at 03;Export;Harmonized;M;M
Physical Energy & Power Flows;2020;9;974;974;974;BE;GB;Value on 3rd Wed. at 03;Import;Harmonized;M;M
Physical Energy & Power Flows;2020;9;3;3;3;PL;SE;Value on 3rd Wed. at 03;Import;Harmonized;M;M
Physical Energy & Power Flows;2020;9;366;366;366;PL;SK;Value on 3rd Wed. at 03;Export;Harmonized;M;M
Physical Energy & Power Flows;2020;9;152;152;152;PL;UA;Value on 3rd Wed. at 03;Import;Harmonized;M;NaM
Physical Energy & Power Flows;2020;9;519;519;519;PT;ES;Value on 3rd Wed. at 03;Export;Harmonized;M;M
Physical Energy & Power Flows;2020;9;104;104;104;RO;BG;Value on 3rd Wed. at 03;Import;Harmonized;M;M
Physical Energy & Power Flows;2020;9;133;133;133;RO;HU;Value on 3rd Wed. at 03;Import;Harmonized;M;M
Physical Energy & Power Flows;2020;9;0;0;0;RO;MD;Value on 3rd Wed. at 03;Import;Harmonized;M;NaM
Physical Energy & Power Flows;2020;9;137;137;137;RO;RS;Value on 3rd Wed. at 03;Export;Harmonized;M;M
Physical Energy & Power Flows;2020;9;309;309;309;RO;UA;Value on 3rd Wed. at 03;Import;Harmonized;M;NaM
Physical Energy & Power Flows;2020;9;114;114;114;RS;AL;Value on 3rd Wed. at 03;Export;Harmonized;M;M
Physical Energy & Power Flows;2020;9;211;211;211;RS;BA;Value on 3rd Wed. at 03;Export;Harmonized;M;M
Physical Energy & Power Flows;2020;9;95;95;95;RS;BG;Value on 3rd Wed. at 03;Import;Harmonized;M;M
Physical Energy & Power Flows;2020;9;110;110;110;RS;HR;Value on 3rd Wed. at 03;Export;Harmonized;M;M
Physical Energy & Power Flows;2020;9;102;102;102;RS;HU;Value on 3rd Wed. at 03;Export;Harmonized;M;M
Physical Energy & Power Flows;2020;9;308;308;308;RS;ME;Value on 3rd Wed. at 03;Export;Harmonized;M;M
Physical Energy & Power Flows;2020;9;268;268;268;RS;MK;Value on 3rd Wed. at 03;Export;Harmonized;M;M
Physical Energy & Power Flows;2020;9;137;137;137;RS;RO;Value on 3rd Wed. at 03;Import;Harmonized;M;M
Physical Energy & Power Flows;2020;9;176;176;176;RU;EE;Value on 3rd Wed. at 03;Import;Harmonized;NaM;M
Physical Energy & Power Flows;2020;9;780;780;780;RU;FI;Value on 3rd Wed. at 03;Export;Harmonized;NaM;M
Physical Energy & Power Flows;2020;9;451;451;451;RU;LT;Value on 3rd Wed. at 03;Export;Harmonized;NaM;M
Physical Energy & Power Flows;2020;9;144;144;144;RU;LV;Value on 3rd Wed. at 03;Export;Harmonized;NaM;M
Physical Energy & Power Flows;2020;9;346;346;346;RU;UA;Value on 3rd Wed. at 03;Export;Harmonized;NaM;NaM
Physical Energy & Power Flows;2020;9;507;507;507;SE;DE;Value on 3rd Wed. at 03;Export;Harmonized;M;M
Physical Energy & Power Flows;2020;9;481;481;481;SE;DK;Value on 3rd Wed. at 03;Export;Harmonized;M;M
Physical Energy & Power Flows;2020;9;1401;1401;1401;SE;FI;Value on 3rd Wed. at 03;Export;Harmonized;M;M
Physical Energy & Power Flows;2020;9;284;284;284;SE;LT;Value on 3rd Wed. at 03;Export;Harmonized;M;M
Physical Energy & Power Flows;2020;9;920;920;920;SE;NO;Value on 3rd Wed. at 03;Import;Harmonized;M;M
Physical Energy & Power Flows;2020;9;3;3;3;SE;PL;Value on 3rd Wed. at 03;Export;Harmonized;M;M
Physical Energy & Power Flows;2020;9;167;167;167;SI;AT;Value on 3rd Wed. at 03;Import;Harmonized;M;M
Physical Energy & Power Flows;2020;9;48;48;48;SI;HR;Value on 3rd Wed. at 03;Export;Harmonized;M;M
Physical Energy & Power Flows;2020;9;28;28;28;SI;IT;Value on 3rd Wed. at 03;Import;Harmonized;M;M
Physical Energy & Power Flows;2020;9;676;676;676;SK;CZ;Value on 3rd Wed. at 03;Import;Harmonized;M;M
Physical Energy & Power Flows;2020;9;686;686;686;SK;HU;Value on 3rd Wed. at 03;Export;Harmonized;M;M
Physical Energy & Power Flows;2020;9;366;366;366;SK;PL;Value on 3rd Wed. at 03;Import;Harmonized;M;M
Physical Energy & Power Flows;2020;10;0;0;0;LT;PL;Value on 3rd Wed. at 11;Import;Harmonized;M;M
Physical Energy & Power Flows;2020;10;189;189;189;LT;RU;Value on 3rd Wed. at 11;Import;Harmonized;M;NaM
Physical Energy & Power Flows;2020;10;486;486;486;LT;SE;Value on 3rd Wed. at 11;Import;Harmonized;M;M
Physical Energy & Power Flows;2020;10;109;109;109;LU;BE;Value on 3rd Wed. at 11;Import;Harmonized;M;M
Physical Energy & Power Flows;2020;10;395;395;395;LU;DE;Value on 3rd Wed. at 11;Import;Harmonized;M;M
Physical Energy & Power Flows;2020;10;241;241;241;LV;EE;Value on 3rd Wed. at 11;Import;Harmonized;M;M
Physical Energy & Power Flows;2020;10;170;170;170;LV;LT;Value on 3rd Wed. at 11;Export;Harmonized;M;M
Physical Energy & Power Flows;2020;10;100;100;100;LV;RU;Value on 3rd Wed. at 11;Import;Harmonized;M;NaM
Physical Energy & Power Flows;2020;10;0;0;0;MD;RO;Value on 3rd Wed. at 11;Import;Harmonized;NaM;M
Physical Energy & Power Flows;2020;10;53;53;53;MD;UA;Value on 3rd Wed. at 11;Export;Harmonized;NaM;NaM
Physical Energy & Power Flows;2020;10;88;88;88;ME;AL;Value on 3rd Wed. at 11;Import;Harmonized;M;M
Physical Energy & Power Flows;2020;10;169;169;169;ME;BA;Value on 3rd Wed. at 11;Import;Harmonized;M;M
Physical Energy & Power Flows;2020;10;526;526;526;ME;IT;Value on 3rd Wed. at 11;Export;Harmonized;M;M
Physical Energy & Power Flows;2020;10;1;1;1;ME;RS;Value on 3rd Wed. at 11;Import;Harmonized;M;M
Physical Energy & Power Flows;2020;10;0;0;0;MK;BG;Value on 3rd Wed. at 11;Import;Harmonized;M;M
Physical Energy & Power Flows;2020;10;325;325;325;MK;GR;Value on 3rd Wed. at 11;Import;Harmonized;M;M
Physical Energy & Power Flows;2020;10;69;69;69;MK;RS;Value on 3rd Wed. at 11;Export;Harmonized;M;M
Physical Energy & Power Flows;2020;10;53;53;53;MT;IT;Value on 3rd Wed. at 11;Import;Harmonized;NaM;M
Physical Energy & Power Flows;2020;10;664;664;664;NL;BE;Value on 3rd Wed. at 11;Import;Harmonized;M;M
Physical Energy & Power Flows;2020;10;553;553;553;NL;DE;Value on 3rd Wed. at 11;Import;Harmonized;M;M
Physical Energy & Power Flows;2020;10;0;0;0;NL;DK;Value on 3rd Wed. at 11;Import;Harmonized;M;M
Physical Energy & Power Flows;2020;10;1011;1011;1011;NL;GB;Value on 3rd Wed. at 11;Export;Harmonized;M;M
Physical Energy & Power Flows;2020;10;704;704;704;NL;NO;Value on 3rd Wed. at 11;Import;Harmonized;M;M
Physical Energy & Power Flows;2020;10;61;61;61;NO;DE;Value on 3rd Wed. at 11;Export;Harmonized;M;M
Physical Energy & Power Flows;2020;10;952;952;952;NO;DK;Value on 3rd Wed. at 11;Export;Harmonized;M;M
Physical Energy & Power Flows;2020;10;3;3;3;NO;FI;Value on 3rd Wed. at 11;Import;Harmonized;M;M
Physical Energy & Power Flows;2020;10;704;704;704;NO;NL;Value on 3rd Wed. at 11;Export;Harmonized;M;M
Physical Energy & Power Flows;2020;10;2796;2796;2796;NO;SE;Value on 3rd Wed. at 11;Export;Harmonized;M;M
Physical Energy & Power Flows;2020;10;436;436;436;PL;CZ;Value on 3rd Wed. at 11;Import;Harmonized;M;M
Physical Energy & Power Flows;2020;10;1273;1273;1273;PL;DE;Value on 3rd Wed. at 11;Import;Harmonized;M;M
Physical Energy & Power Flows;2020;10;0;0;0;PL;LT;Value on 3rd Wed. at 11;Import;Harmonized;M;M
Physical Energy & Power Flows;2020;10;598;598;598;PL;SE;Value on 3rd Wed. at 11;Import;Harmonized;M;M
Physical Energy & Power Flows;2020;10;6;6;6;PL;SK;Value on 3rd Wed. at 11;Export;Harmonized;M;M
Physical Energy & Power Flows;2020;10;209;209;209;PL;UA;Value on 3rd Wed. at 11;Import;Harmonized;M;NaM
Physical Energy & Power Flows;2020;10;2914;2914;2914;PT;ES;Value on 3rd Wed. at 11;Export;Harmonized;M;M
Physical Energy & Power Flows;2020;10;296;296;296;RO;BG;Value on 3rd Wed. at 11;Import;Harmonized;M;M
Physical Energy & Power Flows;2020;10;16;16;16;RO;HU;Value on 3rd Wed. at 11;Export;Harmonized;M;M
Physical Energy & Power Flows;2020;11;142;142;142;RS;RO;Value on 3rd Wed. at 03;Import;Harmonized;M;M
Physical Energy & Power Flows;2020;11;343;343;343;RU;EE;Value on 3rd Wed. at 03;Import;Harmonized;NaM;M
Physical Energy & Power Flows;2020;11;79;79;79;RU;FI;Value on 3rd Wed. at 03;Export;Harmonized;NaM;M
Physical Energy & Power Flows;2020;11;305;305;305;RU;LT;Value on 3rd Wed. at 03;Export;Harmonized;NaM;M
Physical Energy & Power Flows;2020;11;12;12;12;RU;LV;Value on 3rd Wed. at 03;Export;Harmonized;NaM;M
Physical Energy & Power Flows;2020;11;123;123;123;RU;UA;Value on 3rd Wed. at 03;Import;Harmonized;NaM;NaM
Physical Energy & Power Flows;2020;11;610;610;610;SE;DE;Value on 3rd Wed. at 03;Export;Harmonized;M;M
Physical Energy & Power Flows;2020;11;499;499;499;SE;DK;Value on 3rd Wed. at 03;Import;Harmonized;M;M
Physical Energy & Power Flows;2020;11;1721;1721;1721;SE;FI;Value on 3rd Wed. at 03;Export;Harmonized;M;M
Physical Energy & Power Flows;2020;11;733;733;733;SE;LT;Value on 3rd Wed. at 03;Export;Harmonized;M;M
Physical Energy & Power Flows;2020;11;938;938;938;SE;NO;Value on 3rd Wed. at 03;Export;Harmonized;M;M
Physical Energy & Power Flows;2020;11;598;598;598;SE;PL;Value on 3rd Wed. at 03;Export;Harmonized;M;M
Physical Energy & Power Flows;2020;11;741;741;741;SI;AT;Value on 3rd Wed. at 03;Import;Harmonized;M;M
Physical Energy & Power Flows;2020;11;347;347;347;SI;HR;Value on 3rd Wed. at 03;Import;Harmonized;M;M
Physical Energy & Power Flows;2020;11;819;819;819;SI;IT;Value on 3rd Wed. at 03;Export;Harmonized;M;M
Physical Energy & Power Flows;2020;11;1005;1005;1005;SK;CZ;Value on 3rd Wed. at 03;Import;Harmonized;M;M
Physical Energy & Power Flows;2020;11;1302;1302;1302;SK;HU;Value on 3rd Wed. at 03;Export;Harmonized;M;M
Physical Energy & Power Flows;2020;11;595;595;595;SK;PL;Value on 3rd Wed. at 03;Import;Harmonized;M;M
Physical Energy & Power Flows;2020;11;480;480;480;SK;UA;Value on 3rd Wed. at 03;Export;Harmonized;M;NaM
Physical Energy & Power Flows;2020;11;6;6;6;TR;BG;Value on 3rd Wed. at 03;Import;Harmonized;M;M
Physical Energy & Power Flows;2020;11;227;227;227;TR;GR;Value on 3rd Wed. at 03;Export;Harmonized;M;M
Physical Energy & Power Flows;2020;11;134;134;134;UA;BY;Value on 3rd Wed. at 03;Import;Harmonized;NaM;NaM
Physical Energy & Power Flows;2020;11;393;393;393;UA;HU;Value on 3rd Wed. at 03;Export;Harmonized;NaM;M
Physical Energy & Power Flows;2020;11;16;16;16;UA;MD;Value on 3rd Wed. at 03;Export;Harmonized;NaM;NaM
Physical Energy & Power Flows;2020;11;209;209;209;UA;PL;Value on 3rd Wed. at 03;Export;Harmonized;NaM;M
Physical Energy & Power Flows;2020;12;191;191;191;AL;GR;Value on 3rd Wed. at 11;Import;Harmonized;M;M
Physical Energy & Power Flows;2020;12;509;509;509;AL;ME;Value on 3rd Wed. at 11;Import;Harmonized;M;M
Physical Energy & Power Flows;2020;12;425;425;425;AT;CH;Value on 3rd Wed. at 11;Export;Harmonized;M;M
Physical Energy & Power Flows;2020;12;1196;1196;1196;AT;CZ;Value on 3rd Wed. at 11;Import;Harmonized;M;M
Physical Energy & Power Flows;2020;12;1578;1578;1578;AT;DE;Value on 3rd Wed. at 11;Import;Harmonized;M;M
Physical Energy & Power Flows;2020;4;28;28;28;AL;GR;Value on 3rd Wed. at 11;Export;Harmonized;M;M
Physical Energy & Power Flows;2020;4;276;276;276;AL;ME;Value on 3rd Wed. at 11;Import;Harmonized;M;M
Physical Energy & Power Flows;2020;4;51;51;51;AL;RS;Value on 3rd Wed. at 11;Export;Harmonized;M;M
Physical Energy & Power Flows;2020;4;283;283;283;AT;CH;Value on 3rd Wed. at 11;Export;Harmonized;M;M
Physical Energy & Power Flows;2020;4;421;421;421;AT;CZ;Value on 3rd Wed. at 11;Import;Harmonized;M;M
Physical Energy & Power Flows;2020;4;2229;2229;2229;AT;DE;Value on 3rd Wed. at 11;Import;Harmonized;M;M
Physical Energy & Power Flows;2020;4;873;873;873;AT;HU;Value on 3rd Wed. at 11;Export;Harmonized;M;M
Physical Energy & Power Flows;2020;4;93;93;93;AT;IT;Value on 3rd Wed. at 11;Export;Harmonized;M;M
Physical Energy & Power Flows;2020;4;917;917;917;AT;SI;Value on 3rd Wed. at 11;Export;Harmonized;M;M
Physical Energy & Power Flows;2020;4;97;97;97;BA;HR;Value on 3rd Wed. at 11;Import;Harmonized;M;M
Physical Energy & Power Flows;2020;4;132;132;132;BA;ME;Value on 3rd Wed. at 11;Export;Harmonized;M;M
Physical Energy & Power Flows;2020;4;21;21;21;BA;RS;Value on 3rd Wed. at 11;Export;Harmonized;M;M
Physical Energy & Power Flows;2020;4;1327;1327;1327;BE;FR;Value on 3rd Wed. at 11;Import;Harmonized;M;M
Physical Energy & Power Flows;2020;4;923;923;923;BE;GB;Value on 3rd Wed. at 11;Export;Harmonized;M;M
Physical Energy & Power Flows;2020;4;0;0;0;BE;LU;Value on 3rd Wed. at 11;Import;Harmonized;M;M
Physical Energy & Power Flows;2020;4;121;121;121;BE;NL;Value on 3rd Wed. at 11;Import;Harmonized;M;M
Physical Energy & Power Flows;2020;4;0;0;0;BG;GR;Value on 3rd Wed. at 11;Import;Harmonized;M;M
Physical Energy & Power Flows;2020;4;162;162;162;BG;MK;Value on 3rd Wed. at 11;Export;Harmonized;M;M
Physical Energy & Power Flows;2020;4;504;504;504;BG;RO;Value on 3rd Wed. at 11;Import;Harmonized;M;M
Physical Energy & Power Flows;2020;4;19;19;19;BG;RS;Value on 3rd Wed. at 11;Import;Harmonized;M;M
Physical Energy & Power Flows;2020;4;246;246;246;BG;TR;Value on 3rd Wed. at 11;Export;Harmonized;M;M
Physical Energy & Power Flows;2020;4;169;169;169;BY;LT;Value on 3rd Wed. at 11;Import;Harmonized;NaM;M
Physical Energy & Power Flows;2020;4;132;132;132;BY;UA;Value on 3rd Wed. at 11;Import;Harmonized;NaM;NaM
Physical Energy & Power Flows;2020;4;283;283;283;CH;AT;Value on 3rd Wed. at 11;Import;Harmonized;M;M
Physical Energy & Power Flows;2020;4;72;72;72;CH;DE;Value on 3rd Wed. at 11;Export;Harmonized;M;M
Physical Energy & Power Flows;2020;4;380;380;380;CH;FR;Value on 3rd Wed. at 11;Import;Harmonized;M;M
Physical Energy & Power Flows;2020;4;44;44;44;CH;IT;Value on 3rd Wed. at 11;Export;Harmonized;M;M
Physical Energy & Power Flows;2020;4;421;421;421;CZ;AT;Value on 3rd Wed. at 11;Export;Harmonized;M;M
Physical Energy & Power Flows;2020;5;434;434;434;HU;SK;Value on 3rd Wed. at 03;Import;Harmonized;M;M
Physical Energy & Power Flows;2020;5;112;112;112;HU;UA;Value on 3rd Wed. at 03;Export;Harmonized;M;NaM
Physical Energy & Power Flows;2020;5;0;0;0;IE;GB;Value on 3rd Wed. at 03;Export;Harmonized;M;M
Physical Energy & Power Flows;2020;5;184;184;184;IT;AT;Value on 3rd Wed. at 03;Import;Harmonized;M;M
Physical Energy & Power Flows;2020;5;459;459;459;IT;CH;Value on 3rd Wed. at 03;Export;Harmonized;M;M
Physical Energy & Power Flows;2020;5;1931;1931;1931;IT;FR;Value on 3rd Wed. at 03;Import;Harmonized;M;M
Physical Energy & Power Flows;2020;5;180;180;180;RS;BA;Value on 3rd Wed. at 11;Import;Harmonized;M;M
Physical Energy & Power Flows;2020;5;32;32;32;RS;BG;Value on 3rd Wed. at 11;Export;Harmonized;M;M
Physical Energy & Power Flows;2020;5;221;221;221;RS;HR;Value on 3rd Wed. at 11;Import;Harmonized;M;M
Physical Energy & Power Flows;2020;5;283;283;283;RS;HU;Value on 3rd Wed. at 11;Import;Harmonized;M;M
Physical Energy & Power Flows;2020;5;38;38;38;RS;ME;Value on 3rd Wed. at 11;Import;Harmonized;M;M
Physical Energy & Power Flows;2020;5;419;419;419;RS;MK;Value on 3rd Wed. at 11;Export;Harmonized;M;M
Physical Energy & Power Flows;2020;5;337;337;337;RS;RO;Value on 3rd Wed. at 11;Export;Harmonized;M;M
Physical Energy & Power Flows;2020;5;87;87;87;RU;EE;Value on 3rd Wed. at 11;Export;Harmonized;NaM;M
Physical Energy & Power Flows;2020;5;1;1;1;RU;FI;Value on 3rd Wed. at 11;Export;Harmonized;NaM;M
Physical Energy & Power Flows;2020;5;130;130;130;RU;LT;Value on 3rd Wed. at 11;Export;Harmonized;NaM;M
Physical Energy & Power Flows;2020;5;5;5;5;RU;LV;Value on 3rd Wed. at 11;Export;Harmonized;NaM;M
Physical Energy & Power Flows;2020;5;78;78;78;RU;UA;Value on 3rd Wed. at 11;Export;Harmonized;NaM;NaM
Physical Energy & Power Flows;2020;5;0;0;0;SE;DE;Value on 3rd Wed. at 11;Export;Harmonized;M;M
Physical Energy & Power Flows;2020;5;240;240;240;SE;DK;Value on 3rd Wed. at 11;Export;Harmonized;M;M
Physical Energy & Power Flows;2020;5;2415;2415;2415;SE;FI;Value on 3rd Wed. at 11;Export;Harmonized;M;M
Physical Energy & Power Flows;2020;5;393;393;393;SE;LT;Value on 3rd Wed. at 11;Export;Harmonized;M;M
Physical Energy & Power Flows;2020;5;1696;1696;1696;SE;NO;Value on 3rd Wed. at 11;Import;Harmonized;M;M
Physical Energy & Power Flows;2020;5;399;399;399;SE;PL;Value on 3rd Wed. at 11;Export;Harmonized;M;M
Physical Energy & Power Flows;2020;5;888;888;888;SI;AT;Value on 3rd Wed. at 11;Import;Harmonized;M;M
Physical Energy & Power Flows;2020;5;1261;1261;1261;SI;HR;Value on 3rd Wed. at 11;Export;Harmonized;M;M
Physical Energy & Power Flows;2020;5;17;17;17;SI;IT;Value on 3rd Wed. at 11;Export;Harmonized;M;M
Physical Energy & Power Flows;2020;5;1149;1149;1149;SK;CZ;Value on 3rd Wed. at 11;Import;Harmonized;M;M
Physical Energy & Power Flows;2020;5;709;709;709;SK;HU;Value on 3rd Wed. at 11;Export;Harmonized;M;M
Physical Energy & Power Flows;2020;5;124;124;124;SK;PL;Value on 3rd Wed. at 11;Import;Harmonized;M;M
Physical Energy & Power Flows;2020;5;196;196;196;SK;UA;Value on 3rd Wed. at 11;Export;Harmonized;M;NaM
Physical Energy & Power Flows;2020;5;439;439;439;TR;BG;Value on 3rd Wed. at 11;Import;Harmonized;M;M
Physical Energy & Power Flows;2020;5;86;86;86;TR;GR;Value on 3rd Wed. at 11;Export;Harmonized;M;M
Physical Energy & Power Flows;2020;5;106;106;106;UA;BY;Value on 3rd Wed. at 11;Export;Harmonized;NaM;NaM
Physical Energy & Power Flows;2020;5;171;171;171;UA;HU;Value on 3rd Wed. at 11;Import;Harmonized;NaM;M
Physical Energy & Power Flows;2020;5;27;27;27;UA;MD;Value on 3rd Wed. at 11;Export;Harmonized;NaM;NaM
Physical Energy & Power Flows;2020;5;193;193;193;UA;PL;Value on 3rd Wed. at 11;Export;Harmonized;NaM;M
Physical Energy & Power Flows;2020;5;358;358;358;UA;RO;Value on 3rd Wed. at 11;Export;Harmonized;NaM;M
Physical Energy & Power Flows;2020;5;78;78;78;UA;RU;Value on 3rd Wed. at 11;Import;Harmonized;NaM;NaM
Physical Energy & Power Flows;2020;5;196;196;196;UA;SK;Value on 3rd Wed. at 11;Import;Harmonized;NaM;M
Physical Energy & Power Flows;2020;6;307;307;307;RU;EE;Value on 3rd Wed. at 03;Import;Harmonized;NaM;M
Physical Energy & Power Flows;2020;6;1;1;1;RU;FI;Value on 3rd Wed. at 03;Export;Harmonized;NaM;M
Physical Energy & Power Flows;2020;6;89;89;89;RU;LT;Value on 3rd Wed. at 03;Export;Harmonized;NaM;M
Physical Energy & Power Flows;2020;6;3;3;3;RU;LV;Value on 3rd Wed. at 03;Export;Harmonized;NaM;M
Physical Energy & Power Flows;2020;6;477;477;477;RU;UA;Value on 3rd Wed. at 03;Export;Harmonized;NaM;NaM
Physical Energy & Power Flows;2020;6;609;609;609;SE;DE;Value on 3rd Wed. at 03;Export;Harmonized;M;M
Physical Energy & Power Flows;2020;6;269;269;269;SE;DK;Value on 3rd Wed. at 03;Export;Harmonized;M;M
Physical Energy & Power Flows;2020;6;976;976;976;SE;FI;Value on 3rd Wed. at 03;Export;Harmonized;M;M
Physical Energy & Power Flows;2020;6;714;714;714;SE;LT;Value on 3rd Wed. at 03;Export;Harmonized;M;M
Physical Energy & Power Flows;2020;6;858;858;858;SE;NO;Value on 3rd Wed. at 03;Import;Harmonized;M;M
Physical Energy & Power Flows;2020;6;537;537;537;SE;PL;Value on 3rd Wed. at 03;Export;Harmonized;M;M
Physical Energy & Power Flows;2020;6;438;438;438;SI;AT;Value on 3rd Wed. at 03;Import;Harmonized;M;M
Physical Energy & Power Flows;2020;6;607;607;607;SI;HR;Value on 3rd Wed. at 03;Export;Harmonized;M;M
Physical Energy & Power Flows;2020;6;500;500;500;SI;IT;Value on 3rd Wed. at 03;Export;Harmonized;M;M
Physical Energy & Power Flows;2020;6;440;440;440;SK;CZ;Value on 3rd Wed. at 03;Import;Harmonized;M;M
Physical Energy & Power Flows;2020;6;974;974;974;SK;HU;Value on 3rd Wed. at 03;Export;Harmonized;M;M
Physical Energy & Power Flows;2020;6;138;138;138;SK;PL;Value on 3rd Wed. at 03;Import;Harmonized;M;M
Physical Energy & Power Flows;2020;6;65;65;65;SK;UA;Value on 3rd Wed. at 03;Export;Harmonized;M;NaM
Physical Energy & Power Flows;2020;9;0;0;0;DE;BE;Monthly Value;Export;Harmonized;M;M
Physical Energy & Power Flows;2020;6;289;289;289;TR;BG;Value on 3rd Wed. at 03;Import;Harmonized;M;M
Physical Energy & Power Flows;2020;7;787;787;787;CZ;SK;Value on 3rd Wed. at 03;Export;Harmonized;M;M
Physical Energy & Power Flows;2020;7;86;86;86;DE;AT;Value on 3rd Wed. at 03;Export;Harmonized;M;M
Physical Energy & Power Flows;2020;7;241;241;241;DE;CH;Value on 3rd Wed. at 03;Import;Harmonized;M;M
Physical Energy & Power Flows;2020;7;418;418;418;DE;CZ;Value on 3rd Wed. at 03;Export;Harmonized;M;M
Physical Energy & Power Flows;2020;7;1787;1787;1787;DE;DK;Value on 3rd Wed. at 03;Import;Harmonized;M;M
Physical Energy & Power Flows;2020;7;4013;4013;4013;DE;FR;Value on 3rd Wed. at 03;Import;Harmonized;M;M
Physical Energy & Power Flows;2020;7;380;380;380;DE;LU;Value on 3rd Wed. at 03;Export;Harmonized;M;M
Physical Energy & Power Flows;2020;7;3904;3904;3904;DE;NL;Value on 3rd Wed. at 03;Import;Harmonized;M;M
Physical Energy & Power Flows;2020;7;1108;1108;1108;DE;PL;Value on 3rd Wed. at 03;Export;Harmonized;M;M
Physical Energy & Power Flows;2020;7;608;608;608;DE;SE;Value on 3rd Wed. at 03;Import;Harmonized;M;M
Physical Energy & Power Flows;2020;7;1787;1787;1787;DK;DE;Value on 3rd Wed. at 03;Export;Harmonized;M;M
Physical Energy & Power Flows;2020;7;691;691;691;DK;NL;Value on 3rd Wed. at 03;Import;Harmonized;M;M
Physical Energy & Power Flows;2020;7;1161;1161;1161;DK;NO;Value on 3rd Wed. at 03;Import;Harmonized;M;M
Physical Energy & Power Flows;2020;7;1653;1653;1653;DK;SE;Value on 3rd Wed. at 03;Import;Harmonized;M;M
Physical Energy & Power Flows;2020;7;941;941;941;EE;FI;Value on 3rd Wed. at 03;Import;Harmonized;M;M
Physical Energy & Power Flows;2020;7;567;567;567;EE;LV;Value on 3rd Wed. at 03;Export;Harmonized;M;M
Physical Energy & Power Flows;2020;7;171;171;171;EE;RU;Value on 3rd Wed. at 03;Export;Harmonized;M;NaM
Physical Energy & Power Flows;2020;7;2967;2967;2967;ES;FR;Value on 3rd Wed. at 03;Export;Harmonized;M;M
Physical Energy & Power Flows;2020;7;755;755;755;ES;PT;Value on 3rd Wed. at 03;Export;Harmonized;M;M
Physical Energy & Power Flows;2020;7;941;941;941;FI;EE;Value on 3rd Wed. at 03;Export;Harmonized;M;M
Physical Energy & Power Flows;2020;7;62;62;62;FI;NO;Value on 3rd Wed. at 03;Import;Harmonized;M;M
Physical Energy & Power Flows;2020;7;3;3;3;FI;RU;Value on 3rd Wed. at 03;Import;Harmonized;M;NaM
Physical Energy & Power Flows;2020;7;226;226;226;SK;HU;Value on 3rd Wed. at 11;Export;Harmonized;M;M
Physical Energy & Power Flows;2020;7;25;25;25;SK;PL;Value on 3rd Wed. at 11;Export;Harmonized;M;M
Physical Energy & Power Flows;2020;7;50;50;50;SK;UA;Value on 3rd Wed. at 11;Export;Harmonized;M;NaM
Physical Energy & Power Flows;2020;7;118;118;118;TR;BG;Value on 3rd Wed. at 11;Export;Harmonized;M;M
Physical Energy & Power Flows;2020;7;129;129;129;TR;GR;Value on 3rd Wed. at 11;Export;Harmonized;M;M
Physical Energy & Power Flows;2020;7;149;149;149;UA;BY;Value on 3rd Wed. at 11;Export;Harmonized;NaM;NaM
Physical Energy & Power Flows;2020;7;22;22;22;UA;HU;Value on 3rd Wed. at 11;Export;Harmonized;NaM;M
Physical Energy & Power Flows;2020;7;62;62;62;UA;MD;Value on 3rd Wed. at 11;Import;Harmonized;NaM;NaM
Physical Energy & Power Flows;2020;7;155;155;155;UA;PL;Value on 3rd Wed. at 11;Export;Harmonized;NaM;M
Physical Energy & Power Flows;2020;7;17;17;17;UA;RO;Value on 3rd Wed. at 11;Export;Harmonized;NaM;M
Physical Energy & Power Flows;2020;7;30;30;30;UA;RU;Value on 3rd Wed. at 11;Export;Harmonized;NaM;NaM
Physical Energy & Power Flows;2020;7;50;50;50;UA;SK;Value on 3rd Wed. at 11;Import;Harmonized;NaM;M
Physical Energy & Power Flows;2020;7;2;2;2;SE;DE;Value on 3rd Wed. at 11;Import;Harmonized;M;M
Physical Energy & Power Flows;2020;7;1507;1507;1507;SE;DK;Value on 3rd Wed. at 11;Export;Harmonized;M;M
Physical Energy & Power Flows;2020;7;2448;2448;2448;SE;FI;Value on 3rd Wed. at 11;Export;Harmonized;M;M
Physical Energy & Power Flows;2020;7;215;215;215;SE;LT;Value on 3rd Wed. at 11;Export;Harmonized;M;M
Physical Energy & Power Flows;2020;7;1612;1612;1612;SE;NO;Value on 3rd Wed. at 11;Import;Harmonized;M;M
Physical Energy & Power Flows;2020;7;597;597;597;SE;PL;Value on 3rd Wed. at 11;Export;Harmonized;M;M
Physical Energy & Power Flows;2020;7;179;179;179;SI;AT;Value on 3rd Wed. at 11;Export;Harmonized;M;M
Physical Energy & Power Flows;2020;7;1087;1087;1087;SI;HR;Value on 3rd Wed. at 11;Export;Harmonized;M;M
Physical Energy & Power Flows;2020;7;725;725;725;SI;IT;Value on 3rd Wed. at 11;Import;Harmonized;M;M
Physical Energy & Power Flows;2020;7;512;512;512;SK;CZ;Value on 3rd Wed. at 11;Import;Harmonized;M;M
Physical Energy & Power Flows;2020;8;269;269;269;UA;BY;Value on 3rd Wed. at 11;Export;Harmonized;NaM;NaM
Physical Energy & Power Flows;2020;8;52;52;52;AL;GR;Value on 3rd Wed. at 03;Export;Harmonized;M;M
Physical Energy & Power Flows;2020;8;211;211;211;AL;ME;Value on 3rd Wed. at 03;Import;Harmonized;M;M
Physical Energy & Power Flows;2020;8;117;117;117;AL;RS;Value on 3rd Wed. at 03;Import;Harmonized;M;M
Physical Energy & Power Flows;2020;8;183;183;183;AT;CH;Value on 3rd Wed. at 03;Export;Harmonized;M;M
Physical Energy & Power Flows;2020;8;387;387;387;AT;CZ;Value on 3rd Wed. at 03;Import;Harmonized;M;M
Physical Energy & Power Flows;2020;8;552;552;552;AT;DE;Value on 3rd Wed. at 03;Export;Harmonized;M;M
Physical Energy & Power Flows;2020;8;590;590;590;AT;HU;Value on 3rd Wed. at 03;Export;Harmonized;M;M
Physical Energy & Power Flows;2020;8;182;182;182;AT;IT;Value on 3rd Wed. at 03;Export;Harmonized;M;M
Physical Energy & Power Flows;2020;4;0;0;0;SK;UA;Monthly Value;Import;Harmonized;M;NaM
Physical Energy & Power Flows;2020;8;211;211;211;AT;SI;Value on 3rd Wed. at 03;Export;Harmonized;M;M
Physical Energy & Power Flows;2020;8;52;52;52;BA;HR;Value on 3rd Wed. at 03;Export;Harmonized;M;M
Physical Energy & Power Flows;2020;8;46;46;46;FI;NO;Value on 3rd Wed. at 11;Import;Harmonized;M;M
Physical Energy & Power Flows;2020;8;193;193;193;FI;RU;Value on 3rd Wed. at 11;Import;Harmonized;M;NaM
Physical Energy & Power Flows;2020;8;1345;1345;1345;FI;SE;Value on 3rd Wed. at 11;Import;Harmonized;M;M
Physical Energy & Power Flows;2020;8;806;806;806;FR;BE;Value on 3rd Wed. at 11;Export;Harmonized;M;M
Physical Energy & Power Flows;2020;8;818;818;818;FR;CH;Value on 3rd Wed. at 11;Import;Harmonized;M;M
Physical Energy & Power Flows;2020;8;370;370;370;FR;DE;Value on 3rd Wed. at 11;Export;Harmonized;M;M
Physical Energy & Power Flows;2020;8;1504;1504;1504;FR;ES;Value on 3rd Wed. at 11;Import;Harmonized;M;M
Physical Energy & Power Flows;2020;8;1522;1522;1522;FR;GB;Value on 3rd Wed. at 11;Export;Harmonized;M;M
Physical Energy & Power Flows;2020;8;274;274;274;FR;IT;Value on 3rd Wed. at 11;Import;Harmonized;M;M
Physical Energy & Power Flows;2020;8;1022;1022;1022;GB;BE;Value on 3rd Wed. at 11;Import;Harmonized;M;M
Physical Energy & Power Flows;2020;8;1522;1522;1522;GB;FR;Value on 3rd Wed. at 11;Import;Harmonized;M;M
Physical Energy & Power Flows;2020;8;473;473;473;GB;IE;Value on 3rd Wed. at 11;Import;Harmonized;M;M
Physical Energy & Power Flows;2020;8;1086;1086;1086;GB;NL;Value on 3rd Wed. at 11;Import;Harmonized;M;M
Physical Energy & Power Flows;2020;8;179;179;179;GR;AL;Value on 3rd Wed. at 11;Import;Harmonized;M;M
Physical Energy & Power Flows;2020;8;338;338;338;GR;BG;Value on 3rd Wed. at 11;Import;Harmonized;M;M
Physical Energy & Power Flows;2020;8;489;489;489;GR;IT;Value on 3rd Wed. at 11;Import;Harmonized;M;M
Physical Energy & Power Flows;2020;8;435;435;435;GR;MK;Value on 3rd Wed. at 11;Import;Harmonized;M;M
Physical Energy & Power Flows;2020;8;100;100;100;GR;TR;Value on 3rd Wed. at 11;Import;Harmonized;M;M
Physical Energy & Power Flows;2020;8;197;197;197;HR;BA;Value on 3rd Wed. at 11;Import;Harmonized;M;M
Physical Energy & Power Flows;2020;8;271;271;271;HR;HU;Value on 3rd Wed. at 11;Import;Harmonized;M;M
Physical Energy & Power Flows;2020;8;40;40;40;HR;RS;Value on 3rd Wed. at 11;Import;Harmonized;M;M
Physical Energy & Power Flows;2020;8;786;786;786;HR;SI;Value on 3rd Wed. at 11;Import;Harmonized;M;M
Physical Energy & Power Flows;2020;8;1112;1112;1112;HU;AT;Value on 3rd Wed. at 11;Import;Harmonized;M;M
Physical Energy & Power Flows;2020;8;271;271;271;HU;HR;Value on 3rd Wed. at 11;Export;Harmonized;M;M
Physical Energy & Power Flows;2020;8;366;366;366;HU;RO;Value on 3rd Wed. at 11;Export;Harmonized;M;M
Physical Energy & Power Flows;2020;8;106;106;106;HU;RS;Value on 3rd Wed. at 11;Import;Harmonized;M;M
Physical Energy & Power Flows;2020;8;844;844;844;HU;SK;Value on 3rd Wed. at 11;Import;Harmonized;M;M
Physical Energy & Power Flows;2020;8;31;31;31;HU;UA;Value on 3rd Wed. at 11;Export;Harmonized;M;NaM
Physical Energy & Power Flows;2020;8;473;473;473;IE;GB;Value on 3rd Wed. at 11;Export;Harmonized;M;M
Physical Energy & Power Flows;2020;8;7;7;7;IT;AT;Value on 3rd Wed. at 11;Export;Harmonized;M;M
Physical Energy & Power Flows;2020;8;244;244;244;IT;CH;Value on 3rd Wed. at 11;Export;Harmonized;M;M
Physical Energy & Power Flows;2020;8;274;274;274;IT;FR;Value on 3rd Wed. at 11;Export;Harmonized;M;M
Physical Energy & Power Flows;2020;8;489;489;489;IT;GR;Value on 3rd Wed. at 11;Export;Harmonized;M;M
Physical Energy & Power Flows;2020;8;193;193;193;RU;FI;Value on 3rd Wed. at 11;Export;Harmonized;NaM;M
Physical Energy & Power Flows;2020;8;258;258;258;RU;LT;Value on 3rd Wed. at 11;Export;Harmonized;NaM;M
Physical Energy & Power Flows;2020;8;22;22;22;RU;LV;Value on 3rd Wed. at 11;Export;Harmonized;NaM;M
Physical Energy & Power Flows;2020;8;190;190;190;RU;UA;Value on 3rd Wed. at 11;Export;Harmonized;NaM;NaM
Physical Energy & Power Flows;2020;8;446;446;446;SE;DE;Value on 3rd Wed. at 11;Import;Harmonized;M;M
Physical Energy & Power Flows;2020;8;307;307;307;SE;DK;Value on 3rd Wed. at 11;Import;Harmonized;M;M
Physical Energy & Power Flows;2020;8;1345;1345;1345;SE;FI;Value on 3rd Wed. at 11;Export;Harmonized;M;M
Physical Energy & Power Flows;2020;8;122;122;122;SE;LT;Value on 3rd Wed. at 11;Export;Harmonized;M;M
Physical Energy & Power Flows;2020;8;1616;1616;1616;SE;NO;Value on 3rd Wed. at 11;Import;Harmonized;M;M
Physical Energy & Power Flows;2020;8;0;0;0;SE;PL;Value on 3rd Wed. at 11;Import;Harmonized;M;M
Physical Energy & Power Flows;2020;8;622;622;622;SI;AT;Value on 3rd Wed. at 11;Import;Harmonized;M;M
Physical Energy & Power Flows;2020;8;786;786;786;SI;HR;Value on 3rd Wed. at 11;Export;Harmonized;M;M
Physical Energy & Power Flows;2020;8;0;0;0;SI;IT;Value on 3rd Wed. at 11;Import;Harmonized;M;M
Physical Energy & Power Flows;2020;8;1263;1263;1263;SK;CZ;Value on 3rd Wed. at 11;Import;Harmonized;M;M
Physical Energy & Power Flows;2020;8;844;844;844;SK;HU;Value on 3rd Wed. at 11;Export;Harmonized;M;M
Physical Energy & Power Flows;2020;8;253;253;253;SK;PL;Value on 3rd Wed. at 11;Import;Harmonized;M;M
Physical Energy & Power Flows;2020;8;267;267;267;SK;UA;Value on 3rd Wed. at 11;Export;Harmonized;M;NaM
Physical Energy & Power Flows;2020;8;15;15;15;TR;BG;Value on 3rd Wed. at 11;Import;Harmonized;M;M
Physical Energy & Power Flows;2020;8;100;100;100;TR;GR;Value on 3rd Wed. at 11;Export;Harmonized;M;M
Physical Energy & Power Flows;2020;8;1263;1263;1263;CZ;SK;Value on 3rd Wed. at 11;Export;Harmonized;M;M
Physical Energy & Power Flows;2020;8;1693;1693;1693;DE;AT;Value on 3rd Wed. at 11;Export;Harmonized;M;M
Physical Energy & Power Flows;2020;8;594;594;594;DE;CH;Value on 3rd Wed. at 11;Import;Harmonized;M;M
Physical Energy & Power Flows;2020;8;632;632;632;DE;CZ;Value on 3rd Wed. at 11;Export;Harmonized;M;M
Physical Energy & Power Flows;2020;8;1472;1472;1472;DE;DK;Value on 3rd Wed. at 11;Export;Harmonized;M;M
Physical Energy & Power Flows;2020;8;370;370;370;DE;FR;Value on 3rd Wed. at 11;Import;Harmonized;M;M
Physical Energy & Power Flows;2020;8;530;530;530;DE;LU;Value on 3rd Wed. at 11;Export;Harmonized;M;M
Physical Energy & Power Flows;2020;8;989;989;989;DE;NL;Value on 3rd Wed. at 11;Import;Harmonized;M;M
Physical Energy & Power Flows;2020;8;1032;1032;1032;DE;PL;Value on 3rd Wed. at 11;Export;Harmonized;M;M
Physical Energy & Power Flows;2020;8;446;446;446;DE;SE;Value on 3rd Wed. at 11;Export;Harmonized;M;M
Physical Energy & Power Flows;2020;8;1472;1472;1472;DK;DE;Value on 3rd Wed. at 11;Import;Harmonized;M;M
Physical Energy & Power Flows;2020;8;697;697;697;DK;NL;Value on 3rd Wed. at 11;Import;Harmonized;M;M
Physical Energy & Power Flows;2020;8;1110;1110;1110;DK;NO;Value on 3rd Wed. at 11;Import;Harmonized;M;M
Physical Energy & Power Flows;2020;8;307;307;307;DK;SE;Value on 3rd Wed. at 11;Export;Harmonized;M;M
Physical Energy & Power Flows;2020;8;87;87;87;EE;FI;Value on 3rd Wed. at 11;Export;Harmonized;M;M
Physical Energy & Power Flows;2020;8;57;57;57;EE;LV;Value on 3rd Wed. at 11;Import;Harmonized;M;M
Physical Energy & Power Flows;2020;8;49;49;49;EE;RU;Value on 3rd Wed. at 11;Export;Harmonized;M;NaM
Physical Energy & Power Flows;2020;8;1504;1504;1504;ES;FR;Value on 3rd Wed. at 11;Export;Harmonized;M;M
Physical Energy & Power Flows;2020;8;626;626;626;ES;PT;Value on 3rd Wed. at 11;Export;Harmonized;M;M
Physical Energy & Power Flows;2020;8;87;87;87;FI;EE;Value on 3rd Wed. at 11;Import;Harmonized;M;M
Physical Energy & Power Flows;2020;8;501;501;501;BA;ME;Value on 3rd Wed. at 03;Export;Harmonized;M;M
Physical Energy & Power Flows;2020;8;18;18;18;BA;RS;Value on 3rd Wed. at 03;Import;Harmonized;M;M
Physical Energy & Power Flows;2020;8;741;741;741;BE;FR;Value on 3rd Wed. at 03;Import;Harmonized;M;M
Physical Energy & Power Flows;2020;8;100;100;100;BE;GB;Value on 3rd Wed. at 03;Export;Harmonized;M;M
Physical Energy & Power Flows;2020;8;223;223;223;BE;LU;Value on 3rd Wed. at 03;Export;Harmonized;M;M
Physical Energy & Power Flows;2020;8;778;778;778;BE;NL;Value on 3rd Wed. at 03;Import;Harmonized;M;M
Physical Energy & Power Flows;2020;8;316;316;316;BG;GR;Value on 3rd Wed. at 03;Export;Harmonized;M;M
Physical Energy & Power Flows;2020;8;230;230;230;BG;MK;Value on 3rd Wed. at 03;Export;Harmonized;M;M
Physical Energy & Power Flows;2020;8;108;108;108;BG;RO;Value on 3rd Wed. at 03;Import;Harmonized;M;M
Physical Energy & Power Flows;2020;8;6;6;6;BG;RS;Value on 3rd Wed. at 03;Export;Harmonized;M;M
Physical Energy & Power Flows;2020;8;92;92;92;BG;TR;Value on 3rd Wed. at 03;Export;Harmonized;M;M
Physical Energy & Power Flows;2020;8;984;984;984;BY;LT;Value on 3rd Wed. at 03;Export;Harmonized;NaM;M
Physical Energy & Power Flows;2020;8;400;400;400;BY;UA;Value on 3rd Wed. at 03;Import;Harmonized;NaM;NaM
Physical Energy & Power Flows;2020;8;183;183;183;CH;AT;Value on 3rd Wed. at 03;Import;Harmonized;M;M
Physical Energy & Power Flows;2020;8;623;623;623;CH;DE;Value on 3rd Wed. at 03;Export;Harmonized;M;M
Physical Energy & Power Flows;2020;8;317;317;317;CH;FR;Value on 3rd Wed. at 03;Import;Harmonized;M;M
Physical Energy & Power Flows;2020;8;1423;1423;1423;CH;IT;Value on 3rd Wed. at 03;Export;Harmonized;M;M
Physical Energy & Power Flows;2020;8;387;387;387;CZ;AT;Value on 3rd Wed. at 03;Export;Harmonized;M;M
Physical Energy & Power Flows;2020;8;1332;1332;1332;CZ;DE;Value on 3rd Wed. at 03;Export;Harmonized;M;M
Physical Energy & Power Flows;2020;8;142;142;142;CZ;PL;Value on 3rd Wed. at 03;Import;Harmonized;M;M
Physical Energy & Power Flows;2020;8;464;464;464;CZ;SK;Value on 3rd Wed. at 03;Export;Harmonized;M;M
Physical Energy & Power Flows;2020;8;552;552;552;DE;AT;Value on 3rd Wed. at 03;Import;Harmonized;M;M
Physical Energy & Power Flows;2020;8;623;623;623;DE;CH;Value on 3rd Wed. at 03;Import;Harmonized;M;M
Physical Energy & Power Flows;2020;8;1332;1332;1332;DE;CZ;Value on 3rd Wed. at 03;Import;Harmonized;M;M
Physical Energy & Power Flows;2020;8;102;102;102;DE;DK;Value on 3rd Wed. at 03;Export;Harmonized;M;M
Physical Energy & Power Flows;2020;8;1552;1552;1552;DE;FR;Value on 3rd Wed. at 03;Import;Harmonized;M;M
Physical Energy & Power Flows;2020;8;31;31;31;UA;HU;Value on 3rd Wed. at 11;Import;Harmonized;NaM;M
Physical Energy & Power Flows;2020;8;7;7;7;UA;MD;Value on 3rd Wed. at 11;Import;Harmonized;NaM;NaM
Physical Energy & Power Flows;2020;8;154;154;154;UA;PL;Value on 3rd Wed. at 11;Export;Harmonized;NaM;M
Physical Energy & Power Flows;2020;8;288;288;288;UA;RO;Value on 3rd Wed. at 11;Export;Harmonized;NaM;M
Physical Energy & Power Flows;2020;8;190;190;190;UA;RU;Value on 3rd Wed. at 11;Import;Harmonized;NaM;NaM
Physical Energy & Power Flows;2020;8;267;267;267;UA;SK;Value on 3rd Wed. at 11;Import;Harmonized;NaM;M
Physical Energy & Power Flows;2020;9;301;301;301;LT;PL;Value on 3rd Wed. at 03;Export;Harmonized;M;M
Physical Energy & Power Flows;2020;9;397;397;397;GR;MK;Value on 3rd Wed. at 03;Import;Harmonized;M;M
Physical Energy & Power Flows;2020;9;161;161;161;GR;TR;Value on 3rd Wed. at 03;Import;Harmonized;M;M
Physical Energy & Power Flows;2020;9;51;51;51;HR;BA;Value on 3rd Wed. at 03;Import;Harmonized;M;M
Physical Energy & Power Flows;2020;9;431;431;431;HR;HU;Value on 3rd Wed. at 03;Import;Harmonized;M;M
Physical Energy & Power Flows;2020;9;110;110;110;HR;RS;Value on 3rd Wed. at 03;Import;Harmonized;M;M
Physical Energy & Power Flows;2020;9;48;48;48;HR;SI;Value on 3rd Wed. at 03;Import;Harmonized;M;M
Physical Energy & Power Flows;2020;9;53;53;53;HU;AT;Value on 3rd Wed. at 03;Export;Harmonized;M;M
Physical Energy & Power Flows;2020;9;431;431;431;HU;HR;Value on 3rd Wed. at 03;Export;Harmonized;M;M
Physical Energy & Power Flows;2020;9;133;133;133;HU;RO;Value on 3rd Wed. at 03;Export;Harmonized;M;M
Physical Energy & Power Flows;2020;9;102;102;102;HU;RS;Value on 3rd Wed. at 03;Import;Harmonized;M;M
Physical Energy & Power Flows;2020;9;686;686;686;HU;SK;Value on 3rd Wed. at 03;Import;Harmonized;M;M
Physical Energy & Power Flows;2020;9;219;219;219;HU;UA;Value on 3rd Wed. at 03;Import;Harmonized;M;NaM
Physical Energy & Power Flows;2020;9;0;0;0;IE;GB;Value on 3rd Wed. at 03;Export;Harmonized;M;M
Physical Energy & Power Flows;2020;9;129;129;129;IT;AT;Value on 3rd Wed. at 03;Import;Harmonized;M;M
Physical Energy & Power Flows;2020;9;564;564;564;IT;CH;Value on 3rd Wed. at 03;Import;Harmonized;M;M
Physical Energy & Power Flows;2020;9;94;94;94;IT;FR;Value on 3rd Wed. at 03;Import;Harmonized;M;M
Physical Energy & Power Flows;2020;9;418;418;418;IT;GR;Value on 3rd Wed. at 03;Import;Harmonized;M;M
Physical Energy & Power Flows;2020;9;524;524;524;IT;ME;Value on 3rd Wed. at 03;Import;Harmonized;M;M
Physical Energy & Power Flows;2020;9;1;1;1;IT;MT;Value on 3rd Wed. at 03;Import;Harmonized;M;NaM
Physical Energy & Power Flows;2020;9;28;28;28;IT;SI;Value on 3rd Wed. at 03;Export;Harmonized;M;M
Physical Energy & Power Flows;2020;9;272;272;272;LT;BY;Value on 3rd Wed. at 03;Import;Harmonized;M;NaM
Physical Energy & Power Flows;2020;9;223;223;223;LT;LV;Value on 3rd Wed. at 03;Import;Harmonized;M;M
Physical Energy & Power Flows;2020;9;530;530;530;GB;IE;Value on 3rd Wed. at 11;Export;Harmonized;M;M
Physical Energy & Power Flows;2020;9;1040;1040;1040;GB;NL;Value on 3rd Wed. at 11;Import;Harmonized;M;M
Physical Energy & Power Flows;2020;9;76;76;76;GR;AL;Value on 3rd Wed. at 11;Export;Harmonized;M;M
Physical Energy & Power Flows;2020;9;122;122;122;GR;BG;Value on 3rd Wed. at 11;Import;Harmonized;M;M
Physical Energy & Power Flows;2020;9;506;506;506;GR;IT;Value on 3rd Wed. at 11;Export;Harmonized;M;M
Physical Energy & Power Flows;2020;9;63;63;63;GR;MK;Value on 3rd Wed. at 11;Import;Harmonized;M;M
Physical Energy & Power Flows;2020;9;131;131;131;GR;TR;Value on 3rd Wed. at 11;Import;Harmonized;M;M
Physical Energy & Power Flows;2020;9;119;119;119;HR;BA;Value on 3rd Wed. at 11;Import;Harmonized;M;M
Physical Energy & Power Flows;2020;9;445;445;445;HR;HU;Value on 3rd Wed. at 11;Import;Harmonized;M;M
Physical Energy & Power Flows;2020;9;18;18;18;HR;RS;Value on 3rd Wed. at 11;Import;Harmonized;M;M
Physical Energy & Power Flows;2020;9;749;749;749;HR;SI;Value on 3rd Wed. at 11;Import;Harmonized;M;M
Physical Energy & Power Flows;2020;9;687;687;687;HU;AT;Value on 3rd Wed. at 11;Import;Harmonized;M;M
Physical Energy & Power Flows;2020;9;445;445;445;HU;HR;Value on 3rd Wed. at 11;Export;Harmonized;M;M
Physical Energy & Power Flows;2020;9;243;243;243;HU;RO;Value on 3rd Wed. at 11;Export;Harmonized;M;M
Physical Energy & Power Flows;2020;9;34;34;34;HU;RS;Value on 3rd Wed. at 11;Export;Harmonized;M;M
Physical Energy & Power Flows;2020;9;959;959;959;HU;SK;Value on 3rd Wed. at 11;Import;Harmonized;M;M
Physical Energy & Power Flows;2020;9;215;215;215;HU;UA;Value on 3rd Wed. at 11;Import;Harmonized;M;NaM
Physical Energy & Power Flows;2020;9;530;530;530;IE;GB;Value on 3rd Wed. at 11;Import;Harmonized;M;M
Physical Energy & Power Flows;2020;9;172;172;172;IT;AT;Value on 3rd Wed. at 11;Import;Harmonized;M;M
Physical Energy & Power Flows;2020;9;1310;1310;1310;IT;CH;Value on 3rd Wed. at 11;Import;Harmonized;M;M
Physical Energy & Power Flows;2020;9;399;399;399;IT;FR;Value on 3rd Wed. at 11;Import;Harmonized;M;M
Physical Energy & Power Flows;2020;9;506;506;506;IT;GR;Value on 3rd Wed. at 11;Import;Harmonized;M;M
Physical Energy & Power Flows;2020;9;1;1;1;IT;ME;Value on 3rd Wed. at 11;Import;Harmonized;M;M
Physical Energy & Power Flows;2020;9;90;90;90;IT;MT;Value on 3rd Wed. at 11;Export;Harmonized;M;NaM
Physical Energy & Power Flows;2020;9;58;58;58;IT;SI;Value on 3rd Wed. at 11;Export;Harmonized;M;M
Physical Energy & Power Flows;2020;9;88;88;88;LT;BY;Value on 3rd Wed. at 11;Import;Harmonized;M;NaM
Physical Energy & Power Flows;2020;9;342;342;342;LT;LV;Value on 3rd Wed. at 11;Import;Harmonized;M;M
Physical Energy & Power Flows;2020;9;485;485;485;LT;PL;Value on 3rd Wed. at 11;Export;Harmonized;M;M
Physical Energy & Power Flows;2020;9;270;270;270;LT;RU;Value on 3rd Wed. at 11;Import;Harmonized;M;NaM
Physical Energy & Power Flows;2020;9;466;466;466;LT;SE;Value on 3rd Wed. at 11;Import;Harmonized;M;M
Physical Energy & Power Flows;2020;9;51;51;51;LU;BE;Value on 3rd Wed. at 11;Export;Harmonized;M;M
Physical Energy & Power Flows;2020;9;636;636;636;LU;DE;Value on 3rd Wed. at 11;Import;Harmonized;M;M
Physical Energy & Power Flows;2020;9;467;467;467;LV;EE;Value on 3rd Wed. at 11;Import;Harmonized;M;M
Physical Energy & Power Flows;2020;9;342;342;342;LV;LT;Value on 3rd Wed. at 11;Export;Harmonized;M;M
Physical Energy & Power Flows;2020;9;221;221;221;LV;RU;Value on 3rd Wed. at 11;Import;Harmonized;M;NaM
Physical Energy & Power Flows;2020;9;488;488;488;DK;SE;Value on 3rd Wed. at 11;Import;Harmonized;M;M
Physical Energy & Power Flows;2020;9;819;819;819;EE;FI;Value on 3rd Wed. at 11;Import;Harmonized;M;M
Physical Energy & Power Flows;2020;9;467;467;467;EE;LV;Value on 3rd Wed. at 11;Export;Harmonized;M;M
Physical Energy & Power Flows;2020;9;241;241;241;EE;RU;Value on 3rd Wed. at 11;Export;Harmonized;M;NaM
Physical Energy & Power Flows;2020;9;2000;2000;2000;ES;FR;Value on 3rd Wed. at 11;Export;Harmonized;M;M
Physical Energy & Power Flows;2020;9;1612;1612;1612;ES;PT;Value on 3rd Wed. at 11;Import;Harmonized;M;M
Physical Energy & Power Flows;2020;9;819;819;819;FI;EE;Value on 3rd Wed. at 11;Export;Harmonized;M;M
Physical Energy & Power Flows;2020;9;0;0;0;FI;NO;Value on 3rd Wed. at 11;Export;Harmonized;M;M
Physical Energy & Power Flows;2020;9;25;25;25;FI;RU;Value on 3rd Wed. at 11;Import;Harmonized;M;NaM
Physical Energy & Power Flows;2020;9;2238;2238;2238;FI;SE;Value on 3rd Wed. at 11;Import;Harmonized;M;M
Physical Energy & Power Flows;2020;9;1423;1423;1423;FR;BE;Value on 3rd Wed. at 11;Import;Harmonized;M;M
Physical Energy & Power Flows;2020;9;1140;1140;1140;FR;CH;Value on 3rd Wed. at 11;Import;Harmonized;M;M
Physical Energy & Power Flows;2020;9;1573;1573;1573;FR;DE;Value on 3rd Wed. at 11;Import;Harmonized;M;M
Physical Energy & Power Flows;2020;9;2000;2000;2000;FR;ES;Value on 3rd Wed. at 11;Import;Harmonized;M;M
Physical Energy & Power Flows;2020;9;1938;1938;1938;FR;GB;Value on 3rd Wed. at 11;Import;Harmonized;M;M
Physical Energy & Power Flows;2020;9;399;399;399;FR;IT;Value on 3rd Wed. at 11;Export;Harmonized;M;M
Physical Energy & Power Flows;2020;9;1015;1015;1015;GB;BE;Value on 3rd Wed. at 11;Import;Harmonized;M;M
Physical Energy & Power Flows;2020;9;1938;1938;1938;GB;FR;Value on 3rd Wed. at 11;Export;Harmonized;M;M
Physical Energy & Power Flows;2020;9;451;451;451;LT;RU;Value on 3rd Wed. at 03;Import;Harmonized;M;NaM
Physical Energy & Power Flows;2020;9;284;284;284;LT;SE;Value on 3rd Wed. at 03;Import;Harmonized;M;M
Physical Energy & Power Flows;2020;9;132;132;132;LU;BE;Value on 3rd Wed. at 03;Import;Harmonized;M;M
Physical Energy & Power Flows;2020;9;290;290;290;LU;DE;Value on 3rd Wed. at 03;Import;Harmonized;M;M
Physical Energy & Power Flows;2020;9;351;351;351;LV;EE;Value on 3rd Wed. at 03;Import;Harmonized;M;M
Physical Energy & Power Flows;2020;9;223;223;223;LV;LT;Value on 3rd Wed. at 03;Export;Harmonized;M;M
Physical Energy & Power Flows;2020;9;144;144;144;LV;RU;Value on 3rd Wed. at 03;Import;Harmonized;M;NaM
Physical Energy & Power Flows;2020;9;0;0;0;MD;RO;Value on 3rd Wed. at 03;Import;Harmonized;NaM;M
Physical Energy & Power Flows;2020;9;8;8;8;MD;UA;Value on 3rd Wed. at 03;Import;Harmonized;NaM;NaM
Physical Energy & Power Flows;2020;9;94;94;94;ME;AL;Value on 3rd Wed. at 03;Export;Harmonized;M;M
Physical Energy & Power Flows;2020;9;345;345;345;ME;BA;Value on 3rd Wed. at 03;Import;Harmonized;M;M
Physical Energy & Power Flows;2020;9;524;524;524;ME;IT;Value on 3rd Wed. at 03;Export;Harmonized;M;M
Physical Energy & Power Flows;2020;9;308;308;308;ME;RS;Value on 3rd Wed. at 03;Import;Harmonized;M;M
Physical Energy & Power Flows;2020;9;179;179;179;MK;BG;Value on 3rd Wed. at 03;Import;Harmonized;M;M
Physical Energy & Power Flows;2020;9;397;397;397;MK;GR;Value on 3rd Wed. at 03;Export;Harmonized;M;M
Physical Energy & Power Flows;2020;9;268;268;268;MK;RS;Value on 3rd Wed. at 03;Import;Harmonized;M;M
Physical Energy & Power Flows;2020;9;1;1;1;MT;IT;Value on 3rd Wed. at 03;Export;Harmonized;NaM;M
Physical Energy & Power Flows;2020;9;1159;1159;1159;NL;BE;Value on 3rd Wed. at 03;Export;Harmonized;M;M
Physical Energy & Power Flows;2020;9;1185;1185;1185;NL;DE;Value on 3rd Wed. at 03;Export;Harmonized;M;M
Physical Energy & Power Flows;2020;9;695;695;695;NL;DK;Value on 3rd Wed. at 03;Export;Harmonized;M;M
Physical Energy & Power Flows;2020;9;349;349;349;NL;GB;Value on 3rd Wed. at 03;Import;Harmonized;M;M
Physical Energy & Power Flows;2020;9;703;703;703;NL;NO;Value on 3rd Wed. at 03;Import;Harmonized;M;M
Physical Energy & Power Flows;2020;9;0;0;0;NO;DE;Value on 3rd Wed. at 03;Import;Harmonized;M;M
Physical Energy & Power Flows;2020;9;1159;1159;1159;NO;DK;Value on 3rd Wed. at 03;Export;Harmonized;M;M
Physical Energy & Power Flows;2020;9;0;0;0;NO;FI;Value on 3rd Wed. at 03;Import;Harmonized;M;M
Physical Energy & Power Flows;2020;9;703;703;703;NO;NL;Value on 3rd Wed. at 03;Export;Harmonized;M;M
Physical Energy & Power Flows;2020;9;920;920;920;NO;SE;Value on 3rd Wed. at 03;Export;Harmonized;M;M
Physical Energy & Power Flows;2020;9;639;639;639;PL;CZ;Value on 3rd Wed. at 03;Export;Harmonized;M;M
Physical Energy & Power Flows;2020;9;728;728;728;PL;DE;Value on 3rd Wed. at 03;Import;Harmonized;M;M
Physical Energy & Power Flows;2020;9;301;301;301;PL;LT;Value on 3rd Wed. at 03;Import;Harmonized;M;M
Physical Energy & Power Flows;2020;10;636;636;636;AT;CZ;Value on 3rd Wed. at 11;Import;Harmonized;M;M
Physical Energy & Power Flows;2020;10;16;16;16;AL;GR;Value on 3rd Wed. at 03;Import;Harmonized;M;M
Physical Energy & Power Flows;2020;10;93;93;93;AL;ME;Value on 3rd Wed. at 03;Import;Harmonized;M;M
Physical Energy & Power Flows;2020;10;18;18;18;AL;RS;Value on 3rd Wed. at 03;Export;Harmonized;M;M
Physical Energy & Power Flows;2020;10;865;865;865;AT;CH;Value on 3rd Wed. at 03;Export;Harmonized;M;M
Physical Energy & Power Flows;2020;10;244;244;244;AL;GR;Value on 3rd Wed. at 11;Import;Harmonized;M;M
Physical Energy & Power Flows;2020;10;88;88;88;AL;ME;Value on 3rd Wed. at 11;Export;Harmonized;M;M
Physical Energy & Power Flows;2020;10;109;109;109;AL;RS;Value on 3rd Wed. at 11;Export;Harmonized;M;M
Physical Energy & Power Flows;2020;10;858;858;858;AT;CH;Value on 3rd Wed. at 11;Export;Harmonized;M;M
Physical Energy & Power Flows;2020;10;1437;1437;1437;AT;DE;Value on 3rd Wed. at 11;Import;Harmonized;M;M
Physical Energy & Power Flows;2020;10;410;410;410;AT;HU;Value on 3rd Wed. at 11;Export;Harmonized;M;M
Physical Energy & Power Flows;2020;10;177;177;177;AT;IT;Value on 3rd Wed. at 11;Export;Harmonized;M;M
Physical Energy & Power Flows;2020;10;173;173;173;AT;SI;Value on 3rd Wed. at 11;Export;Harmonized;M;M
Physical Energy & Power Flows;2020;10;90;90;90;BA;HR;Value on 3rd Wed. at 11;Export;Harmonized;M;M
Physical Energy & Power Flows;2020;10;169;169;169;BA;ME;Value on 3rd Wed. at 11;Export;Harmonized;M;M
Physical Energy & Power Flows;2020;10;61;61;61;BA;RS;Value on 3rd Wed. at 11;Import;Harmonized;M;M
Physical Energy & Power Flows;2020;10;0;0;0;BE;DE;Value on 3rd Wed. at 11;Export;Harmonized;M;M
Physical Energy & Power Flows;2020;10;864;864;864;BE;FR;Value on 3rd Wed. at 11;Import;Harmonized;M;M
Physical Energy & Power Flows;2020;10;1023;1023;1023;BE;GB;Value on 3rd Wed. at 11;Export;Harmonized;M;M
Physical Energy & Power Flows;2020;10;109;109;109;BE;LU;Value on 3rd Wed. at 11;Export;Harmonized;M;M
Physical Energy & Power Flows;2020;10;664;664;664;BE;NL;Value on 3rd Wed. at 11;Export;Harmonized;M;M
Physical Energy & Power Flows;2020;10;20;20;20;BG;GR;Value on 3rd Wed. at 11;Import;Harmonized;M;M
Physical Energy & Power Flows;2020;10;0;0;0;BG;MK;Value on 3rd Wed. at 11;Import;Harmonized;M;M
Physical Energy & Power Flows;2020;10;296;296;296;BG;RO;Value on 3rd Wed. at 11;Export;Harmonized;M;M
Physical Energy & Power Flows;2020;10;123;123;123;BG;RS;Value on 3rd Wed. at 11;Export;Harmonized;M;M
Physical Energy & Power Flows;2020;10;134;134;134;BG;TR;Value on 3rd Wed. at 11;Import;Harmonized;M;M
Physical Energy & Power Flows;2020;3;280;280;280;UA;BY;Value on 3rd Wed. at 03;Export;Harmonized;NaM;NaM
Physical Energy & Power Flows;2020;11;432;432;432;SK;UA;Value on 3rd Wed. at 11;Export;Harmonized;M;NaM
Physical Energy & Power Flows;2020;11;88;88;88;TR;BG;Value on 3rd Wed. at 11;Import;Harmonized;M;M
Physical Energy & Power Flows;2020;12;639;639;639;GB;FR;Value on 3rd Wed. at 11;Import;Harmonized;M;M
Physical Energy & Power Flows;2020;12;440;440;440;GB;IE;Value on 3rd Wed. at 11;Import;Harmonized;M;M
Physical Energy & Power Flows;2020;12;0;0;0;GB;NL;Value on 3rd Wed. at 11;Export;Harmonized;M;M
Physical Energy & Power Flows;2020;12;191;191;191;GR;AL;Value on 3rd Wed. at 11;Export;Harmonized;M;M
Physical Energy & Power Flows;2020;12;44;44;44;GR;BG;Value on 3rd Wed. at 11;Import;Harmonized;M;M
Physical Energy & Power Flows;2020;12;490;490;490;GR;IT;Value on 3rd Wed. at 11;Import;Harmonized;M;M
Physical Energy & Power Flows;2020;12;237;237;237;GR;MK;Value on 3rd Wed. at 11;Export;Harmonized;M;M
Physical Energy & Power Flows;2020;12;181;181;181;GR;TR;Value on 3rd Wed. at 11;Import;Harmonized;M;M
Physical Energy & Power Flows;2020;12;46;46;46;HR;BA;Value on 3rd Wed. at 11;Export;Harmonized;M;M
Physical Energy & Power Flows;2020;12;58;58;58;HR;HU;Value on 3rd Wed. at 11;Export;Harmonized;M;M
Physical Energy & Power Flows;2020;12;12;12;12;HR;RS;Value on 3rd Wed. at 11;Import;Harmonized;M;M
Physical Energy & Power Flows;2020;12;432;432;432;HR;SI;Value on 3rd Wed. at 11;Import;Harmonized;M;M
Physical Energy & Power Flows;2020;12;916;916;916;HU;AT;Value on 3rd Wed. at 11;Import;Harmonized;M;M
Physical Energy & Power Flows;2020;12;58;58;58;HU;HR;Value on 3rd Wed. at 11;Import;Harmonized;M;M
Physical Energy & Power Flows;2020;12;210;210;210;HU;RO;Value on 3rd Wed. at 11;Export;Harmonized;M;M
Physical Energy & Power Flows;2020;12;94;94;94;HU;RS;Value on 3rd Wed. at 11;Import;Harmonized;M;M
Physical Energy & Power Flows;2020;12;1477;1477;1477;HU;SK;Value on 3rd Wed. at 11;Import;Harmonized;M;M
Physical Energy & Power Flows;2020;12;359;359;359;HU;UA;Value on 3rd Wed. at 11;Import;Harmonized;M;NaM
Physical Energy & Power Flows;2020;12;440;440;440;IE;GB;Value on 3rd Wed. at 11;Export;Harmonized;M;M
Physical Energy & Power Flows;2020;12;184;184;184;IT;AT;Value on 3rd Wed. at 11;Import;Harmonized;M;M
Physical Energy & Power Flows;2020;12;3000;3000;3000;IT;CH;Value on 3rd Wed. at 11;Import;Harmonized;M;M
Physical Energy & Power Flows;2020;12;2705;2705;2705;IT;FR;Value on 3rd Wed. at 11;Import;Harmonized;M;M
Physical Energy & Power Flows;2020;12;490;490;490;IT;GR;Value on 3rd Wed. at 11;Export;Harmonized;M;M
Physical Energy & Power Flows;2020;12;0;0;0;IT;ME;Value on 3rd Wed. at 11;Import;Harmonized;M;M
Physical Energy & Power Flows;2020;12;92;92;92;IT;MT;Value on 3rd Wed. at 11;Export;Harmonized;M;NaM
Physical Energy & Power Flows;2020;12;29;29;29;IT;SI;Value on 3rd Wed. at 11;Export;Harmonized;M;M
Physical Energy & Power Flows;2020;12;442;442;442;LT;BY;Value on 3rd Wed. at 11;Import;Harmonized;M;NaM
Physical Energy & Power Flows;2020;12;19;19;19;LT;LV;Value on 3rd Wed. at 11;Export;Harmonized;M;M
Physical Energy & Power Flows;2020;12;485;485;485;LT;PL;Value on 3rd Wed. at 11;Export;Harmonized;M;M
Physical Energy & Power Flows;2020;12;302;302;302;LT;RU;Value on 3rd Wed. at 11;Import;Harmonized;M;NaM
Physical Energy & Power Flows;2020;12;733;733;733;LT;SE;Value on 3rd Wed. at 11;Import;Harmonized;M;M
Physical Energy & Power Flows;2020;12;62;62;62;LU;BE;Value on 3rd Wed. at 11;Import;Harmonized;M;M
Physical Energy & Power Flows;2020;12;526;526;526;LU;DE;Value on 3rd Wed. at 11;Import;Harmonized;M;M
Physical Energy & Power Flows;2020;12;121;121;121;LV;EE;Value on 3rd Wed. at 11;Import;Harmonized;M;M
Physical Energy & Power Flows;2020;12;19;19;19;LV;LT;Value on 3rd Wed. at 11;Import;Harmonized;M;M
Physical Energy & Power Flows;2020;12;93;93;93;LV;RU;Value on 3rd Wed. at 11;Import;Harmonized;M;NaM
Physical Energy & Power Flows;2020;12;0;0;0;MD;RO;Value on 3rd Wed. at 11;Import;Harmonized;NaM;M
Physical Energy & Power Flows;2020;12;8;8;8;MD;UA;Value on 3rd Wed. at 11;Export;Harmonized;NaM;NaM
Physical Energy & Power Flows;2020;12;509;509;509;ME;AL;Value on 3rd Wed. at 11;Export;Harmonized;M;M
Physical Energy & Power Flows;2020;12;635;635;635;ME;BA;Value on 3rd Wed. at 11;Import;Harmonized;M;M
Physical Energy & Power Flows;2020;12;0;0;0;ME;IT;Value on 3rd Wed. at 11;Import;Harmonized;M;M
Physical Energy & Power Flows;2020;12;109;109;109;ME;RS;Value on 3rd Wed. at 11;Export;Harmonized;M;M
Physical Energy & Power Flows;2020;12;110;110;110;MK;BG;Value on 3rd Wed. at 11;Import;Harmonized;M;M
Physical Energy & Power Flows;2020;12;237;237;237;MK;GR;Value on 3rd Wed. at 11;Import;Harmonized;M;M
Physical Energy & Power Flows;2020;12;73;73;73;MK;RS;Value on 3rd Wed. at 11;Import;Harmonized;M;M
Physical Energy & Power Flows;2020;12;92;92;92;MT;IT;Value on 3rd Wed. at 11;Import;Harmonized;NaM;M
Physical Energy & Power Flows;2020;12;817;817;817;NL;BE;Value on 3rd Wed. at 11;Export;Harmonized;M;M
Physical Energy & Power Flows;2020;12;1366;1366;1366;NL;DE;Value on 3rd Wed. at 11;Export;Harmonized;M;M
Physical Energy & Power Flows;2020;12;0;0;0;NL;DK;Value on 3rd Wed. at 11;Export;Harmonized;M;M
Physical Energy & Power Flows;2020;12;0;0;0;NL;GB;Value on 3rd Wed. at 11;Import;Harmonized;M;M
Physical Energy & Power Flows;2020;3;328;328;328;UA;SK;Value on 3rd Wed. at 11;Import;Harmonized;NaM;M
Physical Energy & Power Flows;2020;5;702;702;702;NL;GB;Value on 3rd Wed. at 03;Export;Harmonized;M;M
Physical Energy & Power Flows;2020;5;705;705;705;NL;NO;Value on 3rd Wed. at 03;Import;Harmonized;M;M
Physical Energy & Power Flows;2020;5;1400;1400;1400;NO;DK;Value on 3rd Wed. at 03;Export;Harmonized;M;M
Physical Energy & Power Flows;2020;5;3;3;3;NO;FI;Value on 3rd Wed. at 03;Export;Harmonized;M;M
Physical Energy & Power Flows;2020;5;705;705;705;NO;NL;Value on 3rd Wed. at 03;Export;Harmonized;M;M
Physical Energy & Power Flows;2020;5;1749;1749;1749;NO;SE;Value on 3rd Wed. at 03;Export;Harmonized;M;M
Physical Energy & Power Flows;2020;5;13;13;13;PL;CZ;Value on 3rd Wed. at 03;Import;Harmonized;M;M
Physical Energy & Power Flows;2020;5;999;999;999;PL;DE;Value on 3rd Wed. at 03;Import;Harmonized;M;M
Physical Energy & Power Flows;2020;5;2;2;2;PL;LT;Value on 3rd Wed. at 03;Import;Harmonized;M;M
Physical Energy & Power Flows;2020;5;598;598;598;PL;SE;Value on 3rd Wed. at 03;Import;Harmonized;M;M
Physical Energy & Power Flows;2020;5;268;268;268;PL;SK;Value on 3rd Wed. at 03;Export;Harmonized;M;M
Physical Energy & Power Flows;2020;5;194;194;194;PL;UA;Value on 3rd Wed. at 03;Import;Harmonized;M;NaM
Physical Energy & Power Flows;2020;5;734;734;734;PT;ES;Value on 3rd Wed. at 03;Import;Harmonized;M;M
Physical Energy & Power Flows;2020;5;270;270;270;RO;BG;Value on 3rd Wed. at 03;Export;Harmonized;M;M
Physical Energy & Power Flows;2020;5;361;361;361;RO;HU;Value on 3rd Wed. at 03;Import;Harmonized;M;M
Physical Energy & Power Flows;2020;5;0;0;0;RO;MD;Value on 3rd Wed. at 03;Import;Harmonized;M;NaM
Physical Energy & Power Flows;2020;5;42;42;42;RO;RS;Value on 3rd Wed. at 03;Import;Harmonized;M;M
Physical Energy & Power Flows;2020;5;319;319;319;RO;UA;Value on 3rd Wed. at 03;Import;Harmonized;M;NaM
Physical Energy & Power Flows;2020;5;44;44;44;RS;AL;Value on 3rd Wed. at 03;Export;Harmonized;M;M
Physical Energy & Power Flows;2020;5;93;93;93;RS;BA;Value on 3rd Wed. at 03;Import;Harmonized;M;M
Physical Energy & Power Flows;2020;5;172;172;172;RS;BG;Value on 3rd Wed. at 03;Export;Harmonized;M;M
Physical Energy & Power Flows;2020;5;129;129;129;RS;HR;Value on 3rd Wed. at 03;Import;Harmonized;M;M
Physical Energy & Power Flows;2020;5;263;263;263;RS;HU;Value on 3rd Wed. at 03;Import;Harmonized;M;M
Physical Energy & Power Flows;2020;5;26;26;26;RS;ME;Value on 3rd Wed. at 03;Export;Harmonized;M;M
Physical Energy & Power Flows;2020;5;573;573;573;RS;MK;Value on 3rd Wed. at 03;Export;Harmonized;M;M
Physical Energy & Power Flows;2020;5;42;42;42;RS;RO;Value on 3rd Wed. at 03;Export;Harmonized;M;M
Physical Energy & Power Flows;2020;6;369;369;369;CZ;PL;Value on 3rd Wed. at 03;Export;Harmonized;M;M
Physical Energy & Power Flows;2020;6;440;440;440;CZ;SK;Value on 3rd Wed. at 03;Export;Harmonized;M;M
Physical Energy & Power Flows;2020;6;956;956;956;DE;AT;Value on 3rd Wed. at 03;Import;Harmonized;M;M
Physical Energy & Power Flows;2020;6;2153;2153;2153;DE;CH;Value on 3rd Wed. at 03;Import;Harmonized;M;M
Physical Energy & Power Flows;2020;6;734;734;734;DE;CZ;Value on 3rd Wed. at 03;Import;Harmonized;M;M
Physical Energy & Power Flows;2020;6;622;622;622;DE;DK;Value on 3rd Wed. at 03;Export;Harmonized;M;M
Physical Energy & Power Flows;2020;6;2589;2589;2589;DE;FR;Value on 3rd Wed. at 03;Import;Harmonized;M;M
Physical Energy & Power Flows;2020;6;403;403;403;DE;LU;Value on 3rd Wed. at 03;Export;Harmonized;M;M
Physical Energy & Power Flows;2020;6;280;280;280;DE;NL;Value on 3rd Wed. at 03;Import;Harmonized;M;M
Physical Energy & Power Flows;2020;6;845;845;845;DE;PL;Value on 3rd Wed. at 03;Export;Harmonized;M;M
Physical Energy & Power Flows;2020;6;609;609;609;DE;SE;Value on 3rd Wed. at 03;Import;Harmonized;M;M
Physical Energy & Power Flows;2020;6;622;622;622;DK;DE;Value on 3rd Wed. at 03;Import;Harmonized;M;M
Physical Energy & Power Flows;2020;6;625;625;625;DK;NL;Value on 3rd Wed. at 03;Import;Harmonized;M;M
Physical Energy & Power Flows;2020;6;709;709;709;DK;NO;Value on 3rd Wed. at 03;Import;Harmonized;M;M
Physical Energy & Power Flows;2020;6;7;7;7;AL;GR;Value on 3rd Wed. at 11;Import;Harmonized;M;M
Physical Energy & Power Flows;2020;6;268;268;268;AL;ME;Value on 3rd Wed. at 11;Import;Harmonized;M;M
Physical Energy & Power Flows;2020;6;52;52;52;AL;RS;Value on 3rd Wed. at 11;Export;Harmonized;M;M
Physical Energy & Power Flows;2020;6;334;334;334;AT;CH;Value on 3rd Wed. at 11;Import;Harmonized;M;M
Physical Energy & Power Flows;2020;6;275;275;275;AT;CZ;Value on 3rd Wed. at 11;Import;Harmonized;M;M
Physical Energy & Power Flows;2020;6;11;11;11;AT;DE;Value on 3rd Wed. at 11;Export;Harmonized;M;M
Physical Energy & Power Flows;2020;6;894;894;894;AT;HU;Value on 3rd Wed. at 11;Export;Harmonized;M;M
Physical Energy & Power Flows;2020;6;15;15;15;AT;IT;Value on 3rd Wed. at 11;Import;Harmonized;M;M
Physical Energy & Power Flows;2020;6;201;201;201;AT;SI;Value on 3rd Wed. at 11;Export;Harmonized;M;M
Physical Energy & Power Flows;2020;6;64;64;64;BA;HR;Value on 3rd Wed. at 11;Export;Harmonized;M;M
Physical Energy & Power Flows;2020;6;46;46;46;BA;ME;Value on 3rd Wed. at 11;Export;Harmonized;M;M
Physical Energy & Power Flows;2020;6;134;134;134;BA;RS;Value on 3rd Wed. at 11;Export;Harmonized;M;M
Physical Energy & Power Flows;2020;6;455;455;455;BE;FR;Value on 3rd Wed. at 11;Export;Harmonized;M;M
Physical Energy & Power Flows;2020;6;2;2;2;BE;GB;Value on 3rd Wed. at 11;Export;Harmonized;M;M
Physical Energy & Power Flows;2020;6;0;0;0;BE;LU;Value on 3rd Wed. at 11;Import;Harmonized;M;M
Physical Energy & Power Flows;2020;6;1223;1223;1223;BE;NL;Value on 3rd Wed. at 11;Import;Harmonized;M;M
Physical Energy & Power Flows;2020;6;189;189;189;BG;GR;Value on 3rd Wed. at 11;Export;Harmonized;M;M
Physical Energy & Power Flows;2020;6;90;90;90;BG;MK;Value on 3rd Wed. at 11;Export;Harmonized;M;M
Physical Energy & Power Flows;2020;6;249;249;249;BG;RO;Value on 3rd Wed. at 11;Export;Harmonized;M;M
Physical Energy & Power Flows;2020;6;110;110;110;BG;RS;Value on 3rd Wed. at 11;Export;Harmonized;M;M
Physical Energy & Power Flows;2020;6;92;92;92;BG;TR;Value on 3rd Wed. at 11;Export;Harmonized;M;M
Physical Energy & Power Flows;2020;6;81;81;81;BY;LT;Value on 3rd Wed. at 11;Export;Harmonized;NaM;M
Physical Energy & Power Flows;2020;8;984;984;984;LT;BY;Value on 3rd Wed. at 03;Import;Harmonized;M;NaM
Physical Energy & Power Flows;2020;8;446;446;446;LT;LV;Value on 3rd Wed. at 03;Import;Harmonized;M;M
Physical Energy & Power Flows;2020;8;483;483;483;LT;PL;Value on 3rd Wed. at 03;Export;Harmonized;M;M
Physical Energy & Power Flows;2020;9;58;58;58;SI;IT;Value on 3rd Wed. at 11;Import;Harmonized;M;M
Physical Energy & Power Flows;2020;9;1533;1533;1533;SK;CZ;Value on 3rd Wed. at 11;Import;Harmonized;M;M
Physical Energy & Power Flows;2020;9;959;959;959;SK;HU;Value on 3rd Wed. at 11;Export;Harmonized;M;M
Physical Energy & Power Flows;2020;9;60;60;60;SK;PL;Value on 3rd Wed. at 11;Import;Harmonized;M;M
Physical Energy & Power Flows;2020;9;5;5;5;SK;UA;Value on 3rd Wed. at 11;Import;Harmonized;M;NaM
Physical Energy & Power Flows;2020;9;151;151;151;TR;BG;Value on 3rd Wed. at 11;Export;Harmonized;M;M
Physical Energy & Power Flows;2020;9;131;131;131;TR;GR;Value on 3rd Wed. at 11;Export;Harmonized;M;M
Physical Energy & Power Flows;2020;9;100;100;100;UA;BY;Value on 3rd Wed. at 11;Export;Harmonized;NaM;NaM
Physical Energy & Power Flows;2020;9;215;215;215;UA;HU;Value on 3rd Wed. at 11;Export;Harmonized;NaM;M
Physical Energy & Power Flows;2020;9;4;4;4;UA;MD;Value on 3rd Wed. at 11;Import;Harmonized;NaM;NaM
Physical Energy & Power Flows;2020;9;149;149;149;UA;PL;Value on 3rd Wed. at 11;Export;Harmonized;NaM;M
Physical Energy & Power Flows;2020;9;331;331;331;UA;RO;Value on 3rd Wed. at 11;Export;Harmonized;NaM;M
Physical Energy & Power Flows;2020;9;54;54;54;UA;RU;Value on 3rd Wed. at 11;Import;Harmonized;NaM;NaM
Physical Energy & Power Flows;2020;9;5;5;5;UA;SK;Value on 3rd Wed. at 11;Export;Harmonized;NaM;M
Physical Energy & Power Flows;2020;10;2687;2687;2687;FR;CH;Value on 3rd Wed. at 03;Export;Harmonized;M;M
Physical Energy & Power Flows;2020;10;3310;3310;3310;FR;DE;Value on 3rd Wed. at 03;Export;Harmonized;M;M
Physical Energy & Power Flows;2020;10;1978;1978;1978;FR;ES;Value on 3rd Wed. at 03;Import;Harmonized;M;M
Physical Energy & Power Flows;2020;10;1378;1378;1378;FR;GB;Value on 3rd Wed. at 03;Export;Harmonized;M;M
Physical Energy & Power Flows;2020;10;3006;3006;3006;FR;IT;Value on 3rd Wed. at 03;Export;Harmonized;M;M
Physical Energy & Power Flows;2020;10;286;286;286;GB;BE;Value on 3rd Wed. at 03;Import;Harmonized;M;M
Physical Energy & Power Flows;2020;10;1378;1378;1378;GB;FR;Value on 3rd Wed. at 03;Import;Harmonized;M;M
Physical Energy & Power Flows;2020;10;19;19;19;GB;IE;Value on 3rd Wed. at 03;Import;Harmonized;M;M
Physical Energy & Power Flows;2020;10;608;608;608;GB;NL;Value on 3rd Wed. at 03;Import;Harmonized;M;M
Physical Energy & Power Flows;2020;10;16;16;16;GR;AL;Value on 3rd Wed. at 03;Export;Harmonized;M;M
Physical Energy & Power Flows;2020;10;28;28;28;GR;BG;Value on 3rd Wed. at 03;Import;Harmonized;M;M
Physical Energy & Power Flows;2020;10;0;0;0;GR;IT;Value on 3rd Wed. at 03;Import;Harmonized;M;M
Physical Energy & Power Flows;2020;10;83;83;83;GR;MK;Value on 3rd Wed. at 03;Import;Harmonized;M;M
Physical Energy & Power Flows;2020;10;79;79;79;GR;TR;Value on 3rd Wed. at 03;Import;Harmonized;M;M
Physical Energy & Power Flows;2020;10;333;333;333;HR;BA;Value on 3rd Wed. at 03;Export;Harmonized;M;M
Physical Energy & Power Flows;2020;10;842;842;842;HR;HU;Value on 3rd Wed. at 03;Import;Harmonized;M;M
Physical Energy & Power Flows;2020;10;182;182;182;HR;RS;Value on 3rd Wed. at 03;Export;Harmonized;M;M
Physical Energy & Power Flows;2020;10;374;374;374;HR;SI;Value on 3rd Wed. at 03;Export;Harmonized;M;M
Physical Energy & Power Flows;2020;10;421;421;421;HU;AT;Value on 3rd Wed. at 03;Import;Harmonized;M;M
Physical Energy & Power Flows;2020;10;842;842;842;HU;HR;Value on 3rd Wed. at 03;Export;Harmonized;M;M
Physical Energy & Power Flows;2020;10;264;264;264;HU;RO;Value on 3rd Wed. at 03;Export;Harmonized;M;M
Physical Energy & Power Flows;2020;10;49;49;49;HU;RS;Value on 3rd Wed. at 03;Import;Harmonized;M;M
Physical Energy & Power Flows;2020;10;1132;1132;1132;HU;SK;Value on 3rd Wed. at 03;Import;Harmonized;M;M
Physical Energy & Power Flows;2020;10;331;331;331;HU;UA;Value on 3rd Wed. at 03;Import;Harmonized;M;NaM
Physical Energy & Power Flows;2020;10;19;19;19;IE;GB;Value on 3rd Wed. at 03;Export;Harmonized;M;M
Physical Energy & Power Flows;2020;10;174;174;174;IT;AT;Value on 3rd Wed. at 03;Import;Harmonized;M;M
Physical Energy & Power Flows;2020;10;2752;2752;2752;IT;CH;Value on 3rd Wed. at 03;Import;Harmonized;M;M
Physical Energy & Power Flows;2020;10;3006;3006;3006;IT;FR;Value on 3rd Wed. at 03;Import;Harmonized;M;M
Physical Energy & Power Flows;2020;10;0;0;0;IT;GR;Value on 3rd Wed. at 03;Import;Harmonized;M;M
Physical Energy & Power Flows;2020;11;222;222;222;RS;BA;Value on 3rd Wed. at 11;Import;Harmonized;M;M
Physical Energy & Power Flows;2020;11;152;152;152;RS;BG;Value on 3rd Wed. at 11;Import;Harmonized;M;M
Physical Energy & Power Flows;2020;11;58;58;58;RS;HR;Value on 3rd Wed. at 11;Import;Harmonized;M;M
Physical Energy & Power Flows;2020;11;167;167;167;RS;HU;Value on 3rd Wed. at 11;Export;Harmonized;M;M
Physical Energy & Power Flows;2020;11;341;341;341;RS;ME;Value on 3rd Wed. at 11;Import;Harmonized;M;M
Physical Energy & Power Flows;2020;11;365;365;365;RS;MK;Value on 3rd Wed. at 11;Export;Harmonized;M;M
Physical Energy & Power Flows;2020;11;84;84;84;RS;RO;Value on 3rd Wed. at 11;Export;Harmonized;M;M
Physical Energy & Power Flows;2020;11;243;243;243;RU;EE;Value on 3rd Wed. at 11;Import;Harmonized;NaM;M
Physical Energy & Power Flows;2020;11;82;82;82;RU;FI;Value on 3rd Wed. at 11;Export;Harmonized;NaM;M
Physical Energy & Power Flows;2020;11;365;365;365;RU;LT;Value on 3rd Wed. at 11;Export;Harmonized;NaM;M
Physical Energy & Power Flows;2020;11;34;34;34;RU;LV;Value on 3rd Wed. at 11;Export;Harmonized;NaM;M
Physical Energy & Power Flows;2020;11;167;167;167;RU;UA;Value on 3rd Wed. at 11;Import;Harmonized;NaM;NaM
Physical Energy & Power Flows;2020;11;246;246;246;SE;DE;Value on 3rd Wed. at 11;Import;Harmonized;M;M
Physical Energy & Power Flows;2020;11;384;384;384;SE;DK;Value on 3rd Wed. at 11;Import;Harmonized;M;M
Physical Energy & Power Flows;2020;11;2477;2477;2477;SE;FI;Value on 3rd Wed. at 11;Export;Harmonized;M;M
Physical Energy & Power Flows;2020;11;633;633;633;SE;LT;Value on 3rd Wed. at 11;Export;Harmonized;M;M
Physical Energy & Power Flows;2020;11;337;337;337;SE;NO;Value on 3rd Wed. at 11;Export;Harmonized;M;M
Physical Energy & Power Flows;2020;11;598;598;598;SE;PL;Value on 3rd Wed. at 11;Export;Harmonized;M;M
Physical Energy & Power Flows;2020;11;847;847;847;SI;AT;Value on 3rd Wed. at 11;Import;Harmonized;M;M
Physical Energy & Power Flows;2020;11;74;74;74;SI;HR;Value on 3rd Wed. at 11;Export;Harmonized;M;M
Physical Energy & Power Flows;2020;11;626;626;626;SI;IT;Value on 3rd Wed. at 11;Export;Harmonized;M;M
Physical Energy & Power Flows;2020;11;1423;1423;1423;SK;CZ;Value on 3rd Wed. at 11;Import;Harmonized;M;M
Physical Energy & Power Flows;2020;11;1156;1156;1156;SK;HU;Value on 3rd Wed. at 11;Export;Harmonized;M;M
Physical Energy & Power Flows;2020;11;267;267;267;SK;PL;Value on 3rd Wed. at 11;Import;Harmonized;M;M
Physical Energy & Power Flows;2020;12;106;106;106;AL;GR;Value on 3rd Wed. at 03;Import;Harmonized;M;M
Physical Energy & Power Flows;2020;12;244;244;244;AL;ME;Value on 3rd Wed. at 03;Import;Harmonized;M;M
Physical Energy & Power Flows;2020;12;600;600;600;AT;CH;Value on 3rd Wed. at 03;Export;Harmonized;M;M
Physical Energy & Power Flows;2020;12;1434;1434;1434;AT;CZ;Value on 3rd Wed. at 03;Import;Harmonized;M;M
Physical Energy & Power Flows;2020;12;2339;2339;2339;AT;DE;Value on 3rd Wed. at 03;Import;Harmonized;M;M
Physical Energy & Power Flows;2020;12;495;495;495;AT;HU;Value on 3rd Wed. at 03;Export;Harmonized;M;M
Physical Energy & Power Flows;2020;12;157;157;157;AT;IT;Value on 3rd Wed. at 03;Export;Harmonized;M;M
Physical Energy & Power Flows;2020;12;424;424;424;AT;SI;Value on 3rd Wed. at 03;Export;Harmonized;M;M
Physical Energy & Power Flows;2020;12;163;163;163;BA;HR;Value on 3rd Wed. at 03;Import;Harmonized;M;M
Physical Energy & Power Flows;2020;12;533;533;533;BA;ME;Value on 3rd Wed. at 03;Export;Harmonized;M;M
Physical Energy & Power Flows;2020;12;245;245;245;BA;RS;Value on 3rd Wed. at 03;Export;Harmonized;M;M
Physical Energy & Power Flows;2020;12;0;0;0;BE;DE;Value on 3rd Wed. at 03;Import;Harmonized;M;M
Physical Energy & Power Flows;2020;12;96;96;96;BE;FR;Value on 3rd Wed. at 03;Export;Harmonized;M;M
Physical Energy & Power Flows;2020;12;195;195;195;BE;GB;Value on 3rd Wed. at 03;Export;Harmonized;M;M
Physical Energy & Power Flows;2020;12;189;189;189;BE;LU;Value on 3rd Wed. at 03;Export;Harmonized;M;M
Physical Energy & Power Flows;2020;12;357;357;357;BE;NL;Value on 3rd Wed. at 03;Import;Harmonized;M;M
Physical Energy & Power Flows;2020;12;60;60;60;BG;GR;Value on 3rd Wed. at 03;Export;Harmonized;M;M
Physical Energy & Power Flows;2020;12;77;77;77;BG;MK;Value on 3rd Wed. at 03;Export;Harmonized;M;M
Physical Energy & Power Flows;2020;12;117;117;117;BG;RO;Value on 3rd Wed. at 03;Import;Harmonized;M;M
Physical Energy & Power Flows;2020;12;53;53;53;BG;RS;Value on 3rd Wed. at 03;Export;Harmonized;M;M
Physical Energy & Power Flows;2020;12;177;177;177;BG;TR;Value on 3rd Wed. at 03;Import;Harmonized;M;M
Physical Energy & Power Flows;2020;12;580;580;580;BY;LT;Value on 3rd Wed. at 03;Export;Harmonized;NaM;M
Physical Energy & Power Flows;2020;12;58;58;58;BY;UA;Value on 3rd Wed. at 03;Export;Harmonized;NaM;NaM
Physical Energy & Power Flows;2020;12;600;600;600;CH;AT;Value on 3rd Wed. at 03;Import;Harmonized;M;M
Physical Energy & Power Flows;2020;12;2522;2522;2522;CH;DE;Value on 3rd Wed. at 03;Import;Harmonized;M;M
Physical Energy & Power Flows;2020;12;3301;3301;3301;CH;FR;Value on 3rd Wed. at 03;Import;Harmonized;M;M
Physical Energy & Power Flows;2020;12;2864;2864;2864;CH;IT;Value on 3rd Wed. at 03;Export;Harmonized;M;M
Physical Energy & Power Flows;2020;1;0;0;0;LU;BE;Value on 3rd Wed. at 03;Export;Harmonized;M;M
Physical Energy & Power Flows;2020;1;346;346;346;LU;DE;Value on 3rd Wed. at 03;Import;Harmonized;M;M
Physical Energy & Power Flows;2020;1;367;367;367;LV;EE;Value on 3rd Wed. at 03;Import;Harmonized;M;M
Physical Energy & Power Flows;2020;1;104;104;104;LV;LT;Value on 3rd Wed. at 03;Export;Harmonized;M;M
Physical Energy & Power Flows;2020;1;132;132;132;LV;RU;Value on 3rd Wed. at 03;Import;Harmonized;M;NaM
Physical Energy & Power Flows;2020;1;57;57;57;MD;UA;Value on 3rd Wed. at 03;Import;Harmonized;NaM;NaM
Physical Energy & Power Flows;2020;1;447;447;447;ME;AL;Value on 3rd Wed. at 03;Export;Harmonized;M;M
Physical Energy & Power Flows;2020;1;600;600;600;ME;BA;Value on 3rd Wed. at 03;Import;Harmonized;M;M
Physical Energy & Power Flows;2020;1;199;199;199;ME;IT;Value on 3rd Wed. at 03;Import;Harmonized;M;M
Physical Energy & Power Flows;2020;1;251;251;251;ME;RS;Value on 3rd Wed. at 03;Export;Harmonized;M;M
Physical Energy & Power Flows;2020;1;187;187;187;MK;BG;Value on 3rd Wed. at 03;Import;Harmonized;M;M
Physical Energy & Power Flows;2020;1;318;318;318;MK;GR;Value on 3rd Wed. at 03;Export;Harmonized;M;M
Physical Energy & Power Flows;2020;1;569;569;569;MK;RS;Value on 3rd Wed. at 03;Import;Harmonized;M;M
Physical Energy & Power Flows;2020;1;0;0;0;MT;IT;Value on 3rd Wed. at 03;Import;Harmonized;NaM;M
Physical Energy & Power Flows;2020;1;449;449;449;NL;BE;Value on 3rd Wed. at 03;Export;Harmonized;M;M
Physical Energy & Power Flows;2020;1;606;606;606;NL;DE;Value on 3rd Wed. at 03;Import;Harmonized;M;M
Physical Energy & Power Flows;2020;1;612;612;612;NL;DK;Value on 3rd Wed. at 03;Import;Harmonized;M;M
Physical Energy & Power Flows;2020;1;508;508;508;NL;GB;Value on 3rd Wed. at 03;Import;Harmonized;M;M
Physical Energy & Power Flows;2020;1;38;38;38;NL;NO;Value on 3rd Wed. at 03;Import;Harmonized;M;M
Physical Energy & Power Flows;2020;1;1373;1373;1373;NO;DK;Value on 3rd Wed. at 03;Import;Harmonized;M;M
Physical Energy & Power Flows;2020;1;21;21;21;NO;FI;Value on 3rd Wed. at 03;Export;Harmonized;M;M
Physical Energy & Power Flows;2020;1;38;38;38;NO;NL;Value on 3rd Wed. at 03;Export;Harmonized;M;M
Physical Energy & Power Flows;2020;1;2918;2918;2918;NO;SE;Value on 3rd Wed. at 03;Import;Harmonized;M;M
Physical Energy & Power Flows;2020;1;1456;1456;1456;PL;CZ;Value on 3rd Wed. at 03;Export;Harmonized;M;M
Physical Energy & Power Flows;2020;1;1508;1508;1508;PL;DE;Value on 3rd Wed. at 03;Import;Harmonized;M;M
Physical Energy & Power Flows;2020;1;0;0;0;PL;LT;Value on 3rd Wed. at 03;Import;Harmonized;M;M
Physical Energy & Power Flows;2020;1;0;0;0;PL;SE;Value on 3rd Wed. at 03;Import;Harmonized;M;M
Physical Energy & Power Flows;2020;1;1074;1074;1074;PL;SK;Value on 3rd Wed. at 03;Export;Harmonized;M;M
Physical Energy & Power Flows;2020;1;209;209;209;PL;UA;Value on 3rd Wed. at 03;Import;Harmonized;M;NaM
Physical Energy & Power Flows;2020;1;1513;1513;1513;PT;ES;Value on 3rd Wed. at 03;Import;Harmonized;M;M
Physical Energy & Power Flows;2020;1;513;513;513;RO;BG;Value on 3rd Wed. at 03;Export;Harmonized;M;M
Physical Energy & Power Flows;2020;1;458;458;458;RO;HU;Value on 3rd Wed. at 03;Import;Harmonized;M;M
Physical Energy & Power Flows;2020;1;107;107;107;RO;RS;Value on 3rd Wed. at 03;Export;Harmonized;M;M
Physical Energy & Power Flows;2020;1;772;772;772;RO;UA;Value on 3rd Wed. at 03;Import;Harmonized;M;NaM
Physical Energy & Power Flows;2020;1;9;9;9;RS;AL;Value on 3rd Wed. at 03;Export;Harmonized;M;M
Physical Energy & Power Flows;2020;1;351;351;351;RS;BA;Value on 3rd Wed. at 03;Import;Harmonized;M;M
Physical Energy & Power Flows;2020;1;43;43;43;RS;BG;Value on 3rd Wed. at 03;Export;Harmonized;M;M
Physical Energy & Power Flows;2020;1;214;214;214;RS;HR;Value on 3rd Wed. at 03;Import;Harmonized;M;M
Physical Energy & Power Flows;2020;1;335;335;335;RS;HU;Value on 3rd Wed. at 03;Import;Harmonized;M;M
Physical Energy & Power Flows;2020;1;251;251;251;RS;ME;Value on 3rd Wed. at 03;Import;Harmonized;M;M
Physical Energy & Power Flows;2020;1;569;569;569;RS;MK;Value on 3rd Wed. at 03;Export;Harmonized;M;M
Physical Energy & Power Flows;2020;1;107;107;107;RS;RO;Value on 3rd Wed. at 03;Import;Harmonized;M;M
Physical Energy & Power Flows;2020;1;208;208;208;RU;EE;Value on 3rd Wed. at 03;Import;Harmonized;NaM;M
Physical Energy & Power Flows;2020;1;390;390;390;RU;FI;Value on 3rd Wed. at 03;Export;Harmonized;NaM;M
Physical Energy & Power Flows;2020;1;199;199;199;RU;LT;Value on 3rd Wed. at 03;Export;Harmonized;NaM;M
Physical Energy & Power Flows;2020;1;132;132;132;RU;LV;Value on 3rd Wed. at 03;Export;Harmonized;NaM;M
Physical Energy & Power Flows;2020;1;96;96;96;RU;UA;Value on 3rd Wed. at 03;Export;Harmonized;NaM;NaM
Physical Energy & Power Flows;2020;1;70;70;70;SE;DE;Value on 3rd Wed. at 03;Import;Harmonized;M;M
Physical Energy & Power Flows;2020;1;1272;1272;1272;SE;DK;Value on 3rd Wed. at 03;Import;Harmonized;M;M
Physical Energy & Power Flows;2020;1;1632;1632;1632;SE;FI;Value on 3rd Wed. at 03;Export;Harmonized;M;M
Physical Energy & Power Flows;2020;1;720;720;720;SE;LT;Value on 3rd Wed. at 03;Export;Harmonized;M;M
Physical Energy & Power Flows;2020;1;2918;2918;2918;SE;NO;Value on 3rd Wed. at 03;Export;Harmonized;M;M
Physical Energy & Power Flows;2020;1;0;0;0;SE;PL;Value on 3rd Wed. at 03;Import;Harmonized;M;M
Physical Energy & Power Flows;2020;1;782;782;782;SI;AT;Value on 3rd Wed. at 03;Import;Harmonized;M;M
Physical Energy & Power Flows;2020;1;29;29;29;SI;HR;Value on 3rd Wed. at 03;Export;Harmonized;M;M
Physical Energy & Power Flows;2020;1;261;261;261;SI;IT;Value on 3rd Wed. at 03;Export;Harmonized;M;M
Physical Energy & Power Flows;2020;1;1536;1536;1536;SK;CZ;Value on 3rd Wed. at 03;Import;Harmonized;M;M
Physical Energy & Power Flows;2020;1;1379;1379;1379;SK;HU;Value on 3rd Wed. at 03;Export;Harmonized;M;M
Physical Energy & Power Flows;2020;1;1074;1074;1074;SK;PL;Value on 3rd Wed. at 03;Import;Harmonized;M;M
Physical Energy & Power Flows;2020;1;807;807;807;SK;UA;Value on 3rd Wed. at 03;Export;Harmonized;M;NaM
Physical Energy & Power Flows;2020;1;34;34;34;TR;BG;Value on 3rd Wed. at 03;Export;Harmonized;M;M
Physical Energy & Power Flows;2020;1;231;231;231;TR;GR;Value on 3rd Wed. at 03;Export;Harmonized;M;M
Physical Energy & Power Flows;2020;1;123;123;123;UA;BY;Value on 3rd Wed. at 03;Export;Harmonized;NaM;NaM
Physical Energy & Power Flows;2020;1;333;333;333;UA;HU;Value on 3rd Wed. at 03;Export;Harmonized;NaM;M
Physical Energy & Power Flows;2020;1;57;57;57;UA;MD;Value on 3rd Wed. at 03;Export;Harmonized;NaM;NaM
Physical Energy & Power Flows;2020;1;209;209;209;UA;PL;Value on 3rd Wed. at 03;Export;Harmonized;NaM;M
Physical Energy & Power Flows;2020;1;772;772;772;UA;RO;Value on 3rd Wed. at 03;Export;Harmonized;NaM;M
Physical Energy & Power Flows;2020;1;96;96;96;UA;RU;Value on 3rd Wed. at 03;Import;Harmonized;NaM;NaM
Physical Energy & Power Flows;2020;1;807;807;807;UA;SK;Value on 3rd Wed. at 03;Import;Harmonized;NaM;M
Physical Energy & Power Flows;2020;1;15;15;15;AL;GR;Value on 3rd Wed. at 11;Import;Harmonized;M;M
Physical Energy & Power Flows;2020;1;488;488;488;AL;ME;Value on 3rd Wed. at 11;Import;Harmonized;M;M
Physical Energy & Power Flows;2020;1;120;120;120;AL;RS;Value on 3rd Wed. at 11;Export;Harmonized;M;M
Physical Energy & Power Flows;2020;1;662;662;662;AT;CH;Value on 3rd Wed. at 11;Export;Harmonized;M;M
Physical Energy & Power Flows;2020;1;2015;2015;2015;AT;CZ;Value on 3rd Wed. at 11;Import;Harmonized;M;M
Physical Energy & Power Flows;2020;1;2487;2487;2487;AT;DE;Value on 3rd Wed. at 11;Import;Harmonized;M;M
Physical Energy & Power Flows;2020;1;901;901;901;AT;HU;Value on 3rd Wed. at 11;Export;Harmonized;M;M
Physical Energy & Power Flows;2020;1;263;263;263;AT;IT;Value on 3rd Wed. at 11;Export;Harmonized;M;M
Physical Energy & Power Flows;2020;1;923;923;923;AT;SI;Value on 3rd Wed. at 11;Export;Harmonized;M;M
Physical Energy & Power Flows;2020;1;520;520;520;BA;HR;Value on 3rd Wed. at 11;Export;Harmonized;M;M
Physical Energy & Power Flows;2020;1;233;233;233;BA;ME;Value on 3rd Wed. at 11;Export;Harmonized;M;M
Physical Energy & Power Flows;2020;1;321;321;321;BA;RS;Value on 3rd Wed. at 11;Export;Harmonized;M;M
Physical Energy & Power Flows;2020;1;109;109;109;BE;FR;Value on 3rd Wed. at 11;Export;Harmonized;M;M
Physical Energy & Power Flows;2020;1;1023;1023;1023;BE;GB;Value on 3rd Wed. at 11;Export;Harmonized;M;M
Physical Energy & Power Flows;2020;1;0;0;0;BE;LU;Value on 3rd Wed. at 11;Import;Harmonized;M;M
Physical Energy & Power Flows;2020;1;835;835;835;BE;NL;Value on 3rd Wed. at 11;Import;Harmonized;M;M
Physical Energy & Power Flows;2020;1;23;23;23;BG;GR;Value on 3rd Wed. at 11;Import;Harmonized;M;M
Physical Energy & Power Flows;2020;1;43;43;43;BG;MK;Value on 3rd Wed. at 11;Export;Harmonized;M;M
Physical Energy & Power Flows;2020;1;231;231;231;BG;RO;Value on 3rd Wed. at 11;Export;Harmonized;M;M
Physical Energy & Power Flows;2020;1;28;28;28;BG;RS;Value on 3rd Wed. at 11;Import;Harmonized;M;M
Physical Energy & Power Flows;2020;1;137;137;137;BG;TR;Value on 3rd Wed. at 11;Import;Harmonized;M;M
Physical Energy & Power Flows;2020;1;120;120;120;RS;AL;Value on 3rd Wed. at 11;Import;Harmonized;M;M
Physical Energy & Power Flows;2020;1;321;321;321;RS;BA;Value on 3rd Wed. at 11;Import;Harmonized;M;M
Physical Energy & Power Flows;2020;1;28;28;28;RS;BG;Value on 3rd Wed. at 11;Export;Harmonized;M;M
Physical Energy & Power Flows;2020;1;33;33;33;RS;HR;Value on 3rd Wed. at 11;Import;Harmonized;M;M
Physical Energy & Power Flows;2020;1;19;19;19;RS;HU;Value on 3rd Wed. at 11;Export;Harmonized;M;M
Physical Energy & Power Flows;2020;1;523;523;523;RS;ME;Value on 3rd Wed. at 11;Import;Harmonized;M;M
Physical Energy & Power Flows;2020;1;226;226;226;RS;MK;Value on 3rd Wed. at 11;Export;Harmonized;M;M
Physical Energy & Power Flows;2020;1;285;285;285;RS;RO;Value on 3rd Wed. at 11;Export;Harmonized;M;M
Physical Energy & Power Flows;2020;1;202;202;202;RU;EE;Value on 3rd Wed. at 11;Import;Harmonized;NaM;M
Physical Energy & Power Flows;2020;1;386;386;386;RU;FI;Value on 3rd Wed. at 11;Export;Harmonized;NaM;M
Physical Energy & Power Flows;2020;1;333;333;333;RU;LT;Value on 3rd Wed. at 11;Export;Harmonized;NaM;M
Physical Energy & Power Flows;2020;1;83;83;83;RU;LV;Value on 3rd Wed. at 11;Export;Harmonized;NaM;M
Physical Energy & Power Flows;2020;1;281;281;281;RU;UA;Value on 3rd Wed. at 11;Export;Harmonized;NaM;NaM
Physical Energy & Power Flows;2020;1;366;366;366;SE;DE;Value on 3rd Wed. at 11;Export;Harmonized;M;M
Physical Energy & Power Flows;2020;1;47;47;47;SE;DK;Value on 3rd Wed. at 11;Import;Harmonized;M;M
Physical Energy & Power Flows;2020;1;2536;2536;2536;SE;FI;Value on 3rd Wed. at 11;Export;Harmonized;M;M
Physical Energy & Power Flows;2020;1;668;668;668;SE;LT;Value on 3rd Wed. at 11;Export;Harmonized;M;M
Physical Energy & Power Flows;2020;1;129;129;129;SE;NO;Value on 3rd Wed. at 11;Export;Harmonized;M;M
Physical Energy & Power Flows;2020;1;598;598;598;SE;PL;Value on 3rd Wed. at 11;Export;Harmonized;M;M
Physical Energy & Power Flows;2020;1;923;923;923;SI;AT;Value on 3rd Wed. at 11;Import;Harmonized;M;M
Physical Energy & Power Flows;2020;1;249;249;249;SI;HR;Value on 3rd Wed. at 11;Export;Harmonized;M;M
Physical Energy & Power Flows;2020;1;237;237;237;SI;IT;Value on 3rd Wed. at 11;Export;Harmonized;M;M
Physical Energy & Power Flows;2020;1;1914;1914;1914;SK;CZ;Value on 3rd Wed. at 11;Import;Harmonized;M;M
Physical Energy & Power Flows;2020;1;1427;1427;1427;SK;HU;Value on 3rd Wed. at 11;Export;Harmonized;M;M
Physical Energy & Power Flows;2020;1;1030;1030;1030;SK;PL;Value on 3rd Wed. at 11;Import;Harmonized;M;M
Physical Energy & Power Flows;2020;1;886;886;886;SK;UA;Value on 3rd Wed. at 11;Export;Harmonized;M;NaM
Physical Energy & Power Flows;2020;1;137;137;137;TR;BG;Value on 3rd Wed. at 11;Export;Harmonized;M;M
Physical Energy & Power Flows;2020;1;217;217;217;TR;GR;Value on 3rd Wed. at 11;Export;Harmonized;M;M
Physical Energy & Power Flows;2020;1;180;180;180;UA;BY;Value on 3rd Wed. at 11;Export;Harmonized;NaM;NaM
Physical Energy & Power Flows;2020;1;314;314;314;UA;HU;Value on 3rd Wed. at 11;Export;Harmonized;NaM;M
Physical Energy & Power Flows;2020;1;56;56;56;UA;MD;Value on 3rd Wed. at 11;Export;Harmonized;NaM;NaM
Physical Energy & Power Flows;2020;1;210;210;210;UA;PL;Value on 3rd Wed. at 11;Export;Harmonized;NaM;M
Physical Energy & Power Flows;2020;1;534;534;534;UA;RO;Value on 3rd Wed. at 11;Export;Harmonized;NaM;M
Physical Energy & Power Flows;2020;1;281;281;281;UA;RU;Value on 3rd Wed. at 11;Import;Harmonized;NaM;NaM
Physical Energy & Power Flows;2020;1;886;886;886;UA;SK;Value on 3rd Wed. at 11;Import;Harmonized;NaM;M
Physical Energy & Power Flows;2020;2;63;63;63;AL;GR;Value on 3rd Wed. at 03;Export;Harmonized;M;M
Physical Energy & Power Flows;2020;2;258;258;258;AL;ME;Value on 3rd Wed. at 03;Import;Harmonized;M;M
Physical Energy & Power Flows;2020;2;21;21;21;AL;RS;Value on 3rd Wed. at 03;Export;Harmonized;M;M
Physical Energy & Power Flows;2020;2;682;682;682;AT;CH;Value on 3rd Wed. at 03;Export;Harmonized;M;M
Physical Energy & Power Flows;2020;2;1461;1461;1461;AT;CZ;Value on 3rd Wed. at 03;Import;Harmonized;M;M
Physical Energy & Power Flows;2020;2;3155;3155;3155;AT;DE;Value on 3rd Wed. at 03;Import;Harmonized;M;M
Physical Energy & Power Flows;2020;2;530;530;530;AT;HU;Value on 3rd Wed. at 03;Export;Harmonized;M;M
Physical Energy & Power Flows;2020;2;148;148;148;AT;IT;Value on 3rd Wed. at 03;Export;Harmonized;M;M
Physical Energy & Power Flows;2020;2;842;842;842;AT;SI;Value on 3rd Wed. at 03;Export;Harmonized;M;M
Physical Energy & Power Flows;2020;2;115;115;115;BA;HR;Value on 3rd Wed. at 03;Import;Harmonized;M;M
Physical Energy & Power Flows;2020;2;606;606;606;BA;ME;Value on 3rd Wed. at 03;Export;Harmonized;M;M
Physical Energy & Power Flows;2020;2;163;163;163;BA;RS;Value on 3rd Wed. at 03;Export;Harmonized;M;M
Physical Energy & Power Flows;2020;2;79;79;79;BE;FR;Value on 3rd Wed. at 03;Export;Harmonized;M;M
Physical Energy & Power Flows;2020;2;393;393;393;BE;GB;Value on 3rd Wed. at 03;Export;Harmonized;M;M
Physical Energy & Power Flows;2020;2;0;0;0;BE;LU;Value on 3rd Wed. at 03;Import;Harmonized;M;M
Physical Energy & Power Flows;2020;2;390;390;390;BE;NL;Value on 3rd Wed. at 03;Import;Harmonized;M;M
Physical Energy & Power Flows;2020;2;325;325;325;BG;GR;Value on 3rd Wed. at 03;Export;Harmonized;M;M
Physical Energy & Power Flows;2020;2;262;262;262;BG;MK;Value on 3rd Wed. at 03;Export;Harmonized;M;M
Physical Energy & Power Flows;2020;2;739;739;739;BG;RO;Value on 3rd Wed. at 03;Import;Harmonized;M;M
Physical Energy & Power Flows;2020;2;3;3;3;BG;RS;Value on 3rd Wed. at 03;Export;Harmonized;M;M
Physical Energy & Power Flows;2020;2;583;583;583;BG;TR;Value on 3rd Wed. at 03;Export;Harmonized;M;M
Physical Energy & Power Flows;2020;2;89;89;89;BY;LT;Value on 3rd Wed. at 03;Export;Harmonized;NaM;M
Physical Energy & Power Flows;2020;2;645;645;645;RO;UA;Value on 3rd Wed. at 03;Import;Harmonized;M;NaM
Physical Energy & Power Flows;2020;2;21;21;21;RS;AL;Value on 3rd Wed. at 03;Import;Harmonized;M;M
Physical Energy & Power Flows;2020;2;163;163;163;RS;BA;Value on 3rd Wed. at 03;Import;Harmonized;M;M
Physical Energy & Power Flows;2020;2;3;3;3;RS;BG;Value on 3rd Wed. at 03;Import;Harmonized;M;M
Physical Energy & Power Flows;2020;2;55;55;55;RS;HR;Value on 3rd Wed. at 03;Import;Harmonized;M;M
Physical Energy & Power Flows;2020;2;137;137;137;RS;HU;Value on 3rd Wed. at 03;Import;Harmonized;M;M
Physical Energy & Power Flows;2020;2;56;56;56;RS;ME;Value on 3rd Wed. at 03;Export;Harmonized;M;M
Physical Energy & Power Flows;2020;2;571;571;571;RS;MK;Value on 3rd Wed. at 03;Export;Harmonized;M;M
Physical Energy & Power Flows;2020;2;165;165;165;RS;RO;Value on 3rd Wed. at 03;Import;Harmonized;M;M
Physical Energy & Power Flows;2020;2;177;177;177;RU;EE;Value on 3rd Wed. at 03;Import;Harmonized;NaM;M
Physical Energy & Power Flows;2020;2;137;137;137;RU;FI;Value on 3rd Wed. at 03;Export;Harmonized;NaM;M
Physical Energy & Power Flows;2020;2;209;209;209;RU;LT;Value on 3rd Wed. at 03;Export;Harmonized;NaM;M
Physical Energy & Power Flows;2020;2;185;185;185;RU;LV;Value on 3rd Wed. at 03;Export;Harmonized;NaM;M
Physical Energy & Power Flows;2020;2;79;79;79;RU;UA;Value on 3rd Wed. at 03;Export;Harmonized;NaM;NaM
Physical Energy & Power Flows;2020;2;608;608;608;SE;DE;Value on 3rd Wed. at 03;Export;Harmonized;M;M
Physical Energy & Power Flows;2020;2;595;595;595;SE;DK;Value on 3rd Wed. at 03;Export;Harmonized;M;M
Physical Energy & Power Flows;2020;2;2151;2151;2151;SE;FI;Value on 3rd Wed. at 03;Export;Harmonized;M;M
Physical Energy & Power Flows;2020;2;733;733;733;SE;LT;Value on 3rd Wed. at 03;Export;Harmonized;M;M
Physical Energy & Power Flows;2020;2;82;82;82;SE;NO;Value on 3rd Wed. at 03;Export;Harmonized;M;M
Physical Energy & Power Flows;2020;2;347;347;347;SE;PL;Value on 3rd Wed. at 03;Export;Harmonized;M;M
Physical Energy & Power Flows;2020;2;842;842;842;SI;AT;Value on 3rd Wed. at 03;Import;Harmonized;M;M
Physical Energy & Power Flows;2020;2;163;163;163;SI;HR;Value on 3rd Wed. at 03;Import;Harmonized;M;M
Physical Energy & Power Flows;2020;2;678;678;678;SI;IT;Value on 3rd Wed. at 03;Export;Harmonized;M;M
Physical Energy & Power Flows;2020;2;1386;1386;1386;SK;CZ;Value on 3rd Wed. at 03;Import;Harmonized;M;M
Physical Energy & Power Flows;2020;2;1446;1446;1446;SK;HU;Value on 3rd Wed. at 03;Export;Harmonized;M;M
Physical Energy & Power Flows;2020;2;794;794;794;SK;PL;Value on 3rd Wed. at 03;Import;Harmonized;M;M
Physical Energy & Power Flows;2020;2;609;609;609;SK;UA;Value on 3rd Wed. at 03;Export;Harmonized;M;NaM
Physical Energy & Power Flows;2020;2;583;583;583;TR;BG;Value on 3rd Wed. at 03;Import;Harmonized;M;M
Physical Energy & Power Flows;2020;2;149;149;149;TR;GR;Value on 3rd Wed. at 03;Export;Harmonized;M;M
Physical Energy & Power Flows;2020;2;50;50;50;UA;BY;Value on 3rd Wed. at 03;Export;Harmonized;NaM;NaM
Physical Energy & Power Flows;2020;2;469;469;469;UA;HU;Value on 3rd Wed. at 03;Export;Harmonized;NaM;M
Physical Energy & Power Flows;2020;2;51;51;51;UA;MD;Value on 3rd Wed. at 03;Export;Harmonized;NaM;NaM
Physical Energy & Power Flows;2020;2;214;214;214;UA;PL;Value on 3rd Wed. at 03;Export;Harmonized;NaM;M
Physical Energy & Power Flows;2020;2;645;645;645;UA;RO;Value on 3rd Wed. at 03;Export;Harmonized;NaM;M
Physical Energy & Power Flows;2020;2;79;79;79;UA;RU;Value on 3rd Wed. at 03;Import;Harmonized;NaM;NaM
Physical Energy & Power Flows;2020;2;609;609;609;UA;SK;Value on 3rd Wed. at 03;Import;Harmonized;NaM;M
Physical Energy & Power Flows;2020;2;730;730;730;LT;SE;Value on 3rd Wed. at 11;Import;Harmonized;M;M
Physical Energy & Power Flows;2020;2;0;0;0;LU;BE;Value on 3rd Wed. at 11;Export;Harmonized;M;M
Physical Energy & Power Flows;2020;2;511;511;511;LU;DE;Value on 3rd Wed. at 11;Import;Harmonized;M;M
Physical Energy & Power Flows;2020;2;107;107;107;LV;EE;Value on 3rd Wed. at 11;Import;Harmonized;M;M
Physical Energy & Power Flows;2020;2;174;174;174;LV;LT;Value on 3rd Wed. at 11;Export;Harmonized;M;M
Physical Energy & Power Flows;2020;2;52;52;52;LV;RU;Value on 3rd Wed. at 11;Import;Harmonized;M;NaM
Physical Energy & Power Flows;2020;2;0;0;0;MD;RO;Value on 3rd Wed. at 11;Import;Harmonized;NaM;M
Physical Energy & Power Flows;2020;2;89;89;89;MD;UA;Value on 3rd Wed. at 11;Import;Harmonized;NaM;NaM
Physical Energy & Power Flows;2020;2;610;610;610;ME;AL;Value on 3rd Wed. at 11;Export;Harmonized;M;M
Physical Energy & Power Flows;2020;2;990;990;990;ME;BA;Value on 3rd Wed. at 11;Import;Harmonized;M;M
Physical Energy & Power Flows;2020;2;458;458;458;ME;IT;Value on 3rd Wed. at 11;Import;Harmonized;M;M
Physical Energy & Power Flows;2020;2;208;208;208;ME;RS;Value on 3rd Wed. at 11;Export;Harmonized;M;M
Physical Energy & Power Flows;2020;2;108;108;108;MK;BG;Value on 3rd Wed. at 11;Import;Harmonized;M;M
Physical Energy & Power Flows;2020;2;471;471;471;MK;GR;Value on 3rd Wed. at 11;Export;Harmonized;M;M
Physical Energy & Power Flows;2020;2;604;604;604;MK;RS;Value on 3rd Wed. at 11;Import;Harmonized;M;M
Physical Energy & Power Flows;2020;2;0;0;0;MT;IT;Value on 3rd Wed. at 11;Import;Harmonized;NaM;M
Physical Energy & Power Flows;2020;2;713;713;713;NL;BE;Value on 3rd Wed. at 11;Export;Harmonized;M;M
Physical Energy & Power Flows;2020;2;308;308;308;NL;DE;Value on 3rd Wed. at 11;Import;Harmonized;M;M
Physical Energy & Power Flows;2020;2;580;580;580;NL;DK;Value on 3rd Wed. at 11;Export;Harmonized;M;M
Physical Energy & Power Flows;2020;2;1085;1085;1085;NL;GB;Value on 3rd Wed. at 11;Export;Harmonized;M;M
Physical Energy & Power Flows;2020;2;425;425;425;NL;NO;Value on 3rd Wed. at 11;Import;Harmonized;M;M
Physical Energy & Power Flows;2020;2;481;481;481;NO;DK;Value on 3rd Wed. at 11;Export;Harmonized;M;M
Physical Energy & Power Flows;2020;2;4;4;4;NO;FI;Value on 3rd Wed. at 11;Export;Harmonized;M;M
Physical Energy & Power Flows;2020;2;425;425;425;NO;NL;Value on 3rd Wed. at 11;Export;Harmonized;M;M
Physical Energy & Power Flows;2020;2;811;811;811;NO;SE;Value on 3rd Wed. at 11;Export;Harmonized;M;M
Physical Energy & Power Flows;2020;5;0;0;0;SK;HU;Monthly Value;Import;Harmonized;M;M
Physical Energy & Power Flows;2020;2;464;464;464;PL;CZ;Value on 3rd Wed. at 11;Export;Harmonized;M;M
Physical Energy & Power Flows;2020;2;1701;1701;1701;PL;DE;Value on 3rd Wed. at 11;Import;Harmonized;M;M
Physical Energy & Power Flows;2020;2;480;480;480;PL;LT;Value on 3rd Wed. at 11;Import;Harmonized;M;M
Physical Energy & Power Flows;2020;2;597;597;597;PL;SE;Value on 3rd Wed. at 11;Import;Harmonized;M;M
Physical Energy & Power Flows;2020;2;511;511;511;PL;SK;Value on 3rd Wed. at 11;Export;Harmonized;M;M
Physical Energy & Power Flows;2020;2;215;215;215;PL;UA;Value on 3rd Wed. at 11;Import;Harmonized;M;NaM
Physical Energy & Power Flows;2020;2;218;218;218;PT;ES;Value on 3rd Wed. at 11;Export;Harmonized;M;M
Physical Energy & Power Flows;2020;2;234;234;234;RO;BG;Value on 3rd Wed. at 11;Export;Harmonized;M;M
Physical Energy & Power Flows;2020;2;535;535;535;RO;HU;Value on 3rd Wed. at 11;Import;Harmonized;M;M
Physical Energy & Power Flows;2020;2;0;0;0;RO;MD;Value on 3rd Wed. at 11;Import;Harmonized;M;NaM
Physical Energy & Power Flows;2020;2;459;459;459;RO;RS;Value on 3rd Wed. at 11;Import;Harmonized;M;M
Physical Energy & Power Flows;2020;2;708;708;708;RO;UA;Value on 3rd Wed. at 11;Import;Harmonized;M;NaM
Physical Energy & Power Flows;2020;2;91;91;91;RS;AL;Value on 3rd Wed. at 11;Import;Harmonized;M;M
Physical Energy & Power Flows;2020;2;206;206;206;RS;BA;Value on 3rd Wed. at 11;Import;Harmonized;M;M
Physical Energy & Power Flows;2020;2;213;213;213;RS;BG;Value on 3rd Wed. at 11;Export;Harmonized;M;M
Physical Energy & Power Flows;2020;2;57;57;57;RS;HR;Value on 3rd Wed. at 11;Import;Harmonized;M;M
Physical Energy & Power Flows;2020;2;65;65;65;RS;HU;Value on 3rd Wed. at 11;Import;Harmonized;M;M
Physical Energy & Power Flows;2020;2;208;208;208;RS;ME;Value on 3rd Wed. at 11;Import;Harmonized;M;M
Physical Energy & Power Flows;2020;2;604;604;604;RS;MK;Value on 3rd Wed. at 11;Export;Harmonized;M;M
Physical Energy & Power Flows;2020;2;459;459;459;RS;RO;Value on 3rd Wed. at 11;Export;Harmonized;M;M
Physical Energy & Power Flows;2020;2;190;190;190;RU;EE;Value on 3rd Wed. at 11;Import;Harmonized;NaM;M
Physical Energy & Power Flows;2020;2;530;530;530;RU;FI;Value on 3rd Wed. at 11;Export;Harmonized;NaM;M
Physical Energy & Power Flows;2020;2;333;333;333;RU;LT;Value on 3rd Wed. at 11;Export;Harmonized;NaM;M
Physical Energy & Power Flows;2020;2;52;52;52;RU;LV;Value on 3rd Wed. at 11;Export;Harmonized;NaM;M
Physical Energy & Power Flows;2020;2;310;310;310;RU;UA;Value on 3rd Wed. at 11;Export;Harmonized;NaM;NaM
Physical Energy & Power Flows;2020;2;2;2;2;SE;DE;Value on 3rd Wed. at 11;Import;Harmonized;M;M
Physical Energy & Power Flows;2020;2;519;519;519;SE;DK;Value on 3rd Wed. at 11;Import;Harmonized;M;M
Physical Energy & Power Flows;2020;3;852;852;852;FI;EE;Value on 3rd Wed. at 03;Export;Harmonized;M;M
Physical Energy & Power Flows;2020;3;44;44;44;FI;NO;Value on 3rd Wed. at 03;Export;Harmonized;M;M
Physical Energy & Power Flows;2020;3;144;144;144;FI;RU;Value on 3rd Wed. at 03;Import;Harmonized;M;NaM
Physical Energy & Power Flows;2020;3;1671;1671;1671;FI;SE;Value on 3rd Wed. at 03;Import;Harmonized;M;M
Physical Energy & Power Flows;2020;3;796;796;796;FR;BE;Value on 3rd Wed. at 03;Import;Harmonized;M;M
Physical Energy & Power Flows;2020;3;2378;2378;2378;FR;CH;Value on 3rd Wed. at 03;Export;Harmonized;M;M
Physical Energy & Power Flows;2020;3;1436;1436;1436;FR;DE;Value on 3rd Wed. at 03;Export;Harmonized;M;M
Physical Energy & Power Flows;2020;3;2119;2119;2119;FR;ES;Value on 3rd Wed. at 03;Export;Harmonized;M;M
Physical Energy & Power Flows;2020;3;1419;1419;1419;FR;GB;Value on 3rd Wed. at 03;Export;Harmonized;M;M
Physical Energy & Power Flows;2020;3;2105;2105;2105;FR;IT;Value on 3rd Wed. at 03;Export;Harmonized;M;M
Physical Energy & Power Flows;2020;3;722;722;722;GB;BE;Value on 3rd Wed. at 03;Import;Harmonized;M;M
Physical Energy & Power Flows;2020;3;1419;1419;1419;GB;FR;Value on 3rd Wed. at 03;Import;Harmonized;M;M
Physical Energy & Power Flows;2020;3;0;0;0;GB;IE;Value on 3rd Wed. at 03;Import;Harmonized;M;M
Physical Energy & Power Flows;2020;3;724;724;724;GB;NL;Value on 3rd Wed. at 03;Import;Harmonized;M;M
Physical Energy & Power Flows;2020;3;185;185;185;GR;AL;Value on 3rd Wed. at 03;Import;Harmonized;M;M
Physical Energy & Power Flows;2020;3;257;257;257;GR;BG;Value on 3rd Wed. at 03;Import;Harmonized;M;M
Physical Energy & Power Flows;2020;3;505;505;505;GR;IT;Value on 3rd Wed. at 03;Import;Harmonized;M;M
Physical Energy & Power Flows;2020;3;494;494;494;GR;MK;Value on 3rd Wed. at 03;Import;Harmonized;M;M
Physical Energy & Power Flows;2020;3;202;202;202;GR;TR;Value on 3rd Wed. at 03;Import;Harmonized;M;M
Physical Energy & Power Flows;2020;3;5;5;5;HR;BA;Value on 3rd Wed. at 03;Export;Harmonized;M;M
Physical Energy & Power Flows;2020;3;684;684;684;HR;HU;Value on 3rd Wed. at 03;Import;Harmonized;M;M
Physical Energy & Power Flows;2020;3;86;86;86;HR;RS;Value on 3rd Wed. at 03;Export;Harmonized;M;M
Physical Energy & Power Flows;2020;3;216;216;216;HR;SI;Value on 3rd Wed. at 03;Export;Harmonized;M;M
Physical Energy & Power Flows;2020;3;242;242;242;HU;AT;Value on 3rd Wed. at 03;Import;Harmonized;M;M
Physical Energy & Power Flows;2020;3;684;684;684;HU;HR;Value on 3rd Wed. at 03;Export;Harmonized;M;M
Physical Energy & Power Flows;2020;3;328;328;328;HU;RO;Value on 3rd Wed. at 03;Export;Harmonized;M;M
Physical Energy & Power Flows;2020;3;146;146;146;HU;RS;Value on 3rd Wed. at 03;Export;Harmonized;M;M
Physical Energy & Power Flows;2020;3;1156;1156;1156;HU;SK;Value on 3rd Wed. at 03;Import;Harmonized;M;M
Physical Energy & Power Flows;2020;3;354;354;354;HU;UA;Value on 3rd Wed. at 03;Import;Harmonized;M;NaM
Physical Energy & Power Flows;2020;3;0;0;0;IE;GB;Value on 3rd Wed. at 03;Export;Harmonized;M;M
Physical Energy & Power Flows;2020;3;138;138;138;IT;AT;Value on 3rd Wed. at 03;Import;Harmonized;M;M
Physical Energy & Power Flows;2020;3;3255;3255;3255;IT;CH;Value on 3rd Wed. at 03;Import;Harmonized;M;M
Physical Energy & Power Flows;2020;3;2105;2105;2105;IT;FR;Value on 3rd Wed. at 03;Import;Harmonized;M;M
Physical Energy & Power Flows;2020;3;505;505;505;IT;GR;Value on 3rd Wed. at 03;Export;Harmonized;M;M
Physical Energy & Power Flows;2020;3;151;151;151;IT;ME;Value on 3rd Wed. at 03;Import;Harmonized;M;M
Physical Energy & Power Flows;2020;3;56;56;56;IT;MT;Value on 3rd Wed. at 03;Export;Harmonized;M;NaM
Physical Energy & Power Flows;2020;3;762;762;762;IT;SI;Value on 3rd Wed. at 03;Import;Harmonized;M;M
Physical Energy & Power Flows;2020;3;159;159;159;LT;BY;Value on 3rd Wed. at 03;Import;Harmonized;M;NaM
Physical Energy & Power Flows;2020;3;451;451;451;LT;LV;Value on 3rd Wed. at 03;Import;Harmonized;M;M
Physical Energy & Power Flows;2020;3;250;250;250;LT;PL;Value on 3rd Wed. at 03;Import;Harmonized;M;M
Physical Energy & Power Flows;2020;3;20;20;20;LT;RU;Value on 3rd Wed. at 03;Import;Harmonized;M;NaM
Physical Energy & Power Flows;2020;3;671;671;671;LT;SE;Value on 3rd Wed. at 03;Import;Harmonized;M;M
Physical Energy & Power Flows;2020;3;0;0;0;LU;BE;Value on 3rd Wed. at 03;Export;Harmonized;M;M
Physical Energy & Power Flows;2020;3;388;388;388;LU;DE;Value on 3rd Wed. at 03;Import;Harmonized;M;M
Physical Energy & Power Flows;2020;3;323;323;323;LV;EE;Value on 3rd Wed. at 03;Import;Harmonized;M;M
Physical Energy & Power Flows;2020;3;451;451;451;LV;LT;Value on 3rd Wed. at 03;Export;Harmonized;M;M
Physical Energy & Power Flows;2020;3;135;135;135;LV;RU;Value on 3rd Wed. at 03;Import;Harmonized;M;NaM
Physical Energy & Power Flows;2020;3;0;0;0;MD;RO;Value on 3rd Wed. at 03;Import;Harmonized;NaM;M
Physical Energy & Power Flows;2020;3;123;123;123;MD;UA;Value on 3rd Wed. at 03;Import;Harmonized;NaM;NaM
Physical Energy & Power Flows;2020;3;298;298;298;ME;AL;Value on 3rd Wed. at 03;Export;Harmonized;M;M
Physical Energy & Power Flows;2020;3;439;439;439;ME;BA;Value on 3rd Wed. at 03;Import;Harmonized;M;M
Physical Energy & Power Flows;2020;3;8;8;8;RU;UA;Value on 3rd Wed. at 11;Import;Harmonized;NaM;NaM
Physical Energy & Power Flows;2020;3;608;608;608;SE;DE;Value on 3rd Wed. at 11;Export;Harmonized;M;M
Physical Energy & Power Flows;2020;3;985;985;985;SE;DK;Value on 3rd Wed. at 11;Export;Harmonized;M;M
Physical Energy & Power Flows;2020;3;2360;2360;2360;SE;FI;Value on 3rd Wed. at 11;Export;Harmonized;M;M
Physical Energy & Power Flows;2020;3;733;733;733;SE;LT;Value on 3rd Wed. at 11;Export;Harmonized;M;M
Physical Energy & Power Flows;2020;3;370;370;370;SE;NO;Value on 3rd Wed. at 11;Import;Harmonized;M;M
Physical Energy & Power Flows;2020;3;598;598;598;SE;PL;Value on 3rd Wed. at 11;Export;Harmonized;M;M
Physical Energy & Power Flows;2020;3;740;740;740;SI;AT;Value on 3rd Wed. at 11;Import;Harmonized;M;M
Physical Energy & Power Flows;2020;11;330;330;330;TR;GR;Value on 3rd Wed. at 11;Export;Harmonized;M;M
Physical Energy & Power Flows;2020;11;235;235;235;UA;BY;Value on 3rd Wed. at 11;Import;Harmonized;NaM;NaM
Physical Energy & Power Flows;2020;11;270;270;270;UA;HU;Value on 3rd Wed. at 11;Export;Harmonized;NaM;M
Physical Energy & Power Flows;2020;11;2;2;2;UA;MD;Value on 3rd Wed. at 11;Export;Harmonized;NaM;NaM
Physical Energy & Power Flows;2020;11;215;215;215;UA;PL;Value on 3rd Wed. at 11;Export;Harmonized;NaM;M
Physical Energy & Power Flows;2020;11;394;394;394;UA;RO;Value on 3rd Wed. at 11;Export;Harmonized;NaM;M
Physical Energy & Power Flows;2020;11;167;167;167;UA;RU;Value on 3rd Wed. at 11;Export;Harmonized;NaM;NaM
Physical Energy & Power Flows;2020;11;432;432;432;UA;SK;Value on 3rd Wed. at 11;Import;Harmonized;NaM;M
Physical Energy & Power Flows;2020;12;2864;2864;2864;IT;CH;Value on 3rd Wed. at 03;Import;Harmonized;M;M
Physical Energy & Power Flows;2020;12;2526;2526;2526;IT;FR;Value on 3rd Wed. at 03;Import;Harmonized;M;M
Physical Energy & Power Flows;2020;12;290;290;290;IT;GR;Value on 3rd Wed. at 03;Import;Harmonized;M;M
Physical Energy & Power Flows;2020;12;0;0;0;IT;ME;Value on 3rd Wed. at 03;Import;Harmonized;M;M
Physical Energy & Power Flows;2020;12;76;76;76;IT;MT;Value on 3rd Wed. at 03;Export;Harmonized;M;NaM
Physical Energy & Power Flows;2020;12;829;829;829;IT;SI;Value on 3rd Wed. at 03;Import;Harmonized;M;M
Physical Energy & Power Flows;2020;12;580;580;580;LT;BY;Value on 3rd Wed. at 03;Import;Harmonized;M;NaM
Physical Energy & Power Flows;2020;12;138;138;138;LT;LV;Value on 3rd Wed. at 03;Import;Harmonized;M;M
Physical Energy & Power Flows;2020;12;118;118;118;LT;PL;Value on 3rd Wed. at 03;Export;Harmonized;M;M
Physical Energy & Power Flows;2020;12;339;339;339;LT;RU;Value on 3rd Wed. at 03;Import;Harmonized;M;NaM
Physical Energy & Power Flows;2020;12;392;392;392;LT;SE;Value on 3rd Wed. at 03;Import;Harmonized;M;M
Physical Energy & Power Flows;2020;12;189;189;189;LU;BE;Value on 3rd Wed. at 03;Import;Harmonized;M;M
Physical Energy & Power Flows;2020;12;228;228;228;LU;DE;Value on 3rd Wed. at 03;Import;Harmonized;M;M
Physical Energy & Power Flows;2020;12;324;324;324;LV;EE;Value on 3rd Wed. at 03;Import;Harmonized;M;M
Physical Energy & Power Flows;2020;12;138;138;138;LV;LT;Value on 3rd Wed. at 03;Export;Harmonized;M;M
Physical Energy & Power Flows;2020;12;94;94;94;LV;RU;Value on 3rd Wed. at 03;Import;Harmonized;M;NaM
Physical Energy & Power Flows;2020;12;0;0;0;MD;RO;Value on 3rd Wed. at 03;Import;Harmonized;NaM;M
Physical Energy & Power Flows;2020;12;39;39;39;MD;UA;Value on 3rd Wed. at 03;Export;Harmonized;NaM;NaM
Physical Energy & Power Flows;2020;12;244;244;244;ME;AL;Value on 3rd Wed. at 03;Export;Harmonized;M;M
Physical Energy & Power Flows;2020;12;533;533;533;ME;BA;Value on 3rd Wed. at 03;Import;Harmonized;M;M
Physical Energy & Power Flows;2020;12;0;0;0;ME;IT;Value on 3rd Wed. at 03;Import;Harmonized;M;M
Physical Energy & Power Flows;2020;12;163;163;163;ME;RS;Value on 3rd Wed. at 03;Export;Harmonized;M;M
Physical Energy & Power Flows;2020;12;77;77;77;MK;BG;Value on 3rd Wed. at 03;Import;Harmonized;M;M
Physical Energy & Power Flows;2020;12;20;20;20;MK;GR;Value on 3rd Wed. at 03;Import;Harmonized;M;M
Physical Energy & Power Flows;2020;12;46;46;46;MK;RS;Value on 3rd Wed. at 03;Import;Harmonized;M;M
Physical Energy & Power Flows;2020;12;76;76;76;MT;IT;Value on 3rd Wed. at 03;Import;Harmonized;NaM;M
Physical Energy & Power Flows;2020;12;357;357;357;NL;BE;Value on 3rd Wed. at 03;Export;Harmonized;M;M
Physical Energy & Power Flows;2020;12;1859;1859;1859;NL;DE;Value on 3rd Wed. at 03;Export;Harmonized;M;M
Physical Energy & Power Flows;2020;12;0;0;0;NL;DK;Value on 3rd Wed. at 03;Import;Harmonized;M;M
Physical Energy & Power Flows;2020;12;0;0;0;NL;GB;Value on 3rd Wed. at 03;Export;Harmonized;M;M
Physical Energy & Power Flows;2020;12;706;706;706;NL;NO;Value on 3rd Wed. at 03;Import;Harmonized;M;M
Physical Energy & Power Flows;2020;12;0;0;0;NO;DE;Value on 3rd Wed. at 03;Import;Harmonized;M;M
Physical Energy & Power Flows;2020;12;1632;1632;1632;NO;DK;Value on 3rd Wed. at 03;Export;Harmonized;M;M
Physical Energy & Power Flows;2020;12;95;95;95;NO;FI;Value on 3rd Wed. at 03;Export;Harmonized;M;M
Physical Energy & Power Flows;2020;12;706;706;706;NO;NL;Value on 3rd Wed. at 03;Export;Harmonized;M;M
Physical Energy & Power Flows;2020;12;2080;2080;2080;NO;SE;Value on 3rd Wed. at 03;Export;Harmonized;M;M
Physical Energy & Power Flows;2020;12;428;428;428;PL;CZ;Value on 3rd Wed. at 03;Export;Harmonized;M;M
Physical Energy & Power Flows;2020;12;810;810;810;PL;DE;Value on 3rd Wed. at 03;Import;Harmonized;M;M
Physical Energy & Power Flows;2020;12;118;118;118;PL;LT;Value on 3rd Wed. at 03;Import;Harmonized;M;M
Physical Energy & Power Flows;2020;12;526;526;526;PL;SE;Value on 3rd Wed. at 03;Import;Harmonized;M;M
Physical Energy & Power Flows;2020;12;604;604;604;PL;SK;Value on 3rd Wed. at 03;Export;Harmonized;M;M
Physical Energy & Power Flows;2020;12;212;212;212;PL;UA;Value on 3rd Wed. at 03;Import;Harmonized;M;NaM
Physical Energy & Power Flows;2020;12;1101;1101;1101;PT;ES;Value on 3rd Wed. at 03;Export;Harmonized;M;M
Physical Energy & Power Flows;2020;12;117;117;117;RO;BG;Value on 3rd Wed. at 03;Export;Harmonized;M;M
Physical Energy & Power Flows;2020;12;270;270;270;RO;HU;Value on 3rd Wed. at 03;Import;Harmonized;M;M
Physical Energy & Power Flows;2020;12;0;0;0;RO;MD;Value on 3rd Wed. at 03;Import;Harmonized;M;NaM
Physical Energy & Power Flows;2020;12;36;36;36;RO;RS;Value on 3rd Wed. at 03;Export;Harmonized;M;M
Physical Energy & Power Flows;2020;12;409;409;409;RO;UA;Value on 3rd Wed. at 03;Import;Harmonized;M;NaM
Physical Energy & Power Flows;2020;12;245;245;245;RS;BA;Value on 3rd Wed. at 03;Import;Harmonized;M;M
Physical Energy & Power Flows;2020;12;53;53;53;RS;BG;Value on 3rd Wed. at 03;Import;Harmonized;M;M
Physical Energy & Power Flows;2020;12;31;31;31;RS;HR;Value on 3rd Wed. at 03;Import;Harmonized;M;M
Physical Energy & Power Flows;2020;5;502;502;502;IT;GR;Value on 3rd Wed. at 03;Export;Harmonized;M;M
Physical Energy & Power Flows;2020;5;187;187;187;IT;ME;Value on 3rd Wed. at 03;Import;Harmonized;M;M
Physical Energy & Power Flows;2020;5;6;6;6;IT;MT;Value on 3rd Wed. at 03;Export;Harmonized;M;NaM
Physical Energy & Power Flows;2020;5;257;257;257;IT;SI;Value on 3rd Wed. at 03;Import;Harmonized;M;M
Physical Energy & Power Flows;2020;5;206;206;206;LT;BY;Value on 3rd Wed. at 03;Import;Harmonized;M;NaM
Physical Energy & Power Flows;2020;5;159;159;159;LT;LV;Value on 3rd Wed. at 03;Import;Harmonized;M;M
Physical Energy & Power Flows;2020;5;2;2;2;LT;PL;Value on 3rd Wed. at 03;Export;Harmonized;M;M
Physical Energy & Power Flows;2020;5;39;39;39;LT;RU;Value on 3rd Wed. at 03;Import;Harmonized;M;NaM
Physical Energy & Power Flows;2020;5;733;733;733;LT;SE;Value on 3rd Wed. at 03;Import;Harmonized;M;M
Physical Energy & Power Flows;2020;5;0;0;0;LU;BE;Value on 3rd Wed. at 03;Export;Harmonized;M;M
Physical Energy & Power Flows;2020;5;394;394;394;LU;DE;Value on 3rd Wed. at 03;Import;Harmonized;M;M
Physical Energy & Power Flows;2020;5;358;358;358;LV;EE;Value on 3rd Wed. at 03;Import;Harmonized;M;M
Physical Energy & Power Flows;2020;5;159;159;159;LV;LT;Value on 3rd Wed. at 03;Export;Harmonized;M;M
Physical Energy & Power Flows;2020;5;49;49;49;LV;RU;Value on 3rd Wed. at 03;Import;Harmonized;M;NaM
Physical Energy & Power Flows;2020;5;0;0;0;MD;RO;Value on 3rd Wed. at 03;Import;Harmonized;NaM;M
Physical Energy & Power Flows;2020;5;17;17;17;MD;UA;Value on 3rd Wed. at 03;Import;Harmonized;NaM;NaM
Physical Energy & Power Flows;2020;5;278;278;278;ME;AL;Value on 3rd Wed. at 03;Export;Harmonized;M;M
Physical Energy & Power Flows;2020;5;660;660;660;ME;BA;Value on 3rd Wed. at 03;Import;Harmonized;M;M
Physical Energy & Power Flows;2020;5;187;187;187;ME;IT;Value on 3rd Wed. at 03;Export;Harmonized;M;M
Physical Energy & Power Flows;2020;5;26;26;26;ME;RS;Value on 3rd Wed. at 03;Import;Harmonized;M;M
Physical Energy & Power Flows;2020;5;111;111;111;MK;BG;Value on 3rd Wed. at 03;Import;Harmonized;M;M
Physical Energy & Power Flows;2020;5;594;594;594;MK;GR;Value on 3rd Wed. at 03;Export;Harmonized;M;M
Physical Energy & Power Flows;2020;5;573;573;573;MK;RS;Value on 3rd Wed. at 03;Import;Harmonized;M;M
Physical Energy & Power Flows;2020;5;6;6;6;MT;IT;Value on 3rd Wed. at 03;Import;Harmonized;NaM;M
Physical Energy & Power Flows;2020;5;1589;1589;1589;NL;BE;Value on 3rd Wed. at 03;Import;Harmonized;M;M
Physical Energy & Power Flows;2020;5;2167;2167;2167;NL;DE;Value on 3rd Wed. at 03;Export;Harmonized;M;M
Physical Energy & Power Flows;2020;5;696;696;696;NL;DK;Value on 3rd Wed. at 03;Export;Harmonized;M;M
Physical Energy & Power Flows;2020;5;534;534;534;ME;BA;Value on 3rd Wed. at 11;Import;Harmonized;M;M
Physical Energy & Power Flows;2020;5;57;57;57;ME;IT;Value on 3rd Wed. at 11;Import;Harmonized;M;M
Physical Energy & Power Flows;2020;5;38;38;38;ME;RS;Value on 3rd Wed. at 11;Export;Harmonized;M;M
Physical Energy & Power Flows;2020;5;154;154;154;MK;BG;Value on 3rd Wed. at 11;Import;Harmonized;M;M
Physical Energy & Power Flows;2020;5;320;320;320;MK;GR;Value on 3rd Wed. at 11;Export;Harmonized;M;M
Physical Energy & Power Flows;2020;5;419;419;419;MK;RS;Value on 3rd Wed. at 11;Import;Harmonized;M;M
Physical Energy & Power Flows;2020;5;2;2;2;MT;IT;Value on 3rd Wed. at 11;Import;Harmonized;NaM;M
Physical Energy & Power Flows;2020;5;1583;1583;1583;NL;BE;Value on 3rd Wed. at 11;Import;Harmonized;M;M
Physical Energy & Power Flows;2020;5;2848;2848;2848;NL;DE;Value on 3rd Wed. at 11;Export;Harmonized;M;M
Physical Energy & Power Flows;2020;5;698;698;698;NL;DK;Value on 3rd Wed. at 11;Export;Harmonized;M;M
Physical Energy & Power Flows;2020;5;773;773;773;NL;GB;Value on 3rd Wed. at 11;Export;Harmonized;M;M
Physical Energy & Power Flows;2020;5;705;705;705;NL;NO;Value on 3rd Wed. at 11;Import;Harmonized;M;M
Physical Energy & Power Flows;2020;5;1400;1400;1400;NO;DK;Value on 3rd Wed. at 11;Export;Harmonized;M;M
Physical Energy & Power Flows;2020;5;10;10;10;NO;FI;Value on 3rd Wed. at 11;Export;Harmonized;M;M
Physical Energy & Power Flows;2020;5;705;705;705;NO;NL;Value on 3rd Wed. at 11;Export;Harmonized;M;M
Physical Energy & Power Flows;2020;5;1696;1696;1696;NO;SE;Value on 3rd Wed. at 11;Export;Harmonized;M;M
Physical Energy & Power Flows;2020;5;287;287;287;PL;CZ;Value on 3rd Wed. at 11;Import;Harmonized;M;M
Physical Energy & Power Flows;2020;5;1456;1456;1456;PL;DE;Value on 3rd Wed. at 11;Import;Harmonized;M;M
Physical Energy & Power Flows;2020;5;246;246;246;PL;LT;Value on 3rd Wed. at 11;Import;Harmonized;M;M
Physical Energy & Power Flows;2020;5;399;399;399;PL;SE;Value on 3rd Wed. at 11;Import;Harmonized;M;M
Physical Energy & Power Flows;2020;5;124;124;124;PL;SK;Value on 3rd Wed. at 11;Export;Harmonized;M;M
Physical Energy & Power Flows;2020;5;193;193;193;PL;UA;Value on 3rd Wed. at 11;Import;Harmonized;M;NaM
Physical Energy & Power Flows;2020;5;224;224;224;PT;ES;Value on 3rd Wed. at 11;Export;Harmonized;M;M
Physical Energy & Power Flows;2020;5;482;482;482;RO;BG;Value on 3rd Wed. at 11;Export;Harmonized;M;M
Physical Energy & Power Flows;2020;5;534;534;534;RO;HU;Value on 3rd Wed. at 11;Import;Harmonized;M;M
Physical Energy & Power Flows;2020;5;0;0;0;RO;MD;Value on 3rd Wed. at 11;Import;Harmonized;M;NaM
Physical Energy & Power Flows;2020;5;337;337;337;RO;RS;Value on 3rd Wed. at 11;Import;Harmonized;M;M
Physical Energy & Power Flows;2020;5;358;358;358;RO;UA;Value on 3rd Wed. at 11;Import;Harmonized;M;NaM
Physical Energy & Power Flows;2020;5;5;5;5;RS;AL;Value on 3rd Wed. at 11;Import;Harmonized;M;M
Physical Energy & Power Flows;2020;7;2198;2198;2198;FI;SE;Value on 3rd Wed. at 03;Import;Harmonized;M;M
Physical Energy & Power Flows;2020;7;1244;1244;1244;FR;BE;Value on 3rd Wed. at 03;Export;Harmonized;M;M
Physical Energy & Power Flows;2020;7;2838;2838;2838;FR;CH;Value on 3rd Wed. at 03;Export;Harmonized;M;M
Physical Energy & Power Flows;2020;7;4013;4013;4013;FR;DE;Value on 3rd Wed. at 03;Export;Harmonized;M;M
Physical Energy & Power Flows;2020;7;2967;2967;2967;FR;ES;Value on 3rd Wed. at 03;Import;Harmonized;M;M
Physical Energy & Power Flows;2020;7;1524;1524;1524;FR;GB;Value on 3rd Wed. at 03;Import;Harmonized;M;M
Physical Energy & Power Flows;2020;7;2532;2532;2532;FR;IT;Value on 3rd Wed. at 03;Export;Harmonized;M;M
Physical Energy & Power Flows;2020;7;826;826;826;GB;BE;Value on 3rd Wed. at 03;Export;Harmonized;M;M
Physical Energy & Power Flows;2020;7;1524;1524;1524;GB;FR;Value on 3rd Wed. at 03;Export;Harmonized;M;M
Physical Energy & Power Flows;2020;7;500;500;500;GB;IE;Value on 3rd Wed. at 03;Import;Harmonized;M;M
Physical Energy & Power Flows;2020;7;165;165;165;GB;NL;Value on 3rd Wed. at 03;Export;Harmonized;M;M
Physical Energy & Power Flows;2020;7;13;13;13;GR;AL;Value on 3rd Wed. at 03;Import;Harmonized;M;M
Physical Energy & Power Flows;2020;7;334;334;334;GR;BG;Value on 3rd Wed. at 03;Import;Harmonized;M;M
Physical Energy & Power Flows;2020;7;491;491;491;GR;IT;Value on 3rd Wed. at 03;Import;Harmonized;M;M
Physical Energy & Power Flows;2020;7;713;713;713;GR;MK;Value on 3rd Wed. at 03;Import;Harmonized;M;M
Physical Energy & Power Flows;2020;7;356;356;356;GR;TR;Value on 3rd Wed. at 03;Import;Harmonized;M;M
Physical Energy & Power Flows;2020;7;458;458;458;HR;BA;Value on 3rd Wed. at 03;Export;Harmonized;M;M
Physical Energy & Power Flows;2020;7;526;526;526;HR;HU;Value on 3rd Wed. at 03;Import;Harmonized;M;M
Physical Energy & Power Flows;2020;7;200;200;200;HR;RS;Value on 3rd Wed. at 03;Export;Harmonized;M;M
Physical Energy & Power Flows;2020;7;700;700;700;HR;SI;Value on 3rd Wed. at 03;Import;Harmonized;M;M
Physical Energy & Power Flows;2020;7;540;540;540;HU;AT;Value on 3rd Wed. at 03;Import;Harmonized;M;M
Physical Energy & Power Flows;2020;7;526;526;526;HU;HR;Value on 3rd Wed. at 03;Export;Harmonized;M;M
Physical Energy & Power Flows;2020;7;369;369;369;HU;RO;Value on 3rd Wed. at 03;Export;Harmonized;M;M
Physical Energy & Power Flows;2020;7;200;200;200;HU;RS;Value on 3rd Wed. at 03;Export;Harmonized;M;M
Physical Energy & Power Flows;2020;7;1078;1078;1078;HU;SK;Value on 3rd Wed. at 03;Import;Harmonized;M;M
Physical Energy & Power Flows;2020;7;40;40;40;HU;UA;Value on 3rd Wed. at 03;Import;Harmonized;M;NaM
Physical Energy & Power Flows;2020;7;500;500;500;IE;GB;Value on 3rd Wed. at 03;Export;Harmonized;M;M
Physical Energy & Power Flows;2020;7;139;139;139;IT;AT;Value on 3rd Wed. at 03;Import;Harmonized;M;M
Physical Energy & Power Flows;2020;7;1339;1339;1339;IT;CH;Value on 3rd Wed. at 03;Import;Harmonized;M;M
Physical Energy & Power Flows;2020;7;2532;2532;2532;IT;FR;Value on 3rd Wed. at 03;Import;Harmonized;M;M
Physical Energy & Power Flows;2020;7;491;491;491;IT;GR;Value on 3rd Wed. at 03;Export;Harmonized;M;M
Physical Energy & Power Flows;2020;7;554;554;554;IT;ME;Value on 3rd Wed. at 03;Import;Harmonized;M;M
Physical Energy & Power Flows;2020;7;10;10;10;IT;MT;Value on 3rd Wed. at 03;Export;Harmonized;M;NaM
Physical Energy & Power Flows;2020;7;252;252;252;IT;SI;Value on 3rd Wed. at 03;Import;Harmonized;M;M
Physical Energy & Power Flows;2020;7;342;342;342;LT;BY;Value on 3rd Wed. at 03;Import;Harmonized;M;NaM
Physical Energy & Power Flows;2020;7;415;415;415;LT;LV;Value on 3rd Wed. at 03;Import;Harmonized;M;M
Physical Energy & Power Flows;2020;7;0;0;0;LT;PL;Value on 3rd Wed. at 03;Import;Harmonized;M;M
Physical Energy & Power Flows;2020;7;160;160;160;LT;RU;Value on 3rd Wed. at 03;Import;Harmonized;M;NaM
Physical Energy & Power Flows;2020;7;349;349;349;LT;SE;Value on 3rd Wed. at 03;Import;Harmonized;M;M
Physical Energy & Power Flows;2020;7;0;0;0;LU;BE;Value on 3rd Wed. at 03;Import;Harmonized;M;M
Physical Energy & Power Flows;2020;7;380;380;380;LU;DE;Value on 3rd Wed. at 03;Import;Harmonized;M;M
Physical Energy & Power Flows;2020;7;567;567;567;LV;EE;Value on 3rd Wed. at 03;Import;Harmonized;M;M
Physical Energy & Power Flows;2020;7;415;415;415;LV;LT;Value on 3rd Wed. at 03;Export;Harmonized;M;M
Physical Energy & Power Flows;2020;7;225;225;225;LV;RU;Value on 3rd Wed. at 03;Import;Harmonized;M;NaM
Physical Energy & Power Flows;2020;7;0;0;0;MD;RO;Value on 3rd Wed. at 03;Import;Harmonized;NaM;M
Physical Energy & Power Flows;2020;7;9;9;9;MD;UA;Value on 3rd Wed. at 03;Export;Harmonized;NaM;NaM
Physical Energy & Power Flows;2020;7;226;226;226;ME;AL;Value on 3rd Wed. at 03;Export;Harmonized;M;M
Physical Energy & Power Flows;2020;7;536;536;536;ME;BA;Value on 3rd Wed. at 03;Import;Harmonized;M;M
Physical Energy & Power Flows;2020;7;554;554;554;ME;IT;Value on 3rd Wed. at 03;Export;Harmonized;M;M
Physical Energy & Power Flows;2020;8;171;171;171;DE;LU;Value on 3rd Wed. at 03;Export;Harmonized;M;M
Physical Energy & Power Flows;2020;8;2432;2432;2432;DE;NL;Value on 3rd Wed. at 03;Import;Harmonized;M;M
Physical Energy & Power Flows;2020;8;1035;1035;1035;DE;PL;Value on 3rd Wed. at 03;Export;Harmonized;M;M
Physical Energy & Power Flows;2020;8;1;1;1;DE;SE;Value on 3rd Wed. at 03;Export;Harmonized;M;M
Physical Energy & Power Flows;2020;8;102;102;102;DK;DE;Value on 3rd Wed. at 03;Import;Harmonized;M;M
Physical Energy & Power Flows;2020;8;1;1;1;DK;NL;Value on 3rd Wed. at 03;Import;Harmonized;M;M
Physical Energy & Power Flows;2020;8;1159;1159;1159;DK;NO;Value on 3rd Wed. at 03;Import;Harmonized;M;M
Physical Energy & Power Flows;2020;8;980;980;980;DK;SE;Value on 3rd Wed. at 03;Import;Harmonized;M;M
Physical Energy & Power Flows;2020;8;921;921;921;EE;FI;Value on 3rd Wed. at 03;Import;Harmonized;M;M
Physical Energy & Power Flows;2020;8;547;547;547;EE;LV;Value on 3rd Wed. at 03;Export;Harmonized;M;M
Physical Energy & Power Flows;2020;8;271;271;271;EE;RU;Value on 3rd Wed. at 03;Export;Harmonized;M;NaM
Physical Energy & Power Flows;2020;8;553;553;553;ES;FR;Value on 3rd Wed. at 03;Import;Harmonized;M;M
Physical Energy & Power Flows;2020;8;650;650;650;ES;PT;Value on 3rd Wed. at 03;Export;Harmonized;M;M
Physical Energy & Power Flows;2020;8;921;921;921;FI;EE;Value on 3rd Wed. at 03;Export;Harmonized;M;M
Physical Energy & Power Flows;2020;8;33;33;33;FI;NO;Value on 3rd Wed. at 03;Import;Harmonized;M;M
Physical Energy & Power Flows;2020;8;847;847;847;FI;RU;Value on 3rd Wed. at 03;Import;Harmonized;M;NaM
Physical Energy & Power Flows;2020;8;1916;1916;1916;FI;SE;Value on 3rd Wed. at 03;Import;Harmonized;M;M
Physical Energy & Power Flows;2020;8;741;741;741;FR;BE;Value on 3rd Wed. at 03;Export;Harmonized;M;M
Physical Energy & Power Flows;2020;8;317;317;317;FR;CH;Value on 3rd Wed. at 03;Export;Harmonized;M;M
Physical Energy & Power Flows;2020;8;1552;1552;1552;FR;DE;Value on 3rd Wed. at 03;Export;Harmonized;M;M
Physical Energy & Power Flows;2020;8;553;553;553;FR;ES;Value on 3rd Wed. at 03;Export;Harmonized;M;M
Physical Energy & Power Flows;2020;8;1439;1439;1439;FR;GB;Value on 3rd Wed. at 03;Export;Harmonized;M;M
Physical Energy & Power Flows;2020;8;402;402;402;FR;IT;Value on 3rd Wed. at 03;Export;Harmonized;M;M
Physical Energy & Power Flows;2020;8;100;100;100;GB;BE;Value on 3rd Wed. at 03;Import;Harmonized;M;M
Physical Energy & Power Flows;2020;8;1439;1439;1439;GB;FR;Value on 3rd Wed. at 03;Import;Harmonized;M;M
Physical Energy & Power Flows;2020;8;2;2;2;GB;IE;Value on 3rd Wed. at 03;Import;Harmonized;M;M
Physical Energy & Power Flows;2020;8;145;145;145;GB;NL;Value on 3rd Wed. at 03;Import;Harmonized;M;M
Physical Energy & Power Flows;2020;8;52;52;52;GR;AL;Value on 3rd Wed. at 03;Import;Harmonized;M;M
Physical Energy & Power Flows;2020;8;316;316;316;GR;BG;Value on 3rd Wed. at 03;Import;Harmonized;M;M
Physical Energy & Power Flows;2020;8;489;489;489;GR;IT;Value on 3rd Wed. at 03;Import;Harmonized;M;M
Physical Energy & Power Flows;2020;8;501;501;501;GR;MK;Value on 3rd Wed. at 03;Import;Harmonized;M;M
Physical Energy & Power Flows;2020;8;172;172;172;GR;TR;Value on 3rd Wed. at 03;Import;Harmonized;M;M
Physical Energy & Power Flows;2020;8;52;52;52;HR;BA;Value on 3rd Wed. at 03;Import;Harmonized;M;M
Physical Energy & Power Flows;2020;8;204;204;204;HR;HU;Value on 3rd Wed. at 03;Import;Harmonized;M;M
Physical Energy & Power Flows;2020;8;56;56;56;HR;RS;Value on 3rd Wed. at 03;Import;Harmonized;M;M
Physical Energy & Power Flows;2020;8;464;464;464;HR;SI;Value on 3rd Wed. at 03;Import;Harmonized;M;M
Physical Energy & Power Flows;2020;8;590;590;590;HU;AT;Value on 3rd Wed. at 03;Import;Harmonized;M;M
Physical Energy & Power Flows;2020;8;204;204;204;HU;HR;Value on 3rd Wed. at 03;Export;Harmonized;M;M
Physical Energy & Power Flows;2020;8;168;168;168;HU;RO;Value on 3rd Wed. at 03;Export;Harmonized;M;M
Physical Energy & Power Flows;2020;8;135;135;135;HU;RS;Value on 3rd Wed. at 03;Import;Harmonized;M;M
Physical Energy & Power Flows;2020;8;482;482;482;HU;SK;Value on 3rd Wed. at 03;Import;Harmonized;M;M
Physical Energy & Power Flows;2020;8;55;55;55;HU;UA;Value on 3rd Wed. at 03;Export;Harmonized;M;NaM
Physical Energy & Power Flows;2020;8;2;2;2;IE;GB;Value on 3rd Wed. at 03;Export;Harmonized;M;M
Physical Energy & Power Flows;2020;8;182;182;182;IT;AT;Value on 3rd Wed. at 03;Import;Harmonized;M;M
Physical Energy & Power Flows;2020;8;1423;1423;1423;IT;CH;Value on 3rd Wed. at 03;Import;Harmonized;M;M
Physical Energy & Power Flows;2020;8;402;402;402;IT;FR;Value on 3rd Wed. at 03;Import;Harmonized;M;M
Physical Energy & Power Flows;2020;8;489;489;489;IT;GR;Value on 3rd Wed. at 03;Export;Harmonized;M;M
Physical Energy & Power Flows;2020;8;566;566;566;IT;ME;Value on 3rd Wed. at 03;Import;Harmonized;M;M
Physical Energy & Power Flows;2020;8;69;69;69;IT;MT;Value on 3rd Wed. at 03;Export;Harmonized;M;NaM
Physical Energy & Power Flows;2020;8;0;0;0;IT;SI;Value on 3rd Wed. at 03;Import;Harmonized;M;M
Physical Energy & Power Flows;2020;11;2247;2247;2247;DE;AT;Value on 3rd Wed. at 03;Export;Harmonized;M;M
Physical Energy & Power Flows;2020;11;101;101;101;DE;BE;Value on 3rd Wed. at 03;Export;Harmonized;M;M
Physical Energy & Power Flows;2020;11;2724;2724;2724;DE;CH;Value on 3rd Wed. at 03;Export;Harmonized;M;M
Physical Energy & Power Flows;2020;11;620;620;620;DE;CZ;Value on 3rd Wed. at 03;Export;Harmonized;M;M
Physical Energy & Power Flows;2020;11;79;79;79;DE;DK;Value on 3rd Wed. at 03;Export;Harmonized;M;M
Physical Energy & Power Flows;2020;11;1523;1523;1523;DE;FR;Value on 3rd Wed. at 03;Import;Harmonized;M;M
Physical Energy & Power Flows;2020;11;149;149;149;DE;LU;Value on 3rd Wed. at 03;Export;Harmonized;M;M
Physical Energy & Power Flows;2020;11;279;279;279;DE;NL;Value on 3rd Wed. at 03;Export;Harmonized;M;M
Physical Energy & Power Flows;2020;11;0;0;0;DE;NO;Value on 3rd Wed. at 03;Import;Harmonized;M;M
Physical Energy & Power Flows;2020;11;972;972;972;DE;PL;Value on 3rd Wed. at 03;Export;Harmonized;M;M
Physical Energy & Power Flows;2020;11;610;610;610;DE;SE;Value on 3rd Wed. at 03;Import;Harmonized;M;M
Physical Energy & Power Flows;2020;11;79;79;79;DK;DE;Value on 3rd Wed. at 03;Import;Harmonized;M;M
Physical Energy & Power Flows;2020;11;0;0;0;DK;NL;Value on 3rd Wed. at 03;Import;Harmonized;M;M
Physical Energy & Power Flows;2020;11;228;228;228;DK;NO;Value on 3rd Wed. at 03;Import;Harmonized;M;M
Physical Energy & Power Flows;2020;11;499;499;499;DK;SE;Value on 3rd Wed. at 03;Export;Harmonized;M;M
Physical Energy & Power Flows;2020;11;613;613;613;EE;FI;Value on 3rd Wed. at 03;Import;Harmonized;M;M
Physical Energy & Power Flows;2020;11;76;76;76;EE;LV;Value on 3rd Wed. at 03;Export;Harmonized;M;M
Physical Energy & Power Flows;2020;11;343;343;343;EE;RU;Value on 3rd Wed. at 03;Export;Harmonized;M;NaM
Physical Energy & Power Flows;2020;11;2224;2224;2224;ES;FR;Value on 3rd Wed. at 03;Import;Harmonized;M;M
Physical Energy & Power Flows;2020;11;315;315;315;ES;PT;Value on 3rd Wed. at 03;Import;Harmonized;M;M
Physical Energy & Power Flows;2020;11;613;613;613;FI;EE;Value on 3rd Wed. at 03;Export;Harmonized;M;M
Physical Energy & Power Flows;2020;11;51;51;51;FI;NO;Value on 3rd Wed. at 03;Import;Harmonized;M;M
Physical Energy & Power Flows;2020;11;79;79;79;FI;RU;Value on 3rd Wed. at 03;Import;Harmonized;M;NaM
Physical Energy & Power Flows;2020;11;1721;1721;1721;FI;SE;Value on 3rd Wed. at 03;Import;Harmonized;M;M
Physical Energy & Power Flows;2020;11;82;82;82;FR;BE;Value on 3rd Wed. at 03;Import;Harmonized;M;M
Physical Energy & Power Flows;2020;11;1707;1707;1707;FR;CH;Value on 3rd Wed. at 03;Export;Harmonized;M;M
Physical Energy & Power Flows;2020;11;1523;1523;1523;FR;DE;Value on 3rd Wed. at 03;Export;Harmonized;M;M
Physical Energy & Power Flows;2020;11;2224;2224;2224;FR;ES;Value on 3rd Wed. at 03;Export;Harmonized;M;M
Physical Energy & Power Flows;2020;11;1051;1051;1051;FR;GB;Value on 3rd Wed. at 03;Import;Harmonized;M;M
Physical Energy & Power Flows;2020;11;1856;1856;1856;FR;IT;Value on 3rd Wed. at 03;Export;Harmonized;M;M
Physical Energy & Power Flows;2020;11;327;327;327;GB;BE;Value on 3rd Wed. at 03;Export;Harmonized;M;M
Physical Energy & Power Flows;2020;11;1051;1051;1051;GB;FR;Value on 3rd Wed. at 03;Export;Harmonized;M;M
Physical Energy & Power Flows;2020;11;500;500;500;GB;IE;Value on 3rd Wed. at 03;Import;Harmonized;M;M
Physical Energy & Power Flows;2020;11;228;228;228;GB;NL;Value on 3rd Wed. at 03;Import;Harmonized;M;M
Physical Energy & Power Flows;2020;11;340;340;340;ME;IT;Value on 3rd Wed. at 11;Import;Harmonized;M;M
Physical Energy & Power Flows;2020;11;341;341;341;ME;RS;Value on 3rd Wed. at 11;Export;Harmonized;M;M
Physical Energy & Power Flows;2020;11;270;270;270;MK;BG;Value on 3rd Wed. at 11;Import;Harmonized;M;M
Physical Energy & Power Flows;2020;11;154;154;154;MK;GR;Value on 3rd Wed. at 11;Export;Harmonized;M;M
Physical Energy & Power Flows;2020;11;365;365;365;MK;RS;Value on 3rd Wed. at 11;Import;Harmonized;M;M
Physical Energy & Power Flows;2020;11;75;75;75;MT;IT;Value on 3rd Wed. at 11;Import;Harmonized;NaM;M
Physical Energy & Power Flows;2020;11;286;286;286;NL;BE;Value on 3rd Wed. at 11;Export;Harmonized;M;M
Physical Energy & Power Flows;2020;11;790;790;790;NL;DE;Value on 3rd Wed. at 11;Export;Harmonized;M;M
Physical Energy & Power Flows;2020;11;0;0;0;NL;DK;Value on 3rd Wed. at 11;Export;Harmonized;M;M
Physical Energy & Power Flows;2020;11;818;818;818;NL;GB;Value on 3rd Wed. at 11;Export;Harmonized;M;M
Physical Energy & Power Flows;2020;11;494;494;494;NL;NO;Value on 3rd Wed. at 11;Import;Harmonized;M;M
Physical Energy & Power Flows;2020;11;0;0;0;NO;DE;Value on 3rd Wed. at 11;Import;Harmonized;M;M
Physical Energy & Power Flows;2020;11;394;394;394;NO;DK;Value on 3rd Wed. at 11;Export;Harmonized;M;M
Physical Energy & Power Flows;2020;11;57;57;57;NO;FI;Value on 3rd Wed. at 11;Export;Harmonized;M;M
Physical Energy & Power Flows;2020;11;494;494;494;NO;NL;Value on 3rd Wed. at 11;Export;Harmonized;M;M
Physical Energy & Power Flows;2020;11;337;337;337;NO;SE;Value on 3rd Wed. at 11;Import;Harmonized;M;M
Physical Energy & Power Flows;2020;11;280;280;280;PL;CZ;Value on 3rd Wed. at 11;Import;Harmonized;M;M
Physical Energy & Power Flows;2020;11;956;956;956;PL;DE;Value on 3rd Wed. at 11;Import;Harmonized;M;M
Physical Energy & Power Flows;2020;11;484;484;484;PL;LT;Value on 3rd Wed. at 11;Import;Harmonized;M;M
Physical Energy & Power Flows;2020;11;598;598;598;PL;SE;Value on 3rd Wed. at 11;Import;Harmonized;M;M
Physical Energy & Power Flows;2020;11;267;267;267;PL;SK;Value on 3rd Wed. at 11;Export;Harmonized;M;M
Physical Energy & Power Flows;2020;11;215;215;215;PL;UA;Value on 3rd Wed. at 11;Import;Harmonized;M;NaM
Physical Energy & Power Flows;2020;11;806;806;806;PT;ES;Value on 3rd Wed. at 11;Export;Harmonized;M;M
Physical Energy & Power Flows;2020;11;288;288;288;RO;BG;Value on 3rd Wed. at 11;Export;Harmonized;M;M
Physical Energy & Power Flows;2020;11;227;227;227;RO;HU;Value on 3rd Wed. at 11;Import;Harmonized;M;M
Physical Energy & Power Flows;2020;11;0;0;0;RO;MD;Value on 3rd Wed. at 11;Import;Harmonized;M;NaM
Physical Energy & Power Flows;2020;11;84;84;84;RO;RS;Value on 3rd Wed. at 11;Import;Harmonized;M;M
Physical Energy & Power Flows;2020;11;394;394;394;RO;UA;Value on 3rd Wed. at 11;Import;Harmonized;M;NaM
Physical Energy & Power Flows;2020;11;44;44;44;RS;AL;Value on 3rd Wed. at 11;Import;Harmonized;M;M
Physical Energy & Power Flows;2020;1;168;168;168;AL;GR;Value on 3rd Wed. at 03;Export;Harmonized;M;M
Physical Energy & Power Flows;2020;1;447;447;447;AL;ME;Value on 3rd Wed. at 03;Import;Harmonized;M;M
Physical Energy & Power Flows;2020;1;9;9;9;AL;RS;Value on 3rd Wed. at 03;Import;Harmonized;M;M
Physical Energy & Power Flows;2020;1;546;546;546;AT;CH;Value on 3rd Wed. at 03;Export;Harmonized;M;M
Physical Energy & Power Flows;2020;1;1728;1728;1728;AT;CZ;Value on 3rd Wed. at 03;Import;Harmonized;M;M
Physical Energy & Power Flows;2020;1;2771;2771;2771;AT;DE;Value on 3rd Wed. at 03;Import;Harmonized;M;M
Physical Energy & Power Flows;2020;1;761;761;761;AT;HU;Value on 3rd Wed. at 03;Export;Harmonized;M;M
Physical Energy & Power Flows;2020;1;79;79;79;AT;IT;Value on 3rd Wed. at 03;Export;Harmonized;M;M
Physical Energy & Power Flows;2020;1;782;782;782;AT;SI;Value on 3rd Wed. at 03;Export;Harmonized;M;M
Physical Energy & Power Flows;2020;1;118;118;118;BA;HR;Value on 3rd Wed. at 03;Import;Harmonized;M;M
Physical Energy & Power Flows;2020;1;600;600;600;BA;ME;Value on 3rd Wed. at 03;Export;Harmonized;M;M
Physical Energy & Power Flows;2020;1;351;351;351;BA;RS;Value on 3rd Wed. at 03;Export;Harmonized;M;M
Physical Energy & Power Flows;2020;1;365;365;365;BE;FR;Value on 3rd Wed. at 03;Export;Harmonized;M;M
Physical Energy & Power Flows;2020;1;364;364;364;BE;GB;Value on 3rd Wed. at 03;Export;Harmonized;M;M
Physical Energy & Power Flows;2020;1;0;0;0;BE;LU;Value on 3rd Wed. at 03;Import;Harmonized;M;M
Physical Energy & Power Flows;2020;1;449;449;449;BE;NL;Value on 3rd Wed. at 03;Import;Harmonized;M;M
Physical Energy & Power Flows;2020;1;203;203;203;BG;GR;Value on 3rd Wed. at 03;Export;Harmonized;M;M
Physical Energy & Power Flows;2020;1;187;187;187;BG;MK;Value on 3rd Wed. at 03;Export;Harmonized;M;M
Physical Energy & Power Flows;2020;1;513;513;513;BG;RO;Value on 3rd Wed. at 03;Import;Harmonized;M;M
Physical Energy & Power Flows;2020;1;43;43;43;BG;RS;Value on 3rd Wed. at 03;Import;Harmonized;M;M
Physical Energy & Power Flows;2020;1;34;34;34;BG;TR;Value on 3rd Wed. at 03;Import;Harmonized;M;M
Physical Energy & Power Flows;2020;1;255;255;255;BY;LT;Value on 3rd Wed. at 03;Export;Harmonized;NaM;M
Physical Energy & Power Flows;2020;1;123;123;123;BY;UA;Value on 3rd Wed. at 03;Import;Harmonized;NaM;NaM
Physical Energy & Power Flows;2020;1;546;546;546;CH;AT;Value on 3rd Wed. at 03;Import;Harmonized;M;M
Physical Energy & Power Flows;2020;1;3601;3601;3601;CH;DE;Value on 3rd Wed. at 03;Import;Harmonized;M;M
Physical Energy & Power Flows;2020;1;1935;1935;1935;CH;FR;Value on 3rd Wed. at 03;Import;Harmonized;M;M
Physical Energy & Power Flows;2020;1;3108;3108;3108;CH;IT;Value on 3rd Wed. at 03;Export;Harmonized;M;M
Physical Energy & Power Flows;2020;1;1728;1728;1728;CZ;AT;Value on 3rd Wed. at 03;Export;Harmonized;M;M
Physical Energy & Power Flows;2020;1;1763;1763;1763;CZ;DE;Value on 3rd Wed. at 03;Import;Harmonized;M;M
Physical Energy & Power Flows;2020;1;1456;1456;1456;CZ;PL;Value on 3rd Wed. at 03;Import;Harmonized;M;M
Physical Energy & Power Flows;2020;1;1536;1536;1536;CZ;SK;Value on 3rd Wed. at 03;Export;Harmonized;M;M
Physical Energy & Power Flows;2020;1;2771;2771;2771;DE;AT;Value on 3rd Wed. at 03;Export;Harmonized;M;M
Physical Energy & Power Flows;2020;1;3601;3601;3601;DE;CH;Value on 3rd Wed. at 03;Export;Harmonized;M;M
Physical Energy & Power Flows;2020;1;1763;1763;1763;DE;CZ;Value on 3rd Wed. at 03;Export;Harmonized;M;M
Physical Energy & Power Flows;2020;1;1332;1332;1332;DE;DK;Value on 3rd Wed. at 03;Export;Harmonized;M;M
Physical Energy & Power Flows;2020;1;1306;1306;1306;DE;FR;Value on 3rd Wed. at 03;Import;Harmonized;M;M
Physical Energy & Power Flows;2020;1;346;346;346;DE;LU;Value on 3rd Wed. at 03;Export;Harmonized;M;M
Physical Energy & Power Flows;2020;1;606;606;606;DE;NL;Value on 3rd Wed. at 03;Export;Harmonized;M;M
Physical Energy & Power Flows;2020;1;1508;1508;1508;DE;PL;Value on 3rd Wed. at 03;Export;Harmonized;M;M
Physical Energy & Power Flows;2020;1;181;181;181;HU;HR;Value on 3rd Wed. at 11;Export;Harmonized;M;M
Physical Energy & Power Flows;2020;1;367;367;367;HU;RO;Value on 3rd Wed. at 11;Export;Harmonized;M;M
Physical Energy & Power Flows;2020;1;19;19;19;HU;RS;Value on 3rd Wed. at 11;Import;Harmonized;M;M
Physical Energy & Power Flows;2020;1;1427;1427;1427;HU;SK;Value on 3rd Wed. at 11;Import;Harmonized;M;M
Physical Energy & Power Flows;2020;1;314;314;314;HU;UA;Value on 3rd Wed. at 11;Import;Harmonized;M;NaM
Physical Energy & Power Flows;2020;1;211;211;211;IE;GB;Value on 3rd Wed. at 11;Export;Harmonized;M;M
Physical Energy & Power Flows;2020;1;263;263;263;IT;AT;Value on 3rd Wed. at 11;Import;Harmonized;M;M
Physical Energy & Power Flows;2020;1;4244;4244;4244;IT;CH;Value on 3rd Wed. at 11;Import;Harmonized;M;M
Physical Energy & Power Flows;2020;1;2047;2047;2047;IT;FR;Value on 3rd Wed. at 11;Import;Harmonized;M;M
Physical Energy & Power Flows;2020;1;503;503;503;IT;GR;Value on 3rd Wed. at 11;Export;Harmonized;M;M
Physical Energy & Power Flows;2020;1;575;575;575;IT;ME;Value on 3rd Wed. at 11;Export;Harmonized;M;M
Physical Energy & Power Flows;2020;1;0;0;0;IT;MT;Value on 3rd Wed. at 11;Import;Harmonized;M;NaM
Physical Energy & Power Flows;2020;1;237;237;237;IT;SI;Value on 3rd Wed. at 11;Import;Harmonized;M;M
Physical Energy & Power Flows;2020;1;226;226;226;LT;BY;Value on 3rd Wed. at 11;Import;Harmonized;M;NaM
Physical Energy & Power Flows;2020;1;350;350;350;LT;LV;Value on 3rd Wed. at 11;Import;Harmonized;M;M
Physical Energy & Power Flows;2020;1;484;484;484;LT;PL;Value on 3rd Wed. at 11;Export;Harmonized;M;M
Physical Energy & Power Flows;2020;1;333;333;333;LT;RU;Value on 3rd Wed. at 11;Import;Harmonized;M;NaM
Physical Energy & Power Flows;2020;1;668;668;668;LT;SE;Value on 3rd Wed. at 11;Import;Harmonized;M;M
Physical Energy & Power Flows;2020;1;0;0;0;LU;BE;Value on 3rd Wed. at 11;Export;Harmonized;M;M
Physical Energy & Power Flows;2020;1;505;505;505;LU;DE;Value on 3rd Wed. at 11;Import;Harmonized;M;M
Physical Energy & Power Flows;2020;1;177;177;177;LV;EE;Value on 3rd Wed. at 11;Import;Harmonized;M;M
Physical Energy & Power Flows;2020;1;350;350;350;LV;LT;Value on 3rd Wed. at 11;Export;Harmonized;M;M
Physical Energy & Power Flows;2020;1;83;83;83;LV;RU;Value on 3rd Wed. at 11;Import;Harmonized;M;NaM
Physical Energy & Power Flows;2020;1;56;56;56;MD;UA;Value on 3rd Wed. at 11;Import;Harmonized;NaM;NaM
Physical Energy & Power Flows;2020;1;488;488;488;ME;AL;Value on 3rd Wed. at 11;Export;Harmonized;M;M
Physical Energy & Power Flows;2020;1;233;233;233;ME;BA;Value on 3rd Wed. at 11;Import;Harmonized;M;M
Physical Energy & Power Flows;2020;1;575;575;575;ME;IT;Value on 3rd Wed. at 11;Import;Harmonized;M;M
Physical Energy & Power Flows;2020;1;523;523;523;ME;RS;Value on 3rd Wed. at 11;Export;Harmonized;M;M
Physical Energy & Power Flows;2020;1;43;43;43;MK;BG;Value on 3rd Wed. at 11;Import;Harmonized;M;M
Physical Energy & Power Flows;2020;1;127;127;127;MK;GR;Value on 3rd Wed. at 11;Import;Harmonized;M;M
Physical Energy & Power Flows;2020;1;226;226;226;MK;RS;Value on 3rd Wed. at 11;Import;Harmonized;M;M
Physical Energy & Power Flows;2020;1;0;0;0;MT;IT;Value on 3rd Wed. at 11;Import;Harmonized;NaM;M
Physical Energy & Power Flows;2020;1;835;835;835;NL;BE;Value on 3rd Wed. at 11;Export;Harmonized;M;M
Physical Energy & Power Flows;2020;1;765;765;765;NL;DE;Value on 3rd Wed. at 11;Import;Harmonized;M;M
Physical Energy & Power Flows;2020;1;680;680;680;NL;DK;Value on 3rd Wed. at 11;Import;Harmonized;M;M
Physical Energy & Power Flows;2020;1;1085;1085;1085;NL;GB;Value on 3rd Wed. at 11;Export;Harmonized;M;M
Physical Energy & Power Flows;2020;1;424;424;424;NL;NO;Value on 3rd Wed. at 11;Import;Harmonized;M;M
Physical Energy & Power Flows;2020;1;187;187;187;NO;DK;Value on 3rd Wed. at 11;Import;Harmonized;M;M
Physical Energy & Power Flows;2020;1;64;64;64;NO;FI;Value on 3rd Wed. at 11;Export;Harmonized;M;M
Physical Energy & Power Flows;2020;1;424;424;424;NO;NL;Value on 3rd Wed. at 11;Export;Harmonized;M;M
Physical Energy & Power Flows;2020;1;129;129;129;NO;SE;Value on 3rd Wed. at 11;Import;Harmonized;M;M
Physical Energy & Power Flows;2020;1;999;999;999;PL;CZ;Value on 3rd Wed. at 11;Export;Harmonized;M;M
Physical Energy & Power Flows;2020;1;2094;2094;2094;PL;DE;Value on 3rd Wed. at 11;Import;Harmonized;M;M
Physical Energy & Power Flows;2020;1;484;484;484;PL;LT;Value on 3rd Wed. at 11;Import;Harmonized;M;M
Physical Energy & Power Flows;2020;1;598;598;598;PL;SE;Value on 3rd Wed. at 11;Import;Harmonized;M;M
Physical Energy & Power Flows;2020;1;1030;1030;1030;PL;SK;Value on 3rd Wed. at 11;Export;Harmonized;M;M
Physical Energy & Power Flows;2020;1;210;210;210;PL;UA;Value on 3rd Wed. at 11;Import;Harmonized;M;NaM
Physical Energy & Power Flows;2020;1;1517;1517;1517;PT;ES;Value on 3rd Wed. at 11;Export;Harmonized;M;M
Physical Energy & Power Flows;2020;1;231;231;231;RO;BG;Value on 3rd Wed. at 11;Import;Harmonized;M;M
Physical Energy & Power Flows;2020;1;367;367;367;RO;HU;Value on 3rd Wed. at 11;Import;Harmonized;M;M
Physical Energy & Power Flows;2020;1;285;285;285;RO;RS;Value on 3rd Wed. at 11;Import;Harmonized;M;M
Physical Energy & Power Flows;2020;1;534;534;534;RO;UA;Value on 3rd Wed. at 11;Import;Harmonized;M;NaM
Physical Energy & Power Flows;2020;2;378;378;378;HU;RO;Value on 3rd Wed. at 03;Export;Harmonized;M;M
Physical Energy & Power Flows;2020;2;137;137;137;HU;RS;Value on 3rd Wed. at 03;Export;Harmonized;M;M
Physical Energy & Power Flows;2020;2;1446;1446;1446;HU;SK;Value on 3rd Wed. at 03;Import;Harmonized;M;M
Physical Energy & Power Flows;2020;2;469;469;469;HU;UA;Value on 3rd Wed. at 03;Import;Harmonized;M;NaM
Physical Energy & Power Flows;2020;2;530;530;530;IE;GB;Value on 3rd Wed. at 03;Import;Harmonized;M;M
Physical Energy & Power Flows;2020;2;148;148;148;IT;AT;Value on 3rd Wed. at 03;Import;Harmonized;M;M
Physical Energy & Power Flows;2020;2;4064;4064;4064;IT;CH;Value on 3rd Wed. at 03;Import;Harmonized;M;M
Physical Energy & Power Flows;2020;2;2062;2062;2062;IT;FR;Value on 3rd Wed. at 03;Import;Harmonized;M;M
Physical Energy & Power Flows;2020;2;504;504;504;IT;GR;Value on 3rd Wed. at 03;Export;Harmonized;M;M
Physical Energy & Power Flows;2020;2;419;419;419;IT;ME;Value on 3rd Wed. at 03;Import;Harmonized;M;M
Physical Energy & Power Flows;2020;2;0;0;0;IT;MT;Value on 3rd Wed. at 03;Import;Harmonized;M;NaM
Physical Energy & Power Flows;2020;2;678;678;678;IT;SI;Value on 3rd Wed. at 03;Import;Harmonized;M;M
Physical Energy & Power Flows;2020;2;89;89;89;LT;BY;Value on 3rd Wed. at 03;Import;Harmonized;M;NaM
Physical Energy & Power Flows;2020;2;205;205;205;LT;LV;Value on 3rd Wed. at 03;Import;Harmonized;M;M
Physical Energy & Power Flows;2020;2;230;230;230;LT;PL;Value on 3rd Wed. at 03;Import;Harmonized;M;M
Physical Energy & Power Flows;2020;2;209;209;209;LT;RU;Value on 3rd Wed. at 03;Import;Harmonized;M;NaM
Physical Energy & Power Flows;2020;2;733;733;733;LT;SE;Value on 3rd Wed. at 03;Import;Harmonized;M;M
Physical Energy & Power Flows;2020;2;0;0;0;LU;BE;Value on 3rd Wed. at 03;Export;Harmonized;M;M
Physical Energy & Power Flows;2020;2;350;350;350;LU;DE;Value on 3rd Wed. at 03;Import;Harmonized;M;M
Physical Energy & Power Flows;2020;2;438;438;438;LV;EE;Value on 3rd Wed. at 03;Import;Harmonized;M;M
Physical Energy & Power Flows;2020;2;205;205;205;LV;LT;Value on 3rd Wed. at 03;Export;Harmonized;M;M
Physical Energy & Power Flows;2020;2;185;185;185;LV;RU;Value on 3rd Wed. at 03;Import;Harmonized;M;NaM
Physical Energy & Power Flows;2020;2;0;0;0;MD;RO;Value on 3rd Wed. at 03;Import;Harmonized;NaM;M
Physical Energy & Power Flows;2020;2;51;51;51;MD;UA;Value on 3rd Wed. at 03;Import;Harmonized;NaM;NaM
Physical Energy & Power Flows;2020;2;258;258;258;ME;AL;Value on 3rd Wed. at 03;Export;Harmonized;M;M
Physical Energy & Power Flows;2020;2;606;606;606;ME;BA;Value on 3rd Wed. at 03;Import;Harmonized;M;M
Physical Energy & Power Flows;2020;2;419;419;419;ME;IT;Value on 3rd Wed. at 03;Export;Harmonized;M;M
Physical Energy & Power Flows;2020;2;56;56;56;ME;RS;Value on 3rd Wed. at 03;Import;Harmonized;M;M
Physical Energy & Power Flows;2020;2;262;262;262;MK;BG;Value on 3rd Wed. at 03;Import;Harmonized;M;M
Physical Energy & Power Flows;2020;2;584;584;584;MK;GR;Value on 3rd Wed. at 03;Export;Harmonized;M;M
Physical Energy & Power Flows;2020;2;571;571;571;MK;RS;Value on 3rd Wed. at 03;Import;Harmonized;M;M
Physical Energy & Power Flows;2020;2;0;0;0;MT;IT;Value on 3rd Wed. at 03;Import;Harmonized;NaM;M
Physical Energy & Power Flows;2020;2;390;390;390;NL;BE;Value on 3rd Wed. at 03;Export;Harmonized;M;M
Physical Energy & Power Flows;2020;2;91;91;91;NL;DE;Value on 3rd Wed. at 03;Import;Harmonized;M;M
Physical Energy & Power Flows;2020;2;700;700;700;NL;DK;Value on 3rd Wed. at 03;Import;Harmonized;M;M
Physical Energy & Power Flows;2020;2;227;227;227;NL;GB;Value on 3rd Wed. at 03;Import;Harmonized;M;M
Physical Energy & Power Flows;2020;2;425;425;425;NL;NO;Value on 3rd Wed. at 03;Import;Harmonized;M;M
Physical Energy & Power Flows;2020;2;686;686;686;NO;DK;Value on 3rd Wed. at 03;Export;Harmonized;M;M
Physical Energy & Power Flows;2020;2;36;36;36;NO;FI;Value on 3rd Wed. at 03;Export;Harmonized;M;M
Physical Energy & Power Flows;2020;2;425;425;425;NO;NL;Value on 3rd Wed. at 03;Export;Harmonized;M;M
Physical Energy & Power Flows;2020;2;82;82;82;NO;SE;Value on 3rd Wed. at 03;Import;Harmonized;M;M
Physical Energy & Power Flows;2020;2;851;851;851;PL;CZ;Value on 3rd Wed. at 03;Export;Harmonized;M;M
Physical Energy & Power Flows;2020;2;1529;1529;1529;PL;DE;Value on 3rd Wed. at 03;Import;Harmonized;M;M
Physical Energy & Power Flows;2020;2;230;230;230;PL;LT;Value on 3rd Wed. at 03;Export;Harmonized;M;M
Physical Energy & Power Flows;2020;2;347;347;347;PL;SE;Value on 3rd Wed. at 03;Import;Harmonized;M;M
Physical Energy & Power Flows;2020;2;794;794;794;PL;SK;Value on 3rd Wed. at 03;Export;Harmonized;M;M
Physical Energy & Power Flows;2020;2;214;214;214;PL;UA;Value on 3rd Wed. at 03;Import;Harmonized;M;NaM
Physical Energy & Power Flows;2020;2;168;168;168;PT;ES;Value on 3rd Wed. at 03;Import;Harmonized;M;M
Physical Energy & Power Flows;2020;2;739;739;739;RO;BG;Value on 3rd Wed. at 03;Export;Harmonized;M;M
Physical Energy & Power Flows;2020;2;378;378;378;RO;HU;Value on 3rd Wed. at 03;Import;Harmonized;M;M
Physical Energy & Power Flows;2020;2;0;0;0;RO;MD;Value on 3rd Wed. at 03;Import;Harmonized;M;NaM
Physical Energy & Power Flows;2020;2;165;165;165;RO;RS;Value on 3rd Wed. at 03;Export;Harmonized;M;M
Physical Energy & Power Flows;2020;2;148;148;148;AL;GR;Value on 3rd Wed. at 11;Export;Harmonized;M;M
Physical Energy & Power Flows;2020;2;610;610;610;AL;ME;Value on 3rd Wed. at 11;Import;Harmonized;M;M
Physical Energy & Power Flows;2020;2;91;91;91;AL;RS;Value on 3rd Wed. at 11;Export;Harmonized;M;M
Physical Energy & Power Flows;2020;2;375;375;375;AT;CH;Value on 3rd Wed. at 11;Export;Harmonized;M;M
Physical Energy & Power Flows;2020;2;1614;1614;1614;AT;CZ;Value on 3rd Wed. at 11;Import;Harmonized;M;M
Physical Energy & Power Flows;2020;2;2330;2330;2330;AT;DE;Value on 3rd Wed. at 11;Import;Harmonized;M;M
Physical Energy & Power Flows;2020;2;1002;1002;1002;AT;HU;Value on 3rd Wed. at 11;Export;Harmonized;M;M
Physical Energy & Power Flows;2020;2;212;212;212;AT;IT;Value on 3rd Wed. at 11;Export;Harmonized;M;M
Physical Energy & Power Flows;2020;2;859;859;859;AT;SI;Value on 3rd Wed. at 11;Export;Harmonized;M;M
Physical Energy & Power Flows;2020;2;211;211;211;BA;HR;Value on 3rd Wed. at 11;Export;Harmonized;M;M
Physical Energy & Power Flows;2020;2;990;990;990;BA;ME;Value on 3rd Wed. at 11;Export;Harmonized;M;M
Physical Energy & Power Flows;2020;2;206;206;206;BA;RS;Value on 3rd Wed. at 11;Export;Harmonized;M;M
Physical Energy & Power Flows;2020;2;793;793;793;BE;FR;Value on 3rd Wed. at 11;Export;Harmonized;M;M
Physical Energy & Power Flows;2020;2;1023;1023;1023;BE;GB;Value on 3rd Wed. at 11;Export;Harmonized;M;M
Physical Energy & Power Flows;2020;2;0;0;0;BE;LU;Value on 3rd Wed. at 11;Import;Harmonized;M;M
Physical Energy & Power Flows;2020;2;713;713;713;BE;NL;Value on 3rd Wed. at 11;Import;Harmonized;M;M
Physical Energy & Power Flows;2020;2;183;183;183;BG;GR;Value on 3rd Wed. at 11;Export;Harmonized;M;M
Physical Energy & Power Flows;2020;2;108;108;108;BG;MK;Value on 3rd Wed. at 11;Export;Harmonized;M;M
Physical Energy & Power Flows;2020;2;234;234;234;BG;RO;Value on 3rd Wed. at 11;Import;Harmonized;M;M
Physical Energy & Power Flows;2020;2;213;213;213;BG;RS;Value on 3rd Wed. at 11;Import;Harmonized;M;M
Physical Energy & Power Flows;2020;2;281;281;281;BG;TR;Value on 3rd Wed. at 11;Export;Harmonized;M;M
Physical Energy & Power Flows;2020;2;208;208;208;BY;LT;Value on 3rd Wed. at 11;Export;Harmonized;NaM;M
Physical Energy & Power Flows;2020;2;68;68;68;BY;UA;Value on 3rd Wed. at 11;Import;Harmonized;NaM;NaM
Physical Energy & Power Flows;2020;2;375;375;375;CH;AT;Value on 3rd Wed. at 11;Import;Harmonized;M;M
Physical Energy & Power Flows;2020;2;2875;2875;2875;CH;DE;Value on 3rd Wed. at 11;Import;Harmonized;M;M
Physical Energy & Power Flows;2020;2;1752;1752;1752;CH;FR;Value on 3rd Wed. at 11;Import;Harmonized;M;M
Physical Energy & Power Flows;2020;2;3874;3874;3874;CH;IT;Value on 3rd Wed. at 11;Export;Harmonized;M;M
Physical Energy & Power Flows;2020;2;1614;1614;1614;CZ;AT;Value on 3rd Wed. at 11;Export;Harmonized;M;M
Physical Energy & Power Flows;2020;2;1642;1642;1642;CZ;DE;Value on 3rd Wed. at 11;Import;Harmonized;M;M
Physical Energy & Power Flows;2020;2;464;464;464;CZ;PL;Value on 3rd Wed. at 11;Import;Harmonized;M;M
Physical Energy & Power Flows;2020;2;1650;1650;1650;CZ;SK;Value on 3rd Wed. at 11;Export;Harmonized;M;M
Physical Energy & Power Flows;2020;2;2330;2330;2330;DE;AT;Value on 3rd Wed. at 11;Export;Harmonized;M;M
Physical Energy & Power Flows;2020;2;2875;2875;2875;DE;CH;Value on 3rd Wed. at 11;Export;Harmonized;M;M
Physical Energy & Power Flows;2020;2;1642;1642;1642;DE;CZ;Value on 3rd Wed. at 11;Export;Harmonized;M;M
Physical Energy & Power Flows;2020;2;105;105;105;DE;DK;Value on 3rd Wed. at 11;Import;Harmonized;M;M
Physical Energy & Power Flows;2020;2;2004;2004;2004;DE;FR;Value on 3rd Wed. at 11;Import;Harmonized;M;M
Physical Energy & Power Flows;2020;2;511;511;511;DE;LU;Value on 3rd Wed. at 11;Export;Harmonized;M;M
Physical Energy & Power Flows;2020;2;308;308;308;DE;NL;Value on 3rd Wed. at 11;Export;Harmonized;M;M
Physical Energy & Power Flows;2020;4;491;491;491;LT;PL;Value on 3rd Wed. at 03;Import;Harmonized;M;M
Physical Energy & Power Flows;2020;4;143;143;143;LT;RU;Value on 3rd Wed. at 03;Import;Harmonized;M;NaM
Physical Energy & Power Flows;2020;4;733;733;733;LT;SE;Value on 3rd Wed. at 03;Import;Harmonized;M;M
Physical Energy & Power Flows;2020;4;0;0;0;LU;BE;Value on 3rd Wed. at 03;Export;Harmonized;M;M
Physical Energy & Power Flows;2020;4;328;328;328;LU;DE;Value on 3rd Wed. at 03;Import;Harmonized;M;M
Physical Energy & Power Flows;2020;4;2;2;2;LV;EE;Value on 3rd Wed. at 03;Export;Harmonized;M;M
Physical Energy & Power Flows;2020;4;352;352;352;LV;LT;Value on 3rd Wed. at 03;Import;Harmonized;M;M
Physical Energy & Power Flows;2020;4;0;0;0;LV;RU;Value on 3rd Wed. at 03;Import;Harmonized;M;NaM
Physical Energy & Power Flows;2020;4;0;0;0;MD;RO;Value on 3rd Wed. at 03;Import;Harmonized;NaM;M
Physical Energy & Power Flows;2020;4;25;25;25;MD;UA;Value on 3rd Wed. at 03;Import;Harmonized;NaM;NaM
Physical Energy & Power Flows;2020;4;121;121;121;ME;AL;Value on 3rd Wed. at 03;Export;Harmonized;M;M
Physical Energy & Power Flows;2020;4;85;85;85;ME;BA;Value on 3rd Wed. at 03;Import;Harmonized;M;M
Physical Energy & Power Flows;2020;4;195;195;195;ME;IT;Value on 3rd Wed. at 03;Import;Harmonized;M;M
Physical Energy & Power Flows;2020;4;9;9;9;ME;RS;Value on 3rd Wed. at 03;Export;Harmonized;M;M
Physical Energy & Power Flows;2020;4;164;164;164;MK;BG;Value on 3rd Wed. at 03;Import;Harmonized;M;M
Physical Energy & Power Flows;2020;4;334;334;334;MK;GR;Value on 3rd Wed. at 03;Export;Harmonized;M;M
Physical Energy & Power Flows;2020;4;357;357;357;MK;RS;Value on 3rd Wed. at 03;Import;Harmonized;M;M
Physical Energy & Power Flows;2020;4;65;65;65;MT;IT;Value on 3rd Wed. at 03;Import;Harmonized;NaM;M
Physical Energy & Power Flows;2020;4;618;618;618;NL;BE;Value on 3rd Wed. at 03;Import;Harmonized;M;M
Physical Energy & Power Flows;2020;4;267;267;267;NL;DE;Value on 3rd Wed. at 03;Export;Harmonized;M;M
Physical Energy & Power Flows;2020;4;700;700;700;NL;DK;Value on 3rd Wed. at 03;Import;Harmonized;M;M
Physical Energy & Power Flows;2020;4;624;624;624;NL;GB;Value on 3rd Wed. at 03;Export;Harmonized;M;M
Physical Energy & Power Flows;2020;4;704;704;704;NL;NO;Value on 3rd Wed. at 03;Import;Harmonized;M;M
Physical Energy & Power Flows;2020;4;40;40;40;NO;DK;Value on 3rd Wed. at 03;Export;Harmonized;M;M
Physical Energy & Power Flows;2020;4;0;0;0;NO;FI;Value on 3rd Wed. at 03;Import;Harmonized;M;M
Physical Energy & Power Flows;2020;4;704;704;704;NO;NL;Value on 3rd Wed. at 03;Export;Harmonized;M;M
Physical Energy & Power Flows;2020;4;2075;2075;2075;NO;SE;Value on 3rd Wed. at 03;Import;Harmonized;M;M
Physical Energy & Power Flows;2020;4;549;549;549;PL;CZ;Value on 3rd Wed. at 03;Export;Harmonized;M;M
Physical Energy & Power Flows;2020;4;968;968;968;PL;DE;Value on 3rd Wed. at 03;Import;Harmonized;M;M
Physical Energy & Power Flows;2020;4;491;491;491;PL;LT;Value on 3rd Wed. at 03;Export;Harmonized;M;M
Physical Energy & Power Flows;2020;4;417;417;417;PL;SE;Value on 3rd Wed. at 03;Import;Harmonized;M;M
Physical Energy & Power Flows;2020;4;340;340;340;PL;SK;Value on 3rd Wed. at 03;Export;Harmonized;M;M
Physical Energy & Power Flows;2020;4;91;91;91;PL;UA;Value on 3rd Wed. at 03;Import;Harmonized;M;NaM
Physical Energy & Power Flows;2020;4;731;731;731;PT;ES;Value on 3rd Wed. at 03;Import;Harmonized;M;M
Physical Energy & Power Flows;2020;4;234;234;234;RO;BG;Value on 3rd Wed. at 03;Export;Harmonized;M;M
Physical Energy & Power Flows;2020;4;79;79;79;RO;HU;Value on 3rd Wed. at 03;Export;Harmonized;M;M
Physical Energy & Power Flows;2020;4;203;203;203;IT;FR;Value on 3rd Wed. at 11;Import;Harmonized;M;M
Physical Energy & Power Flows;2020;4;501;501;501;IT;GR;Value on 3rd Wed. at 11;Export;Harmonized;M;M
Physical Energy & Power Flows;2020;4;579;579;579;IT;ME;Value on 3rd Wed. at 11;Export;Harmonized;M;M
Physical Energy & Power Flows;2020;4;50;50;50;IT;MT;Value on 3rd Wed. at 11;Export;Harmonized;M;NaM
Physical Energy & Power Flows;2020;4;12;12;12;IT;SI;Value on 3rd Wed. at 11;Export;Harmonized;M;M
Physical Energy & Power Flows;2020;4;169;169;169;LT;BY;Value on 3rd Wed. at 11;Export;Harmonized;M;NaM
Physical Energy & Power Flows;2020;4;236;236;236;LT;LV;Value on 3rd Wed. at 11;Export;Harmonized;M;M
Physical Energy & Power Flows;2020;4;349;349;349;LT;PL;Value on 3rd Wed. at 11;Import;Harmonized;M;M
Physical Energy & Power Flows;2020;4;79;79;79;LT;RU;Value on 3rd Wed. at 11;Import;Harmonized;M;NaM
Physical Energy & Power Flows;2020;4;733;733;733;LT;SE;Value on 3rd Wed. at 11;Import;Harmonized;M;M
Physical Energy & Power Flows;2020;4;0;0;0;LU;BE;Value on 3rd Wed. at 11;Export;Harmonized;M;M
Physical Energy & Power Flows;2020;4;380;380;380;LU;DE;Value on 3rd Wed. at 11;Import;Harmonized;M;M
Physical Energy & Power Flows;2020;4;118;118;118;LV;EE;Value on 3rd Wed. at 11;Export;Harmonized;M;M
Physical Energy & Power Flows;2020;4;236;236;236;LV;LT;Value on 3rd Wed. at 11;Import;Harmonized;M;M
Physical Energy & Power Flows;2020;4;0;0;0;LV;RU;Value on 3rd Wed. at 11;Import;Harmonized;M;NaM
Physical Energy & Power Flows;2020;4;0;0;0;MD;RO;Value on 3rd Wed. at 11;Import;Harmonized;NaM;M
Physical Energy & Power Flows;2020;4;2;2;2;MD;UA;Value on 3rd Wed. at 11;Import;Harmonized;NaM;NaM
Physical Energy & Power Flows;2020;4;276;276;276;ME;AL;Value on 3rd Wed. at 11;Export;Harmonized;M;M
Physical Energy & Power Flows;2020;4;132;132;132;ME;BA;Value on 3rd Wed. at 11;Import;Harmonized;M;M
Physical Energy & Power Flows;2020;4;579;579;579;ME;IT;Value on 3rd Wed. at 11;Import;Harmonized;M;M
Physical Energy & Power Flows;2020;4;148;148;148;ME;RS;Value on 3rd Wed. at 11;Export;Harmonized;M;M
Physical Energy & Power Flows;2020;4;162;162;162;MK;BG;Value on 3rd Wed. at 11;Import;Harmonized;M;M
Physical Energy & Power Flows;2020;4;221;221;221;MK;GR;Value on 3rd Wed. at 11;Export;Harmonized;M;M
Physical Energy & Power Flows;2020;4;406;406;406;MK;RS;Value on 3rd Wed. at 11;Import;Harmonized;M;M
Physical Energy & Power Flows;2020;4;50;50;50;MT;IT;Value on 3rd Wed. at 11;Import;Harmonized;NaM;M
Physical Energy & Power Flows;2020;4;121;121;121;NL;BE;Value on 3rd Wed. at 11;Export;Harmonized;M;M
Physical Energy & Power Flows;2020;4;768;768;768;NL;DE;Value on 3rd Wed. at 11;Import;Harmonized;M;M
Physical Energy & Power Flows;2020;4;700;700;700;NL;DK;Value on 3rd Wed. at 11;Import;Harmonized;M;M
Physical Energy & Power Flows;2020;4;925;925;925;NL;GB;Value on 3rd Wed. at 11;Export;Harmonized;M;M
Physical Energy & Power Flows;2020;4;705;705;705;NL;NO;Value on 3rd Wed. at 11;Import;Harmonized;M;M
Physical Energy & Power Flows;2020;4;1075;1075;1075;NO;DK;Value on 3rd Wed. at 11;Export;Harmonized;M;M
Physical Energy & Power Flows;2020;4;0;0;0;NO;FI;Value on 3rd Wed. at 11;Import;Harmonized;M;M
Physical Energy & Power Flows;2020;4;705;705;705;NO;NL;Value on 3rd Wed. at 11;Export;Harmonized;M;M
Physical Energy & Power Flows;2020;11;171;171;171;AL;GR;Value on 3rd Wed. at 03;Import;Harmonized;M;M
Physical Energy & Power Flows;2020;11;168;168;168;AL;ME;Value on 3rd Wed. at 03;Import;Harmonized;M;M
Physical Energy & Power Flows;2020;11;67;67;67;AL;RS;Value on 3rd Wed. at 03;Import;Harmonized;M;M
Physical Energy & Power Flows;2020;11;723;723;723;AT;CH;Value on 3rd Wed. at 03;Export;Harmonized;M;M
Physical Energy & Power Flows;2020;11;1404;1404;1404;AT;CZ;Value on 3rd Wed. at 03;Import;Harmonized;M;M
Physical Energy & Power Flows;2020;11;2247;2247;2247;AT;DE;Value on 3rd Wed. at 03;Import;Harmonized;M;M
Physical Energy & Power Flows;2020;11;390;390;390;AT;HU;Value on 3rd Wed. at 03;Export;Harmonized;M;M
Physical Energy & Power Flows;2020;11;108;108;108;AT;IT;Value on 3rd Wed. at 03;Export;Harmonized;M;M
Physical Energy & Power Flows;2020;11;741;741;741;AT;SI;Value on 3rd Wed. at 03;Export;Harmonized;M;M
Physical Energy & Power Flows;2020;11;282;282;282;BA;HR;Value on 3rd Wed. at 03;Import;Harmonized;M;M
Physical Energy & Power Flows;2020;11;646;646;646;BA;ME;Value on 3rd Wed. at 03;Export;Harmonized;M;M
Physical Energy & Power Flows;2020;11;121;121;121;BA;RS;Value on 3rd Wed. at 03;Export;Harmonized;M;M
Physical Energy & Power Flows;2020;11;101;101;101;BE;DE;Value on 3rd Wed. at 03;Import;Harmonized;M;M
Physical Energy & Power Flows;2020;11;82;82;82;BE;FR;Value on 3rd Wed. at 03;Export;Harmonized;M;M
Physical Energy & Power Flows;2020;11;327;327;327;BE;GB;Value on 3rd Wed. at 03;Import;Harmonized;M;M
Physical Energy & Power Flows;2020;11;257;257;257;BE;LU;Value on 3rd Wed. at 03;Export;Harmonized;M;M
Physical Energy & Power Flows;2020;11;211;211;211;BE;NL;Value on 3rd Wed. at 03;Export;Harmonized;M;M
Physical Energy & Power Flows;2020;11;0;0;0;BG;GR;Value on 3rd Wed. at 03;Import;Harmonized;M;M
Physical Energy & Power Flows;2020;11;190;190;190;BG;MK;Value on 3rd Wed. at 03;Export;Harmonized;M;M
Physical Energy & Power Flows;2020;11;3;3;3;BG;RO;Value on 3rd Wed. at 03;Export;Harmonized;M;M
Physical Energy & Power Flows;2020;11;127;127;127;BG;RS;Value on 3rd Wed. at 03;Export;Harmonized;M;M
Physical Energy & Power Flows;2020;11;6;6;6;BG;TR;Value on 3rd Wed. at 03;Export;Harmonized;M;M
Physical Energy & Power Flows;2020;11;291;291;291;BY;LT;Value on 3rd Wed. at 03;Export;Harmonized;NaM;M
Physical Energy & Power Flows;2020;11;134;134;134;BY;UA;Value on 3rd Wed. at 03;Export;Harmonized;NaM;NaM
Physical Energy & Power Flows;2020;11;723;723;723;CH;AT;Value on 3rd Wed. at 03;Import;Harmonized;M;M
Physical Energy & Power Flows;2020;11;2724;2724;2724;CH;DE;Value on 3rd Wed. at 03;Import;Harmonized;M;M
Physical Energy & Power Flows;2020;11;1707;1707;1707;CH;FR;Value on 3rd Wed. at 03;Import;Harmonized;M;M
Physical Energy & Power Flows;2020;11;2655;2655;2655;CH;IT;Value on 3rd Wed. at 03;Export;Harmonized;M;M
Physical Energy & Power Flows;2020;11;1404;1404;1404;CZ;AT;Value on 3rd Wed. at 03;Export;Harmonized;M;M
Physical Energy & Power Flows;2020;11;620;620;620;CZ;DE;Value on 3rd Wed. at 03;Import;Harmonized;M;M
Physical Energy & Power Flows;2020;11;702;702;702;CZ;PL;Value on 3rd Wed. at 03;Import;Harmonized;M;M
Physical Energy & Power Flows;2020;11;1005;1005;1005;CZ;SK;Value on 3rd Wed. at 03;Export;Harmonized;M;M
Physical Energy & Power Flows;2020;12;500;500;500;IE;GB;Value on 3rd Wed. at 03;Export;Harmonized;M;M
Physical Energy & Power Flows;2020;12;157;157;157;IT;AT;Value on 3rd Wed. at 03;Import;Harmonized;M;M
Physical Energy & Power Flows;2020;12;706;706;706;NL;NO;Value on 3rd Wed. at 11;Import;Harmonized;M;M
Physical Energy & Power Flows;2020;12;0;0;0;NO;DE;Value on 3rd Wed. at 11;Import;Harmonized;M;M
Physical Energy & Power Flows;2020;12;1630;1630;1630;NO;DK;Value on 3rd Wed. at 11;Export;Harmonized;M;M
Physical Energy & Power Flows;2020;3;322;322;322;SI;HR;Value on 3rd Wed. at 11;Export;Harmonized;M;M
Physical Energy & Power Flows;2020;3;32;32;32;SI;IT;Value on 3rd Wed. at 11;Export;Harmonized;M;M
Physical Energy & Power Flows;2020;3;1433;1433;1433;SK;CZ;Value on 3rd Wed. at 11;Import;Harmonized;M;M
Physical Energy & Power Flows;2020;3;1214;1214;1214;SK;HU;Value on 3rd Wed. at 11;Export;Harmonized;M;M
Physical Energy & Power Flows;2020;3;120;120;120;SK;PL;Value on 3rd Wed. at 11;Import;Harmonized;M;M
Physical Energy & Power Flows;2020;3;328;328;328;SK;UA;Value on 3rd Wed. at 11;Export;Harmonized;M;NaM
Physical Energy & Power Flows;2020;3;500;500;500;TR;BG;Value on 3rd Wed. at 11;Import;Harmonized;M;M
Physical Energy & Power Flows;2020;3;5;5;5;TR;GR;Value on 3rd Wed. at 11;Export;Harmonized;M;M
Physical Energy & Power Flows;2020;3;390;390;390;UA;BY;Value on 3rd Wed. at 11;Export;Harmonized;NaM;NaM
Physical Energy & Power Flows;2020;3;169;169;169;UA;HU;Value on 3rd Wed. at 11;Export;Harmonized;NaM;M
Physical Energy & Power Flows;2020;3;93;93;93;UA;MD;Value on 3rd Wed. at 11;Export;Harmonized;NaM;NaM
Physical Energy & Power Flows;2020;3;214;214;214;UA;PL;Value on 3rd Wed. at 11;Export;Harmonized;NaM;M
Physical Energy & Power Flows;2020;3;481;481;481;UA;RO;Value on 3rd Wed. at 11;Export;Harmonized;NaM;M
Physical Energy & Power Flows;2020;3;8;8;8;UA;RU;Value on 3rd Wed. at 11;Export;Harmonized;NaM;NaM
Physical Energy & Power Flows;2020;5;283;283;283;HU;RS;Value on 3rd Wed. at 11;Export;Harmonized;M;M
Physical Energy & Power Flows;2020;5;709;709;709;HU;SK;Value on 3rd Wed. at 11;Import;Harmonized;M;M
Physical Energy & Power Flows;2020;5;171;171;171;HU;UA;Value on 3rd Wed. at 11;Export;Harmonized;M;NaM
Physical Energy & Power Flows;2020;5;500;500;500;IE;GB;Value on 3rd Wed. at 11;Export;Harmonized;M;M
Physical Energy & Power Flows;2020;5;47;47;47;IT;AT;Value on 3rd Wed. at 11;Import;Harmonized;M;M
Physical Energy & Power Flows;2020;5;1024;1024;1024;IT;CH;Value on 3rd Wed. at 11;Import;Harmonized;M;M
Physical Energy & Power Flows;2020;5;2133;2133;2133;IT;FR;Value on 3rd Wed. at 11;Import;Harmonized;M;M
Physical Energy & Power Flows;2020;5;502;502;502;IT;GR;Value on 3rd Wed. at 11;Export;Harmonized;M;M
Physical Energy & Power Flows;2020;5;57;57;57;IT;ME;Value on 3rd Wed. at 11;Export;Harmonized;M;M
Physical Energy & Power Flows;2020;5;2;2;2;IT;MT;Value on 3rd Wed. at 11;Export;Harmonized;M;NaM
Physical Energy & Power Flows;2020;5;17;17;17;IT;SI;Value on 3rd Wed. at 11;Import;Harmonized;M;M
Physical Energy & Power Flows;2020;5;157;157;157;LT;BY;Value on 3rd Wed. at 11;Export;Harmonized;M;NaM
Physical Energy & Power Flows;2020;5;285;285;285;LT;LV;Value on 3rd Wed. at 11;Import;Harmonized;M;M
Physical Energy & Power Flows;2020;5;246;246;246;LT;PL;Value on 3rd Wed. at 11;Export;Harmonized;M;M
Physical Energy & Power Flows;2020;5;130;130;130;LT;RU;Value on 3rd Wed. at 11;Import;Harmonized;M;NaM
Physical Energy & Power Flows;2020;5;393;393;393;LT;SE;Value on 3rd Wed. at 11;Import;Harmonized;M;M
Physical Energy & Power Flows;2020;5;0;0;0;LU;BE;Value on 3rd Wed. at 11;Export;Harmonized;M;M
Physical Energy & Power Flows;2020;5;499;499;499;LU;DE;Value on 3rd Wed. at 11;Import;Harmonized;M;M
Physical Energy & Power Flows;2020;5;230;230;230;LV;EE;Value on 3rd Wed. at 11;Export;Harmonized;M;M
Physical Energy & Power Flows;2020;5;285;285;285;LV;LT;Value on 3rd Wed. at 11;Export;Harmonized;M;M
Physical Energy & Power Flows;2020;5;5;5;5;LV;RU;Value on 3rd Wed. at 11;Import;Harmonized;M;NaM
Physical Energy & Power Flows;2020;5;0;0;0;MD;RO;Value on 3rd Wed. at 11;Import;Harmonized;NaM;M
Physical Energy & Power Flows;2020;5;27;27;27;MD;UA;Value on 3rd Wed. at 11;Import;Harmonized;NaM;NaM
Physical Energy & Power Flows;2020;5;347;347;347;ME;AL;Value on 3rd Wed. at 11;Export;Harmonized;M;M
Physical Energy & Power Flows;2020;6;269;269;269;DK;SE;Value on 3rd Wed. at 03;Import;Harmonized;M;M
Physical Energy & Power Flows;2020;6;939;939;939;EE;FI;Value on 3rd Wed. at 03;Import;Harmonized;M;M
Physical Energy & Power Flows;2020;6;384;384;384;EE;LV;Value on 3rd Wed. at 03;Export;Harmonized;M;M
Physical Energy & Power Flows;2020;6;307;307;307;EE;RU;Value on 3rd Wed. at 03;Export;Harmonized;M;NaM
Physical Energy & Power Flows;2020;6;1307;1307;1307;ES;FR;Value on 3rd Wed. at 03;Import;Harmonized;M;M
Physical Energy & Power Flows;2020;6;576;576;576;ES;PT;Value on 3rd Wed. at 03;Export;Harmonized;M;M
Physical Energy & Power Flows;2020;6;939;939;939;FI;EE;Value on 3rd Wed. at 03;Export;Harmonized;M;M
Physical Energy & Power Flows;2020;6;79;79;79;FI;NO;Value on 3rd Wed. at 03;Import;Harmonized;M;M
Physical Energy & Power Flows;2020;6;1;1;1;FI;RU;Value on 3rd Wed. at 03;Import;Harmonized;M;NaM
Physical Energy & Power Flows;2020;6;976;976;976;FI;SE;Value on 3rd Wed. at 03;Import;Harmonized;M;M
Physical Energy & Power Flows;2020;6;438;438;438;FR;BE;Value on 3rd Wed. at 03;Export;Harmonized;M;M
Physical Energy & Power Flows;2020;6;1157;1157;1157;FR;CH;Value on 3rd Wed. at 03;Export;Harmonized;M;M
Physical Energy & Power Flows;2020;6;2589;2589;2589;FR;DE;Value on 3rd Wed. at 03;Export;Harmonized;M;M
Physical Energy & Power Flows;2020;6;1307;1307;1307;FR;ES;Value on 3rd Wed. at 03;Export;Harmonized;M;M
Physical Energy & Power Flows;2020;6;79;79;79;FR;GB;Value on 3rd Wed. at 03;Export;Harmonized;M;M
Physical Energy & Power Flows;2020;6;357;357;357;FR;IT;Value on 3rd Wed. at 03;Export;Harmonized;M;M
Physical Energy & Power Flows;2020;6;38;38;38;GB;BE;Value on 3rd Wed. at 03;Export;Harmonized;M;M
Physical Energy & Power Flows;2020;6;79;79;79;GB;FR;Value on 3rd Wed. at 03;Import;Harmonized;M;M
Physical Energy & Power Flows;2020;6;165;165;165;GB;IE;Value on 3rd Wed. at 03;Import;Harmonized;M;M
Physical Energy & Power Flows;2020;6;94;94;94;GB;NL;Value on 3rd Wed. at 03;Export;Harmonized;M;M
Physical Energy & Power Flows;2020;6;121;121;121;GR;AL;Value on 3rd Wed. at 03;Import;Harmonized;M;M
Physical Energy & Power Flows;2020;6;419;419;419;GR;BG;Value on 3rd Wed. at 03;Import;Harmonized;M;M
Physical Energy & Power Flows;2020;6;489;489;489;GR;IT;Value on 3rd Wed. at 03;Import;Harmonized;M;M
Physical Energy & Power Flows;2020;6;486;486;486;GR;MK;Value on 3rd Wed. at 03;Import;Harmonized;M;M
Physical Energy & Power Flows;2020;6;145;145;145;GR;TR;Value on 3rd Wed. at 03;Import;Harmonized;M;M
Physical Energy & Power Flows;2020;6;185;185;185;HR;BA;Value on 3rd Wed. at 03;Export;Harmonized;M;M
Physical Energy & Power Flows;2020;6;239;239;239;HR;HU;Value on 3rd Wed. at 03;Import;Harmonized;M;M
Physical Energy & Power Flows;2020;6;69;69;69;HR;RS;Value on 3rd Wed. at 03;Export;Harmonized;M;M
Physical Energy & Power Flows;2020;6;607;607;607;HR;SI;Value on 3rd Wed. at 03;Import;Harmonized;M;M
Physical Energy & Power Flows;2020;6;989;989;989;HU;AT;Value on 3rd Wed. at 03;Import;Harmonized;M;M
Physical Energy & Power Flows;2020;6;239;239;239;HU;HR;Value on 3rd Wed. at 03;Export;Harmonized;M;M
Physical Energy & Power Flows;2020;6;206;206;206;HU;RO;Value on 3rd Wed. at 03;Export;Harmonized;M;M
Physical Energy & Power Flows;2020;6;47;47;47;HU;RS;Value on 3rd Wed. at 03;Export;Harmonized;M;M
Physical Energy & Power Flows;2020;6;974;974;974;HU;SK;Value on 3rd Wed. at 03;Import;Harmonized;M;M
Physical Energy & Power Flows;2020;6;140;140;140;HU;UA;Value on 3rd Wed. at 03;Export;Harmonized;M;NaM
Physical Energy & Power Flows;2020;6;165;165;165;IE;GB;Value on 3rd Wed. at 03;Export;Harmonized;M;M
Physical Energy & Power Flows;2020;6;13;13;13;IT;AT;Value on 3rd Wed. at 03;Import;Harmonized;M;M
Physical Energy & Power Flows;2020;6;483;483;483;IT;CH;Value on 3rd Wed. at 03;Export;Harmonized;M;M
Physical Energy & Power Flows;2020;6;357;357;357;IT;FR;Value on 3rd Wed. at 03;Import;Harmonized;M;M
Physical Energy & Power Flows;2020;7;273;273;273;ME;RS;Value on 3rd Wed. at 03;Import;Harmonized;M;M
Physical Energy & Power Flows;2020;7;197;197;197;MK;BG;Value on 3rd Wed. at 03;Import;Harmonized;M;M
Physical Energy & Power Flows;2020;7;713;713;713;MK;GR;Value on 3rd Wed. at 03;Export;Harmonized;M;M
Physical Energy & Power Flows;2020;7;539;539;539;MK;RS;Value on 3rd Wed. at 03;Import;Harmonized;M;M
Physical Energy & Power Flows;2020;10;602;602;602;IT;ME;Value on 3rd Wed. at 03;Import;Harmonized;M;M
Physical Energy & Power Flows;2020;10;26;26;26;IT;MT;Value on 3rd Wed. at 03;Export;Harmonized;M;NaM
Physical Energy & Power Flows;2020;10;909;909;909;IT;SI;Value on 3rd Wed. at 03;Import;Harmonized;M;M
Physical Energy & Power Flows;2020;10;318;318;318;LT;BY;Value on 3rd Wed. at 03;Import;Harmonized;M;NaM
Physical Energy & Power Flows;2020;10;80;80;80;LT;LV;Value on 3rd Wed. at 03;Import;Harmonized;M;M
Physical Energy & Power Flows;2020;10;0;0;0;LT;PL;Value on 3rd Wed. at 03;Import;Harmonized;M;M
Physical Energy & Power Flows;2020;10;319;319;319;LT;RU;Value on 3rd Wed. at 03;Import;Harmonized;M;NaM
Physical Energy & Power Flows;2020;10;552;552;552;LT;SE;Value on 3rd Wed. at 03;Import;Harmonized;M;M
Physical Energy & Power Flows;2020;10;186;186;186;LU;BE;Value on 3rd Wed. at 03;Import;Harmonized;M;M
Physical Energy & Power Flows;2020;10;128;128;128;LU;DE;Value on 3rd Wed. at 03;Import;Harmonized;M;M
Physical Energy & Power Flows;2020;10;312;312;312;LV;EE;Value on 3rd Wed. at 03;Import;Harmonized;M;M
Physical Energy & Power Flows;2020;10;80;80;80;LV;LT;Value on 3rd Wed. at 03;Export;Harmonized;M;M
Physical Energy & Power Flows;2020;10;115;115;115;LV;RU;Value on 3rd Wed. at 03;Import;Harmonized;M;NaM
Physical Energy & Power Flows;2020;10;0;0;0;MD;RO;Value on 3rd Wed. at 03;Import;Harmonized;NaM;M
Physical Energy & Power Flows;2020;10;62;62;62;MD;UA;Value on 3rd Wed. at 03;Import;Harmonized;NaM;NaM
Physical Energy & Power Flows;2020;10;93;93;93;ME;AL;Value on 3rd Wed. at 03;Export;Harmonized;M;M
Physical Energy & Power Flows;2020;10;459;459;459;ME;BA;Value on 3rd Wed. at 03;Import;Harmonized;M;M
Physical Energy & Power Flows;2020;10;602;602;602;ME;IT;Value on 3rd Wed. at 03;Export;Harmonized;M;M
Physical Energy & Power Flows;2020;10;72;72;72;ME;RS;Value on 3rd Wed. at 03;Export;Harmonized;M;M
Physical Energy & Power Flows;2020;10;7;7;7;MK;BG;Value on 3rd Wed. at 03;Import;Harmonized;M;M
Physical Energy & Power Flows;2020;10;83;83;83;MK;GR;Value on 3rd Wed. at 03;Export;Harmonized;M;M
Physical Energy & Power Flows;2020;10;181;181;181;MK;RS;Value on 3rd Wed. at 03;Import;Harmonized;M;M
Physical Energy & Power Flows;2020;10;26;26;26;MT;IT;Value on 3rd Wed. at 03;Import;Harmonized;NaM;M
Physical Energy & Power Flows;2020;10;1229;1229;1229;NL;BE;Value on 3rd Wed. at 03;Import;Harmonized;M;M
Physical Energy & Power Flows;2020;11;171;171;171;GR;AL;Value on 3rd Wed. at 03;Export;Harmonized;M;M
Physical Energy & Power Flows;2020;11;0;0;0;GR;BG;Value on 3rd Wed. at 03;Import;Harmonized;M;M
Physical Energy & Power Flows;2020;11;431;431;431;GR;IT;Value on 3rd Wed. at 03;Export;Harmonized;M;M
Physical Energy & Power Flows;2020;11;210;210;210;GR;MK;Value on 3rd Wed. at 03;Import;Harmonized;M;M
Physical Energy & Power Flows;2020;11;227;227;227;GR;TR;Value on 3rd Wed. at 03;Import;Harmonized;M;M
Physical Energy & Power Flows;2020;11;282;282;282;HR;BA;Value on 3rd Wed. at 03;Export;Harmonized;M;M
Physical Energy & Power Flows;2020;11;789;789;789;HR;HU;Value on 3rd Wed. at 03;Import;Harmonized;M;M
Physical Energy & Power Flows;2020;11;92;92;92;HR;RS;Value on 3rd Wed. at 03;Export;Harmonized;M;M
Physical Energy & Power Flows;2020;11;347;347;347;HR;SI;Value on 3rd Wed. at 03;Export;Harmonized;M;M
Physical Energy & Power Flows;2020;11;390;390;390;HU;AT;Value on 3rd Wed. at 03;Import;Harmonized;M;M
Physical Energy & Power Flows;2020;11;789;789;789;HU;HR;Value on 3rd Wed. at 03;Export;Harmonized;M;M
Physical Energy & Power Flows;2020;11;172;172;172;HU;RO;Value on 3rd Wed. at 03;Export;Harmonized;M;M
Physical Energy & Power Flows;2020;11;18;18;18;HU;RS;Value on 3rd Wed. at 03;Export;Harmonized;M;M
Physical Energy & Power Flows;2020;11;1302;1302;1302;HU;SK;Value on 3rd Wed. at 03;Import;Harmonized;M;M
Physical Energy & Power Flows;2020;11;393;393;393;HU;UA;Value on 3rd Wed. at 03;Import;Harmonized;M;NaM
Physical Energy & Power Flows;2020;11;500;500;500;IE;GB;Value on 3rd Wed. at 03;Export;Harmonized;M;M
Physical Energy & Power Flows;2020;11;108;108;108;IT;AT;Value on 3rd Wed. at 03;Import;Harmonized;M;M
Physical Energy & Power Flows;2020;11;2655;2655;2655;IT;CH;Value on 3rd Wed. at 03;Import;Harmonized;M;M
Physical Energy & Power Flows;2020;11;1856;1856;1856;IT;FR;Value on 3rd Wed. at 03;Import;Harmonized;M;M
Physical Energy & Power Flows;2020;1;70;70;70;DE;SE;Value on 3rd Wed. at 03;Export;Harmonized;M;M
Physical Energy & Power Flows;2020;1;1332;1332;1332;DK;DE;Value on 3rd Wed. at 03;Import;Harmonized;M;M
Physical Energy & Power Flows;2020;1;612;612;612;DK;NL;Value on 3rd Wed. at 03;Export;Harmonized;M;M
Physical Energy & Power Flows;2020;1;1373;1373;1373;DK;NO;Value on 3rd Wed. at 03;Export;Harmonized;M;M
Physical Energy & Power Flows;2020;1;1272;1272;1272;DK;SE;Value on 3rd Wed. at 03;Export;Harmonized;M;M
Physical Energy & Power Flows;2020;1;776;776;776;EE;FI;Value on 3rd Wed. at 03;Import;Harmonized;M;M
Physical Energy & Power Flows;2020;1;367;367;367;EE;LV;Value on 3rd Wed. at 03;Export;Harmonized;M;M
Physical Energy & Power Flows;2020;1;208;208;208;EE;RU;Value on 3rd Wed. at 03;Export;Harmonized;M;NaM
Physical Energy & Power Flows;2020;1;3293;3293;3293;ES;FR;Value on 3rd Wed. at 03;Import;Harmonized;M;M
Physical Energy & Power Flows;2020;1;1513;1513;1513;ES;PT;Value on 3rd Wed. at 03;Export;Harmonized;M;M
Physical Energy & Power Flows;2020;1;776;776;776;FI;EE;Value on 3rd Wed. at 03;Export;Harmonized;M;M
Physical Energy & Power Flows;2020;1;21;21;21;FI;NO;Value on 3rd Wed. at 03;Import;Harmonized;M;M
Physical Energy & Power Flows;2020;1;390;390;390;FI;RU;Value on 3rd Wed. at 03;Import;Harmonized;M;NaM
Physical Energy & Power Flows;2020;1;1632;1632;1632;FI;SE;Value on 3rd Wed. at 03;Import;Harmonized;M;M
Physical Energy & Power Flows;2020;1;365;365;365;FR;BE;Value on 3rd Wed. at 03;Import;Harmonized;M;M
Physical Energy & Power Flows;2020;1;1935;1935;1935;FR;CH;Value on 3rd Wed. at 03;Export;Harmonized;M;M
Physical Energy & Power Flows;2020;1;1306;1306;1306;FR;DE;Value on 3rd Wed. at 03;Export;Harmonized;M;M
Physical Energy & Power Flows;2020;1;3293;3293;3293;FR;ES;Value on 3rd Wed. at 03;Export;Harmonized;M;M
Physical Energy & Power Flows;2020;1;976;976;976;FR;GB;Value on 3rd Wed. at 03;Export;Harmonized;M;M
Physical Energy & Power Flows;2020;1;1446;1446;1446;FR;IT;Value on 3rd Wed. at 03;Export;Harmonized;M;M
Physical Energy & Power Flows;2020;1;364;364;364;GB;BE;Value on 3rd Wed. at 03;Import;Harmonized;M;M
Physical Energy & Power Flows;2020;1;976;976;976;GB;FR;Value on 3rd Wed. at 03;Import;Harmonized;M;M
Physical Energy & Power Flows;2020;1;498;498;498;GB;IE;Value on 3rd Wed. at 03;Import;Harmonized;M;M
Physical Energy & Power Flows;2020;1;508;508;508;GB;NL;Value on 3rd Wed. at 03;Export;Harmonized;M;M
Physical Energy & Power Flows;2020;1;168;168;168;GR;AL;Value on 3rd Wed. at 03;Import;Harmonized;M;M
Physical Energy & Power Flows;2020;1;203;203;203;GR;BG;Value on 3rd Wed. at 03;Import;Harmonized;M;M
Physical Energy & Power Flows;2020;1;0;0;0;GR;IT;Value on 3rd Wed. at 03;Import;Harmonized;M;M
Physical Energy & Power Flows;2020;1;318;318;318;GR;MK;Value on 3rd Wed. at 03;Import;Harmonized;M;M
Physical Energy & Power Flows;2020;1;231;231;231;GR;TR;Value on 3rd Wed. at 03;Import;Harmonized;M;M
Physical Energy & Power Flows;2020;1;118;118;118;HR;BA;Value on 3rd Wed. at 03;Export;Harmonized;M;M
Physical Energy & Power Flows;2020;1;935;935;935;HR;HU;Value on 3rd Wed. at 03;Import;Harmonized;M;M
Physical Energy & Power Flows;2020;1;214;214;214;HR;RS;Value on 3rd Wed. at 03;Export;Harmonized;M;M
Physical Energy & Power Flows;2020;1;29;29;29;HR;SI;Value on 3rd Wed. at 03;Import;Harmonized;M;M
Physical Energy & Power Flows;2020;1;761;761;761;HU;AT;Value on 3rd Wed. at 03;Import;Harmonized;M;M
Physical Energy & Power Flows;2020;1;935;935;935;HU;HR;Value on 3rd Wed. at 03;Export;Harmonized;M;M
Physical Energy & Power Flows;2020;1;458;458;458;HU;RO;Value on 3rd Wed. at 03;Export;Harmonized;M;M
Physical Energy & Power Flows;2020;1;335;335;335;HU;RS;Value on 3rd Wed. at 03;Export;Harmonized;M;M
Physical Energy & Power Flows;2020;1;1379;1379;1379;HU;SK;Value on 3rd Wed. at 03;Import;Harmonized;M;M
Physical Energy & Power Flows;2020;1;333;333;333;HU;UA;Value on 3rd Wed. at 03;Import;Harmonized;M;NaM
Physical Energy & Power Flows;2020;1;498;498;498;IE;GB;Value on 3rd Wed. at 03;Export;Harmonized;M;M
Physical Energy & Power Flows;2020;1;79;79;79;IT;AT;Value on 3rd Wed. at 03;Import;Harmonized;M;M
Physical Energy & Power Flows;2020;1;3108;3108;3108;IT;CH;Value on 3rd Wed. at 03;Import;Harmonized;M;M
Physical Energy & Power Flows;2020;1;1446;1446;1446;IT;FR;Value on 3rd Wed. at 03;Import;Harmonized;M;M
Physical Energy & Power Flows;2020;1;0;0;0;IT;GR;Value on 3rd Wed. at 03;Import;Harmonized;M;M
Physical Energy & Power Flows;2020;1;199;199;199;IT;ME;Value on 3rd Wed. at 03;Export;Harmonized;M;M
Physical Energy & Power Flows;2020;1;0;0;0;IT;MT;Value on 3rd Wed. at 03;Import;Harmonized;M;NaM
Physical Energy & Power Flows;2020;1;261;261;261;IT;SI;Value on 3rd Wed. at 03;Import;Harmonized;M;M
Physical Energy & Power Flows;2020;1;255;255;255;LT;BY;Value on 3rd Wed. at 03;Import;Harmonized;M;NaM
Physical Energy & Power Flows;2020;1;104;104;104;LT;LV;Value on 3rd Wed. at 03;Import;Harmonized;M;M
Physical Energy & Power Flows;2020;1;0;0;0;LT;PL;Value on 3rd Wed. at 03;Import;Harmonized;M;M
Physical Energy & Power Flows;2020;1;199;199;199;LT;RU;Value on 3rd Wed. at 03;Import;Harmonized;M;NaM
Physical Energy & Power Flows;2020;1;720;720;720;LT;SE;Value on 3rd Wed. at 03;Import;Harmonized;M;M
Physical Energy & Power Flows;2020;1;226;226;226;BY;LT;Value on 3rd Wed. at 11;Export;Harmonized;NaM;M
Physical Energy & Power Flows;2020;1;180;180;180;BY;UA;Value on 3rd Wed. at 11;Import;Harmonized;NaM;NaM
Physical Energy & Power Flows;2020;1;662;662;662;CH;AT;Value on 3rd Wed. at 11;Import;Harmonized;M;M
Physical Energy & Power Flows;2020;1;3107;3107;3107;CH;DE;Value on 3rd Wed. at 11;Import;Harmonized;M;M
Physical Energy & Power Flows;2020;1;764;764;764;CH;FR;Value on 3rd Wed. at 11;Import;Harmonized;M;M
Physical Energy & Power Flows;2020;1;4244;4244;4244;CH;IT;Value on 3rd Wed. at 11;Export;Harmonized;M;M
Physical Energy & Power Flows;2020;1;2015;2015;2015;CZ;AT;Value on 3rd Wed. at 11;Export;Harmonized;M;M
Physical Energy & Power Flows;2020;1;2106;2106;2106;CZ;DE;Value on 3rd Wed. at 11;Import;Harmonized;M;M
Physical Energy & Power Flows;2020;1;999;999;999;CZ;PL;Value on 3rd Wed. at 11;Import;Harmonized;M;M
Physical Energy & Power Flows;2020;1;1914;1914;1914;CZ;SK;Value on 3rd Wed. at 11;Export;Harmonized;M;M
Physical Energy & Power Flows;2020;1;2487;2487;2487;DE;AT;Value on 3rd Wed. at 11;Export;Harmonized;M;M
Physical Energy & Power Flows;2020;1;3107;3107;3107;DE;CH;Value on 3rd Wed. at 11;Export;Harmonized;M;M
Physical Energy & Power Flows;2020;1;2106;2106;2106;DE;CZ;Value on 3rd Wed. at 11;Export;Harmonized;M;M
Physical Energy & Power Flows;2020;1;863;863;863;DE;DK;Value on 3rd Wed. at 11;Export;Harmonized;M;M
Physical Energy & Power Flows;2020;1;1597;1597;1597;DE;FR;Value on 3rd Wed. at 11;Import;Harmonized;M;M
Physical Energy & Power Flows;2020;1;505;505;505;DE;LU;Value on 3rd Wed. at 11;Export;Harmonized;M;M
Physical Energy & Power Flows;2020;1;765;765;765;DE;NL;Value on 3rd Wed. at 11;Export;Harmonized;M;M
Physical Energy & Power Flows;2020;1;2094;2094;2094;DE;PL;Value on 3rd Wed. at 11;Export;Harmonized;M;M
Physical Energy & Power Flows;2020;1;366;366;366;DE;SE;Value on 3rd Wed. at 11;Import;Harmonized;M;M
Physical Energy & Power Flows;2020;1;863;863;863;DK;DE;Value on 3rd Wed. at 11;Import;Harmonized;M;M
Physical Energy & Power Flows;2020;1;680;680;680;DK;NL;Value on 3rd Wed. at 11;Export;Harmonized;M;M
Physical Energy & Power Flows;2020;1;187;187;187;DK;NO;Value on 3rd Wed. at 11;Export;Harmonized;M;M
Physical Energy & Power Flows;2020;1;47;47;47;DK;SE;Value on 3rd Wed. at 11;Export;Harmonized;M;M
Physical Energy & Power Flows;2020;1;958;958;958;EE;FI;Value on 3rd Wed. at 11;Import;Harmonized;M;M
Physical Energy & Power Flows;2020;1;177;177;177;EE;LV;Value on 3rd Wed. at 11;Export;Harmonized;M;M
Physical Energy & Power Flows;2020;1;202;202;202;EE;RU;Value on 3rd Wed. at 11;Export;Harmonized;M;NaM
Physical Energy & Power Flows;2020;1;3322;3322;3322;ES;FR;Value on 3rd Wed. at 11;Import;Harmonized;M;M
Physical Energy & Power Flows;2020;1;1517;1517;1517;ES;PT;Value on 3rd Wed. at 11;Import;Harmonized;M;M
Physical Energy & Power Flows;2020;1;958;958;958;FI;EE;Value on 3rd Wed. at 11;Export;Harmonized;M;M
Physical Energy & Power Flows;2020;1;64;64;64;FI;NO;Value on 3rd Wed. at 11;Import;Harmonized;M;M
Physical Energy & Power Flows;2020;1;386;386;386;FI;RU;Value on 3rd Wed. at 11;Import;Harmonized;M;NaM
Physical Energy & Power Flows;2020;1;2536;2536;2536;FI;SE;Value on 3rd Wed. at 11;Import;Harmonized;M;M
Physical Energy & Power Flows;2020;1;109;109;109;FR;BE;Value on 3rd Wed. at 11;Import;Harmonized;M;M
Physical Energy & Power Flows;2020;1;764;764;764;FR;CH;Value on 3rd Wed. at 11;Export;Harmonized;M;M
Physical Energy & Power Flows;2020;1;1597;1597;1597;FR;DE;Value on 3rd Wed. at 11;Export;Harmonized;M;M
Physical Energy & Power Flows;2020;1;3322;3322;3322;FR;ES;Value on 3rd Wed. at 11;Export;Harmonized;M;M
Physical Energy & Power Flows;2020;1;2020;2020;2020;FR;GB;Value on 3rd Wed. at 11;Export;Harmonized;M;M
Physical Energy & Power Flows;2020;1;2047;2047;2047;FR;IT;Value on 3rd Wed. at 11;Export;Harmonized;M;M
Physical Energy & Power Flows;2020;1;1023;1023;1023;GB;BE;Value on 3rd Wed. at 11;Import;Harmonized;M;M
Physical Energy & Power Flows;2020;1;2020;2020;2020;GB;FR;Value on 3rd Wed. at 11;Import;Harmonized;M;M
Physical Energy & Power Flows;2020;1;211;211;211;GB;IE;Value on 3rd Wed. at 11;Import;Harmonized;M;M
Physical Energy & Power Flows;2020;1;1085;1085;1085;GB;NL;Value on 3rd Wed. at 11;Import;Harmonized;M;M
Physical Energy & Power Flows;2020;1;15;15;15;GR;AL;Value on 3rd Wed. at 11;Export;Harmonized;M;M
Physical Energy & Power Flows;2020;1;23;23;23;GR;BG;Value on 3rd Wed. at 11;Export;Harmonized;M;M
Physical Energy & Power Flows;2020;1;503;503;503;GR;IT;Value on 3rd Wed. at 11;Import;Harmonized;M;M
Physical Energy & Power Flows;2020;1;127;127;127;GR;MK;Value on 3rd Wed. at 11;Export;Harmonized;M;M
Physical Energy & Power Flows;2020;1;217;217;217;GR;TR;Value on 3rd Wed. at 11;Import;Harmonized;M;M
Physical Energy & Power Flows;2020;1;520;520;520;HR;BA;Value on 3rd Wed. at 11;Import;Harmonized;M;M
Physical Energy & Power Flows;2020;1;181;181;181;HR;HU;Value on 3rd Wed. at 11;Import;Harmonized;M;M
Physical Energy & Power Flows;2020;1;33;33;33;HR;RS;Value on 3rd Wed. at 11;Export;Harmonized;M;M
Physical Energy & Power Flows;2020;1;249;249;249;HR;SI;Value on 3rd Wed. at 11;Import;Harmonized;M;M
Physical Energy & Power Flows;2020;1;901;901;901;HU;AT;Value on 3rd Wed. at 11;Import;Harmonized;M;M
Physical Energy & Power Flows;2020;2;50;50;50;BY;UA;Value on 3rd Wed. at 03;Import;Harmonized;NaM;NaM
Physical Energy & Power Flows;2020;2;682;682;682;CH;AT;Value on 3rd Wed. at 03;Import;Harmonized;M;M
Physical Energy & Power Flows;2020;2;3959;3959;3959;CH;DE;Value on 3rd Wed. at 03;Import;Harmonized;M;M
Physical Energy & Power Flows;2020;2;2338;2338;2338;CH;FR;Value on 3rd Wed. at 03;Import;Harmonized;M;M
Physical Energy & Power Flows;2020;2;4064;4064;4064;CH;IT;Value on 3rd Wed. at 03;Export;Harmonized;M;M
Physical Energy & Power Flows;2020;2;1461;1461;1461;CZ;AT;Value on 3rd Wed. at 03;Export;Harmonized;M;M
Physical Energy & Power Flows;2020;2;1940;1940;1940;CZ;DE;Value on 3rd Wed. at 03;Import;Harmonized;M;M
Physical Energy & Power Flows;2020;2;851;851;851;CZ;PL;Value on 3rd Wed. at 03;Import;Harmonized;M;M
Physical Energy & Power Flows;2020;2;1386;1386;1386;CZ;SK;Value on 3rd Wed. at 03;Export;Harmonized;M;M
Physical Energy & Power Flows;2020;2;3155;3155;3155;DE;AT;Value on 3rd Wed. at 03;Export;Harmonized;M;M
Physical Energy & Power Flows;2020;2;3959;3959;3959;DE;CH;Value on 3rd Wed. at 03;Export;Harmonized;M;M
Physical Energy & Power Flows;2020;2;1940;1940;1940;DE;CZ;Value on 3rd Wed. at 03;Export;Harmonized;M;M
Physical Energy & Power Flows;2020;2;181;181;181;DE;DK;Value on 3rd Wed. at 03;Import;Harmonized;M;M
Physical Energy & Power Flows;2020;2;1719;1719;1719;DE;FR;Value on 3rd Wed. at 03;Import;Harmonized;M;M
Physical Energy & Power Flows;2020;2;350;350;350;DE;LU;Value on 3rd Wed. at 03;Export;Harmonized;M;M
Physical Energy & Power Flows;2020;2;91;91;91;DE;NL;Value on 3rd Wed. at 03;Export;Harmonized;M;M
Physical Energy & Power Flows;2020;2;1529;1529;1529;DE;PL;Value on 3rd Wed. at 03;Export;Harmonized;M;M
Physical Energy & Power Flows;2020;2;608;608;608;DE;SE;Value on 3rd Wed. at 03;Import;Harmonized;M;M
Physical Energy & Power Flows;2020;2;181;181;181;DK;DE;Value on 3rd Wed. at 03;Export;Harmonized;M;M
Physical Energy & Power Flows;2020;2;700;700;700;DK;NL;Value on 3rd Wed. at 03;Export;Harmonized;M;M
Physical Energy & Power Flows;2020;2;686;686;686;DK;NO;Value on 3rd Wed. at 03;Import;Harmonized;M;M
Physical Energy & Power Flows;2020;2;595;595;595;DK;SE;Value on 3rd Wed. at 03;Import;Harmonized;M;M
Physical Energy & Power Flows;2020;2;1016;1016;1016;EE;FI;Value on 3rd Wed. at 03;Import;Harmonized;M;M
Physical Energy & Power Flows;2020;2;438;438;438;EE;LV;Value on 3rd Wed. at 03;Export;Harmonized;M;M
Physical Energy & Power Flows;2020;2;177;177;177;EE;RU;Value on 3rd Wed. at 03;Export;Harmonized;M;NaM
Physical Energy & Power Flows;2020;2;1673;1673;1673;ES;FR;Value on 3rd Wed. at 03;Import;Harmonized;M;M
Physical Energy & Power Flows;2020;2;168;168;168;ES;PT;Value on 3rd Wed. at 03;Export;Harmonized;M;M
Physical Energy & Power Flows;2020;2;1016;1016;1016;FI;EE;Value on 3rd Wed. at 03;Export;Harmonized;M;M
Physical Energy & Power Flows;2020;2;36;36;36;FI;NO;Value on 3rd Wed. at 03;Import;Harmonized;M;M
Physical Energy & Power Flows;2020;2;137;137;137;FI;RU;Value on 3rd Wed. at 03;Import;Harmonized;M;NaM
Physical Energy & Power Flows;2020;2;2151;2151;2151;FI;SE;Value on 3rd Wed. at 03;Import;Harmonized;M;M
Physical Energy & Power Flows;2020;2;79;79;79;FR;BE;Value on 3rd Wed. at 03;Import;Harmonized;M;M
Physical Energy & Power Flows;2020;2;2338;2338;2338;FR;CH;Value on 3rd Wed. at 03;Export;Harmonized;M;M
Physical Energy & Power Flows;2020;2;1719;1719;1719;FR;DE;Value on 3rd Wed. at 03;Export;Harmonized;M;M
Physical Energy & Power Flows;2020;2;1673;1673;1673;FR;ES;Value on 3rd Wed. at 03;Export;Harmonized;M;M
Physical Energy & Power Flows;2020;2;1517;1517;1517;FR;GB;Value on 3rd Wed. at 03;Export;Harmonized;M;M
Physical Energy & Power Flows;2020;2;2062;2062;2062;FR;IT;Value on 3rd Wed. at 03;Export;Harmonized;M;M
Physical Energy & Power Flows;2020;2;393;393;393;GB;BE;Value on 3rd Wed. at 03;Import;Harmonized;M;M
Physical Energy & Power Flows;2020;2;1517;1517;1517;GB;FR;Value on 3rd Wed. at 03;Import;Harmonized;M;M
Physical Energy & Power Flows;2020;2;530;530;530;GB;IE;Value on 3rd Wed. at 03;Export;Harmonized;M;M
Physical Energy & Power Flows;2020;2;227;227;227;GB;NL;Value on 3rd Wed. at 03;Export;Harmonized;M;M
Physical Energy & Power Flows;2020;2;63;63;63;GR;AL;Value on 3rd Wed. at 03;Import;Harmonized;M;M
Physical Energy & Power Flows;2020;2;325;325;325;GR;BG;Value on 3rd Wed. at 03;Import;Harmonized;M;M
Physical Energy & Power Flows;2020;2;504;504;504;GR;IT;Value on 3rd Wed. at 03;Import;Harmonized;M;M
Physical Energy & Power Flows;2020;2;584;584;584;GR;MK;Value on 3rd Wed. at 03;Import;Harmonized;M;M
Physical Energy & Power Flows;2020;2;149;149;149;GR;TR;Value on 3rd Wed. at 03;Import;Harmonized;M;M
Physical Energy & Power Flows;2020;2;115;115;115;HR;BA;Value on 3rd Wed. at 03;Export;Harmonized;M;M
Physical Energy & Power Flows;2020;2;799;799;799;HR;HU;Value on 3rd Wed. at 03;Import;Harmonized;M;M
Physical Energy & Power Flows;2020;2;55;55;55;HR;RS;Value on 3rd Wed. at 03;Export;Harmonized;M;M
Physical Energy & Power Flows;2020;2;163;163;163;HR;SI;Value on 3rd Wed. at 03;Export;Harmonized;M;M
Physical Energy & Power Flows;2020;2;530;530;530;HU;AT;Value on 3rd Wed. at 03;Import;Harmonized;M;M
Physical Energy & Power Flows;2020;2;799;799;799;HU;HR;Value on 3rd Wed. at 03;Export;Harmonized;M;M
Physical Energy & Power Flows;2020;2;1701;1701;1701;DE;PL;Value on 3rd Wed. at 11;Export;Harmonized;M;M
Physical Energy & Power Flows;2020;2;2;2;2;DE;SE;Value on 3rd Wed. at 11;Export;Harmonized;M;M
Physical Energy & Power Flows;2020;2;105;105;105;DK;DE;Value on 3rd Wed. at 11;Export;Harmonized;M;M
Physical Energy & Power Flows;2020;2;580;580;580;DK;NL;Value on 3rd Wed. at 11;Import;Harmonized;M;M
Physical Energy & Power Flows;2020;2;481;481;481;DK;NO;Value on 3rd Wed. at 11;Import;Harmonized;M;M
Physical Energy & Power Flows;2020;2;519;519;519;DK;SE;Value on 3rd Wed. at 11;Export;Harmonized;M;M
Physical Energy & Power Flows;2020;2;803;803;803;EE;FI;Value on 3rd Wed. at 11;Import;Harmonized;M;M
Physical Energy & Power Flows;2020;2;107;107;107;EE;LV;Value on 3rd Wed. at 11;Export;Harmonized;M;M
Physical Energy & Power Flows;2020;2;190;190;190;EE;RU;Value on 3rd Wed. at 11;Export;Harmonized;M;NaM
Physical Energy & Power Flows;2020;2;1879;1879;1879;ES;FR;Value on 3rd Wed. at 11;Import;Harmonized;M;M
Physical Energy & Power Flows;2020;2;218;218;218;ES;PT;Value on 3rd Wed. at 11;Import;Harmonized;M;M
Physical Energy & Power Flows;2020;2;803;803;803;FI;EE;Value on 3rd Wed. at 11;Export;Harmonized;M;M
Physical Energy & Power Flows;2020;2;4;4;4;FI;NO;Value on 3rd Wed. at 11;Import;Harmonized;M;M
Physical Energy & Power Flows;2020;2;530;530;530;FI;RU;Value on 3rd Wed. at 11;Import;Harmonized;M;NaM
Physical Energy & Power Flows;2020;2;1981;1981;1981;FI;SE;Value on 3rd Wed. at 11;Import;Harmonized;M;M
Physical Energy & Power Flows;2020;2;793;793;793;FR;BE;Value on 3rd Wed. at 11;Import;Harmonized;M;M
Physical Energy & Power Flows;2020;2;1752;1752;1752;FR;CH;Value on 3rd Wed. at 11;Export;Harmonized;M;M
Physical Energy & Power Flows;2020;2;2004;2004;2004;FR;DE;Value on 3rd Wed. at 11;Export;Harmonized;M;M
Physical Energy & Power Flows;2020;2;1879;1879;1879;FR;ES;Value on 3rd Wed. at 11;Export;Harmonized;M;M
Physical Energy & Power Flows;2020;2;2018;2018;2018;FR;GB;Value on 3rd Wed. at 11;Export;Harmonized;M;M
Physical Energy & Power Flows;2020;2;2687;2687;2687;FR;IT;Value on 3rd Wed. at 11;Export;Harmonized;M;M
Physical Energy & Power Flows;2020;2;1023;1023;1023;GB;BE;Value on 3rd Wed. at 11;Import;Harmonized;M;M
Physical Energy & Power Flows;2020;2;2018;2018;2018;GB;FR;Value on 3rd Wed. at 11;Import;Harmonized;M;M
Physical Energy & Power Flows;2020;2;199;199;199;GB;IE;Value on 3rd Wed. at 11;Import;Harmonized;M;M
Physical Energy & Power Flows;2020;2;1085;1085;1085;GB;NL;Value on 3rd Wed. at 11;Import;Harmonized;M;M
Physical Energy & Power Flows;2020;2;148;148;148;GR;AL;Value on 3rd Wed. at 11;Import;Harmonized;M;M
Physical Energy & Power Flows;2020;2;183;183;183;GR;BG;Value on 3rd Wed. at 11;Import;Harmonized;M;M
Physical Energy & Power Flows;2020;2;504;504;504;GR;IT;Value on 3rd Wed. at 11;Import;Harmonized;M;M
Physical Energy & Power Flows;2020;2;471;471;471;GR;MK;Value on 3rd Wed. at 11;Import;Harmonized;M;M
Physical Energy & Power Flows;2020;2;163;163;163;GR;TR;Value on 3rd Wed. at 11;Import;Harmonized;M;M
Physical Energy & Power Flows;2020;2;211;211;211;HR;BA;Value on 3rd Wed. at 11;Import;Harmonized;M;M
Physical Energy & Power Flows;2020;2;468;468;468;HR;HU;Value on 3rd Wed. at 11;Import;Harmonized;M;M
Physical Energy & Power Flows;2020;2;57;57;57;HR;RS;Value on 3rd Wed. at 11;Export;Harmonized;M;M
Physical Energy & Power Flows;2020;2;224;224;224;HR;SI;Value on 3rd Wed. at 11;Import;Harmonized;M;M
Physical Energy & Power Flows;2020;2;1002;1002;1002;HU;AT;Value on 3rd Wed. at 11;Import;Harmonized;M;M
Physical Energy & Power Flows;2020;2;468;468;468;HU;HR;Value on 3rd Wed. at 11;Export;Harmonized;M;M
Physical Energy & Power Flows;2020;2;535;535;535;HU;RO;Value on 3rd Wed. at 11;Export;Harmonized;M;M
Physical Energy & Power Flows;2020;2;65;65;65;HU;RS;Value on 3rd Wed. at 11;Export;Harmonized;M;M
Physical Energy & Power Flows;2020;2;1370;1370;1370;HU;SK;Value on 3rd Wed. at 11;Import;Harmonized;M;M
Physical Energy & Power Flows;2020;2;215;215;215;HU;UA;Value on 3rd Wed. at 11;Import;Harmonized;M;NaM
Physical Energy & Power Flows;2020;2;199;199;199;IE;GB;Value on 3rd Wed. at 11;Export;Harmonized;M;M
Physical Energy & Power Flows;2020;2;212;212;212;IT;AT;Value on 3rd Wed. at 11;Import;Harmonized;M;M
Physical Energy & Power Flows;2020;2;3874;3874;3874;IT;CH;Value on 3rd Wed. at 11;Import;Harmonized;M;M
Physical Energy & Power Flows;2020;2;2687;2687;2687;IT;FR;Value on 3rd Wed. at 11;Import;Harmonized;M;M
Physical Energy & Power Flows;2020;2;504;504;504;IT;GR;Value on 3rd Wed. at 11;Export;Harmonized;M;M
Physical Energy & Power Flows;2020;2;458;458;458;IT;ME;Value on 3rd Wed. at 11;Export;Harmonized;M;M
Physical Energy & Power Flows;2020;2;0;0;0;IT;MT;Value on 3rd Wed. at 11;Import;Harmonized;M;NaM
Physical Energy & Power Flows;2020;2;153;153;153;IT;SI;Value on 3rd Wed. at 11;Import;Harmonized;M;M
Physical Energy & Power Flows;2020;2;208;208;208;LT;BY;Value on 3rd Wed. at 11;Import;Harmonized;M;NaM
Physical Energy & Power Flows;2020;2;174;174;174;LT;LV;Value on 3rd Wed. at 11;Import;Harmonized;M;M
Physical Energy & Power Flows;2020;2;480;480;480;LT;PL;Value on 3rd Wed. at 11;Export;Harmonized;M;M
Physical Energy & Power Flows;2020;2;333;333;333;LT;RU;Value on 3rd Wed. at 11;Import;Harmonized;M;NaM
Physical Energy & Power Flows;2020;2;1981;1981;1981;SE;FI;Value on 3rd Wed. at 11;Export;Harmonized;M;M
Physical Energy & Power Flows;2020;2;730;730;730;SE;LT;Value on 3rd Wed. at 11;Export;Harmonized;M;M
Physical Energy & Power Flows;2020;2;811;811;811;SE;NO;Value on 3rd Wed. at 11;Import;Harmonized;M;M
Physical Energy & Power Flows;2020;2;597;597;597;SE;PL;Value on 3rd Wed. at 11;Export;Harmonized;M;M
Physical Energy & Power Flows;2020;2;859;859;859;SI;AT;Value on 3rd Wed. at 11;Import;Harmonized;M;M
Physical Energy & Power Flows;2020;2;224;224;224;SI;HR;Value on 3rd Wed. at 11;Export;Harmonized;M;M
Physical Energy & Power Flows;2020;2;153;153;153;SI;IT;Value on 3rd Wed. at 11;Export;Harmonized;M;M
Physical Energy & Power Flows;2020;2;1650;1650;1650;SK;CZ;Value on 3rd Wed. at 11;Import;Harmonized;M;M
Physical Energy & Power Flows;2020;2;1370;1370;1370;SK;HU;Value on 3rd Wed. at 11;Export;Harmonized;M;M
Physical Energy & Power Flows;2020;2;511;511;511;SK;PL;Value on 3rd Wed. at 11;Import;Harmonized;M;M
Physical Energy & Power Flows;2020;2;785;785;785;SK;UA;Value on 3rd Wed. at 11;Export;Harmonized;M;NaM
Physical Energy & Power Flows;2020;2;281;281;281;TR;BG;Value on 3rd Wed. at 11;Import;Harmonized;M;M
Physical Energy & Power Flows;2020;2;163;163;163;TR;GR;Value on 3rd Wed. at 11;Export;Harmonized;M;M
Physical Energy & Power Flows;2020;2;68;68;68;UA;BY;Value on 3rd Wed. at 11;Export;Harmonized;NaM;NaM
Physical Energy & Power Flows;2020;2;215;215;215;UA;HU;Value on 3rd Wed. at 11;Export;Harmonized;NaM;M
Physical Energy & Power Flows;2020;2;89;89;89;UA;MD;Value on 3rd Wed. at 11;Export;Harmonized;NaM;NaM
Physical Energy & Power Flows;2020;2;215;215;215;UA;PL;Value on 3rd Wed. at 11;Export;Harmonized;NaM;M
Physical Energy & Power Flows;2020;2;708;708;708;UA;RO;Value on 3rd Wed. at 11;Export;Harmonized;NaM;M
Physical Energy & Power Flows;2020;2;310;310;310;UA;RU;Value on 3rd Wed. at 11;Import;Harmonized;NaM;NaM
Physical Energy & Power Flows;2020;2;785;785;785;UA;SK;Value on 3rd Wed. at 11;Import;Harmonized;NaM;M
Physical Energy & Power Flows;2020;3;151;151;151;ME;IT;Value on 3rd Wed. at 03;Export;Harmonized;M;M
Physical Energy & Power Flows;2020;3;0;0;0;ME;RS;Value on 3rd Wed. at 03;Import;Harmonized;M;M
Physical Energy & Power Flows;2020;3;103;103;103;LV;LT;Value on 3rd Wed. at 11;Export;Harmonized;M;M
Physical Energy & Power Flows;2020;3;51;51;51;LV;RU;Value on 3rd Wed. at 11;Export;Harmonized;M;NaM
Physical Energy & Power Flows;2020;3;0;0;0;MD;RO;Value on 3rd Wed. at 11;Import;Harmonized;NaM;M
Physical Energy & Power Flows;2020;3;93;93;93;MD;UA;Value on 3rd Wed. at 11;Import;Harmonized;NaM;NaM
Physical Energy & Power Flows;2020;3;340;340;340;ME;AL;Value on 3rd Wed. at 11;Export;Harmonized;M;M
Physical Energy & Power Flows;2020;3;528;528;528;ME;BA;Value on 3rd Wed. at 11;Import;Harmonized;M;M
Physical Energy & Power Flows;2020;3;126;126;126;ME;IT;Value on 3rd Wed. at 11;Export;Harmonized;M;M
Physical Energy & Power Flows;2020;3;83;83;83;ME;RS;Value on 3rd Wed. at 11;Export;Harmonized;M;M
Physical Energy & Power Flows;2020;3;179;179;179;MK;BG;Value on 3rd Wed. at 11;Import;Harmonized;M;M
Physical Energy & Power Flows;2020;3;257;257;257;MK;GR;Value on 3rd Wed. at 11;Export;Harmonized;M;M
Physical Energy & Power Flows;2020;3;477;477;477;MK;RS;Value on 3rd Wed. at 11;Import;Harmonized;M;M
Physical Energy & Power Flows;2020;3;105;105;105;MT;IT;Value on 3rd Wed. at 11;Import;Harmonized;NaM;M
Physical Energy & Power Flows;2020;3;304;304;304;NL;BE;Value on 3rd Wed. at 11;Export;Harmonized;M;M
Physical Energy & Power Flows;2020;3;151;151;151;NL;DE;Value on 3rd Wed. at 11;Export;Harmonized;M;M
Physical Energy & Power Flows;2020;3;700;700;700;NL;DK;Value on 3rd Wed. at 11;Import;Harmonized;M;M
Physical Energy & Power Flows;2020;3;1085;1085;1085;NL;GB;Value on 3rd Wed. at 11;Export;Harmonized;M;M
Physical Energy & Power Flows;2020;3;704;704;704;NL;NO;Value on 3rd Wed. at 11;Import;Harmonized;M;M
Physical Energy & Power Flows;2020;3;894;894;894;NO;DK;Value on 3rd Wed. at 11;Export;Harmonized;M;M
Physical Energy & Power Flows;2020;3;3;3;3;NO;FI;Value on 3rd Wed. at 11;Export;Harmonized;M;M
Physical Energy & Power Flows;2020;3;704;704;704;NO;NL;Value on 3rd Wed. at 11;Export;Harmonized;M;M
Physical Energy & Power Flows;2020;3;370;370;370;NO;SE;Value on 3rd Wed. at 11;Export;Harmonized;M;M
Physical Energy & Power Flows;2020;3;146;146;146;PL;CZ;Value on 3rd Wed. at 11;Export;Harmonized;M;M
Physical Energy & Power Flows;2020;3;1518;1518;1518;PL;DE;Value on 3rd Wed. at 11;Import;Harmonized;M;M
Physical Energy & Power Flows;2020;3;434;434;434;PL;LT;Value on 3rd Wed. at 11;Import;Harmonized;M;M
Physical Energy & Power Flows;2020;3;598;598;598;PL;SE;Value on 3rd Wed. at 11;Import;Harmonized;M;M
Physical Energy & Power Flows;2020;3;120;120;120;PL;SK;Value on 3rd Wed. at 11;Export;Harmonized;M;M
Physical Energy & Power Flows;2020;3;214;214;214;PL;UA;Value on 3rd Wed. at 11;Import;Harmonized;M;NaM
Physical Energy & Power Flows;2020;3;216;216;216;PT;ES;Value on 3rd Wed. at 11;Export;Harmonized;M;M
Physical Energy & Power Flows;2020;3;109;109;109;RO;BG;Value on 3rd Wed. at 11;Export;Harmonized;M;M
Physical Energy & Power Flows;2020;3;395;395;395;RO;HU;Value on 3rd Wed. at 11;Import;Harmonized;M;M
Physical Energy & Power Flows;2020;3;0;0;0;RO;MD;Value on 3rd Wed. at 11;Import;Harmonized;M;NaM
Physical Energy & Power Flows;2020;3;339;339;339;RO;RS;Value on 3rd Wed. at 11;Import;Harmonized;M;M
Physical Energy & Power Flows;2020;3;481;481;481;RO;UA;Value on 3rd Wed. at 11;Import;Harmonized;M;NaM
Physical Energy & Power Flows;2020;3;46;46;46;RS;AL;Value on 3rd Wed. at 11;Import;Harmonized;M;M
Physical Energy & Power Flows;2020;3;118;118;118;RS;BA;Value on 3rd Wed. at 11;Import;Harmonized;M;M
Physical Energy & Power Flows;2020;3;7;7;7;RS;BG;Value on 3rd Wed. at 11;Import;Harmonized;M;M
Physical Energy & Power Flows;2020;3;36;36;36;RS;HR;Value on 3rd Wed. at 11;Import;Harmonized;M;M
Physical Energy & Power Flows;2020;3;87;87;87;RS;HU;Value on 3rd Wed. at 11;Import;Harmonized;M;M
Physical Energy & Power Flows;2020;3;83;83;83;RS;ME;Value on 3rd Wed. at 11;Import;Harmonized;M;M
Physical Energy & Power Flows;2020;3;477;477;477;RS;MK;Value on 3rd Wed. at 11;Export;Harmonized;M;M
Physical Energy & Power Flows;2020;3;339;339;339;RS;RO;Value on 3rd Wed. at 11;Export;Harmonized;M;M
Physical Energy & Power Flows;2020;3;40;40;40;RU;EE;Value on 3rd Wed. at 11;Import;Harmonized;NaM;M
Physical Energy & Power Flows;2020;3;0;0;0;RU;FI;Value on 3rd Wed. at 11;Export;Harmonized;NaM;M
Physical Energy & Power Flows;2020;3;275;275;275;RU;LT;Value on 3rd Wed. at 11;Export;Harmonized;NaM;M
Physical Energy & Power Flows;2020;3;51;51;51;RU;LV;Value on 3rd Wed. at 11;Import;Harmonized;NaM;M
Physical Energy & Power Flows;2020;4;0;0;0;RO;MD;Value on 3rd Wed. at 03;Import;Harmonized;M;NaM
Physical Energy & Power Flows;2020;4;214;214;214;RO;RS;Value on 3rd Wed. at 03;Export;Harmonized;M;M
Physical Energy & Power Flows;2020;4;17;17;17;RO;UA;Value on 3rd Wed. at 03;Import;Harmonized;M;NaM
Physical Energy & Power Flows;2020;4;7;7;7;RS;AL;Value on 3rd Wed. at 03;Import;Harmonized;M;M
Physical Energy & Power Flows;2020;4;1;1;1;RS;BA;Value on 3rd Wed. at 03;Import;Harmonized;M;M
Physical Energy & Power Flows;2020;4;46;46;46;RS;BG;Value on 3rd Wed. at 03;Import;Harmonized;M;M
Physical Energy & Power Flows;2020;4;90;90;90;RS;HR;Value on 3rd Wed. at 03;Export;Harmonized;M;M
Physical Energy & Power Flows;2020;4;139;139;139;RS;HU;Value on 3rd Wed. at 03;Export;Harmonized;M;M
Physical Energy & Power Flows;2020;4;9;9;9;RS;ME;Value on 3rd Wed. at 03;Import;Harmonized;M;M
Physical Energy & Power Flows;2020;4;357;357;357;RS;MK;Value on 3rd Wed. at 03;Export;Harmonized;M;M
Physical Energy & Power Flows;2020;4;214;214;214;RS;RO;Value on 3rd Wed. at 03;Import;Harmonized;M;M
Physical Energy & Power Flows;2020;4;203;203;203;RU;EE;Value on 3rd Wed. at 03;Export;Harmonized;NaM;M
Physical Energy & Power Flows;2020;4;275;275;275;RU;FI;Value on 3rd Wed. at 03;Export;Harmonized;NaM;M
Physical Energy & Power Flows;2020;4;143;143;143;RU;LT;Value on 3rd Wed. at 03;Export;Harmonized;NaM;M
Physical Energy & Power Flows;2020;4;0;0;0;RU;LV;Value on 3rd Wed. at 03;Import;Harmonized;NaM;M
Physical Energy & Power Flows;2020;4;14;14;14;RU;UA;Value on 3rd Wed. at 03;Import;Harmonized;NaM;NaM
Physical Energy & Power Flows;2020;4;607;607;607;SE;DE;Value on 3rd Wed. at 03;Export;Harmonized;M;M
Physical Energy & Power Flows;2020;4;147;147;147;NO;SE;Value on 3rd Wed. at 11;Import;Harmonized;M;M
Physical Energy & Power Flows;2020;4;771;771;771;PL;CZ;Value on 3rd Wed. at 11;Export;Harmonized;M;M
Physical Energy & Power Flows;2020;4;1425;1425;1425;PL;DE;Value on 3rd Wed. at 11;Import;Harmonized;M;M
Physical Energy & Power Flows;2020;4;349;349;349;PL;LT;Value on 3rd Wed. at 11;Export;Harmonized;M;M
Physical Energy & Power Flows;2020;4;297;297;297;PL;SE;Value on 3rd Wed. at 11;Import;Harmonized;M;M
Physical Energy & Power Flows;2020;4;518;518;518;PL;SK;Value on 3rd Wed. at 11;Export;Harmonized;M;M
Physical Energy & Power Flows;2020;4;192;192;192;PL;UA;Value on 3rd Wed. at 11;Import;Harmonized;M;NaM
Physical Energy & Power Flows;2020;4;1470;1470;1470;PT;ES;Value on 3rd Wed. at 11;Import;Harmonized;M;M
Physical Energy & Power Flows;2020;4;504;504;504;RO;BG;Value on 3rd Wed. at 11;Export;Harmonized;M;M
Physical Energy & Power Flows;2020;4;262;262;262;RO;HU;Value on 3rd Wed. at 11;Import;Harmonized;M;M
Physical Energy & Power Flows;2020;4;0;0;0;RO;MD;Value on 3rd Wed. at 11;Import;Harmonized;M;NaM
Physical Energy & Power Flows;2020;4;84;84;84;RO;RS;Value on 3rd Wed. at 11;Import;Harmonized;M;M
Physical Energy & Power Flows;2020;4;353;353;353;RO;UA;Value on 3rd Wed. at 11;Import;Harmonized;M;NaM
Physical Energy & Power Flows;2020;4;51;51;51;RS;AL;Value on 3rd Wed. at 11;Import;Harmonized;M;M
Physical Energy & Power Flows;2020;4;21;21;21;RS;BA;Value on 3rd Wed. at 11;Import;Harmonized;M;M
Physical Energy & Power Flows;2020;4;19;19;19;RS;BG;Value on 3rd Wed. at 11;Export;Harmonized;M;M
Physical Energy & Power Flows;2020;4;102;102;102;RS;HR;Value on 3rd Wed. at 11;Export;Harmonized;M;M
Physical Energy & Power Flows;2020;4;447;447;447;RS;HU;Value on 3rd Wed. at 11;Import;Harmonized;M;M
Physical Energy & Power Flows;2020;4;148;148;148;RS;ME;Value on 3rd Wed. at 11;Import;Harmonized;M;M
Physical Energy & Power Flows;2020;4;406;406;406;RS;MK;Value on 3rd Wed. at 11;Export;Harmonized;M;M
Physical Energy & Power Flows;2020;3;354;354;354;UA;HU;Value on 3rd Wed. at 03;Export;Harmonized;NaM;M
Physical Energy & Power Flows;2020;3;123;123;123;UA;MD;Value on 3rd Wed. at 03;Export;Harmonized;NaM;NaM
Physical Energy & Power Flows;2020;3;214;214;214;UA;PL;Value on 3rd Wed. at 03;Export;Harmonized;NaM;M
Physical Energy & Power Flows;2020;3;519;519;519;UA;RO;Value on 3rd Wed. at 03;Export;Harmonized;NaM;M
Physical Energy & Power Flows;2020;3;35;35;35;UA;RU;Value on 3rd Wed. at 03;Import;Harmonized;NaM;NaM
Physical Energy & Power Flows;2020;3;390;390;390;UA;SK;Value on 3rd Wed. at 03;Import;Harmonized;NaM;M
Physical Energy & Power Flows;2020;6;489;489;489;IT;GR;Value on 3rd Wed. at 03;Export;Harmonized;M;M
Physical Energy & Power Flows;2020;5;304;304;304;RU;EE;Value on 3rd Wed. at 03;Import;Harmonized;NaM;M
Physical Energy & Power Flows;2020;5;298;298;298;RU;FI;Value on 3rd Wed. at 03;Export;Harmonized;NaM;M
Physical Energy & Power Flows;2020;6;845;845;845;PL;DE;Value on 3rd Wed. at 03;Import;Harmonized;M;M
Physical Energy & Power Flows;2020;6;110;110;110;PL;LT;Value on 3rd Wed. at 03;Import;Harmonized;M;M
Physical Energy & Power Flows;2020;6;537;537;537;PL;SE;Value on 3rd Wed. at 03;Import;Harmonized;M;M
Physical Energy & Power Flows;2020;6;138;138;138;PL;SK;Value on 3rd Wed. at 03;Export;Harmonized;M;M
Physical Energy & Power Flows;2020;6;153;153;153;PL;UA;Value on 3rd Wed. at 03;Import;Harmonized;M;NaM
Physical Energy & Power Flows;2020;6;576;576;576;PT;ES;Value on 3rd Wed. at 03;Import;Harmonized;M;M
Physical Energy & Power Flows;2020;6;192;192;192;RO;BG;Value on 3rd Wed. at 03;Export;Harmonized;M;M
Physical Energy & Power Flows;2020;6;206;206;206;RO;HU;Value on 3rd Wed. at 03;Import;Harmonized;M;M
Physical Energy & Power Flows;2020;6;0;0;0;RO;MD;Value on 3rd Wed. at 03;Import;Harmonized;M;NaM
Physical Energy & Power Flows;2020;6;244;244;244;RO;RS;Value on 3rd Wed. at 03;Export;Harmonized;M;M
Physical Energy & Power Flows;2020;6;198;198;198;RO;UA;Value on 3rd Wed. at 03;Import;Harmonized;M;NaM
Physical Energy & Power Flows;2020;6;114;114;114;RS;AL;Value on 3rd Wed. at 03;Export;Harmonized;M;M
Physical Energy & Power Flows;2020;6;54;54;54;RS;BA;Value on 3rd Wed. at 03;Import;Harmonized;M;M
Physical Energy & Power Flows;2020;6;14;14;14;RS;BG;Value on 3rd Wed. at 03;Export;Harmonized;M;M
Physical Energy & Power Flows;2020;6;69;69;69;RS;HR;Value on 3rd Wed. at 03;Import;Harmonized;M;M
Physical Energy & Power Flows;2020;6;47;47;47;RS;HU;Value on 3rd Wed. at 03;Import;Harmonized;M;M
Physical Energy & Power Flows;2020;6;84;84;84;RS;ME;Value on 3rd Wed. at 03;Export;Harmonized;M;M
Physical Energy & Power Flows;2020;6;315;315;315;RS;MK;Value on 3rd Wed. at 03;Export;Harmonized;M;M
Physical Energy & Power Flows;2020;6;244;244;244;RS;RO;Value on 3rd Wed. at 03;Import;Harmonized;M;M
Physical Energy & Power Flows;2020;6;402;402;402;UA;BY;Value on 3rd Wed. at 11;Export;Harmonized;NaM;NaM
Physical Energy & Power Flows;2020;6;42;42;42;UA;HU;Value on 3rd Wed. at 11;Import;Harmonized;NaM;M
Physical Energy & Power Flows;2020;6;0;0;0;UA;MD;Value on 3rd Wed. at 11;Import;Harmonized;NaM;NaM
Physical Energy & Power Flows;2020;6;151;151;151;UA;PL;Value on 3rd Wed. at 11;Export;Harmonized;NaM;M
Physical Energy & Power Flows;2020;6;107;107;107;UA;RO;Value on 3rd Wed. at 11;Export;Harmonized;NaM;M
Physical Energy & Power Flows;2020;6;363;363;363;UA;RU;Value on 3rd Wed. at 11;Import;Harmonized;NaM;NaM
Physical Energy & Power Flows;2020;6;54;54;54;UA;SK;Value on 3rd Wed. at 11;Import;Harmonized;NaM;M
Physical Energy & Power Flows;2020;5;39;39;39;RU;LT;Value on 3rd Wed. at 03;Export;Harmonized;NaM;M
Physical Energy & Power Flows;2020;5;49;49;49;RU;LV;Value on 3rd Wed. at 03;Export;Harmonized;NaM;M
Physical Energy & Power Flows;2020;5;364;364;364;RU;UA;Value on 3rd Wed. at 03;Export;Harmonized;NaM;NaM
Physical Energy & Power Flows;2020;5;0;0;0;SE;DE;Value on 3rd Wed. at 03;Export;Harmonized;M;M
Physical Energy & Power Flows;2020;5;714;714;714;SE;DK;Value on 3rd Wed. at 03;Export;Harmonized;M;M
Physical Energy & Power Flows;2020;5;1842;1842;1842;SE;FI;Value on 3rd Wed. at 03;Export;Harmonized;M;M
Physical Energy & Power Flows;2020;5;733;733;733;SE;LT;Value on 3rd Wed. at 03;Export;Harmonized;M;M
Physical Energy & Power Flows;2020;5;1749;1749;1749;SE;NO;Value on 3rd Wed. at 03;Import;Harmonized;M;M
Physical Energy & Power Flows;2020;5;598;598;598;SE;PL;Value on 3rd Wed. at 03;Export;Harmonized;M;M
Physical Energy & Power Flows;2020;5;636;636;636;SI;AT;Value on 3rd Wed. at 03;Import;Harmonized;M;M
Physical Energy & Power Flows;2020;5;801;801;801;SI;HR;Value on 3rd Wed. at 03;Export;Harmonized;M;M
Physical Energy & Power Flows;2020;5;257;257;257;SI;IT;Value on 3rd Wed. at 03;Export;Harmonized;M;M
Physical Energy & Power Flows;2020;5;757;757;757;SK;CZ;Value on 3rd Wed. at 03;Import;Harmonized;M;M
Physical Energy & Power Flows;2020;5;434;434;434;SK;HU;Value on 3rd Wed. at 03;Export;Harmonized;M;M
Physical Energy & Power Flows;2020;5;268;268;268;SK;PL;Value on 3rd Wed. at 03;Import;Harmonized;M;M
Physical Energy & Power Flows;2020;5;204;204;204;SK;UA;Value on 3rd Wed. at 03;Export;Harmonized;M;NaM
Physical Energy & Power Flows;2020;5;271;271;271;TR;BG;Value on 3rd Wed. at 03;Import;Harmonized;M;M
Physical Energy & Power Flows;2020;5;48;48;48;TR;GR;Value on 3rd Wed. at 03;Export;Harmonized;M;M
Physical Energy & Power Flows;2020;5;223;223;223;UA;BY;Value on 3rd Wed. at 03;Export;Harmonized;NaM;NaM
Physical Energy & Power Flows;2020;5;112;112;112;UA;HU;Value on 3rd Wed. at 03;Import;Harmonized;NaM;M
Physical Energy & Power Flows;2020;5;17;17;17;UA;MD;Value on 3rd Wed. at 03;Export;Harmonized;NaM;NaM
Physical Energy & Power Flows;2020;5;194;194;194;UA;PL;Value on 3rd Wed. at 03;Export;Harmonized;NaM;M
Physical Energy & Power Flows;2020;5;319;319;319;UA;RO;Value on 3rd Wed. at 03;Export;Harmonized;NaM;M
Physical Energy & Power Flows;2020;5;364;364;364;UA;RU;Value on 3rd Wed. at 03;Import;Harmonized;NaM;NaM
Physical Energy & Power Flows;2020;5;204;204;204;UA;SK;Value on 3rd Wed. at 03;Import;Harmonized;NaM;M
Physical Energy & Power Flows;2020;6;134;134;134;RS;BA;Value on 3rd Wed. at 11;Import;Harmonized;M;M
Physical Energy & Power Flows;2020;6;110;110;110;RS;BG;Value on 3rd Wed. at 11;Import;Harmonized;M;M
Physical Energy & Power Flows;2020;6;104;104;104;RS;HR;Value on 3rd Wed. at 11;Export;Harmonized;M;M
Physical Energy & Power Flows;2020;6;169;169;169;RS;HU;Value on 3rd Wed. at 11;Export;Harmonized;M;M
Physical Energy & Power Flows;2020;6;366;366;366;RS;ME;Value on 3rd Wed. at 11;Import;Harmonized;M;M
Physical Energy & Power Flows;2020;6;53;53;53;RS;MK;Value on 3rd Wed. at 11;Export;Harmonized;M;M
Physical Energy & Power Flows;2020;6;144;144;144;RS;RO;Value on 3rd Wed. at 11;Export;Harmonized;M;M
Physical Energy & Power Flows;2020;6;146;146;146;RU;EE;Value on 3rd Wed. at 11;Import;Harmonized;NaM;M
Physical Energy & Power Flows;2020;6;1;1;1;RU;FI;Value on 3rd Wed. at 11;Export;Harmonized;NaM;M
Physical Energy & Power Flows;2020;6;120;120;120;RU;LT;Value on 3rd Wed. at 11;Export;Harmonized;NaM;M
Physical Energy & Power Flows;2020;6;3;3;3;RU;LV;Value on 3rd Wed. at 11;Export;Harmonized;NaM;M
Physical Energy & Power Flows;2020;6;363;363;363;RU;UA;Value on 3rd Wed. at 11;Export;Harmonized;NaM;NaM
Physical Energy & Power Flows;2020;6;496;496;496;SE;DE;Value on 3rd Wed. at 11;Import;Harmonized;M;M
Physical Energy & Power Flows;2020;6;555;555;555;SE;DK;Value on 3rd Wed. at 11;Import;Harmonized;M;M
Physical Energy & Power Flows;2020;6;2351;2351;2351;SE;FI;Value on 3rd Wed. at 11;Export;Harmonized;M;M
Physical Energy & Power Flows;2020;6;284;284;284;SE;LT;Value on 3rd Wed. at 11;Export;Harmonized;M;M
Physical Energy & Power Flows;2020;6;1709;1709;1709;SE;NO;Value on 3rd Wed. at 11;Import;Harmonized;M;M
Physical Energy & Power Flows;2020;6;498;498;498;SE;PL;Value on 3rd Wed. at 11;Export;Harmonized;M;M
Physical Energy & Power Flows;2020;6;201;201;201;SI;AT;Value on 3rd Wed. at 11;Import;Harmonized;M;M
Physical Energy & Power Flows;2020;6;940;940;940;SI;HR;Value on 3rd Wed. at 11;Export;Harmonized;M;M
Physical Energy & Power Flows;2020;6;507;507;507;SI;IT;Value on 3rd Wed. at 11;Import;Harmonized;M;M
Physical Energy & Power Flows;2020;6;850;850;850;SK;CZ;Value on 3rd Wed. at 11;Import;Harmonized;M;M
Physical Energy & Power Flows;2020;6;1026;1026;1026;SK;HU;Value on 3rd Wed. at 11;Export;Harmonized;M;M
Physical Energy & Power Flows;2020;6;16;16;16;SK;PL;Value on 3rd Wed. at 11;Import;Harmonized;M;M
Physical Energy & Power Flows;2020;6;54;54;54;SK;UA;Value on 3rd Wed. at 11;Export;Harmonized;M;NaM
Physical Energy & Power Flows;2020;6;92;92;92;TR;BG;Value on 3rd Wed. at 11;Import;Harmonized;M;M
Physical Energy & Power Flows;2020;6;74;74;74;TR;GR;Value on 3rd Wed. at 11;Export;Harmonized;M;M
Physical Energy & Power Flows;2020;6;122;122;122;IT;ME;Value on 3rd Wed. at 03;Import;Harmonized;M;M
Physical Energy & Power Flows;2020;6;1;1;1;IT;MT;Value on 3rd Wed. at 03;Export;Harmonized;M;NaM
Physical Energy & Power Flows;2020;6;500;500;500;IT;SI;Value on 3rd Wed. at 03;Import;Harmonized;M;M
Physical Energy & Power Flows;2020;6;284;284;284;LT;BY;Value on 3rd Wed. at 03;Import;Harmonized;M;NaM
Physical Energy & Power Flows;2020;6;83;83;83;LT;LV;Value on 3rd Wed. at 03;Import;Harmonized;M;M
Physical Energy & Power Flows;2020;6;110;110;110;LT;PL;Value on 3rd Wed. at 03;Export;Harmonized;M;M
Physical Energy & Power Flows;2020;6;89;89;89;LT;RU;Value on 3rd Wed. at 03;Import;Harmonized;M;NaM
Physical Energy & Power Flows;2020;6;714;714;714;LT;SE;Value on 3rd Wed. at 03;Import;Harmonized;M;M
Physical Energy & Power Flows;2020;6;0;0;0;LU;BE;Value on 3rd Wed. at 03;Export;Harmonized;M;M
Physical Energy & Power Flows;2020;6;403;403;403;LU;DE;Value on 3rd Wed. at 03;Import;Harmonized;M;M
Physical Energy & Power Flows;2020;6;384;384;384;LV;EE;Value on 3rd Wed. at 03;Import;Harmonized;M;M
Physical Energy & Power Flows;2020;6;83;83;83;LV;LT;Value on 3rd Wed. at 03;Export;Harmonized;M;M
Physical Energy & Power Flows;2020;6;3;3;3;LV;RU;Value on 3rd Wed. at 03;Import;Harmonized;M;NaM
Physical Energy & Power Flows;2020;6;0;0;0;MD;RO;Value on 3rd Wed. at 03;Import;Harmonized;NaM;M
Physical Energy & Power Flows;2020;6;33;33;33;MD;UA;Value on 3rd Wed. at 03;Import;Harmonized;NaM;NaM
Physical Energy & Power Flows;2020;6;376;376;376;ME;AL;Value on 3rd Wed. at 03;Export;Harmonized;M;M
Physical Energy & Power Flows;2020;6;456;456;456;ME;BA;Value on 3rd Wed. at 03;Import;Harmonized;M;M
Physical Energy & Power Flows;2020;6;122;122;122;ME;IT;Value on 3rd Wed. at 03;Export;Harmonized;M;M
Physical Energy & Power Flows;2020;6;84;84;84;ME;RS;Value on 3rd Wed. at 03;Import;Harmonized;M;M
Physical Energy & Power Flows;2020;6;158;158;158;MK;BG;Value on 3rd Wed. at 03;Import;Harmonized;M;M
Physical Energy & Power Flows;2020;6;486;486;486;MK;GR;Value on 3rd Wed. at 03;Export;Harmonized;M;M
Physical Energy & Power Flows;2020;6;315;315;315;MK;RS;Value on 3rd Wed. at 03;Import;Harmonized;M;M
Physical Energy & Power Flows;2020;6;1;1;1;MT;IT;Value on 3rd Wed. at 03;Import;Harmonized;NaM;M
Physical Energy & Power Flows;2020;6;812;812;812;NL;BE;Value on 3rd Wed. at 03;Export;Harmonized;M;M
Physical Energy & Power Flows;2020;6;280;280;280;NL;DE;Value on 3rd Wed. at 03;Export;Harmonized;M;M
Physical Energy & Power Flows;2020;6;625;625;625;NL;DK;Value on 3rd Wed. at 03;Export;Harmonized;M;M
Physical Energy & Power Flows;2020;6;94;94;94;NL;GB;Value on 3rd Wed. at 03;Import;Harmonized;M;M
Physical Energy & Power Flows;2020;6;303;303;303;NL;NO;Value on 3rd Wed. at 03;Import;Harmonized;M;M
Physical Energy & Power Flows;2020;6;709;709;709;NO;DK;Value on 3rd Wed. at 03;Export;Harmonized;M;M
Physical Energy & Power Flows;2020;6;79;79;79;NO;FI;Value on 3rd Wed. at 03;Export;Harmonized;M;M
Physical Energy & Power Flows;2020;6;303;303;303;NO;NL;Value on 3rd Wed. at 03;Export;Harmonized;M;M
Physical Energy & Power Flows;2020;6;858;858;858;NO;SE;Value on 3rd Wed. at 03;Export;Harmonized;M;M
Physical Energy & Power Flows;2020;6;369;369;369;PL;CZ;Value on 3rd Wed. at 03;Import;Harmonized;M;M
Physical Energy & Power Flows;2020;7;156;156;156;UA;PL;Value on 3rd Wed. at 03;Export;Harmonized;NaM;M
Physical Energy & Power Flows;2020;7;470;470;470;UA;RO;Value on 3rd Wed. at 03;Export;Harmonized;NaM;M
Physical Energy & Power Flows;2020;7;250;250;250;UA;RU;Value on 3rd Wed. at 03;Import;Harmonized;NaM;NaM
Physical Energy & Power Flows;2020;7;512;512;512;UA;SK;Value on 3rd Wed. at 03;Import;Harmonized;NaM;M
Physical Energy & Power Flows;2020;7;2705;2705;2705;CH;DE;Value on 3rd Wed. at 11;Export;Harmonized;M;M
Physical Energy & Power Flows;2020;7;111;111;111;AL;GR;Value on 3rd Wed. at 11;Import;Harmonized;M;M
Physical Energy & Power Flows;2020;7;176;176;176;AL;ME;Value on 3rd Wed. at 11;Import;Harmonized;M;M
Physical Energy & Power Flows;2020;7;95;95;95;AL;RS;Value on 3rd Wed. at 11;Export;Harmonized;M;M
Physical Energy & Power Flows;2020;7;94;94;94;AT;CH;Value on 3rd Wed. at 11;Import;Harmonized;M;M
Physical Energy & Power Flows;2020;7;122;122;122;AT;CZ;Value on 3rd Wed. at 11;Export;Harmonized;M;M
Physical Energy & Power Flows;2020;7;849;849;849;AT;DE;Value on 3rd Wed. at 11;Export;Harmonized;M;M
Physical Energy & Power Flows;2020;7;459;459;459;AT;HU;Value on 3rd Wed. at 11;Export;Harmonized;M;M
Physical Energy & Power Flows;2020;7;139;139;139;AT;IT;Value on 3rd Wed. at 11;Export;Harmonized;M;M
Physical Energy & Power Flows;2020;7;179;179;179;AT;SI;Value on 3rd Wed. at 11;Import;Harmonized;M;M
Physical Energy & Power Flows;2020;7;368;368;368;BA;HR;Value on 3rd Wed. at 11;Export;Harmonized;M;M
Physical Energy & Power Flows;2020;7;181;181;181;BA;ME;Value on 3rd Wed. at 11;Import;Harmonized;M;M
Physical Energy & Power Flows;2020;7;109;109;109;BA;RS;Value on 3rd Wed. at 11;Export;Harmonized;M;M
Physical Energy & Power Flows;2020;7;485;485;485;BE;FR;Value on 3rd Wed. at 11;Export;Harmonized;M;M
Physical Energy & Power Flows;2020;7;763;763;763;BE;GB;Value on 3rd Wed. at 11;Import;Harmonized;M;M
Physical Energy & Power Flows;2020;7;0;0;0;BE;LU;Value on 3rd Wed. at 11;Import;Harmonized;M;M
Physical Energy & Power Flows;2020;7;404;404;404;BE;NL;Value on 3rd Wed. at 11;Export;Harmonized;M;M
Physical Energy & Power Flows;2020;7;52;52;52;BG;GR;Value on 3rd Wed. at 11;Export;Harmonized;M;M
Physical Energy & Power Flows;2020;7;89;89;89;BG;MK;Value on 3rd Wed. at 11;Export;Harmonized;M;M
Physical Energy & Power Flows;2020;7;449;449;449;BG;RO;Value on 3rd Wed. at 11;Export;Harmonized;M;M
Physical Energy & Power Flows;2020;7;128;128;128;BG;RS;Value on 3rd Wed. at 11;Export;Harmonized;M;M
Physical Energy & Power Flows;2020;7;118;118;118;BG;TR;Value on 3rd Wed. at 11;Import;Harmonized;M;M
Physical Energy & Power Flows;2020;7;274;274;274;BY;LT;Value on 3rd Wed. at 11;Export;Harmonized;NaM;M
Physical Energy & Power Flows;2020;7;149;149;149;BY;UA;Value on 3rd Wed. at 11;Import;Harmonized;NaM;NaM
Physical Energy & Power Flows;2020;7;94;94;94;CH;AT;Value on 3rd Wed. at 11;Export;Harmonized;M;M
Physical Energy & Power Flows;2020;7;1026;1026;1026;CH;FR;Value on 3rd Wed. at 11;Export;Harmonized;M;M
Physical Energy & Power Flows;2020;7;914;914;914;CH;IT;Value on 3rd Wed. at 11;Export;Harmonized;M;M
Physical Energy & Power Flows;2020;7;122;122;122;CZ;AT;Value on 3rd Wed. at 11;Import;Harmonized;M;M
Physical Energy & Power Flows;2020;7;37;37;37;CZ;DE;Value on 3rd Wed. at 11;Export;Harmonized;M;M
Physical Energy & Power Flows;2020;7;141;141;141;CZ;PL;Value on 3rd Wed. at 11;Import;Harmonized;M;M
Physical Energy & Power Flows;2020;7;512;512;512;CZ;SK;Value on 3rd Wed. at 11;Export;Harmonized;M;M
Physical Energy & Power Flows;2020;7;849;849;849;DE;AT;Value on 3rd Wed. at 11;Import;Harmonized;M;M
Physical Energy & Power Flows;2020;7;2705;2705;2705;DE;CH;Value on 3rd Wed. at 11;Import;Harmonized;M;M
Physical Energy & Power Flows;2020;7;37;37;37;DE;CZ;Value on 3rd Wed. at 11;Import;Harmonized;M;M
Physical Energy & Power Flows;2020;7;1315;1315;1315;DE;DK;Value on 3rd Wed. at 11;Import;Harmonized;M;M
Physical Energy & Power Flows;2020;7;1589;1589;1589;DE;FR;Value on 3rd Wed. at 11;Import;Harmonized;M;M
Physical Energy & Power Flows;2020;7;503;503;503;DE;LU;Value on 3rd Wed. at 11;Export;Harmonized;M;M
Physical Energy & Power Flows;2020;7;2441;2441;2441;DE;NL;Value on 3rd Wed. at 11;Import;Harmonized;M;M
Physical Energy & Power Flows;2020;7;1058;1058;1058;DE;PL;Value on 3rd Wed. at 11;Export;Harmonized;M;M
Physical Energy & Power Flows;2020;7;2;2;2;DE;SE;Value on 3rd Wed. at 11;Export;Harmonized;M;M
Physical Energy & Power Flows;2020;7;1315;1315;1315;DK;DE;Value on 3rd Wed. at 11;Export;Harmonized;M;M
Physical Energy & Power Flows;2020;7;704;704;704;DK;NL;Value on 3rd Wed. at 11;Import;Harmonized;M;M
Physical Energy & Power Flows;2020;7;1161;1161;1161;DK;NO;Value on 3rd Wed. at 11;Import;Harmonized;M;M
Physical Energy & Power Flows;2020;7;1507;1507;1507;DK;SE;Value on 3rd Wed. at 11;Import;Harmonized;M;M
Physical Energy & Power Flows;2020;9;132;132;132;BE;LU;Value on 3rd Wed. at 03;Export;Harmonized;M;M
Physical Energy & Power Flows;2020;8;1;1;1;IT;ME;Value on 3rd Wed. at 11;Import;Harmonized;M;M
Physical Energy & Power Flows;2020;8;111;111;111;IT;MT;Value on 3rd Wed. at 11;Export;Harmonized;M;NaM
Physical Energy & Power Flows;2020;8;0;0;0;IT;SI;Value on 3rd Wed. at 11;Import;Harmonized;M;M
Physical Energy & Power Flows;2020;8;156;156;156;LT;BY;Value on 3rd Wed. at 11;Import;Harmonized;M;NaM
Physical Energy & Power Flows;2020;8;8;8;8;LT;LV;Value on 3rd Wed. at 11;Export;Harmonized;M;M
Physical Energy & Power Flows;2020;8;55;55;55;LT;PL;Value on 3rd Wed. at 11;Import;Harmonized;M;M
Physical Energy & Power Flows;2020;8;258;258;258;LT;RU;Value on 3rd Wed. at 11;Import;Harmonized;M;NaM
Physical Energy & Power Flows;2020;8;122;122;122;LT;SE;Value on 3rd Wed. at 11;Import;Harmonized;M;M
Physical Energy & Power Flows;2020;8;20;20;20;LU;BE;Value on 3rd Wed. at 11;Export;Harmonized;M;M
Physical Energy & Power Flows;2020;8;530;530;530;LU;DE;Value on 3rd Wed. at 11;Import;Harmonized;M;M
Physical Energy & Power Flows;2020;8;57;57;57;LV;EE;Value on 3rd Wed. at 11;Export;Harmonized;M;M
Physical Energy & Power Flows;2020;8;8;8;8;LV;LT;Value on 3rd Wed. at 11;Import;Harmonized;M;M
Physical Energy & Power Flows;2020;8;22;22;22;LV;RU;Value on 3rd Wed. at 11;Import;Harmonized;M;NaM
Physical Energy & Power Flows;2020;8;0;0;0;MD;RO;Value on 3rd Wed. at 11;Import;Harmonized;NaM;M
Physical Energy & Power Flows;2020;8;7;7;7;MD;UA;Value on 3rd Wed. at 11;Export;Harmonized;NaM;NaM
Physical Energy & Power Flows;2020;8;442;442;442;ME;AL;Value on 3rd Wed. at 11;Export;Harmonized;M;M
Physical Energy & Power Flows;2020;8;468;468;468;ME;BA;Value on 3rd Wed. at 11;Import;Harmonized;M;M
Physical Energy & Power Flows;2020;8;1;1;1;ME;IT;Value on 3rd Wed. at 11;Export;Harmonized;M;M
Physical Energy & Power Flows;2020;8;158;158;158;ME;RS;Value on 3rd Wed. at 11;Import;Harmonized;M;M
Physical Energy & Power Flows;2020;8;251;251;251;MK;BG;Value on 3rd Wed. at 11;Import;Harmonized;M;M
Physical Energy & Power Flows;2020;8;435;435;435;MK;GR;Value on 3rd Wed. at 11;Export;Harmonized;M;M
Physical Energy & Power Flows;2020;8;277;277;277;MK;RS;Value on 3rd Wed. at 11;Import;Harmonized;M;M
Physical Energy & Power Flows;2020;8;111;111;111;MT;IT;Value on 3rd Wed. at 11;Import;Harmonized;NaM;M
Physical Energy & Power Flows;2020;8;1380;1380;1380;NL;BE;Value on 3rd Wed. at 11;Export;Harmonized;M;M
Physical Energy & Power Flows;2020;8;989;989;989;NL;DE;Value on 3rd Wed. at 11;Export;Harmonized;M;M
Physical Energy & Power Flows;2020;8;697;697;697;NL;DK;Value on 3rd Wed. at 11;Export;Harmonized;M;M
Physical Energy & Power Flows;2020;8;1086;1086;1086;NL;GB;Value on 3rd Wed. at 11;Export;Harmonized;M;M
Physical Energy & Power Flows;2020;8;705;705;705;NL;NO;Value on 3rd Wed. at 11;Import;Harmonized;M;M
Physical Energy & Power Flows;2020;8;1110;1110;1110;NO;DK;Value on 3rd Wed. at 11;Export;Harmonized;M;M
Physical Energy & Power Flows;2020;8;46;46;46;NO;FI;Value on 3rd Wed. at 11;Export;Harmonized;M;M
Physical Energy & Power Flows;2020;8;705;705;705;NO;NL;Value on 3rd Wed. at 11;Export;Harmonized;M;M
Physical Energy & Power Flows;2020;8;1616;1616;1616;NO;SE;Value on 3rd Wed. at 11;Export;Harmonized;M;M
Physical Energy & Power Flows;2020;8;22;22;22;PL;CZ;Value on 3rd Wed. at 11;Export;Harmonized;M;M
Physical Energy & Power Flows;2020;8;1032;1032;1032;PL;DE;Value on 3rd Wed. at 11;Import;Harmonized;M;M
Physical Energy & Power Flows;2020;8;55;55;55;PL;LT;Value on 3rd Wed. at 11;Export;Harmonized;M;M
Physical Energy & Power Flows;2020;8;0;0;0;PL;SE;Value on 3rd Wed. at 11;Import;Harmonized;M;M
Physical Energy & Power Flows;2020;8;253;253;253;PL;SK;Value on 3rd Wed. at 11;Export;Harmonized;M;M
Physical Energy & Power Flows;2020;8;154;154;154;PL;UA;Value on 3rd Wed. at 11;Import;Harmonized;M;NaM
Physical Energy & Power Flows;2020;8;626;626;626;PT;ES;Value on 3rd Wed. at 11;Import;Harmonized;M;M
Physical Energy & Power Flows;2020;8;184;184;184;RO;BG;Value on 3rd Wed. at 11;Export;Harmonized;M;M
Physical Energy & Power Flows;2020;9;891;891;891;PL;DE;Value on 3rd Wed. at 11;Import;Harmonized;M;M
Physical Energy & Power Flows;2020;9;485;485;485;PL;LT;Value on 3rd Wed. at 11;Import;Harmonized;M;M
Physical Energy & Power Flows;2020;9;396;396;396;PL;SE;Value on 3rd Wed. at 11;Import;Harmonized;M;M
Physical Energy & Power Flows;2020;9;60;60;60;PL;SK;Value on 3rd Wed. at 11;Export;Harmonized;M;M
Physical Energy & Power Flows;2020;9;149;149;149;PL;UA;Value on 3rd Wed. at 11;Import;Harmonized;M;NaM
Physical Energy & Power Flows;2020;9;1612;1612;1612;PT;ES;Value on 3rd Wed. at 11;Export;Harmonized;M;M
Physical Energy & Power Flows;2020;9;342;342;342;RO;BG;Value on 3rd Wed. at 11;Import;Harmonized;M;M
Physical Energy & Power Flows;2020;9;243;243;243;RO;HU;Value on 3rd Wed. at 11;Import;Harmonized;M;M
Physical Energy & Power Flows;2020;9;0;0;0;RO;MD;Value on 3rd Wed. at 11;Import;Harmonized;M;NaM
Physical Energy & Power Flows;2020;9;109;109;109;RO;RS;Value on 3rd Wed. at 11;Import;Harmonized;M;M
Physical Energy & Power Flows;2020;9;331;331;331;RO;UA;Value on 3rd Wed. at 11;Import;Harmonized;M;NaM
Physical Energy & Power Flows;2020;9;13;13;13;RS;AL;Value on 3rd Wed. at 11;Export;Harmonized;M;M
Physical Energy & Power Flows;2020;9;73;73;73;RS;BA;Value on 3rd Wed. at 11;Export;Harmonized;M;M
Physical Energy & Power Flows;2020;9;170;170;170;RS;BG;Value on 3rd Wed. at 11;Import;Harmonized;M;M
Physical Energy & Power Flows;2020;9;18;18;18;RS;HR;Value on 3rd Wed. at 11;Export;Harmonized;M;M
Physical Energy & Power Flows;2020;9;34;34;34;RS;HU;Value on 3rd Wed. at 11;Import;Harmonized;M;M
Physical Energy & Power Flows;2020;9;19;19;19;RS;ME;Value on 3rd Wed. at 11;Import;Harmonized;M;M
Physical Energy & Power Flows;2020;9;113;113;113;RS;MK;Value on 3rd Wed. at 11;Export;Harmonized;M;M
Physical Energy & Power Flows;2020;9;109;109;109;RS;RO;Value on 3rd Wed. at 11;Export;Harmonized;M;M
Physical Energy & Power Flows;2020;9;241;241;241;RU;EE;Value on 3rd Wed. at 11;Import;Harmonized;NaM;M
Physical Energy & Power Flows;2020;9;25;25;25;RU;FI;Value on 3rd Wed. at 11;Export;Harmonized;NaM;M
Physical Energy & Power Flows;2020;9;270;270;270;RU;LT;Value on 3rd Wed. at 11;Export;Harmonized;NaM;M
Physical Energy & Power Flows;2020;9;221;221;221;RU;LV;Value on 3rd Wed. at 11;Export;Harmonized;NaM;M
Physical Energy & Power Flows;2020;9;54;54;54;RU;UA;Value on 3rd Wed. at 11;Export;Harmonized;NaM;NaM
Physical Energy & Power Flows;2020;9;2;2;2;SE;DE;Value on 3rd Wed. at 11;Import;Harmonized;M;M
Physical Energy & Power Flows;2020;9;488;488;488;SE;DK;Value on 3rd Wed. at 11;Export;Harmonized;M;M
Physical Energy & Power Flows;2020;9;2238;2238;2238;SE;FI;Value on 3rd Wed. at 11;Export;Harmonized;M;M
Physical Energy & Power Flows;2020;9;466;466;466;SE;LT;Value on 3rd Wed. at 11;Export;Harmonized;M;M
Physical Energy & Power Flows;2020;9;1076;1076;1076;SE;NO;Value on 3rd Wed. at 11;Import;Harmonized;M;M
Physical Energy & Power Flows;2020;9;396;396;396;SE;PL;Value on 3rd Wed. at 11;Export;Harmonized;M;M
Physical Energy & Power Flows;2020;9;625;625;625;SI;AT;Value on 3rd Wed. at 11;Import;Harmonized;M;M
Physical Energy & Power Flows;2020;9;749;749;749;SI;HR;Value on 3rd Wed. at 11;Export;Harmonized;M;M
Physical Energy & Power Flows;2020;8;438;438;438;LT;RU;Value on 3rd Wed. at 03;Import;Harmonized;M;NaM
Physical Energy & Power Flows;2020;8;77;77;77;LT;SE;Value on 3rd Wed. at 03;Export;Harmonized;M;M
Physical Energy & Power Flows;2020;8;223;223;223;LU;BE;Value on 3rd Wed. at 03;Import;Harmonized;M;M
Physical Energy & Power Flows;2020;8;171;171;171;LU;DE;Value on 3rd Wed. at 03;Import;Harmonized;M;M
Physical Energy & Power Flows;2020;8;547;547;547;LV;EE;Value on 3rd Wed. at 03;Import;Harmonized;M;M
Physical Energy & Power Flows;2020;8;446;446;446;LV;LT;Value on 3rd Wed. at 03;Export;Harmonized;M;M
Physical Energy & Power Flows;2020;8;182;182;182;LV;RU;Value on 3rd Wed. at 03;Import;Harmonized;M;NaM
Physical Energy & Power Flows;2020;8;0;0;0;MD;RO;Value on 3rd Wed. at 03;Import;Harmonized;NaM;M
Physical Energy & Power Flows;2020;8;48;48;48;MD;UA;Value on 3rd Wed. at 03;Import;Harmonized;NaM;NaM
Physical Energy & Power Flows;2020;8;211;211;211;ME;AL;Value on 3rd Wed. at 03;Export;Harmonized;M;M
Physical Energy & Power Flows;2020;8;501;501;501;ME;BA;Value on 3rd Wed. at 03;Import;Harmonized;M;M
Physical Energy & Power Flows;2020;8;566;566;566;ME;IT;Value on 3rd Wed. at 03;Export;Harmonized;M;M
Physical Energy & Power Flows;2020;8;322;322;322;ME;RS;Value on 3rd Wed. at 03;Import;Harmonized;M;M
Physical Energy & Power Flows;2020;8;230;230;230;MK;BG;Value on 3rd Wed. at 03;Import;Harmonized;M;M
Physical Energy & Power Flows;2020;8;501;501;501;MK;GR;Value on 3rd Wed. at 03;Export;Harmonized;M;M
Physical Energy & Power Flows;2020;8;271;271;271;MK;RS;Value on 3rd Wed. at 03;Import;Harmonized;M;M
Physical Energy & Power Flows;2020;8;69;69;69;MT;IT;Value on 3rd Wed. at 03;Import;Harmonized;NaM;M
Physical Energy & Power Flows;2020;8;778;778;778;NL;BE;Value on 3rd Wed. at 03;Export;Harmonized;M;M
Physical Energy & Power Flows;2020;8;2432;2432;2432;NL;DE;Value on 3rd Wed. at 03;Export;Harmonized;M;M
Physical Energy & Power Flows;2020;8;1;1;1;NL;DK;Value on 3rd Wed. at 03;Export;Harmonized;M;M
Physical Energy & Power Flows;2020;8;145;145;145;NL;GB;Value on 3rd Wed. at 03;Export;Harmonized;M;M
Physical Energy & Power Flows;2020;8;704;704;704;NL;NO;Value on 3rd Wed. at 03;Import;Harmonized;M;M
Physical Energy & Power Flows;2020;8;1159;1159;1159;NO;DK;Value on 3rd Wed. at 03;Export;Harmonized;M;M
Physical Energy & Power Flows;2020;8;33;33;33;NO;FI;Value on 3rd Wed. at 03;Export;Harmonized;M;M
Physical Energy & Power Flows;2020;8;704;704;704;NO;NL;Value on 3rd Wed. at 03;Export;Harmonized;M;M
Physical Energy & Power Flows;2020;8;1477;1477;1477;NO;SE;Value on 3rd Wed. at 03;Export;Harmonized;M;M
Physical Energy & Power Flows;2020;8;142;142;142;PL;CZ;Value on 3rd Wed. at 03;Export;Harmonized;M;M
Physical Energy & Power Flows;2020;8;1035;1035;1035;PL;DE;Value on 3rd Wed. at 03;Import;Harmonized;M;M
Physical Energy & Power Flows;2020;8;483;483;483;PL;LT;Value on 3rd Wed. at 03;Import;Harmonized;M;M
Physical Energy & Power Flows;2020;8;194;194;194;PL;SE;Value on 3rd Wed. at 03;Import;Harmonized;M;M
Physical Energy & Power Flows;2020;8;146;146;146;PL;SK;Value on 3rd Wed. at 03;Export;Harmonized;M;M
Physical Energy & Power Flows;2020;8;154;154;154;PL;UA;Value on 3rd Wed. at 03;Import;Harmonized;M;NaM
Physical Energy & Power Flows;2020;8;650;650;650;PT;ES;Value on 3rd Wed. at 03;Import;Harmonized;M;M
Physical Energy & Power Flows;2020;8;108;108;108;RO;BG;Value on 3rd Wed. at 03;Export;Harmonized;M;M
Physical Energy & Power Flows;2020;8;168;168;168;RO;HU;Value on 3rd Wed. at 03;Import;Harmonized;M;M
Physical Energy & Power Flows;2020;8;0;0;0;RO;MD;Value on 3rd Wed. at 03;Import;Harmonized;M;NaM
Physical Energy & Power Flows;2020;8;42;42;42;RO;RS;Value on 3rd Wed. at 03;Export;Harmonized;M;M
Physical Energy & Power Flows;2020;8;164;164;164;RO;UA;Value on 3rd Wed. at 03;Import;Harmonized;M;NaM
Physical Energy & Power Flows;2020;8;117;117;117;RS;AL;Value on 3rd Wed. at 03;Export;Harmonized;M;M
Physical Energy & Power Flows;2020;8;18;18;18;RS;BA;Value on 3rd Wed. at 03;Export;Harmonized;M;M
Physical Energy & Power Flows;2020;8;6;6;6;RS;BG;Value on 3rd Wed. at 03;Import;Harmonized;M;M
Physical Energy & Power Flows;2020;8;56;56;56;RS;HR;Value on 3rd Wed. at 03;Export;Harmonized;M;M
Physical Energy & Power Flows;2020;8;135;135;135;RS;HU;Value on 3rd Wed. at 03;Export;Harmonized;M;M
Physical Energy & Power Flows;2020;8;322;322;322;RS;ME;Value on 3rd Wed. at 03;Export;Harmonized;M;M
Physical Energy & Power Flows;2020;8;271;271;271;RS;MK;Value on 3rd Wed. at 03;Export;Harmonized;M;M
Physical Energy & Power Flows;2020;8;42;42;42;RS;RO;Value on 3rd Wed. at 03;Import;Harmonized;M;M
Physical Energy & Power Flows;2020;8;271;271;271;RU;EE;Value on 3rd Wed. at 03;Import;Harmonized;NaM;M
Physical Energy & Power Flows;2020;8;847;847;847;RU;FI;Value on 3rd Wed. at 03;Export;Harmonized;NaM;M
Physical Energy & Power Flows;2020;9;0;0;0;MD;RO;Value on 3rd Wed. at 11;Import;Harmonized;NaM;M
Physical Energy & Power Flows;2020;9;4;4;4;MD;UA;Value on 3rd Wed. at 11;Export;Harmonized;NaM;NaM
Physical Energy & Power Flows;2020;9;275;275;275;ME;AL;Value on 3rd Wed. at 11;Export;Harmonized;M;M
Physical Energy & Power Flows;2020;9;293;293;293;ME;BA;Value on 3rd Wed. at 11;Import;Harmonized;M;M
Physical Energy & Power Flows;2020;9;1;1;1;ME;IT;Value on 3rd Wed. at 11;Export;Harmonized;M;M
Physical Energy & Power Flows;2020;9;19;19;19;ME;RS;Value on 3rd Wed. at 11;Export;Harmonized;M;M
Physical Energy & Power Flows;2020;9;159;159;159;MK;BG;Value on 3rd Wed. at 11;Import;Harmonized;M;M
Physical Energy & Power Flows;2020;9;63;63;63;MK;GR;Value on 3rd Wed. at 11;Export;Harmonized;M;M
Physical Energy & Power Flows;2020;9;113;113;113;MK;RS;Value on 3rd Wed. at 11;Import;Harmonized;M;M
Physical Energy & Power Flows;2020;9;90;90;90;MT;IT;Value on 3rd Wed. at 11;Import;Harmonized;NaM;M
Physical Energy & Power Flows;2020;9;2001;2001;2001;NL;BE;Value on 3rd Wed. at 11;Export;Harmonized;M;M
Physical Energy & Power Flows;2020;9;225;225;225;NL;DE;Value on 3rd Wed. at 11;Import;Harmonized;M;M
Physical Energy & Power Flows;2020;9;699;699;699;NL;DK;Value on 3rd Wed. at 11;Export;Harmonized;M;M
Physical Energy & Power Flows;2020;9;1040;1040;1040;NL;GB;Value on 3rd Wed. at 11;Export;Harmonized;M;M
Physical Energy & Power Flows;2020;9;704;704;704;NL;NO;Value on 3rd Wed. at 11;Import;Harmonized;M;M
Physical Energy & Power Flows;2020;9;0;0;0;NO;DE;Value on 3rd Wed. at 11;Import;Harmonized;M;M
Physical Energy & Power Flows;2020;9;1159;1159;1159;NO;DK;Value on 3rd Wed. at 11;Export;Harmonized;M;M
Physical Energy & Power Flows;2020;9;0;0;0;NO;FI;Value on 3rd Wed. at 11;Import;Harmonized;M;M
Physical Energy & Power Flows;2020;9;704;704;704;NO;NL;Value on 3rd Wed. at 11;Export;Harmonized;M;M
Physical Energy & Power Flows;2020;9;1076;1076;1076;NO;SE;Value on 3rd Wed. at 11;Export;Harmonized;M;M
Physical Energy & Power Flows;2020;9;303;303;303;PL;CZ;Value on 3rd Wed. at 11;Import;Harmonized;M;M
Physical Energy & Power Flows;2020;8;438;438;438;RU;LT;Value on 3rd Wed. at 03;Export;Harmonized;NaM;M
Physical Energy & Power Flows;2020;8;182;182;182;RU;LV;Value on 3rd Wed. at 03;Export;Harmonized;NaM;M
Physical Energy & Power Flows;2020;8;610;610;610;RU;UA;Value on 3rd Wed. at 03;Export;Harmonized;NaM;NaM
Physical Energy & Power Flows;2020;8;1;1;1;SE;DE;Value on 3rd Wed. at 03;Import;Harmonized;M;M
Physical Energy & Power Flows;2020;8;980;980;980;SE;DK;Value on 3rd Wed. at 03;Export;Harmonized;M;M
Physical Energy & Power Flows;2020;8;366;366;366;RO;HU;Value on 3rd Wed. at 11;Import;Harmonized;M;M
Physical Energy & Power Flows;2020;8;0;0;0;RO;MD;Value on 3rd Wed. at 11;Import;Harmonized;M;NaM
Physical Energy & Power Flows;2020;8;529;529;529;RO;RS;Value on 3rd Wed. at 11;Import;Harmonized;M;M
Physical Energy & Power Flows;2020;8;288;288;288;RO;UA;Value on 3rd Wed. at 11;Import;Harmonized;M;NaM
Physical Energy & Power Flows;2020;8;3;3;3;RS;AL;Value on 3rd Wed. at 11;Import;Harmonized;M;M
Physical Energy & Power Flows;2020;8;85;85;85;RS;BA;Value on 3rd Wed. at 11;Export;Harmonized;M;M
Physical Energy & Power Flows;2020;8;15;15;15;RS;BG;Value on 3rd Wed. at 11;Export;Harmonized;M;M
Physical Energy & Power Flows;2020;8;40;40;40;RS;HR;Value on 3rd Wed. at 11;Export;Harmonized;M;M
Physical Energy & Power Flows;2020;8;106;106;106;RS;HU;Value on 3rd Wed. at 11;Export;Harmonized;M;M
Physical Energy & Power Flows;2020;8;158;158;158;RS;ME;Value on 3rd Wed. at 11;Export;Harmonized;M;M
Physical Energy & Power Flows;2020;8;277;277;277;RS;MK;Value on 3rd Wed. at 11;Export;Harmonized;M;M
Physical Energy & Power Flows;2020;8;529;529;529;RS;RO;Value on 3rd Wed. at 11;Export;Harmonized;M;M
Physical Energy & Power Flows;2020;8;49;49;49;RU;EE;Value on 3rd Wed. at 11;Import;Harmonized;NaM;M
Physical Energy & Power Flows;2020;9;0;0;0;DE;NO;Value on 3rd Wed. at 03;Import;Harmonized;M;M
Physical Energy & Power Flows;2020;9;728;728;728;DE;PL;Value on 3rd Wed. at 03;Export;Harmonized;M;M
Physical Energy & Power Flows;2020;9;507;507;507;DE;SE;Value on 3rd Wed. at 03;Import;Harmonized;M;M
Physical Energy & Power Flows;2020;9;2146;2146;2146;DK;DE;Value on 3rd Wed. at 03;Export;Harmonized;M;M
Physical Energy & Power Flows;2020;9;695;695;695;DK;NL;Value on 3rd Wed. at 03;Import;Harmonized;M;M
Physical Energy & Power Flows;2020;9;1159;1159;1159;DK;NO;Value on 3rd Wed. at 03;Import;Harmonized;M;M
Physical Energy & Power Flows;2020;9;481;481;481;DK;SE;Value on 3rd Wed. at 03;Import;Harmonized;M;M
Physical Energy & Power Flows;2020;9;592;592;592;EE;FI;Value on 3rd Wed. at 03;Import;Harmonized;M;M
Physical Energy & Power Flows;2020;9;351;351;351;EE;LV;Value on 3rd Wed. at 03;Export;Harmonized;M;M
Physical Energy & Power Flows;2020;9;176;176;176;EE;RU;Value on 3rd Wed. at 03;Export;Harmonized;M;NaM
Physical Energy & Power Flows;2020;9;2109;2109;2109;ES;FR;Value on 3rd Wed. at 03;Import;Harmonized;M;M
Physical Energy & Power Flows;2020;9;519;519;519;ES;PT;Value on 3rd Wed. at 03;Import;Harmonized;M;M
Physical Energy & Power Flows;2020;9;592;592;592;FI;EE;Value on 3rd Wed. at 03;Export;Harmonized;M;M
Physical Energy & Power Flows;2020;9;0;0;0;FI;NO;Value on 3rd Wed. at 03;Export;Harmonized;M;M
Physical Energy & Power Flows;2020;9;780;780;780;FI;RU;Value on 3rd Wed. at 03;Import;Harmonized;M;NaM
Physical Energy & Power Flows;2020;9;1401;1401;1401;FI;SE;Value on 3rd Wed. at 03;Import;Harmonized;M;M
Physical Energy & Power Flows;2020;9;807;807;807;FR;BE;Value on 3rd Wed. at 03;Import;Harmonized;M;M
Physical Energy & Power Flows;2020;9;401;401;401;FR;CH;Value on 3rd Wed. at 03;Import;Harmonized;M;M
Physical Energy & Power Flows;2020;9;165;165;165;FR;DE;Value on 3rd Wed. at 03;Import;Harmonized;M;M
Physical Energy & Power Flows;2020;9;2109;2109;2109;FR;ES;Value on 3rd Wed. at 03;Export;Harmonized;M;M
Physical Energy & Power Flows;2020;9;1425;1425;1425;FR;GB;Value on 3rd Wed. at 03;Import;Harmonized;M;M
Physical Energy & Power Flows;2020;9;94;94;94;FR;IT;Value on 3rd Wed. at 03;Export;Harmonized;M;M
Physical Energy & Power Flows;2020;9;974;974;974;GB;BE;Value on 3rd Wed. at 03;Export;Harmonized;M;M
Physical Energy & Power Flows;2020;9;1425;1425;1425;GB;FR;Value on 3rd Wed. at 03;Export;Harmonized;M;M
Physical Energy & Power Flows;2020;9;0;0;0;GB;IE;Value on 3rd Wed. at 03;Import;Harmonized;M;M
Physical Energy & Power Flows;2020;9;349;349;349;GB;NL;Value on 3rd Wed. at 03;Export;Harmonized;M;M
Physical Energy & Power Flows;2020;9;156;156;156;GR;AL;Value on 3rd Wed. at 03;Export;Harmonized;M;M
Physical Energy & Power Flows;2020;9;222;222;222;GR;BG;Value on 3rd Wed. at 03;Import;Harmonized;M;M
Physical Energy & Power Flows;2020;9;418;418;418;GR;IT;Value on 3rd Wed. at 03;Export;Harmonized;M;M
Physical Energy & Power Flows;2020;10;2292;2292;2292;SE;FI;Value on 3rd Wed. at 11;Export;Harmonized;M;M
Physical Energy & Power Flows;2020;10;486;486;486;SE;LT;Value on 3rd Wed. at 11;Export;Harmonized;M;M
Physical Energy & Power Flows;2020;10;2796;2796;2796;SE;NO;Value on 3rd Wed. at 11;Import;Harmonized;M;M
Physical Energy & Power Flows;2020;10;598;598;598;SE;PL;Value on 3rd Wed. at 11;Export;Harmonized;M;M
Physical Energy & Power Flows;2020;10;173;173;173;SI;AT;Value on 3rd Wed. at 11;Import;Harmonized;M;M
Physical Energy & Power Flows;2020;10;144;144;144;SI;HR;Value on 3rd Wed. at 11;Export;Harmonized;M;M
Physical Energy & Power Flows;2020;10;780;780;780;SI;IT;Value on 3rd Wed. at 11;Export;Harmonized;M;M
Physical Energy & Power Flows;2020;10;931;931;931;SK;CZ;Value on 3rd Wed. at 11;Import;Harmonized;M;M
Physical Energy & Power Flows;2020;10;660;660;660;SK;HU;Value on 3rd Wed. at 11;Export;Harmonized;M;M
Physical Energy & Power Flows;2020;10;6;6;6;SK;PL;Value on 3rd Wed. at 11;Import;Harmonized;M;M
Physical Energy & Power Flows;2020;10;207;207;207;SK;UA;Value on 3rd Wed. at 11;Export;Harmonized;M;NaM
Physical Energy & Power Flows;2020;10;134;134;134;TR;BG;Value on 3rd Wed. at 11;Export;Harmonized;M;M
Physical Energy & Power Flows;2020;10;237;237;237;TR;GR;Value on 3rd Wed. at 11;Export;Harmonized;M;M
Physical Energy & Power Flows;2020;10;61;61;61;UA;BY;Value on 3rd Wed. at 11;Export;Harmonized;NaM;NaM
Physical Energy & Power Flows;2020;10;188;188;188;UA;HU;Value on 3rd Wed. at 11;Export;Harmonized;NaM;M
Physical Energy & Power Flows;2020;10;53;53;53;UA;MD;Value on 3rd Wed. at 11;Import;Harmonized;NaM;NaM
Physical Energy & Power Flows;2020;10;209;209;209;UA;PL;Value on 3rd Wed. at 11;Export;Harmonized;NaM;M
Physical Energy & Power Flows;2020;10;165;165;165;UA;RO;Value on 3rd Wed. at 11;Export;Harmonized;NaM;M
Physical Energy & Power Flows;2020;10;172;172;172;UA;RU;Value on 3rd Wed. at 11;Export;Harmonized;NaM;NaM
Physical Energy & Power Flows;2020;10;207;207;207;UA;SK;Value on 3rd Wed. at 11;Import;Harmonized;NaM;M
Physical Energy & Power Flows;2020;11;431;431;431;IT;GR;Value on 3rd Wed. at 03;Import;Harmonized;M;M
Physical Energy & Power Flows;2020;11;545;545;545;IT;ME;Value on 3rd Wed. at 03;Import;Harmonized;M;M
Physical Energy & Power Flows;2020;11;60;60;60;IT;MT;Value on 3rd Wed. at 03;Export;Harmonized;M;NaM
Physical Energy & Power Flows;2020;11;819;819;819;IT;SI;Value on 3rd Wed. at 03;Import;Harmonized;M;M
Physical Energy & Power Flows;2020;11;291;291;291;LT;BY;Value on 3rd Wed. at 03;Import;Harmonized;M;NaM
Physical Energy & Power Flows;2020;11;142;142;142;LT;LV;Value on 3rd Wed. at 03;Export;Harmonized;M;M
Physical Energy & Power Flows;2020;11;301;301;301;LT;PL;Value on 3rd Wed. at 03;Import;Harmonized;M;M
Physical Energy & Power Flows;2020;11;305;305;305;LT;RU;Value on 3rd Wed. at 03;Import;Harmonized;M;NaM
Physical Energy & Power Flows;2020;11;733;733;733;LT;SE;Value on 3rd Wed. at 03;Import;Harmonized;M;M
Physical Energy & Power Flows;2020;11;257;257;257;LU;BE;Value on 3rd Wed. at 03;Import;Harmonized;M;M
Physical Energy & Power Flows;2020;11;149;149;149;LU;DE;Value on 3rd Wed. at 03;Import;Harmonized;M;M
Physical Energy & Power Flows;2020;11;76;76;76;LV;EE;Value on 3rd Wed. at 03;Import;Harmonized;M;M
Physical Energy & Power Flows;2020;11;12;12;12;AL;GR;Value on 3rd Wed. at 11;Import;Harmonized;M;M
Physical Energy & Power Flows;2020;11;533;533;533;AL;ME;Value on 3rd Wed. at 11;Import;Harmonized;M;M
Physical Energy & Power Flows;2020;11;44;44;44;AL;RS;Value on 3rd Wed. at 11;Export;Harmonized;M;M
Physical Energy & Power Flows;2020;11;842;842;842;AT;CH;Value on 3rd Wed. at 11;Export;Harmonized;M;M
Physical Energy & Power Flows;2020;11;1381;1381;1381;AT;CZ;Value on 3rd Wed. at 11;Import;Harmonized;M;M
Physical Energy & Power Flows;2020;12;635;635;635;BA;ME;Value on 3rd Wed. at 11;Export;Harmonized;M;M
Physical Energy & Power Flows;2020;12;208;208;208;BA;RS;Value on 3rd Wed. at 11;Export;Harmonized;M;M
Physical Energy & Power Flows;2020;12;0;0;0;BE;DE;Value on 3rd Wed. at 11;Import;Harmonized;M;M
Physical Energy & Power Flows;2020;12;697;697;697;BE;FR;Value on 3rd Wed. at 11;Export;Harmonized;M;M
Physical Energy & Power Flows;2020;12;1023;1023;1023;BE;GB;Value on 3rd Wed. at 11;Export;Harmonized;M;M
Physical Energy & Power Flows;2020;12;62;62;62;BE;LU;Value on 3rd Wed. at 11;Export;Harmonized;M;M
Physical Energy & Power Flows;2020;12;817;817;817;BE;NL;Value on 3rd Wed. at 11;Import;Harmonized;M;M
Physical Energy & Power Flows;2020;12;44;44;44;BG;GR;Value on 3rd Wed. at 11;Export;Harmonized;M;M
Physical Energy & Power Flows;2020;12;110;110;110;BG;MK;Value on 3rd Wed. at 11;Export;Harmonized;M;M
Physical Energy & Power Flows;2020;12;210;210;210;BG;RO;Value on 3rd Wed. at 11;Export;Harmonized;M;M
Physical Energy & Power Flows;2020;12;29;29;29;BG;RS;Value on 3rd Wed. at 11;Export;Harmonized;M;M
Physical Energy & Power Flows;2020;12;135;135;135;BG;TR;Value on 3rd Wed. at 11;Import;Harmonized;M;M
Physical Energy & Power Flows;2020;12;442;442;442;BY;LT;Value on 3rd Wed. at 11;Export;Harmonized;NaM;M
Physical Energy & Power Flows;2020;12;176;176;176;BY;UA;Value on 3rd Wed. at 11;Export;Harmonized;NaM;NaM
Physical Energy & Power Flows;2020;12;425;425;425;CH;AT;Value on 3rd Wed. at 11;Import;Harmonized;M;M
Physical Energy & Power Flows;2020;12;1941;1941;1941;CH;DE;Value on 3rd Wed. at 11;Import;Harmonized;M;M
Physical Energy & Power Flows;2020;12;1798;1798;1798;CH;FR;Value on 3rd Wed. at 11;Import;Harmonized;M;M
Physical Energy & Power Flows;2020;12;3000;3000;3000;CH;IT;Value on 3rd Wed. at 11;Export;Harmonized;M;M
Physical Energy & Power Flows;2020;12;1196;1196;1196;CZ;AT;Value on 3rd Wed. at 11;Export;Harmonized;M;M
Physical Energy & Power Flows;2020;12;1303;1303;1303;CZ;DE;Value on 3rd Wed. at 11;Import;Harmonized;M;M
Physical Energy & Power Flows;2020;12;488;488;488;CZ;PL;Value on 3rd Wed. at 11;Import;Harmonized;M;M
Physical Energy & Power Flows;2020;12;2061;2061;2061;CZ;SK;Value on 3rd Wed. at 11;Export;Harmonized;M;M
Physical Energy & Power Flows;2020;12;1578;1578;1578;DE;AT;Value on 3rd Wed. at 11;Export;Harmonized;M;M
Physical Energy & Power Flows;2020;12;0;0;0;DE;BE;Value on 3rd Wed. at 11;Import;Harmonized;M;M
Physical Energy & Power Flows;2020;12;1941;1941;1941;DE;CH;Value on 3rd Wed. at 11;Export;Harmonized;M;M
Physical Energy & Power Flows;2020;12;1303;1303;1303;DE;CZ;Value on 3rd Wed. at 11;Export;Harmonized;M;M
Physical Energy & Power Flows;2020;12;543;543;543;DE;DK;Value on 3rd Wed. at 11;Import;Harmonized;M;M
Physical Energy & Power Flows;2020;12;1824;1824;1824;DE;FR;Value on 3rd Wed. at 11;Import;Harmonized;M;M
Physical Energy & Power Flows;2020;12;526;526;526;DE;LU;Value on 3rd Wed. at 11;Export;Harmonized;M;M
Physical Energy & Power Flows;2020;12;1366;1366;1366;DE;NL;Value on 3rd Wed. at 11;Import;Harmonized;M;M
Physical Energy & Power Flows;2020;12;0;0;0;DE;NO;Value on 3rd Wed. at 11;Import;Harmonized;M;M
Physical Energy & Power Flows;2020;12;1795;1795;1795;DE;PL;Value on 3rd Wed. at 11;Export;Harmonized;M;M
Physical Energy & Power Flows;2020;12;109;109;109;DE;SE;Value on 3rd Wed. at 11;Export;Harmonized;M;M
Physical Energy & Power Flows;2020;12;543;543;543;DK;DE;Value on 3rd Wed. at 11;Export;Harmonized;M;M
Physical Energy & Power Flows;2020;12;0;0;0;DK;NL;Value on 3rd Wed. at 11;Import;Harmonized;M;M
Physical Energy & Power Flows;2020;12;1630;1630;1630;DK;NO;Value on 3rd Wed. at 11;Import;Harmonized;M;M
Physical Energy & Power Flows;2020;12;771;771;771;DK;SE;Value on 3rd Wed. at 11;Import;Harmonized;M;M
Physical Energy & Power Flows;2020;12;856;856;856;EE;FI;Value on 3rd Wed. at 11;Import;Harmonized;M;M
Physical Energy & Power Flows;2020;10;852;852;852;AT;CZ;Value on 3rd Wed. at 03;Import;Harmonized;M;M
Physical Energy & Power Flows;2020;10;1531;1531;1531;AT;DE;Value on 3rd Wed. at 03;Import;Harmonized;M;M
Physical Energy & Power Flows;2020;10;421;421;421;AT;HU;Value on 3rd Wed. at 03;Export;Harmonized;M;M
Physical Energy & Power Flows;2020;10;174;174;174;AT;IT;Value on 3rd Wed. at 03;Export;Harmonized;M;M
Physical Energy & Power Flows;2020;10;296;296;296;AT;SI;Value on 3rd Wed. at 03;Export;Harmonized;M;M
Physical Energy & Power Flows;2020;10;333;333;333;BA;HR;Value on 3rd Wed. at 03;Import;Harmonized;M;M
Physical Energy & Power Flows;2020;10;459;459;459;BA;ME;Value on 3rd Wed. at 03;Export;Harmonized;M;M
Physical Energy & Power Flows;2020;10;130;130;130;BA;RS;Value on 3rd Wed. at 03;Export;Harmonized;M;M
Physical Energy & Power Flows;2020;10;0;0;0;BE;DE;Value on 3rd Wed. at 03;Import;Harmonized;M;M
Physical Energy & Power Flows;2020;10;2099;2099;2099;BE;FR;Value on 3rd Wed. at 03;Import;Harmonized;M;M
Physical Energy & Power Flows;2020;10;286;286;286;BE;GB;Value on 3rd Wed. at 03;Export;Harmonized;M;M
Physical Energy & Power Flows;2020;10;186;186;186;BE;LU;Value on 3rd Wed. at 03;Export;Harmonized;M;M
Physical Energy & Power Flows;2020;10;1229;1229;1229;BE;NL;Value on 3rd Wed. at 03;Export;Harmonized;M;M
Physical Energy & Power Flows;2020;10;28;28;28;BG;GR;Value on 3rd Wed. at 03;Export;Harmonized;M;M
Physical Energy & Power Flows;2020;10;7;7;7;BG;MK;Value on 3rd Wed. at 03;Export;Harmonized;M;M
Physical Energy & Power Flows;2020;10;136;136;136;BG;RO;Value on 3rd Wed. at 03;Export;Harmonized;M;M
Physical Energy & Power Flows;2020;10;117;117;117;BG;RS;Value on 3rd Wed. at 03;Import;Harmonized;M;M
Physical Energy & Power Flows;2020;10;116;116;116;BG;TR;Value on 3rd Wed. at 03;Import;Harmonized;M;M
Physical Energy & Power Flows;2020;10;318;318;318;BY;LT;Value on 3rd Wed. at 03;Export;Harmonized;NaM;M
Physical Energy & Power Flows;2020;10;164;164;164;BY;UA;Value on 3rd Wed. at 03;Import;Harmonized;NaM;NaM
Physical Energy & Power Flows;2020;10;865;865;865;CH;AT;Value on 3rd Wed. at 03;Import;Harmonized;M;M
Physical Energy & Power Flows;2020;10;1662;1662;1662;CH;DE;Value on 3rd Wed. at 03;Import;Harmonized;M;M
Physical Energy & Power Flows;2020;10;0;0;0;RO;MD;Value on 3rd Wed. at 11;Import;Harmonized;M;NaM
Physical Energy & Power Flows;2020;10;435;435;435;RO;RS;Value on 3rd Wed. at 11;Import;Harmonized;M;M
Physical Energy & Power Flows;2020;10;165;165;165;RO;UA;Value on 3rd Wed. at 11;Import;Harmonized;M;NaM
Physical Energy & Power Flows;2020;10;109;109;109;RS;AL;Value on 3rd Wed. at 11;Import;Harmonized;M;M
Physical Energy & Power Flows;2020;10;61;61;61;RS;BA;Value on 3rd Wed. at 11;Export;Harmonized;M;M
Physical Energy & Power Flows;2020;10;123;123;123;RS;BG;Value on 3rd Wed. at 11;Import;Harmonized;M;M
Physical Energy & Power Flows;2020;10;83;83;83;RS;HR;Value on 3rd Wed. at 11;Export;Harmonized;M;M
Physical Energy & Power Flows;2020;10;230;230;230;RS;HU;Value on 3rd Wed. at 11;Export;Harmonized;M;M
Physical Energy & Power Flows;2020;10;1;1;1;RS;ME;Value on 3rd Wed. at 11;Export;Harmonized;M;M
Physical Energy & Power Flows;2020;10;69;69;69;RS;MK;Value on 3rd Wed. at 11;Import;Harmonized;M;M
Physical Energy & Power Flows;2020;10;435;435;435;RS;RO;Value on 3rd Wed. at 11;Export;Harmonized;M;M
Physical Energy & Power Flows;2020;10;65;65;65;RU;EE;Value on 3rd Wed. at 11;Import;Harmonized;NaM;M
Physical Energy & Power Flows;2020;10;135;135;135;RU;FI;Value on 3rd Wed. at 11;Export;Harmonized;NaM;M
Physical Energy & Power Flows;2020;10;189;189;189;RU;LT;Value on 3rd Wed. at 11;Export;Harmonized;NaM;M
Physical Energy & Power Flows;2020;10;100;100;100;RU;LV;Value on 3rd Wed. at 11;Export;Harmonized;NaM;M
Physical Energy & Power Flows;2020;10;172;172;172;RU;UA;Value on 3rd Wed. at 11;Import;Harmonized;NaM;NaM
Physical Energy & Power Flows;2020;10;201;201;201;SE;DE;Value on 3rd Wed. at 11;Import;Harmonized;M;M
Physical Energy & Power Flows;2020;10;471;471;471;SE;DK;Value on 3rd Wed. at 11;Export;Harmonized;M;M
Physical Energy & Power Flows;2020;11;142;142;142;LV;LT;Value on 3rd Wed. at 03;Import;Harmonized;M;M
Physical Energy & Power Flows;2020;11;12;12;12;LV;RU;Value on 3rd Wed. at 03;Import;Harmonized;M;NaM
Physical Energy & Power Flows;2020;11;0;0;0;MD;RO;Value on 3rd Wed. at 03;Import;Harmonized;NaM;M
Physical Energy & Power Flows;2020;11;16;16;16;MD;UA;Value on 3rd Wed. at 03;Import;Harmonized;NaM;NaM
Physical Energy & Power Flows;2020;11;168;168;168;ME;AL;Value on 3rd Wed. at 03;Export;Harmonized;M;M
Physical Energy & Power Flows;2020;11;646;646;646;ME;BA;Value on 3rd Wed. at 03;Import;Harmonized;M;M
Physical Energy & Power Flows;2020;11;545;545;545;ME;IT;Value on 3rd Wed. at 03;Export;Harmonized;M;M
Physical Energy & Power Flows;2020;11;81;81;81;ME;RS;Value on 3rd Wed. at 03;Import;Harmonized;M;M
Physical Energy & Power Flows;2020;11;190;190;190;MK;BG;Value on 3rd Wed. at 03;Import;Harmonized;M;M
Physical Energy & Power Flows;2020;11;210;210;210;MK;GR;Value on 3rd Wed. at 03;Export;Harmonized;M;M
Physical Energy & Power Flows;2020;11;177;177;177;MK;RS;Value on 3rd Wed. at 03;Import;Harmonized;M;M
Physical Energy & Power Flows;2020;11;60;60;60;MT;IT;Value on 3rd Wed. at 03;Import;Harmonized;NaM;M
Physical Energy & Power Flows;2020;11;211;211;211;NL;BE;Value on 3rd Wed. at 03;Import;Harmonized;M;M
Physical Energy & Power Flows;2020;11;279;279;279;NL;DE;Value on 3rd Wed. at 03;Import;Harmonized;M;M
Physical Energy & Power Flows;2020;11;0;0;0;NL;DK;Value on 3rd Wed. at 03;Import;Harmonized;M;M
Physical Energy & Power Flows;2020;11;228;228;228;NL;GB;Value on 3rd Wed. at 03;Export;Harmonized;M;M
Physical Energy & Power Flows;2020;11;494;494;494;NL;NO;Value on 3rd Wed. at 03;Import;Harmonized;M;M
Physical Energy & Power Flows;2020;11;0;0;0;NO;DE;Value on 3rd Wed. at 03;Import;Harmonized;M;M
Physical Energy & Power Flows;2020;11;228;228;228;NO;DK;Value on 3rd Wed. at 03;Export;Harmonized;M;M
Physical Energy & Power Flows;2020;11;51;51;51;NO;FI;Value on 3rd Wed. at 03;Export;Harmonized;M;M
Physical Energy & Power Flows;2020;11;494;494;494;NO;NL;Value on 3rd Wed. at 03;Export;Harmonized;M;M
Physical Energy & Power Flows;2020;11;938;938;938;NO;SE;Value on 3rd Wed. at 03;Import;Harmonized;M;M
Physical Energy & Power Flows;2020;11;702;702;702;PL;CZ;Value on 3rd Wed. at 03;Export;Harmonized;M;M
Physical Energy & Power Flows;2020;11;972;972;972;PL;DE;Value on 3rd Wed. at 03;Import;Harmonized;M;M
Physical Energy & Power Flows;2020;11;301;301;301;PL;LT;Value on 3rd Wed. at 03;Export;Harmonized;M;M
Physical Energy & Power Flows;2020;11;598;598;598;PL;SE;Value on 3rd Wed. at 03;Import;Harmonized;M;M
Physical Energy & Power Flows;2020;11;595;595;595;PL;SK;Value on 3rd Wed. at 03;Export;Harmonized;M;M
Physical Energy & Power Flows;2020;11;209;209;209;PL;UA;Value on 3rd Wed. at 03;Import;Harmonized;M;NaM
Physical Energy & Power Flows;2020;11;315;315;315;PT;ES;Value on 3rd Wed. at 03;Export;Harmonized;M;M
Physical Energy & Power Flows;2020;11;3;3;3;RO;BG;Value on 3rd Wed. at 03;Import;Harmonized;M;M
Physical Energy & Power Flows;2020;11;172;172;172;RO;HU;Value on 3rd Wed. at 03;Import;Harmonized;M;M
Physical Energy & Power Flows;2020;11;0;0;0;RO;MD;Value on 3rd Wed. at 03;Import;Harmonized;M;NaM
Physical Energy & Power Flows;2020;11;142;142;142;RO;RS;Value on 3rd Wed. at 03;Export;Harmonized;M;M
Physical Energy & Power Flows;2020;11;491;491;491;RO;UA;Value on 3rd Wed. at 03;Import;Harmonized;M;NaM
Physical Energy & Power Flows;2020;11;67;67;67;RS;AL;Value on 3rd Wed. at 03;Export;Harmonized;M;M
Physical Energy & Power Flows;2020;11;121;121;121;RS;BA;Value on 3rd Wed. at 03;Import;Harmonized;M;M
Physical Energy & Power Flows;2020;11;127;127;127;RS;BG;Value on 3rd Wed. at 03;Import;Harmonized;M;M
Physical Energy & Power Flows;2020;11;92;92;92;RS;HR;Value on 3rd Wed. at 03;Import;Harmonized;M;M
Physical Energy & Power Flows;2020;11;18;18;18;RS;HU;Value on 3rd Wed. at 03;Import;Harmonized;M;M
Physical Energy & Power Flows;2020;11;81;81;81;RS;ME;Value on 3rd Wed. at 03;Export;Harmonized;M;M
Physical Energy & Power Flows;2020;11;177;177;177;RS;MK;Value on 3rd Wed. at 03;Export;Harmonized;M;M
Physical Energy & Power Flows;2020;10;2687;2687;2687;CH;FR;Value on 3rd Wed. at 03;Import;Harmonized;M;M
Physical Energy & Power Flows;2020;10;2752;2752;2752;CH;IT;Value on 3rd Wed. at 03;Export;Harmonized;M;M
Physical Energy & Power Flows;2020;10;852;852;852;CZ;AT;Value on 3rd Wed. at 03;Export;Harmonized;M;M
Physical Energy & Power Flows;2020;10;120;120;120;CZ;DE;Value on 3rd Wed. at 03;Export;Harmonized;M;M
Physical Energy & Power Flows;2020;10;922;922;922;CZ;PL;Value on 3rd Wed. at 03;Import;Harmonized;M;M
Physical Energy & Power Flows;2020;10;1046;1046;1046;CZ;SK;Value on 3rd Wed. at 03;Export;Harmonized;M;M
Physical Energy & Power Flows;2020;10;1531;1531;1531;DE;AT;Value on 3rd Wed. at 03;Export;Harmonized;M;M
Physical Energy & Power Flows;2020;10;0;0;0;DE;BE;Value on 3rd Wed. at 03;Import;Harmonized;M;M
Physical Energy & Power Flows;2020;10;1662;1662;1662;DE;CH;Value on 3rd Wed. at 03;Export;Harmonized;M;M
Physical Energy & Power Flows;2020;10;120;120;120;DE;CZ;Value on 3rd Wed. at 03;Import;Harmonized;M;M
Physical Energy & Power Flows;2020;10;1633;1633;1633;DE;DK;Value on 3rd Wed. at 03;Import;Harmonized;M;M
Physical Energy & Power Flows;2020;10;3310;3310;3310;DE;FR;Value on 3rd Wed. at 03;Import;Harmonized;M;M
Physical Energy & Power Flows;2020;10;128;128;128;DE;LU;Value on 3rd Wed. at 03;Export;Harmonized;M;M
Physical Energy & Power Flows;2020;10;782;782;782;DE;NL;Value on 3rd Wed. at 03;Export;Harmonized;M;M
Physical Energy & Power Flows;2020;10;0;0;0;DE;NO;Value on 3rd Wed. at 03;Import;Harmonized;M;M
Physical Energy & Power Flows;2020;10;1574;1574;1574;DE;PL;Value on 3rd Wed. at 03;Export;Harmonized;M;M
Physical Energy & Power Flows;2020;10;494;494;494;DE;SE;Value on 3rd Wed. at 03;Import;Harmonized;M;M
Physical Energy & Power Flows;2020;10;1633;1633;1633;DK;DE;Value on 3rd Wed. at 03;Export;Harmonized;M;M
Physical Energy & Power Flows;2020;10;0;0;0;DK;NL;Value on 3rd Wed. at 03;Export;Harmonized;M;M
Physical Energy & Power Flows;2020;10;946;946;946;DK;NO;Value on 3rd Wed. at 03;Import;Harmonized;M;M
Physical Energy & Power Flows;2020;10;1390;1390;1390;DK;SE;Value on 3rd Wed. at 03;Import;Harmonized;M;M
Physical Energy & Power Flows;2020;10;777;777;777;EE;FI;Value on 3rd Wed. at 03;Import;Harmonized;M;M
Physical Energy & Power Flows;2020;10;312;312;312;EE;LV;Value on 3rd Wed. at 03;Export;Harmonized;M;M
Physical Energy & Power Flows;2020;10;228;228;228;EE;RU;Value on 3rd Wed. at 03;Export;Harmonized;M;NaM
Physical Energy & Power Flows;2020;10;1978;1978;1978;ES;FR;Value on 3rd Wed. at 03;Export;Harmonized;M;M
Physical Energy & Power Flows;2020;10;1218;1218;1218;ES;PT;Value on 3rd Wed. at 03;Export;Harmonized;M;M
Physical Energy & Power Flows;2020;10;777;777;777;FI;EE;Value on 3rd Wed. at 03;Export;Harmonized;M;M
Physical Energy & Power Flows;2020;10;22;22;22;FI;NO;Value on 3rd Wed. at 03;Import;Harmonized;M;M
Physical Energy & Power Flows;2020;10;881;881;881;FI;RU;Value on 3rd Wed. at 03;Import;Harmonized;M;NaM
Physical Energy & Power Flows;2020;10;2431;2431;2431;FI;SE;Value on 3rd Wed. at 03;Import;Harmonized;M;M
Physical Energy & Power Flows;2020;10;2099;2099;2099;FR;BE;Value on 3rd Wed. at 03;Export;Harmonized;M;M
Physical Energy & Power Flows;2020;11;2394;2394;2394;AT;DE;Value on 3rd Wed. at 11;Import;Harmonized;M;M
Physical Energy & Power Flows;2020;11;950;950;950;AT;HU;Value on 3rd Wed. at 11;Export;Harmonized;M;M
Physical Energy & Power Flows;2020;11;123;123;123;AT;IT;Value on 3rd Wed. at 11;Export;Harmonized;M;M
Physical Energy & Power Flows;2020;11;847;847;847;AT;SI;Value on 3rd Wed. at 11;Export;Harmonized;M;M
Physical Energy & Power Flows;2020;11;79;79;79;BA;HR;Value on 3rd Wed. at 11;Export;Harmonized;M;M
Physical Energy & Power Flows;2020;11;344;344;344;BA;ME;Value on 3rd Wed. at 11;Export;Harmonized;M;M
Physical Energy & Power Flows;2020;11;222;222;222;BA;RS;Value on 3rd Wed. at 11;Export;Harmonized;M;M
Physical Energy & Power Flows;2020;11;99;99;99;BE;DE;Value on 3rd Wed. at 11;Import;Harmonized;M;M
Physical Energy & Power Flows;2020;11;730;730;730;BE;FR;Value on 3rd Wed. at 11;Export;Harmonized;M;M
Physical Energy & Power Flows;2020;11;922;922;922;BE;GB;Value on 3rd Wed. at 11;Export;Harmonized;M;M
Physical Energy & Power Flows;2020;11;130;130;130;BE;LU;Value on 3rd Wed. at 11;Export;Harmonized;M;M
Physical Energy & Power Flows;2020;11;286;286;286;BE;NL;Value on 3rd Wed. at 11;Import;Harmonized;M;M
Physical Energy & Power Flows;2020;11;0;0;0;BG;GR;Value on 3rd Wed. at 11;Import;Harmonized;M;M
Physical Energy & Power Flows;2020;11;270;270;270;BG;MK;Value on 3rd Wed. at 11;Export;Harmonized;M;M
Physical Energy & Power Flows;2020;11;288;288;288;BG;RO;Value on 3rd Wed. at 11;Import;Harmonized;M;M
Physical Energy & Power Flows;2020;11;152;152;152;BG;RS;Value on 3rd Wed. at 11;Export;Harmonized;M;M
Physical Energy & Power Flows;2020;11;88;88;88;BG;TR;Value on 3rd Wed. at 11;Export;Harmonized;M;M
Physical Energy & Power Flows;2020;11;405;405;405;BY;LT;Value on 3rd Wed. at 11;Export;Harmonized;NaM;M
Physical Energy & Power Flows;2020;11;235;235;235;BY;UA;Value on 3rd Wed. at 11;Export;Harmonized;NaM;NaM
Physical Energy & Power Flows;2020;11;842;842;842;CH;AT;Value on 3rd Wed. at 11;Import;Harmonized;M;M
Physical Energy & Power Flows;2020;11;2165;2165;2165;CH;DE;Value on 3rd Wed. at 11;Import;Harmonized;M;M
Physical Energy & Power Flows;2020;11;1511;1511;1511;CH;FR;Value on 3rd Wed. at 11;Import;Harmonized;M;M
Physical Energy & Power Flows;2020;11;3155;3155;3155;CH;IT;Value on 3rd Wed. at 11;Export;Harmonized;M;M
Physical Energy & Power Flows;2020;11;1381;1381;1381;CZ;AT;Value on 3rd Wed. at 11;Export;Harmonized;M;M
Physical Energy & Power Flows;2020;11;1076;1076;1076;CZ;DE;Value on 3rd Wed. at 11;Import;Harmonized;M;M
Physical Energy & Power Flows;2020;11;280;280;280;CZ;PL;Value on 3rd Wed. at 11;Export;Harmonized;M;M
Physical Energy & Power Flows;2020;11;1423;1423;1423;CZ;SK;Value on 3rd Wed. at 11;Export;Harmonized;M;M
Physical Energy & Power Flows;2020;11;2394;2394;2394;DE;AT;Value on 3rd Wed. at 11;Export;Harmonized;M;M
Physical Energy & Power Flows;2020;11;99;99;99;DE;BE;Value on 3rd Wed. at 11;Export;Harmonized;M;M
Physical Energy & Power Flows;2020;11;2165;2165;2165;DE;CH;Value on 3rd Wed. at 11;Export;Harmonized;M;M
Physical Energy & Power Flows;2020;11;1076;1076;1076;DE;CZ;Value on 3rd Wed. at 11;Export;Harmonized;M;M
Physical Energy & Power Flows;2020;11;116;116;116;DE;DK;Value on 3rd Wed. at 11;Import;Harmonized;M;M
Physical Energy & Power Flows;2020;11;1508;1508;1508;DE;FR;Value on 3rd Wed. at 11;Import;Harmonized;M;M
Physical Energy & Power Flows;2020;11;444;444;444;DE;LU;Value on 3rd Wed. at 11;Export;Harmonized;M;M
Physical Energy & Power Flows;2020;11;790;790;790;DE;NL;Value on 3rd Wed. at 11;Import;Harmonized;M;M
Physical Energy & Power Flows;2020;11;0;0;0;DE;NO;Value on 3rd Wed. at 11;Import;Harmonized;M;M
Physical Energy & Power Flows;2020;11;956;956;956;DE;PL;Value on 3rd Wed. at 11;Export;Harmonized;M;M
Physical Energy & Power Flows;2020;11;246;246;246;DE;SE;Value on 3rd Wed. at 11;Export;Harmonized;M;M
Physical Energy & Power Flows;2020;11;116;116;116;DK;DE;Value on 3rd Wed. at 11;Export;Harmonized;M;M
Physical Energy & Power Flows;2020;11;0;0;0;DK;NL;Value on 3rd Wed. at 11;Import;Harmonized;M;M
Physical Energy & Power Flows;2020;11;394;394;394;DK;NO;Value on 3rd Wed. at 11;Import;Harmonized;M;M
Physical Energy & Power Flows;2020;11;384;384;384;DK;SE;Value on 3rd Wed. at 11;Export;Harmonized;M;M
Physical Energy & Power Flows;2020;11;913;913;913;EE;FI;Value on 3rd Wed. at 11;Import;Harmonized;M;M
Physical Energy & Power Flows;2020;11;11;11;11;EE;LV;Value on 3rd Wed. at 11;Export;Harmonized;M;M
Physical Energy & Power Flows;2020;11;243;243;243;EE;RU;Value on 3rd Wed. at 11;Export;Harmonized;M;NaM
Physical Energy & Power Flows;2020;12;121;121;121;EE;LV;Value on 3rd Wed. at 11;Export;Harmonized;M;M
Physical Energy & Power Flows;2020;12;134;134;134;EE;RU;Value on 3rd Wed. at 11;Export;Harmonized;M;NaM
Physical Energy & Power Flows;2020;12;1724;1724;1724;ES;FR;Value on 3rd Wed. at 11;Export;Harmonized;M;M
Physical Energy & Power Flows;2020;12;1079;1079;1079;ES;PT;Value on 3rd Wed. at 11;Import;Harmonized;M;M
Physical Energy & Power Flows;2020;12;856;856;856;FI;EE;Value on 3rd Wed. at 11;Export;Harmonized;M;M
Physical Energy & Power Flows;2020;12;65;65;65;FI;NO;Value on 3rd Wed. at 11;Import;Harmonized;M;M
Physical Energy & Power Flows;2020;12;1016;1016;1016;FI;RU;Value on 3rd Wed. at 11;Import;Harmonized;M;NaM
Physical Energy & Power Flows;2020;12;2472;2472;2472;FI;SE;Value on 3rd Wed. at 11;Import;Harmonized;M;M
Physical Energy & Power Flows;2020;12;697;697;697;FR;BE;Value on 3rd Wed. at 11;Import;Harmonized;M;M
Physical Energy & Power Flows;2020;12;1798;1798;1798;FR;CH;Value on 3rd Wed. at 11;Export;Harmonized;M;M
Physical Energy & Power Flows;2020;12;1824;1824;1824;FR;DE;Value on 3rd Wed. at 11;Export;Harmonized;M;M
Physical Energy & Power Flows;2020;12;1724;1724;1724;FR;ES;Value on 3rd Wed. at 11;Import;Harmonized;M;M
Physical Energy & Power Flows;2020;12;639;639;639;FR;GB;Value on 3rd Wed. at 11;Export;Harmonized;M;M
Physical Energy & Power Flows;2020;12;2705;2705;2705;FR;IT;Value on 3rd Wed. at 11;Export;Harmonized;M;M
Physical Energy & Power Flows;2020;12;1023;1023;1023;GB;BE;Value on 3rd Wed. at 11;Import;Harmonized;M;M
Physical Energy & Power Flows;2020;9;1159;1159;1159;BE;NL;Value on 3rd Wed. at 03;Import;Harmonized;M;M
Physical Energy & Power Flows;2020;9;222;222;222;BG;GR;Value on 3rd Wed. at 03;Export;Harmonized;M;M
Physical Energy & Power Flows;2020;9;179;179;179;BG;MK;Value on 3rd Wed. at 03;Export;Harmonized;M;M
Physical Energy & Power Flows;2020;9;104;104;104;BG;RO;Value on 3rd Wed. at 03;Export;Harmonized;M;M
Physical Energy & Power Flows;2020;9;95;95;95;BG;RS;Value on 3rd Wed. at 03;Export;Harmonized;M;M
Physical Energy & Power Flows;2020;9;102;102;102;BG;TR;Value on 3rd Wed. at 03;Import;Harmonized;M;M
Physical Energy & Power Flows;2020;9;272;272;272;BY;LT;Value on 3rd Wed. at 03;Export;Harmonized;NaM;M
Physical Energy & Power Flows;2020;9;306;306;306;BY;UA;Value on 3rd Wed. at 03;Import;Harmonized;NaM;NaM
Physical Energy & Power Flows;2020;9;2;2;2;CH;AT;Value on 3rd Wed. at 03;Import;Harmonized;M;M
Physical Energy & Power Flows;2020;9;20;20;20;CH;DE;Value on 3rd Wed. at 03;Export;Harmonized;M;M
Physical Energy & Power Flows;2020;9;401;401;401;CH;FR;Value on 3rd Wed. at 03;Export;Harmonized;M;M
Physical Energy & Power Flows;2020;9;564;564;564;CH;IT;Value on 3rd Wed. at 03;Export;Harmonized;M;M
Physical Energy & Power Flows;2020;9;954;954;954;CZ;AT;Value on 3rd Wed. at 03;Export;Harmonized;M;M
Physical Energy & Power Flows;2020;9;426;426;426;CZ;DE;Value on 3rd Wed. at 03;Export;Harmonized;M;M
Physical Energy & Power Flows;2020;9;639;639;639;CZ;PL;Value on 3rd Wed. at 03;Import;Harmonized;M;M
Physical Energy & Power Flows;2020;9;676;676;676;CZ;SK;Value on 3rd Wed. at 03;Export;Harmonized;M;M
Physical Energy & Power Flows;2020;9;107;107;107;DE;AT;Value on 3rd Wed. at 03;Export;Harmonized;M;M
Physical Energy & Power Flows;2020;9;20;20;20;DE;CH;Value on 3rd Wed. at 03;Import;Harmonized;M;M
Physical Energy & Power Flows;2020;9;426;426;426;DE;CZ;Value on 3rd Wed. at 03;Import;Harmonized;M;M
Physical Energy & Power Flows;2020;9;2146;2146;2146;DE;DK;Value on 3rd Wed. at 03;Import;Harmonized;M;M
Physical Energy & Power Flows;2020;9;165;165;165;DE;FR;Value on 3rd Wed. at 03;Export;Harmonized;M;M
Physical Energy & Power Flows;2020;9;290;290;290;DE;LU;Value on 3rd Wed. at 03;Export;Harmonized;M;M
Physical Energy & Power Flows;2020;9;1185;1185;1185;DE;NL;Value on 3rd Wed. at 03;Import;Harmonized;M;M
Physical Energy & Power Flows;2020;1;152;152;152;MK;BG;Monthly Value;Import;Harmonized;M;M
Physical Energy & Power Flows;2020;12;342;342;342;UA;SK;Monthly Value;Import;Harmonized;NaM;M
Physical Energy & Power Flows;2020;12;500;500;500;RU;FI;Monthly Value;Export;Harmonized;NaM;M
Physical Energy & Power Flows;2020;10;598;598;598;CZ;DE;Monthly Value;Import;Harmonized;M;M
Physical Energy & Power Flows;2020;6;147;147;147;HU;HR;Monthly Value;Export;Harmonized;M;M
Physical Energy & Power Flows;2020;10;519;519;519;FR;CH;Monthly Value;Export;Harmonized;M;M
Physical Energy & Power Flows;2020;8;63;63;63;NL;DK;Monthly Value;Import;Harmonized;M;M
Physical Energy & Power Flows;2020;3;756;756;756;SK;CZ;Monthly Value;Import;Harmonized;M;M
Physical Energy & Power Flows;2020;11;840;840;840;CH;FR;Monthly Value;Import;Harmonized;M;M
Physical Energy & Power Flows;2020;3;648;648;648;CZ;AT;Monthly Value;Export;Harmonized;M;M
Physical Energy & Power Flows;2020;10;193;193;193;RO;HU;Monthly Value;Import;Harmonized;M;M
Physical Energy & Power Flows;2020;10;297;297;297;FI;RU;Monthly Value;Import;Harmonized;M;NaM
Physical Energy & Power Flows;2020;3;120;120;120;HR;SI;Monthly Value;Import;Harmonized;M;M
Physical Energy & Power Flows;2020;9;8;8;8;CZ;SK;Monthly Value;Import;Harmonized;M;M
Physical Energy & Power Flows;2020;9;1;1;1;PL;LT;Monthly Value;Export;Harmonized;M;M
Physical Energy & Power Flows;2020;3;289;289;289;DE;SE;Monthly Value;Import;Harmonized;M;M
Physical Energy & Power Flows;2020;6;1;1;1;EE;FI;Monthly Value;Export;Harmonized;M;M
Physical Energy & Power Flows;2020;4;105;105;105;BE;NL;Monthly Value;Import;Harmonized;M;M
Physical Energy & Power Flows;2020;2;15;15;15;IT;SI;Monthly Value;Export;Harmonized;M;M
Physical Energy & Power Flows;2020;8;1;1;1;DK;NO;Monthly Value;Export;Harmonized;M;M
Physical Energy & Power Flows;2020;7;66;66;66;RS;BG;Monthly Value;Import;Harmonized;M;M
Physical Energy & Power Flows;2020;10;28;28;28;NL;GB;Monthly Value;Import;Harmonized;M;M
Physical Energy & Power Flows;2020;1;110;110;110;IT;AT;Monthly Value;Import;Harmonized;M;M
Physical Energy & Power Flows;2020;12;83;83;83;DE;BE;Monthly Value;Import;Harmonized;M;M
Physical Energy & Power Flows;2020;10;161;161;161;RO;RS;Monthly Value;Import;Harmonized;M;M
Physical Energy & Power Flows;2020;4;11;11;11;LV;EE;Monthly Value;Export;Harmonized;M;M
Physical Energy & Power Flows;2020;10;15;15;15;BE;DE;Monthly Value;Export;Harmonized;M;M
Physical Energy & Power Flows;2020;9;941;941;941;CH;IT;Monthly Value;Export;Harmonized;M;M
Physical Energy & Power Flows;2020;7;172;172;172;EE;RU;Monthly Value;Export;Harmonized;M;NaM
Physical Energy & Power Flows;2020;9;168;168;168;PL;SK;Monthly Value;Export;Harmonized;M;M
Physical Energy & Power Flows;2020;5;0;0;0;HU;SK;Monthly Value;Export;Harmonized;M;M
Physical Energy & Power Flows;2020;5;125;125;125;FR;BE;Monthly Value;Import;Harmonized;M;M
Physical Energy & Power Flows;2020;5;270;270;270;NL;DE;Monthly Value;Import;Harmonized;M;M
Physical Energy & Power Flows;2020;2;0;0;0;MK;GR;Monthly Value;Import;Harmonized;M;M
Physical Energy & Power Flows;2020;6;311;311;311;DE;NL;Monthly Value;Import;Harmonized;M;M
Physical Energy & Power Flows;2020;12;79;79;79;IT;GR;Monthly Value;Import;Harmonized;M;M
Physical Energy & Power Flows;2020;12;101;101;101;AL;GR;Monthly Value;Import;Harmonized;M;M
Physical Energy & Power Flows;2020;8;10;10;10;RS;AL;Monthly Value;Import;Harmonized;M;M
Physical Energy & Power Flows;2020;10;66;66;66;LV;LT;Monthly Value;Import;Harmonized;M;M
Physical Energy & Power Flows;2020;12;46;46;46;DK;NO;Monthly Value;Export;Harmonized;M;M
Physical Energy & Power Flows;2020;8;49;49;49;RS;RO;Monthly Value;Import;Harmonized;M;M
Physical Energy & Power Flows;2020;4;24;24;24;EE;RU;Monthly Value;Import;Harmonized;M;NaM
Physical Energy & Power Flows;2020;4;109;109;109;RU;UA;Monthly Value;Export;Harmonized;NaM;NaM
Physical Energy & Power Flows;2020;9;437;437;437;SI;IT;Monthly Value;Export;Harmonized;M;M
Physical Energy & Power Flows;2020;12;946;946;946;AT;CZ;Monthly Value;Import;Harmonized;M;M
Physical Energy & Power Flows;2020;10;80;80;80;RS;HU;Monthly Value;Export;Harmonized;M;M
Physical Energy & Power Flows;2020;11;0;0;0;TR;GR;Monthly Value;Import;Harmonized;M;M
Physical Energy & Power Flows;2020;12;100;100;100;MK;RS;Monthly Value;Import;Harmonized;M;M
Physical Energy & Power Flows;2020;12;68;68;68;IT;MT;Monthly Value;Export;Harmonized;M;NaM
Physical Energy & Power Flows;2020;6;484;484;484;EE;FI;Monthly Value;Import;Harmonized;M;M
Physical Energy & Power Flows;2020;6;42;42;42;ME;RS;Monthly Value;Import;Harmonized;M;M
Physical Energy & Power Flows;2020;10;43;43;43;AL;RS;Monthly Value;Export;Harmonized;M;M
Physical Energy & Power Flows;2020;9;552;552;552;SK;CZ;Monthly Value;Import;Harmonized;M;M
Physical Energy & Power Flows;2020;11;117;117;117;BA;RS;Monthly Value;Export;Harmonized;M;M
Physical Energy & Power Flows;2020;4;8;8;8;UA;MD;Monthly Value;Import;Harmonized;NaM;NaM
Physical Energy & Power Flows;2020;10;40;40;40;TR;BG;Monthly Value;Export;Harmonized;M;M
Physical Energy & Power Flows;2020;2;36;36;36;GB;IE;Monthly Value;Export;Harmonized;M;M
Physical Energy & Power Flows;2020;7;3;3;3;FR;IT;Monthly Value;Import;Harmonized;M;M
Physical Energy & Power Flows;2020;10;84;84;84;GB;IE;Monthly Value;Export;Harmonized;M;M
Physical Energy & Power Flows;2020;8;109;109;109;PL;CZ;Monthly Value;Export;Harmonized;M;M
Physical Energy & Power Flows;2020;6;0;0;0;PL;DE;Monthly Value;Export;Harmonized;M;M
Physical Energy & Power Flows;2020;8;4;4;4;ME;BA;Monthly Value;Export;Harmonized;M;M
Physical Energy & Power Flows;2020;12;14;14;14;RS;AL;Monthly Value;Import;Harmonized;M;M
Physical Energy & Power Flows;2020;9;941;941;941;IT;CH;Monthly Value;Import;Harmonized;M;M
Physical Energy & Power Flows;2020;7;439;439;439;ES;FR;Monthly Value;Export;Harmonized;M;M
Physical Energy & Power Flows;2020;9;59;59;59;RO;RS;Monthly Value;Export;Harmonized;M;M
Physical Energy & Power Flows;2020;3;37;37;37;MD;UA;Monthly Value;Import;Harmonized;NaM;NaM
Physical Energy & Power Flows;2020;3;257;257;257;CZ;PL;Monthly Value;Import;Harmonized;M;M
Physical Energy & Power Flows;2020;9;540;540;540;DE;AT;Monthly Value;Export;Harmonized;M;M
Physical Energy & Power Flows;2020;3;309;309;309;TR;BG;Monthly Value;Import;Harmonized;M;M
Physical Energy & Power Flows;2020;4;458;458;458;NO;NL;Monthly Value;Export;Harmonized;M;M
Physical Energy & Power Flows;2020;3;20;20;20;NL;NO;Monthly Value;Export;Harmonized;M;M
Physical Energy & Power Flows;2020;11;25;25;25;TR;BG;Monthly Value;Import;Harmonized;M;M
Physical Energy & Power Flows;2020;2;8;8;8;NL;NO;Monthly Value;Export;Harmonized;M;M
Physical Energy & Power Flows;2020;11;79;79;79;RS;RO;Monthly Value;Export;Harmonized;M;M
Physical Energy & Power Flows;2020;4;998;998;998;FR;GB;Monthly Value;Export;Harmonized;M;M
Physical Energy & Power Flows;2020;10;87;87;87;UA;RU;Monthly Value;Import;Harmonized;NaM;NaM
Physical Energy & Power Flows;2020;2;46;46;46;DK;NL;Monthly Value;Import;Harmonized;M;M
Physical Energy & Power Flows;2020;2;75;75;75;AL;GR;Monthly Value;Export;Harmonized;M;M
Physical Energy & Power Flows;2020;8;60;60;60;RU;LV;Monthly Value;Export;Harmonized;NaM;M
Physical Energy & Power Flows;2020;6;1;1;1;BG;TR;Monthly Value;Import;Harmonized;M;M
Physical Energy & Power Flows;2020;10;8;8;8;UA;MD;Monthly Value;Import;Harmonized;NaM;NaM
Physical Energy & Power Flows;2020;6;3;3;3;BA;ME;Monthly Value;Import;Harmonized;M;M
Physical Energy & Power Flows;2020;8;372;372;372;SE;DK;Monthly Value;Export;Harmonized;M;M
Physical Energy & Power Flows;2020;2;8;8;8;FI;NO;Monthly Value;Export;Harmonized;M;M
Physical Energy & Power Flows;2020;3;0;0;0;MT;IT;Monthly Value;Export;Harmonized;NaM;M
Physical Energy & Power Flows;2020;10;20;20;20;LT;PL;Monthly Value;Import;Harmonized;M;M
Physical Energy & Power Flows;2020;10;0;0;0;TR;GR;Monthly Value;Import;Harmonized;M;M
Physical Energy & Power Flows;2020;5;36;36;36;IT;SI;Monthly Value;Export;Harmonized;M;M
Physical Energy & Power Flows;2020;5;0;0;0;UA;PL;Monthly Value;Import;Harmonized;NaM;M
Physical Energy & Power Flows;2020;4;16;16;16;GB;BE;Monthly Value;Export;Harmonized;M;M
Physical Energy & Power Flows;2020;5;1638;1638;1638;FI;SE;Monthly Value;Import;Harmonized;M;M
Physical Energy & Power Flows;2020;6;94;94;94;IT;AT;Monthly Value;Import;Harmonized;M;M
Physical Energy & Power Flows;2020;1;12;12;12;GR;MK;Monthly Value;Export;Harmonized;M;M
Physical Energy & Power Flows;2020;3;6;6;6;GB;BE;Monthly Value;Export;Harmonized;M;M
Physical Energy & Power Flows;2020;10;8;8;8;PL;SK;Monthly Value;Import;Harmonized;M;M
Physical Energy & Power Flows;2020;1;1;1;1;DK;NL;Monthly Value;Import;Harmonized;M;M
Physical Energy & Power Flows;2020;3;0;0;0;ME;BA;Monthly Value;Export;Harmonized;M;M
Physical Energy & Power Flows;2020;7;638;638;638;CZ;DE;Monthly Value;Import;Harmonized;M;M
Physical Energy & Power Flows;2020;2;17;17;17;BY;LT;Monthly Value;Import;Harmonized;NaM;M
Physical Energy & Power Flows;2020;4;5;5;5;SI;HR;Monthly Value;Import;Harmonized;M;M
Physical Energy & Power Flows;2020;3;59;59;59;DE;CZ;Monthly Value;Import;Harmonized;M;M
Physical Energy & Power Flows;2020;9;9;9;9;RS;BA;Monthly Value;Import;Harmonized;M;M
Physical Energy & Power Flows;2020;2;19;19;19;HR;SI;Monthly Value;Export;Harmonized;M;M
Physical Energy & Power Flows;2020;5;41;41;41;LT;LV;Monthly Value;Export;Harmonized;M;M
Physical Energy & Power Flows;2020;2;0;0;0;BE;LU;Monthly Value;Import;Harmonized;M;M
Physical Energy & Power Flows;2020;7;153;153;153;BY;LT;Monthly Value;Export;Harmonized;NaM;M
Physical Energy & Power Flows;2020;8;25;25;25;NL;GB;Monthly Value;Import;Harmonized;M;M
Physical Energy & Power Flows;2020;3;48;48;48;DK;NL;Monthly Value;Import;Harmonized;M;M
Physical Energy & Power Flows;2020;2;309;309;309;CH;AT;Monthly Value;Import;Harmonized;M;M
Physical Energy & Power Flows;2020;6;102;102;102;UA;PL;Monthly Value;Export;Harmonized;NaM;M
Physical Energy & Power Flows;2020;11;289;289;289;RO;UA;Monthly Value;Import;Harmonized;M;NaM
Physical Energy & Power Flows;2020;8;682;682;682;ES;FR;Monthly Value;Import;Harmonized;M;M
Physical Energy & Power Flows;2020;6;44;44;44;NL;DK;Monthly Value;Import;Harmonized;M;M
Physical Energy & Power Flows;2020;1;1410;1410;1410;FR;IT;Monthly Value;Export;Harmonized;M;M
Physical Energy & Power Flows;2020;2;1312;1312;1312;FR;CH;Monthly Value;Export;Harmonized;M;M
Physical Energy & Power Flows;2020;2;476;476;476;GB;NL;Monthly Value;Import;Harmonized;M;M
Physical Energy & Power Flows;2020;2;270;270;270;CZ;PL;Monthly Value;Import;Harmonized;M;M
Physical Energy & Power Flows;2020;1;335;335;335;GR;IT;Monthly Value;Import;Harmonized;M;M
Physical Energy & Power Flows;2020;8;44;44;44;NL;BE;Monthly Value;Import;Harmonized;M;M
Physical Energy & Power Flows;2020;8;264;264;264;LU;DE;Monthly Value;Import;Harmonized;M;M
Physical Energy & Power Flows;2020;10;1;1;1;NO;FI;Monthly Value;Import;Harmonized;M;M
Physical Energy & Power Flows;2020;12;145;145;145;RS;ME;Monthly Value;Import;Harmonized;M;M
Physical Energy & Power Flows;2020;6;18;18;18;EE;RU;Monthly Value;Import;Harmonized;M;NaM
Physical Energy & Power Flows;2020;5;3;3;3;AT;CZ;Monthly Value;Export;Harmonized;M;M
Physical Energy & Power Flows;2020;11;97;97;97;CZ;DE;Monthly Value;Export;Harmonized;M;M
Physical Energy & Power Flows;2020;3;0;0;0;EE;FI;Monthly Value;Export;Harmonized;M;M
Physical Energy & Power Flows;2020;6;107;107;107;RU;LT;Monthly Value;Export;Harmonized;NaM;M
Physical Energy & Power Flows;2020;9;157;157;157;BG;GR;Monthly Value;Export;Harmonized;M;M
Physical Energy & Power Flows;2020;10;24;24;24;EE;RU;Monthly Value;Import;Harmonized;M;NaM
Physical Energy & Power Flows;2020;7;162;162;162;FR;DE;Monthly Value;Import;Harmonized;M;M
Physical Energy & Power Flows;2020;5;47;47;47;CH;AT;Monthly Value;Import;Harmonized;M;M
Physical Energy & Power Flows;2020;11;47;47;47;DE;CH;Monthly Value;Import;Harmonized;M;M
Physical Energy & Power Flows;2020;2;348;348;348;PT;ES;Monthly Value;Export;Harmonized;M;M
Physical Energy & Power Flows;2020;10;53;53;53;BG;TR;Monthly Value;Export;Harmonized;M;M
Physical Energy & Power Flows;2020;1;141;141;141;GR;BG;Monthly Value;Import;Harmonized;M;M
Physical Energy & Power Flows;2020;11;0;0;0;NO;DE;Monthly Value;Export;Harmonized;M;M
Physical Energy & Power Flows;2020;11;379;379;379;DK;DE;Monthly Value;Export;Harmonized;M;M
Physical Energy & Power Flows;2020;4;77;77;77;DK;NL;Monthly Value;Import;Harmonized;M;M
Physical Energy & Power Flows;2020;1;3;3;3;LT;BY;Monthly Value;Export;Harmonized;M;NaM
Physical Energy & Power Flows;2020;2;0;0;0;UA;SK;Monthly Value;Export;Harmonized;NaM;M
Physical Energy & Power Flows;2020;7;868;868;868;DE;DK;Monthly Value;Import;Harmonized;M;M
Physical Energy & Power Flows;2020;9;5;5;5;RS;AL;Monthly Value;Import;Harmonized;M;M
Physical Energy & Power Flows;2020;9;32;32;32;RU;EE;Monthly Value;Export;Harmonized;NaM;M
Physical Energy & Power Flows;2020;6;1;1;1;AT;IT;Monthly Value;Import;Harmonized;M;M
Physical Energy & Power Flows;2020;9;240;240;240;ME;BA;Monthly Value;Import;Harmonized;M;M
Physical Energy & Power Flows;2020;2;918;918;918;SK;HU;Monthly Value;Export;Harmonized;M;M
Physical Energy & Power Flows;2020;7;257;257;257;SK;UA;Monthly Value;Export;Harmonized;M;NaM
Physical Energy & Power Flows;2020;7;0;0;0;SK;HU;Monthly Value;Import;Harmonized;M;M
Physical Energy & Power Flows;2020;10;5;5;5;NO;NL;Monthly Value;Import;Harmonized;M;M
Physical Energy & Power Flows;2020;6;265;265;265;BE;NL;Monthly Value;Export;Harmonized;M;M
Physical Energy & Power Flows;2020;12;27;27;27;DE;AT;Monthly Value;Import;Harmonized;M;M
Physical Energy & Power Flows;2020;6;45;45;45;SI;IT;Monthly Value;Import;Harmonized;M;M
Physical Energy & Power Flows;2020;5;15;15;15;NO;FI;Monthly Value;Export;Harmonized;M;M
Physical Energy & Power Flows;2020;8;257;257;257;DK;DE;Monthly Value;Export;Harmonized;M;M
Physical Energy & Power Flows;2020;5;110;110;110;LV;LT;Monthly Value;Export;Harmonized;M;M
Physical Energy & Power Flows;2020;7;40;40;40;GR;IT;Monthly Value;Export;Harmonized;M;M
Physical Energy & Power Flows;2020;11;1373;1373;1373;FI;SE;Monthly Value;Import;Harmonized;M;M
Physical Energy & Power Flows;2020;1;1762;1762;1762;DE;CH;Monthly Value;Export;Harmonized;M;M
Physical Energy & Power Flows;2020;8;12;12;12;HU;UA;Monthly Value;Export;Harmonized;M;NaM
Physical Energy & Power Flows;2020;7;792;792;792;CZ;SK;Monthly Value;Export;Harmonized;M;M
Physical Energy & Power Flows;2020;1;0;0;0;AT;IT;Monthly Value;Import;Harmonized;M;M
Physical Energy & Power Flows;2020;2;360;360;360;UA;RO;Monthly Value;Export;Harmonized;NaM;M
Physical Energy & Power Flows;2020;10;672;672;672;SK;HU;Monthly Value;Export;Harmonized;M;M
Physical Energy & Power Flows;2020;3;25;25;25;MT;IT;Monthly Value;Import;Harmonized;NaM;M
Physical Energy & Power Flows;2020;1;1551;1551;1551;DE;AT;Monthly Value;Export;Harmonized;M;M
Physical Energy & Power Flows;2020;1;1231;1231;1231;FR;ES;Monthly Value;Export;Harmonized;M;M
Physical Energy & Power Flows;2020;5;11;11;11;RS;AL;Monthly Value;Import;Harmonized;M;M
Physical Energy & Power Flows;2020;6;10;10;10;AL;GR;Monthly Value;Import;Harmonized;M;M
Physical Energy & Power Flows;2020;7;0;0;0;RO;MD;Monthly Value;Import;Harmonized;M;NaM
Physical Energy & Power Flows;2020;7;86;86;86;FR;BE;Monthly Value;Export;Harmonized;M;M
Physical Energy & Power Flows;2020;3;0;0;0;UA;HU;Monthly Value;Import;Harmonized;NaM;M
Physical Energy & Power Flows;2020;1;43;43;43;UA;MD;Monthly Value;Export;Harmonized;NaM;NaM
Physical Energy & Power Flows;2020;7;25;25;25;ME;RS;Monthly Value;Export;Harmonized;M;M
Physical Energy & Power Flows;2020;1;590;590;590;SI;AT;Monthly Value;Import;Harmonized;M;M
Physical Energy & Power Flows;2020;10;171;171;171;CH;FR;Monthly Value;Export;Harmonized;M;M
Physical Energy & Power Flows;2020;12;39;39;39;FI;NO;Monthly Value;Import;Harmonized;M;M
Physical Energy & Power Flows;2020;5;132;132;132;GB;IE;Monthly Value;Import;Harmonized;M;M
Physical Energy & Power Flows;2020;3;17;17;17;FR;CH;Monthly Value;Import;Harmonized;M;M
Physical Energy & Power Flows;2020;1;15;15;15;RS;HU;Monthly Value;Export;Harmonized;M;M
Physical Energy & Power Flows;2020;2;172;172;172;SE;PL;Monthly Value;Export;Harmonized;M;M
Physical Energy & Power Flows;2020;11;223;223;223;RS;MK;Monthly Value;Export;Harmonized;M;M
Physical Energy & Power Flows;2020;8;404;404;404;DE;DK;Monthly Value;Export;Harmonized;M;M
Physical Energy & Power Flows;2020;3;0;0;0;BY;UA;Monthly Value;Export;Harmonized;NaM;NaM
Physical Energy & Power Flows;2020;2;0;0;0;SK;PL;Monthly Value;Export;Harmonized;M;M
Physical Energy & Power Flows;2020;6;12;12;12;GR;TR;Monthly Value;Export;Harmonized;M;M
Physical Energy & Power Flows;2020;9;9;9;9;UA;MD;Monthly Value;Export;Harmonized;NaM;NaM
Physical Energy & Power Flows;2020;10;1;1;1;FI;NO;Monthly Value;Export;Harmonized;M;M
Physical Energy & Power Flows;2020;5;0;0;0;LU;BE;Monthly Value;Export;Harmonized;M;M
Physical Energy & Power Flows;2020;4;444;444;444;SI;HR;Monthly Value;Export;Harmonized;M;M
Physical Energy & Power Flows;2020;11;55;55;55;BG;GR;Monthly Value;Export;Harmonized;M;M
Physical Energy & Power Flows;2020;2;314;314;314;DE;LU;Monthly Value;Export;Harmonized;M;M
Physical Energy & Power Flows;2020;6;72;72;72;RS;HU;Monthly Value;Import;Harmonized;M;M
Physical Energy & Power Flows;2020;11;379;379;379;LT;SE;Monthly Value;Import;Harmonized;M;M
Physical Energy & Power Flows;2020;4;127;127;127;PL;LT;Monthly Value;Import;Harmonized;M;M
Physical Energy & Power Flows;2020;4;76;76;76;IT;ME;Monthly Value;Import;Harmonized;M;M
Physical Energy & Power Flows;2020;9;20;20;20;HU;RO;Monthly Value;Import;Harmonized;M;M
Physical Energy & Power Flows;2020;5;32;32;32;GB;IE;Monthly Value;Export;Harmonized;M;M
Physical Energy & Power Flows;2020;8;225;225;225;DE;FR;Monthly Value;Export;Harmonized;M;M
Physical Energy & Power Flows;2020;7;597;597;597;DE;AT;Monthly Value;Export;Harmonized;M;M
Physical Energy & Power Flows;2020;9;1308;1308;1308;FI;SE;Monthly Value;Import;Harmonized;M;M
Physical Energy & Power Flows;2020;10;357;357;357;SE;PL;Monthly Value;Export;Harmonized;M;M
Physical Energy & Power Flows;2020;1;1;1;1;NL;DK;Monthly Value;Export;Harmonized;M;M
Physical Energy & Power Flows;2020;3;147;147;147;UA;RU;Monthly Value;Import;Harmonized;NaM;NaM
Physical Energy & Power Flows;2020;3;367;367;367;MK;RS;Monthly Value;Import;Harmonized;M;M
Physical Energy & Power Flows;2020;3;23;23;23;EE;LV;Monthly Value;Import;Harmonized;M;M
Physical Energy & Power Flows;2020;1;17;17;17;SI;HR;Monthly Value;Import;Harmonized;M;M
Physical Energy & Power Flows;2020;3;33;33;33;RU;LV;Monthly Value;Export;Harmonized;NaM;M
Physical Energy & Power Flows;2020;10;110;110;110;EE;RU;Monthly Value;Export;Harmonized;M;NaM
Physical Energy & Power Flows;2020;12;497;497;497;ES;PT;Monthly Value;Export;Harmonized;M;M
Physical Energy & Power Flows;2020;6;0;0;0;LT;RU;Monthly Value;Export;Harmonized;M;NaM
Physical Energy & Power Flows;2020;12;0;0;0;BG;MK;Monthly Value;Import;Harmonized;M;M
Physical Energy & Power Flows;2020;3;63;63;63;IE;GB;Monthly Value;Import;Harmonized;M;M
Physical Energy & Power Flows;2020;1;18;18;18;UA;BY;Monthly Value;Import;Harmonized;NaM;NaM
Physical Energy & Power Flows;2020;12;64;64;64;GB;IE;Monthly Value;Export;Harmonized;M;M
Physical Energy & Power Flows;2020;5;186;186;186;BY;UA;Monthly Value;Import;Harmonized;NaM;NaM
Physical Energy & Power Flows;2020;8;16;16;16;ME;RS;Monthly Value;Export;Harmonized;M;M
Physical Energy & Power Flows;2020;11;358;358;358;SI;AT;Monthly Value;Import;Harmonized;M;M
Physical Energy & Power Flows;2020;1;5;5;5;GR;BG;Monthly Value;Export;Harmonized;M;M
Physical Energy & Power Flows;2020;2;0;0;0;MT;IT;Monthly Value;Import;Harmonized;NaM;M
Physical Energy & Power Flows;2020;12;45;45;45;BG;TR;Monthly Value;Import;Harmonized;M;M
Physical Energy & Power Flows;2020;7;139;139;139;IE;GB;Monthly Value;Export;Harmonized;M;M
Physical Energy & Power Flows;2020;10;398;398;398;SE;LT;Monthly Value;Export;Harmonized;M;M
Physical Energy & Power Flows;2020;4;1;1;1;SI;AT;Monthly Value;Export;Harmonized;M;M
Physical Energy & Power Flows;2020;6;31;31;31;BA;RS;Monthly Value;Import;Harmonized;M;M
Physical Energy & Power Flows;2020;7;41;41;41;IT;ME;Monthly Value;Export;Harmonized;M;M
Physical Energy & Power Flows;2020;7;468;468;468;HR;SI;Monthly Value;Import;Harmonized;M;M
Physical Energy & Power Flows;2020;8;60;60;60;DE;SE;Monthly Value;Import;Harmonized;M;M
Physical Energy & Power Flows;2020;8;61;61;61;CH;AT;Monthly Value;Export;Harmonized;M;M
Physical Energy & Power Flows;2020;4;79;79;79;IT;SI;Monthly Value;Export;Harmonized;M;M
Physical Energy & Power Flows;2020;3;311;311;311;HR;HU;Monthly Value;Import;Harmonized;M;M
Physical Energy & Power Flows;2020;3;162;162;162;LT;LV;Monthly Value;Import;Harmonized;M;M
Physical Energy & Power Flows;2020;11;1217;1217;1217;DE;AT;Monthly Value;Export;Harmonized;M;M
Physical Energy & Power Flows;2020;9;250;250;250;FR;CH;Monthly Value;Export;Harmonized;M;M
Physical Energy & Power Flows;2020;11;0;0;0;MD;RO;Monthly Value;Import;Harmonized;NaM;M
Physical Energy & Power Flows;2020;3;71;71;71;RO;RS;Monthly Value;Import;Harmonized;M;M
Physical Energy & Power Flows;2020;6;230;230;230;GR;MK;Monthly Value;Import;Harmonized;M;M
Physical Energy & Power Flows;2020;6;228;228;228;BA;ME;Monthly Value;Export;Harmonized;M;M
Physical Energy & Power Flows;2020;10;53;53;53;TR;BG;Monthly Value;Import;Harmonized;M;M
Physical Energy & Power Flows;2020;1;537;537;537;CZ;PL;Monthly Value;Import;Harmonized;M;M
Physical Energy & Power Flows;2020;7;21;21;21;RU;FI;Monthly Value;Export;Harmonized;NaM;M
Physical Energy & Power Flows;2020;5;1;1;1;RO;UA;Monthly Value;Export;Harmonized;M;NaM
Physical Energy & Power Flows;2020;2;48;48;48;UA;RU;Monthly Value;Export;Harmonized;NaM;NaM
Physical Energy & Power Flows;2020;11;140;140;140;MK;GR;Monthly Value;Export;Harmonized;M;M
Physical Energy & Power Flows;2020;6;1091;1091;1091;DE;CH;Monthly Value;Import;Harmonized;M;M
Physical Energy & Power Flows;2020;1;256;256;256;ME;RS;Monthly Value;Export;Harmonized;M;M
Physical Energy & Power Flows;2020;2;11;11;11;DE;FR;Monthly Value;Export;Harmonized;M;M
Physical Energy & Power Flows;2020;10;1625;1625;1625;SE;FI;Monthly Value;Export;Harmonized;M;M
Physical Energy & Power Flows;2020;9;795;795;795;DK;NO;Monthly Value;Import;Harmonized;M;M
Physical Energy & Power Flows;2020;12;92;92;92;ME;IT;Monthly Value;Export;Harmonized;M;M
Physical Energy & Power Flows;2020;1;1115;1115;1115;AT;CZ;Monthly Value;Import;Harmonized;M;M
Physical Energy & Power Flows;2020;6;989;989;989;SE;NO;Monthly Value;Import;Harmonized;M;M
Physical Energy & Power Flows;2020;3;5;5;5;RO;BG;Monthly Value;Import;Harmonized;M;M
Physical Energy & Power Flows;2020;10;66;66;66;LT;LV;Monthly Value;Export;Harmonized;M;M
Physical Energy & Power Flows;2020;1;16;16;16;UA;RU;Monthly Value;Export;Harmonized;NaM;NaM
Physical Energy & Power Flows;2020;5;30;30;30;GB;BE;Monthly Value;Export;Harmonized;M;M
Physical Energy & Power Flows;2020;3;119;119;119;GB;IE;Monthly Value;Import;Harmonized;M;M
Physical Energy & Power Flows;2020;10;29;29;29;HR;BA;Monthly Value;Import;Harmonized;M;M
Physical Energy & Power Flows;2020;8;180;180;180;UA;SK;Monthly Value;Import;Harmonized;NaM;M
Physical Energy & Power Flows;2020;10;540;540;540;EE;FI;Monthly Value;Import;Harmonized;M;M
Physical Energy & Power Flows;2020;9;1;1;1;RU;LV;Monthly Value;Import;Harmonized;NaM;M
Physical Energy & Power Flows;2020;2;29;29;29;BG;RS;Monthly Value;Import;Harmonized;M;M
Physical Energy & Power Flows;2020;8;173;173;173;DE;AT;Monthly Value;Import;Harmonized;M;M
Physical Energy & Power Flows;2020;8;15;15;15;LT;PL;Monthly Value;Import;Harmonized;M;M
Physical Energy & Power Flows;2020;3;343;343;343;NL;DE;Monthly Value;Export;Harmonized;M;M
Physical Energy & Power Flows;2020;10;957;957;957;PL;DE;Monthly Value;Import;Harmonized;M;M
Physical Energy & Power Flows;2020;5;1;1;1;UA;RO;Monthly Value;Import;Harmonized;NaM;M
Physical Energy & Power Flows;2020;6;301;301;301;DE;LU;Monthly Value;Export;Harmonized;M;M
Physical Energy & Power Flows;2020;10;3;3;3;HU;SK;Monthly Value;Export;Harmonized;M;M
Physical Energy & Power Flows;2020;12;118;118;118;FR;CH;Monthly Value;Import;Harmonized;M;M
Physical Energy & Power Flows;2020;11;169;169;169;BA;HR;Monthly Value;Import;Harmonized;M;M
Physical Energy & Power Flows;2020;5;1248;1248;1248;DE;CH;Monthly Value;Import;Harmonized;M;M
Physical Energy & Power Flows;2020;5;587;587;587;EE;FI;Monthly Value;Import;Harmonized;M;M
Physical Energy & Power Flows;2020;5;4;4;4;TR;GR;Monthly Value;Import;Harmonized;M;M
Physical Energy & Power Flows;2020;7;0;0;0;UA;PL;Monthly Value;Import;Harmonized;NaM;M
Physical Energy & Power Flows;2020;2;99;99;99;RS;RO;Monthly Value;Export;Harmonized;M;M
Physical Energy & Power Flows;2020;2;87;87;87;RS;HU;Monthly Value;Import;Harmonized;M;M
Physical Energy & Power Flows;2020;9;313;313;313;CZ;DE;Monthly Value;Export;Harmonized;M;M
Physical Energy & Power Flows;2020;3;9;9;9;LV;RU;Monthly Value;Export;Harmonized;M;NaM
Physical Energy & Power Flows;2020;11;0;0;0;RU;LT;Monthly Value;Import;Harmonized;NaM;M
Physical Energy & Power Flows;2020;12;67;67;67;LT;LV;Monthly Value;Import;Harmonized;M;M
Physical Energy & Power Flows;2020;3;1158;1158;1158;FR;DE;Monthly Value;Export;Harmonized;M;M
Physical Energy & Power Flows;2020;10;221;221;221;AT;SI;Monthly Value;Export;Harmonized;M;M
Physical Energy & Power Flows;2020;4;808;808;808;NO;DK;Monthly Value;Export;Harmonized;M;M
Physical Energy & Power Flows;2020;8;32;32;32;GR;AL;Monthly Value;Import;Harmonized;M;M
Physical Energy & Power Flows;2020;6;16;16;16;UA;RO;Monthly Value;Import;Harmonized;NaM;M
Physical Energy & Power Flows;2020;12;281;281;281;AL;ME;Monthly Value;Import;Harmonized;M;M
Physical Energy & Power Flows;2020;4;162;162;162;HR;HU;Monthly Value;Import;Harmonized;M;M
Physical Energy & Power Flows;2020;12;67;67;67;HU;RS;Monthly Value;Export;Harmonized;M;M
Physical Energy & Power Flows;2020;11;99;99;99;RO;BG;Monthly Value;Export;Harmonized;M;M
Physical Energy & Power Flows;2020;7;50;50;50;RS;BA;Monthly Value;Import;Harmonized;M;M
Physical Energy & Power Flows;2020;4;584;584;584;EE;FI;Monthly Value;Import;Harmonized;M;M
Physical Energy & Power Flows;2020;6;234;234;234;MK;RS;Monthly Value;Import;Harmonized;M;M
Physical Energy & Power Flows;2020;7;162;162;162;DE;FR;Monthly Value;Export;Harmonized;M;M
Physical Energy & Power Flows;2020;8;661;661;661;SK;CZ;Monthly Value;Import;Harmonized;M;M
Physical Energy & Power Flows;2020;5;166;166;166;IT;ME;Monthly Value;Export;Harmonized;M;M
Physical Energy & Power Flows;2020;9;41;41;41;BG;TR;Monthly Value;Import;Harmonized;M;M
Physical Energy & Power Flows;2020;4;48;48;48;GR;AL;Monthly Value;Import;Harmonized;M;M
Physical Energy & Power Flows;2020;5;144;144;144;DE;AT;Monthly Value;Import;Harmonized;M;M
Physical Energy & Power Flows;2020;11;37;37;37;PL;LT;Monthly Value;Export;Harmonized;M;M
Physical Energy & Power Flows;2020;5;15;15;15;FI;NO;Monthly Value;Import;Harmonized;M;M
Physical Energy & Power Flows;2020;10;27;27;27;FI;NO;Monthly Value;Import;Harmonized;M;M
Physical Energy & Power Flows;2020;2;484;484;484;SK;UA;Monthly Value;Export;Harmonized;M;NaM
Physical Energy & Power Flows;2020;8;192;192;192;MK;BG;Monthly Value;Import;Harmonized;M;M
Physical Energy & Power Flows;2020;12;122;122;122;NL;GB;Monthly Value;Export;Harmonized;M;M
Physical Energy & Power Flows;2020;6;0;0;0;ME;AL;Monthly Value;Import;Harmonized;M;M
Physical Energy & Power Flows;2020;5;85;85;85;RU;LT;Monthly Value;Export;Harmonized;NaM;M
Physical Energy & Power Flows;2020;7;504;504;504;CZ;AT;Monthly Value;Export;Harmonized;M;M
Physical Energy & Power Flows;2020;10;538;538;538;GB;NL;Monthly Value;Import;Harmonized;M;M
Physical Energy & Power Flows;2020;4;11;11;11;EE;LV;Monthly Value;Import;Harmonized;M;M
Physical Energy & Power Flows;2020;9;0;0;0;UA;HU;Monthly Value;Import;Harmonized;NaM;M
Physical Energy & Power Flows;2020;12;32;32;32;CH;DE;Monthly Value;Export;Harmonized;M;M
Physical Energy & Power Flows;2020;12;207;207;207;CZ;DE;Monthly Value;Export;Harmonized;M;M
Physical Energy & Power Flows;2020;6;61;61;61;UA;HU;Monthly Value;Import;Harmonized;NaM;M
Physical Energy & Power Flows;2020;4;7;7;7;NO;FI;Monthly Value;Import;Harmonized;M;M
Physical Energy & Power Flows;2020;4;1039;1039;1039;FR;ES;Monthly Value;Export;Harmonized;M;M
Physical Energy & Power Flows;2020;1;526;526;526;SK;UA;Monthly Value;Export;Harmonized;M;NaM
Physical Energy & Power Flows;2020;6;133;133;133;UA;RO;Monthly Value;Export;Harmonized;NaM;M
Physical Energy & Power Flows;2020;4;182;182;182;ME;AL;Monthly Value;Export;Harmonized;M;M
Physical Energy & Power Flows;2020;10;4;4;4;RS;ME;Monthly Value;Export;Harmonized;M;M
Physical Energy & Power Flows;2020;4;1039;1039;1039;ES;FR;Monthly Value;Import;Harmonized;M;M
Physical Energy & Power Flows;2020;2;17;17;17;LT;BY;Monthly Value;Export;Harmonized;M;NaM
Physical Energy & Power Flows;2020;12;1;1;1;HU;SK;Monthly Value;Export;Harmonized;M;M
Physical Energy & Power Flows;2020;6;134;134;134;PL;CZ;Monthly Value;Import;Harmonized;M;M
Physical Energy & Power Flows;2020;12;273;273;273;DE;FR;Monthly Value;Export;Harmonized;M;M
Physical Energy & Power Flows;2020;10;1;1;1;BY;UA;Monthly Value;Export;Harmonized;NaM;NaM
Physical Energy & Power Flows;2020;11;46;46;46;BE;LU;Monthly Value;Export;Harmonized;M;M
Physical Energy & Power Flows;2020;11;25;25;25;BE;GB;Monthly Value;Import;Harmonized;M;M
Physical Energy & Power Flows;2020;5;1;1;1;BA;ME;Monthly Value;Import;Harmonized;M;M
Physical Energy & Power Flows;2020;6;47;47;47;RS;HR;Monthly Value;Import;Harmonized;M;M
Physical Energy & Power Flows;2020;10;519;519;519;CH;FR;Monthly Value;Import;Harmonized;M;M
Physical Energy & Power Flows;2020;1;381;381;381;SE;DE;Monthly Value;Export;Harmonized;M;M
Physical Energy & Power Flows;2020;9;41;41;41;TR;BG;Monthly Value;Export;Harmonized;M;M
Physical Energy & Power Flows;2020;7;329;329;329;CH;FR;Monthly Value;Export;Harmonized;M;M
Physical Energy & Power Flows;2020;3;69;69;69;CH;AT;Monthly Value;Export;Harmonized;M;M
Physical Energy & Power Flows;2020;7;6;6;6;RU;UA;Monthly Value;Import;Harmonized;NaM;NaM
Physical Energy & Power Flows;2020;11;223;223;223;MK;RS;Monthly Value;Import;Harmonized;M;M
Physical Energy & Power Flows;2020;9;5;5;5;AL;ME;Monthly Value;Export;Harmonized;M;M
Physical Energy & Power Flows;2020;6;0;0;0;RU;LT;Monthly Value;Import;Harmonized;NaM;M
Physical Energy & Power Flows;2020;8;117;117;117;HU;RO;Monthly Value;Export;Harmonized;M;M
Physical Energy & Power Flows;2020;5;32;32;32;DE;CH;Monthly Value;Export;Harmonized;M;M
Physical Energy & Power Flows;2020;10;100;100;100;BA;RS;Monthly Value;Export;Harmonized;M;M
Physical Energy & Power Flows;2020;12;748;748;748;BE;NL;Monthly Value;Import;Harmonized;M;M
Physical Energy & Power Flows;2020;10;8;8;8;RS;AL;Monthly Value;Export;Harmonized;M;M
Physical Energy & Power Flows;2020;5;0;0;0;RO;MD;Monthly Value;Import;Harmonized;M;NaM
Physical Energy & Power Flows;2020;4;109;109;109;UA;RU;Monthly Value;Import;Harmonized;NaM;NaM
Physical Energy & Power Flows;2020;10;2;2;2;GR;BG;Monthly Value;Export;Harmonized;M;M
Physical Energy & Power Flows;2020;8;113;113;113;GB;FR;Monthly Value;Export;Harmonized;M;M
Physical Energy & Power Flows;2020;9;307;307;307;FR;DE;Monthly Value;Export;Harmonized;M;M
Physical Energy & Power Flows;2020;1;230;230;230;NL;DE;Monthly Value;Export;Harmonized;M;M
Physical Energy & Power Flows;2020;6;581;581;581;AT;HU;Monthly Value;Export;Harmonized;M;M
Physical Energy & Power Flows;2020;1;2;2;2;SI;AT;Monthly Value;Export;Harmonized;M;M
Physical Energy & Power Flows;2020;10;20;20;20;DE;NO;Monthly Value;Export;Harmonized;M;M
Physical Energy & Power Flows;2020;8;246;246;246;GR;BG;Monthly Value;Import;Harmonized;M;M
Physical Energy & Power Flows;2020;5;63;63;63;SE;NO;Monthly Value;Export;Harmonized;M;M
Physical Energy & Power Flows;2020;12;221;221;221;BG;RO;Monthly Value;Import;Harmonized;M;M
Physical Energy & Power Flows;2020;12;67;67;67;LV;LT;Monthly Value;Export;Harmonized;M;M
Physical Energy & Power Flows;2020;4;682;682;682;CZ;SK;Monthly Value;Export;Harmonized;M;M
Physical Energy & Power Flows;2020;10;212;212;212;GR;TR;Monthly Value;Import;Harmonized;M;M
Physical Energy & Power Flows;2020;8;25;25;25;IT;SI;Monthly Value;Export;Harmonized;M;M
Physical Energy & Power Flows;2020;3;160;160;160;BY;LT;Monthly Value;Export;Harmonized;NaM;M
Physical Energy & Power Flows;2020;3;393;393;393;PL;SE;Monthly Value;Import;Harmonized;M;M
Physical Energy & Power Flows;2020;2;1312;1312;1312;CH;FR;Monthly Value;Import;Harmonized;M;M
Physical Energy & Power Flows;2020;4;42;42;42;GB;NL;Monthly Value;Export;Harmonized;M;M
Physical Energy & Power Flows;2020;12;0;0;0;NL;NO;Monthly Value;Export;Harmonized;M;M
Physical Energy & Power Flows;2020;6;107;107;107;LT;RU;Monthly Value;Import;Harmonized;M;NaM
Physical Energy & Power Flows;2020;7;22;22;22;CZ;PL;Monthly Value;Export;Harmonized;M;M
Physical Energy & Power Flows;2020;3;2;2;2;GR;AL;Monthly Value;Export;Harmonized;M;M
Physical Energy & Power Flows;2020;6;188;188;188;GR;IT;Monthly Value;Import;Harmonized;M;M
Physical Energy & Power Flows;2020;8;259;259;259;NL;DE;Monthly Value;Import;Harmonized;M;M
Physical Energy & Power Flows;2020;8;444;444;444;SI;HR;Monthly Value;Export;Harmonized;M;M
Physical Energy & Power Flows;2020;3;265;265;265;FR;BE;Monthly Value;Import;Harmonized;M;M
Physical Energy & Power Flows;2020;4;1;1;1;AL;ME;Monthly Value;Export;Harmonized;M;M
Physical Energy & Power Flows;2020;1;447;447;447;RO;BG;Monthly Value;Export;Harmonized;M;M
Physical Energy & Power Flows;2020;2;1376;1376;1376;DE;AT;Monthly Value;Export;Harmonized;M;M
Physical Energy & Power Flows;2020;9;0;0;0;FI;RU;Monthly Value;Export;Harmonized;M;NaM
Physical Energy & Power Flows;2020;10;9;9;9;BE;DE;Monthly Value;Import;Harmonized;M;M
Physical Energy & Power Flows;2020;10;0;0;0;MT;IT;Monthly Value;Export;Harmonized;NaM;M
Physical Energy & Power Flows;2020;3;7;7;7;RS;AL;Monthly Value;Export;Harmonized;M;M
Physical Energy & Power Flows;2020;10;4;4;4;UA;SK;Monthly Value;Export;Harmonized;NaM;M
Physical Energy & Power Flows;2020;8;327;327;327;BY;LT;Monthly Value;Export;Harmonized;NaM;M
Physical Energy & Power Flows;2020;2;149;149;149;UA;PL;Monthly Value;Export;Harmonized;NaM;M
Physical Energy & Power Flows;2020;6;157;157;157;CH;DE;Monthly Value;Import;Harmonized;M;M
Physical Energy & Power Flows;2020;1;47;47;47;DE;FR;Monthly Value;Export;Harmonized;M;M
Physical Energy & Power Flows;2020;2;18;18;18;DE;SE;Monthly Value;Export;Harmonized;M;M
Physical Energy & Power Flows;2020;3;7;7;7;NO;FI;Monthly Value;Import;Harmonized;M;M
Physical Energy & Power Flows;2020;12;66;66;66;HU;RS;Monthly Value;Import;Harmonized;M;M
Physical Energy & Power Flows;2020;8;9;9;9;UA;MD;Monthly Value;Export;Harmonized;NaM;NaM
Physical Energy & Power Flows;2020;1;1217;1217;1217;FI;SE;Monthly Value;Import;Harmonized;M;M
Physical Energy & Power Flows;2020;2;309;309;309;AT;CH;Monthly Value;Export;Harmonized;M;M
Physical Energy & Power Flows;2020;4;0;0;0;SE;LT;Monthly Value;Import;Harmonized;M;M
Physical Energy & Power Flows;2020;8;13;13;13;RO;UA;Monthly Value;Export;Harmonized;M;NaM
Physical Energy & Power Flows;2020;10;80;80;80;NL;DE;Monthly Value;Export;Harmonized;M;M
Physical Energy & Power Flows;2020;1;514;514;514;DE;DK;Monthly Value;Import;Harmonized;M;M
Physical Energy & Power Flows;2020;2;11;11;11;LV;LT;Monthly Value;Import;Harmonized;M;M
Physical Energy & Power Flows;2020;8;330;330;330;AT;SI;Monthly Value;Export;Harmonized;M;M
Physical Energy & Power Flows;2020;7;317;317;317;LU;DE;Monthly Value;Import;Harmonized;M;M
Physical Energy & Power Flows;2020;11;414;414;414;BE;FR;Monthly Value;Export;Harmonized;M;M
Physical Energy & Power Flows;2020;3;271;271;271;CH;AT;Monthly Value;Import;Harmonized;M;M
Physical Energy & Power Flows;2020;5;9;9;9;UA;MD;Monthly Value;Export;Harmonized;NaM;NaM
Physical Energy & Power Flows;2020;6;124;124;124;MK;BG;Monthly Value;Import;Harmonized;M;M
Physical Energy & Power Flows;2020;12;13;13;13;CZ;SK;Monthly Value;Import;Harmonized;M;M
Physical Energy & Power Flows;2020;3;0;0;0;LT;RU;Monthly Value;Export;Harmonized;M;NaM
Physical Energy & Power Flows;2020;12;4;4;4;BA;RS;Monthly Value;Import;Harmonized;M;M
Physical Energy & Power Flows;2020;12;4;4;4;SI;IT;Monthly Value;Import;Harmonized;M;M
Physical Energy & Power Flows;2020;1;79;79;79;DK;SE;Monthly Value;Export;Harmonized;M;M
Physical Energy & Power Flows;2020;11;70;70;70;FR;DE;Monthly Value;Import;Harmonized;M;M
Physical Energy & Power Flows;2020;8;2;2;2;MK;RS;Monthly Value;Export;Harmonized;M;M
Physical Energy & Power Flows;2020;11;58;58;58;BG;RO;Monthly Value;Export;Harmonized;M;M
Physical Energy & Power Flows;2020;11;62;62;62;IE;GB;Monthly Value;Import;Harmonized;M;M
Physical Energy & Power Flows;2020;9;331;331;331;BE;GB;Monthly Value;Export;Harmonized;M;M
Physical Energy & Power Flows;2020;1;259;259;259;PL;SE;Monthly Value;Import;Harmonized;M;M
Physical Energy & Power Flows;2020;4;17;17;17;TR;BG;Monthly Value;Export;Harmonized;M;M
Physical Energy & Power Flows;2020;10;74;74;74;RU;LV;Monthly Value;Export;Harmonized;NaM;M
Physical Energy & Power Flows;2020;11;174;174;174;BG;MK;Monthly Value;Export;Harmonized;M;M
Physical Energy & Power Flows;2020;8;0;0;0;RU;LT;Monthly Value;Import;Harmonized;NaM;M
Physical Energy & Power Flows;2020;12;1134;1134;1134;ES;FR;Monthly Value;Export;Harmonized;M;M
Physical Energy & Power Flows;2020;4;20;20;20;DE;SE;Monthly Value;Export;Harmonized;M;M
Physical Energy & Power Flows;2020;11;15;15;15;AL;GR;Monthly Value;Export;Harmonized;M;M
Physical Energy & Power Flows;2020;8;132;132;132;EE;RU;Monthly Value;Export;Harmonized;M;NaM
Physical Energy & Power Flows;2020;11;5;5;5;FI;NO;Monthly Value;Export;Harmonized;M;M
Physical Energy & Power Flows;2020;4;36;36;36;RO;BG;Monthly Value;Import;Harmonized;M;M
Physical Energy & Power Flows;2020;5;16;16;16;GR;AL;Monthly Value;Export;Harmonized;M;M
Physical Energy & Power Flows;2020;7;46;46;46;RO;BG;Monthly Value;Import;Harmonized;M;M
Physical Energy & Power Flows;2020;7;311;311;311;HR;HU;Monthly Value;Import;Harmonized;M;M
Physical Energy & Power Flows;2020;5;109;109;109;TR;GR;Monthly Value;Export;Harmonized;M;M
Physical Energy & Power Flows;2020;6;116;116;116;UA;SK;Monthly Value;Import;Harmonized;NaM;M
Physical Energy & Power Flows;2020;10;744;744;744;FR;ES;Monthly Value;Import;Harmonized;M;M
Physical Energy & Power Flows;2020;12;462;462;462;NO;NL;Monthly Value;Export;Harmonized;M;M
Physical Energy & Power Flows;2020;5;197;197;197;SI;IT;Monthly Value;Export;Harmonized;M;M
Physical Energy & Power Flows;2020;12;1249;1249;1249;FR;IT;Monthly Value;Export;Harmonized;M;M
Physical Energy & Power Flows;2020;8;192;192;192;BG;MK;Monthly Value;Export;Harmonized;M;M
Physical Energy & Power Flows;2020;5;250;250;250;HU;RO;Monthly Value;Export;Harmonized;M;M
Physical Energy & Power Flows;2020;4;23;23;23;GR;IT;Monthly Value;Export;Harmonized;M;M
Physical Energy & Power Flows;2020;11;179;179;179;ES;PT;Monthly Value;Export;Harmonized;M;M
Physical Energy & Power Flows;2020;8;22;22;22;AL;GR;Monthly Value;Import;Harmonized;M;M
Physical Energy & Power Flows;2020;10;1;1;1;EE;LV;Monthly Value;Import;Harmonized;M;M
Physical Energy & Power Flows;2020;9;88;88;88;GR;IT;Monthly Value;Export;Harmonized;M;M
Physical Energy & Power Flows;2020;3;54;54;54;HR;RS;Monthly Value;Import;Harmonized;M;M
Physical Energy & Power Flows;2020;4;151;151;151;PT;ES;Monthly Value;Export;Harmonized;M;M
Physical Energy & Power Flows;2020;10;171;171;171;HU;UA;Monthly Value;Import;Harmonized;M;NaM
Physical Energy & Power Flows;2020;12;231;231;231;HR;BA;Monthly Value;Export;Harmonized;M;M
Physical Energy & Power Flows;2020;3;300;300;300;NO;SE;Monthly Value;Import;Harmonized;M;M
Physical Energy & Power Flows;2020;3;4;4;4;IT;CH;Monthly Value;Export;Harmonized;M;M
Physical Energy & Power Flows;2020;10;39;39;39;BG;RO;Monthly Value;Export;Harmonized;M;M
Physical Energy & Power Flows;2020;7;34;34;34;RS;RO;Monthly Value;Import;Harmonized;M;M
Physical Energy & Power Flows;2020;7;294;294;294;GB;NL;Monthly Value;Import;Harmonized;M;M
Physical Energy & Power Flows;2020;9;22;22;22;MK;RS;Monthly Value;Export;Harmonized;M;M
Physical Energy & Power Flows;2020;3;6;6;6;BY;LT;Monthly Value;Import;Harmonized;NaM;M
Physical Energy & Power Flows;2020;3;61;61;61;RS;BA;Monthly Value;Import;Harmonized;M;M
Physical Energy & Power Flows;2020;5;515;515;515;BE;GB;Monthly Value;Export;Harmonized;M;M
Physical Energy & Power Flows;2020;3;20;20;20;NO;NL;Monthly Value;Import;Harmonized;M;M
Physical Energy & Power Flows;2020;1;36;36;36;CH;AT;Monthly Value;Export;Harmonized;M;M
Physical Energy & Power Flows;2020;8;4;4;4;BA;ME;Monthly Value;Import;Harmonized;M;M
Physical Energy & Power Flows;2020;12;278;278;278;NL;DE;Monthly Value;Export;Harmonized;M;M
Physical Energy & Power Flows;2020;4;83;83;83;IT;AT;Monthly Value;Import;Harmonized;M;M
Physical Energy & Power Flows;2020;8;60;60;60;LU;BE;Monthly Value;Import;Harmonized;M;M
Physical Energy & Power Flows;2020;9;154;154;154;MK;RS;Monthly Value;Import;Harmonized;M;M
Physical Energy & Power Flows;2020;6;84;84;84;RU;FI;Monthly Value;Export;Harmonized;NaM;M
Physical Energy & Power Flows;2020;4;51;51;51;BA;RS;Monthly Value;Export;Harmonized;M;M
Physical Energy & Power Flows;2020;5;2;2;2;MK;GR;Monthly Value;Import;Harmonized;M;M
Physical Energy & Power Flows;2020;6;1339;1339;1339;SE;FI;Monthly Value;Export;Harmonized;M;M
Physical Energy & Power Flows;2020;2;3;3;3;BA;RS;Monthly Value;Import;Harmonized;M;M
Physical Energy & Power Flows;2020;7;81;81;81;HR;BA;Monthly Value;Import;Harmonized;M;M
Physical Energy & Power Flows;2020;3;11;11;11;IT;SI;Monthly Value;Export;Harmonized;M;M
Physical Energy & Power Flows;2020;5;371;371;371;DK;DE;Monthly Value;Export;Harmonized;M;M
Physical Energy & Power Flows;2020;11;179;179;179;PT;ES;Monthly Value;Import;Harmonized;M;M
Physical Energy & Power Flows;2020;12;53;53;53;HR;RS;Monthly Value;Import;Harmonized;M;M
Physical Energy & Power Flows;2020;1;185;185;185;BY;LT;Monthly Value;Export;Harmonized;NaM;M
Physical Energy & Power Flows;2020;8;0;0;0;SK;CZ;Monthly Value;Export;Harmonized;M;M
Physical Energy & Power Flows;2020;2;111;111;111;AT;IT;Monthly Value;Export;Harmonized;M;M
Physical Energy & Power Flows;2020;11;0;0;0;LT;RU;Monthly Value;Export;Harmonized;M;NaM
Physical Energy & Power Flows;2020;2;1;1;1;RO;BG;Monthly Value;Import;Harmonized;M;M
Physical Energy & Power Flows;2020;12;79;79;79;GR;IT;Monthly Value;Export;Harmonized;M;M
Physical Energy & Power Flows;2020;6;4;4;4;HR;SI;Monthly Value;Export;Harmonized;M;M
Physical Energy & Power Flows;2020;9;158;158;158;DK;NL;Monthly Value;Export;Harmonized;M;M
Physical Energy & Power Flows;2020;7;107;107;107;RU;UA;Monthly Value;Export;Harmonized;NaM;NaM
Physical Energy & Power Flows;2020;1;0;0;0;FI;RU;Monthly Value;Export;Harmonized;M;NaM
Physical Energy & Power Flows;2020;4;894;894;894;DE;PL;Monthly Value;Export;Harmonized;M;M
Physical Energy & Power Flows;2020;11;54;54;54;GR;IT;Monthly Value;Export;Harmonized;M;M
Physical Energy & Power Flows;2020;11;81;81;81;GB;FR;Monthly Value;Export;Harmonized;M;M
Physical Energy & Power Flows;2020;10;226;226;226;DE;FR;Monthly Value;Export;Harmonized;M;M
Physical Energy & Power Flows;2020;10;1407;1407;1407;NO;SE;Monthly Value;Export;Harmonized;M;M
Physical Energy & Power Flows;2020;2;18;18;18;SE;DE;Monthly Value;Import;Harmonized;M;M
Physical Energy & Power Flows;2020;6;51;51;51;RO;RS;Monthly Value;Import;Harmonized;M;M
Physical Energy & Power Flows;2020;8;1593;1593;1593;SE;FI;Monthly Value;Export;Harmonized;M;M
Physical Energy & Power Flows;2020;11;429;429;429;ME;BA;Monthly Value;Import;Harmonized;M;M
Physical Energy & Power Flows;2020;8;309;309;309;PL;SE;Monthly Value;Import;Harmonized;M;M
Physical Energy & Power Flows;2020;12;1;1;1;BY;LT;Monthly Value;Import;Harmonized;NaM;M
Physical Energy & Power Flows;2020;12;81;81;81;GR;MK;Monthly Value;Export;Harmonized;M;M
Physical Energy & Power Flows;2020;5;479;479;479;HR;SI;Monthly Value;Import;Harmonized;M;M
Physical Energy & Power Flows;2020;10;53;53;53;NO;SE;Monthly Value;Import;Harmonized;M;M
Physical Energy & Power Flows;2020;11;379;379;379;DE;DK;Monthly Value;Import;Harmonized;M;M
Physical Energy & Power Flows;2020;1;55;55;55;AL;RS;Monthly Value;Export;Harmonized;M;M
Physical Energy & Power Flows;2020;8;257;257;257;DE;DK;Monthly Value;Import;Harmonized;M;M
Physical Energy & Power Flows;2020;10;149;149;149;UA;PL;Monthly Value;Export;Harmonized;NaM;M
Physical Energy & Power Flows;2020;2;0;0;0;LU;BE;Monthly Value;Export;Harmonized;M;M
Physical Energy & Power Flows;2020;6;124;124;124;BG;MK;Monthly Value;Export;Harmonized;M;M
Physical Energy & Power Flows;2020;10;138;138;138;IE;GB;Monthly Value;Export;Harmonized;M;M
Physical Energy & Power Flows;2020;6;2;2;2;LV;RU;Monthly Value;Export;Harmonized;M;NaM
Physical Energy & Power Flows;2020;7;421;421;421;SE;LT;Monthly Value;Export;Harmonized;M;M
Physical Energy & Power Flows;2020;9;25;25;25;SE;DE;Monthly Value;Import;Harmonized;M;M
Physical Energy & Power Flows;2020;7;194;194;194;ME;IT;Monthly Value;Export;Harmonized;M;M
Physical Energy & Power Flows;2020;12;946;946;946;CZ;AT;Monthly Value;Export;Harmonized;M;M
Physical Energy & Power Flows;2020;8;11;11;11;MD;UA;Monthly Value;Export;Harmonized;NaM;NaM
Physical Energy & Power Flows;2020;1;79;79;79;SE;DK;Monthly Value;Import;Harmonized;M;M
Physical Energy & Power Flows;2020;2;734;734;734;HU;AT;Monthly Value;Import;Harmonized;M;M
Physical Energy & Power Flows;2020;3;362;362;362;BA;ME;Monthly Value;Export;Harmonized;M;M
Physical Energy & Power Flows;2020;2;0;0;0;BG;TR;Monthly Value;Import;Harmonized;M;M
Physical Energy & Power Flows;2020;2;5;5;5;AL;RS;Monthly Value;Import;Harmonized;M;M
Physical Energy & Power Flows;2020;9;491;491;491;CH;DE;Monthly Value;Export;Harmonized;M;M
Physical Energy & Power Flows;2020;12;3;3;3;ME;RS;Monthly Value;Import;Harmonized;M;M
Physical Energy & Power Flows;2020;6;148;148;148;BA;HR;Monthly Value;Import;Harmonized;M;M
Physical Energy & Power Flows;2020;2;82;82;82;BY;LT;Monthly Value;Export;Harmonized;NaM;M
Physical Energy & Power Flows;2020;3;85;85;85;GR;AL;Monthly Value;Import;Harmonized;M;M
Physical Energy & Power Flows;2020;7;147;147;147;UA;BY;Monthly Value;Export;Harmonized;NaM;NaM
Physical Energy & Power Flows;2020;10;551;551;551;ES;PT;Monthly Value;Import;Harmonized;M;M
Physical Energy & Power Flows;2020;2;0;0;0;GR;BG;Monthly Value;Export;Harmonized;M;M
Physical Energy & Power Flows;2020;10;264;264;264;HR;BA;Monthly Value;Export;Harmonized;M;M
Physical Energy & Power Flows;2020;7;311;311;311;NO;NL;Monthly Value;Export;Harmonized;M;M
Physical Energy & Power Flows;2020;2;0;0;0;ME;BA;Monthly Value;Export;Harmonized;M;M
Physical Energy & Power Flows;2020;1;20;20;20;BE;NL;Monthly Value;Export;Harmonized;M;M
Physical Energy & Power Flows;2020;12;3;3;3;BA;ME;Monthly Value;Import;Harmonized;M;M
Physical Energy & Power Flows;2020;6;84;84;84;FI;RU;Monthly Value;Import;Harmonized;M;NaM
Physical Energy & Power Flows;2020;12;209;209;209;HR;SI;Monthly Value;Export;Harmonized;M;M
Physical Energy & Power Flows;2020;4;60;60;60;ME;RS;Monthly Value;Import;Harmonized;M;M
Physical Energy & Power Flows;2020;8;202;202;202;FR;CH;Monthly Value;Export;Harmonized;M;M
Physical Energy & Power Flows;2020;6;25;25;25;RS;HR;Monthly Value;Export;Harmonized;M;M
Physical Energy & Power Flows;2020;8;0;0;0;FI;RU;Monthly Value;Export;Harmonized;M;NaM
Physical Energy & Power Flows;2020;4;7;7;7;RS;HU;Monthly Value;Export;Harmonized;M;M
Physical Energy & Power Flows;2020;3;343;343;343;DE;NL;Monthly Value;Import;Harmonized;M;M
Physical Energy & Power Flows;2020;9;571;571;571;HU;SK;Monthly Value;Import;Harmonized;M;M
Physical Energy & Power Flows;2020;6;35;35;35;HU;RS;Monthly Value;Import;Harmonized;M;M
Physical Energy & Power Flows;2020;2;0;0;0;RO;HU;Monthly Value;Export;Harmonized;M;M
Physical Energy & Power Flows;2020;11;47;47;47;CH;DE;Monthly Value;Export;Harmonized;M;M
Physical Energy & Power Flows;2020;12;110;110;110;UA;RU;Monthly Value;Export;Harmonized;NaM;NaM
Physical Energy & Power Flows;2020;3;461;461;461;IT;SI;Monthly Value;Import;Harmonized;M;M
Physical Energy & Power Flows;2020;8;1;1;1;AL;ME;Monthly Value;Export;Harmonized;M;M
Physical Energy & Power Flows;2020;6;366;366;366;AT;DE;Monthly Value;Import;Harmonized;M;M
Physical Energy & Power Flows;2020;5;250;250;250;UA;SK;Monthly Value;Import;Harmonized;NaM;M
Physical Energy & Power Flows;2020;12;406;406;406;LT;SE;Monthly Value;Import;Harmonized;M;M
Physical Energy & Power Flows;2020;1;9;9;9;DE;CH;Monthly Value;Import;Harmonized;M;M
Physical Energy & Power Flows;2020;11;201;201;201;DK;SE;Monthly Value;Export;Harmonized;M;M
Physical Energy & Power Flows;2020;7;22;22;22;PL;CZ;Monthly Value;Import;Harmonized;M;M
Physical Energy & Power Flows;2020;8;1;1;1;NO;DK;Monthly Value;Import;Harmonized;M;M
Physical Energy & Power Flows;2020;8;309;309;309;SE;PL;Monthly Value;Export;Harmonized;M;M
Physical Energy & Power Flows;2020;4;402;402;402;AT;SI;Monthly Value;Export;Harmonized;M;M
Physical Energy & Power Flows;2020;11;637;637;637;FI;EE;Monthly Value;Export;Harmonized;M;M
Physical Energy & Power Flows;2020;5;330;330;330;IT;GR;Monthly Value;Export;Harmonized;M;M
Physical Energy & Power Flows;2020;11;471;471;471;AT;CH;Monthly Value;Export;Harmonized;M;M
Physical Energy & Power Flows;2020;11;22;22;22;AL;RS;Monthly Value;Export;Harmonized;M;M
Physical Energy & Power Flows;2020;6;254;254;254;GB;NL;Monthly Value;Import;Harmonized;M;M
Physical Energy & Power Flows;2020;7;352;352;352;NL;BE;Monthly Value;Export;Harmonized;M;M
Physical Energy & Power Flows;2020;2;1717;1717;1717;FR;IT;Monthly Value;Export;Harmonized;M;M
Physical Energy & Power Flows;2020;8;249;249;249;BE;FR;Monthly Value;Export;Harmonized;M;M
Physical Energy & Power Flows;2020;10;100;100;100;RS;BA;Monthly Value;Import;Harmonized;M;M
Physical Energy & Power Flows;2020;4;1;1;1;UA;RO;Monthly Value;Import;Harmonized;NaM;M
Physical Energy & Power Flows;2020;6;18;18;18;CZ;AT;Monthly Value;Import;Harmonized;M;M
Physical Energy & Power Flows;2020;2;8;8;8;PL;CZ;Monthly Value;Import;Harmonized;M;M
Physical Energy & Power Flows;2020;3;1;1;1;UA;RO;Monthly Value;Import;Harmonized;NaM;M
Physical Energy & Power Flows;2020;12;876;876;876;DE;DK;Monthly Value;Import;Harmonized;M;M
Physical Energy & Power Flows;2020;4;26;26;26;RS;BG;Monthly Value;Export;Harmonized;M;M
Physical Energy & Power Flows;2020;6;126;126;126;PL;SK;Monthly Value;Export;Harmonized;M;M
Physical Energy & Power Flows;2020;7;41;41;41;ME;IT;Monthly Value;Import;Harmonized;M;M
Physical Energy & Power Flows;2020;11;4;4;4;AT;SI;Monthly Value;Import;Harmonized;M;M
Physical Energy & Power Flows;2020;10;345;345;345;ES;PT;Monthly Value;Export;Harmonized;M;M
Physical Energy & Power Flows;2020;5;9;9;9;BG;TR;Monthly Value;Import;Harmonized;M;M
Physical Energy & Power Flows;2020;11;22;22;22;PL;CZ;Monthly Value;Import;Harmonized;M;M
Physical Energy & Power Flows;2020;6;16;16;16;RO;UA;Monthly Value;Export;Harmonized;M;NaM
Physical Energy & Power Flows;2020;4;143;143;143;GR;TR;Monthly Value;Import;Harmonized;M;M
Physical Energy & Power Flows;2020;8;61;61;61;AT;CH;Monthly Value;Import;Harmonized;M;M
Physical Energy & Power Flows;2020;4;24;24;24;RU;EE;Monthly Value;Export;Harmonized;NaM;M
Physical Energy & Power Flows;2020;8;13;13;13;RU;EE;Monthly Value;Export;Harmonized;NaM;M
Physical Energy & Power Flows;2020;5;27;27;27;BG;RO;Monthly Value;Export;Harmonized;M;M
Physical Energy & Power Flows;2020;7;107;107;107;RS;HU;Monthly Value;Import;Harmonized;M;M
Physical Energy & Power Flows;2020;2;1;1;1;SK;CZ;Monthly Value;Export;Harmonized;M;M
Physical Energy & Power Flows;2020;3;0;0;0;MK;GR;Monthly Value;Import;Harmonized;M;M
Physical Energy & Power Flows;2020;10;1;1;1;LV;EE;Monthly Value;Export;Harmonized;M;M
Physical Energy & Power Flows;2020;1;123;123;123;UA;RU;Monthly Value;Import;Harmonized;NaM;NaM
Physical Energy & Power Flows;2020;11;637;637;637;EE;FI;Monthly Value;Import;Harmonized;M;M
Physical Energy & Power Flows;2020;11;323;323;323;PL;SK;Monthly Value;Export;Harmonized;M;M
Physical Energy & Power Flows;2020;5;3;3;3;SI;HR;Monthly Value;Import;Harmonized;M;M
Physical Energy & Power Flows;2020;5;1832;1832;1832;DE;FR;Monthly Value;Import;Harmonized;M;M
Physical Energy & Power Flows;2020;12;2;2;2;RS;BG;Monthly Value;Export;Harmonized;M;M
Physical Energy & Power Flows;2020;12;6;6;6;RU;UA;Monthly Value;Export;Harmonized;NaM;NaM
Physical Energy & Power Flows;2020;5;1;1;1;SE;PL;Monthly Value;Import;Harmonized;M;M
Physical Energy & Power Flows;2020;4;18;18;18;DE;CZ;Monthly Value;Import;Harmonized;M;M
Physical Energy & Power Flows;2020;1;301;301;301;ES;PT;Monthly Value;Export;Harmonized;M;M
Physical Energy & Power Flows;2020;3;56;56;56;LT;PL;Monthly Value;Import;Harmonized;M;M
Physical Energy & Power Flows;2020;5;186;186;186;UA;BY;Monthly Value;Export;Harmonized;NaM;NaM
Physical Energy & Power Flows;2020;3;23;23;23;LV;EE;Monthly Value;Export;Harmonized;M;M
Physical Energy & Power Flows;2020;3;59;59;59;CZ;DE;Monthly Value;Export;Harmonized;M;M
Physical Energy & Power Flows;2020;2;947;947;947;SK;CZ;Monthly Value;Import;Harmonized;M;M
Physical Energy & Power Flows;2020;11;74;74;74;UA;RU;Monthly Value;Export;Harmonized;NaM;NaM
Physical Energy & Power Flows;2020;1;576;576;576;PL;SK;Monthly Value;Export;Harmonized;M;M
Physical Energy & Power Flows;2020;9;1028;1028;1028;ES;FR;Monthly Value;Export;Harmonized;M;M
Physical Energy & Power Flows;2020;4;429;429;429;NL;DE;Monthly Value;Import;Harmonized;M;M
Physical Energy & Power Flows;2020;1;283;283;283;DK;NO;Monthly Value;Import;Harmonized;M;M
Physical Energy & Power Flows;2020;10;1;1;1;HU;RO;Monthly Value;Import;Harmonized;M;M
Physical Energy & Power Flows;2020;8;35;35;35;SE;LT;Monthly Value;Import;Harmonized;M;M
Physical Energy & Power Flows;2020;4;4;4;4;HU;RO;Monthly Value;Import;Harmonized;M;M
Physical Energy & Power Flows;2020;5;41;41;41;BG;RS;Monthly Value;Import;Harmonized;M;M
Physical Energy & Power Flows;2020;4;0;0;0;IT;AT;Monthly Value;Export;Harmonized;M;M
Physical Energy & Power Flows;2020;10;6;6;6;CH;AT;Monthly Value;Export;Harmonized;M;M
Physical Energy & Power Flows;2020;11;5;5;5;RS;BG;Monthly Value;Export;Harmonized;M;M
Physical Energy & Power Flows;2020;3;60;60;60;RS;ME;Monthly Value;Import;Harmonized;M;M
Physical Energy & Power Flows;2020;10;72;72;72;CZ;PL;Monthly Value;Export;Harmonized;M;M
Physical Energy & Power Flows;2020;5;41;41;41;RS;BG;Monthly Value;Export;Harmonized;M;M
Physical Energy & Power Flows;2020;7;1673;1673;1673;CH;IT;Monthly Value;Export;Harmonized;M;M
Physical Energy & Power Flows;2020;4;0;0;0;UA;SK;Monthly Value;Export;Harmonized;NaM;M
Physical Energy & Power Flows;2020;2;270;270;270;PL;CZ;Monthly Value;Export;Harmonized;M;M
Physical Energy & Power Flows;2020;7;287;287;287;ME;BA;Monthly Value;Import;Harmonized;M;M
Physical Energy & Power Flows;2020;8;177;177;177;LV;EE;Monthly Value;Import;Harmonized;M;M
Physical Energy & Power Flows;2020;1;680;680;680;SE;NO;Monthly Value;Export;Harmonized;M;M
Physical Energy & Power Flows;2020;6;3;3;3;BY;LT;Monthly Value;Import;Harmonized;NaM;M
Physical Energy & Power Flows;2020;2;8;8;8;CZ;PL;Monthly Value;Export;Harmonized;M;M
Physical Energy & Power Flows;2020;7;86;86;86;BE;FR;Monthly Value;Import;Harmonized;M;M
Physical Energy & Power Flows;2020;3;28;28;28;LV;LT;Monthly Value;Import;Harmonized;M;M
Physical Energy & Power Flows;2020;2;219;219;219;SE;DE;Monthly Value;Export;Harmonized;M;M
Physical Energy & Power Flows;2020;5;957;957;957;FR;GB;Monthly Value;Export;Harmonized;M;M
Physical Energy & Power Flows;2020;7;1;1;1;TR;GR;Monthly Value;Import;Harmonized;M;M
Physical Energy & Power Flows;2020;5;28;28;28;CH;FR;Monthly Value;Export;Harmonized;M;M
Physical Energy & Power Flows;2020;11;11;11;11;RS;AL;Monthly Value;Export;Harmonized;M;M
Physical Energy & Power Flows;2020;9;1;1;1;NO;SE;Monthly Value;Import;Harmonized;M;M
Physical Energy & Power Flows;2020;5;196;196;196;RO;BG;Monthly Value;Export;Harmonized;M;M
Physical Energy & Power Flows;2020;4;16;16;16;AL;GR;Monthly Value;Import;Harmonized;M;M
Physical Energy & Power Flows;2020;3;616;616;616;GB;BE;Monthly Value;Import;Harmonized;M;M
Physical Energy & Power Flows;2020;9;95;95;95;UA;RO;Monthly Value;Export;Harmonized;NaM;M
Physical Energy & Power Flows;2020;9;86;86;86;RU;UA;Monthly Value;Export;Harmonized;NaM;NaM
Physical Energy & Power Flows;2020;8;644;644;644;DE;FR;Monthly Value;Import;Harmonized;M;M
Physical Energy & Power Flows;2020;8;27;27;27;HU;RS;Monthly Value;Export;Harmonized;M;M
Physical Energy & Power Flows;2020;12;45;45;45;TR;BG;Monthly Value;Export;Harmonized;M;M
Physical Energy & Power Flows;2020;9;23;23;23;FR;IT;Monthly Value;Import;Harmonized;M;M
Physical Energy & Power Flows;2020;1;48;48;48;EE;RU;Monthly Value;Import;Harmonized;M;NaM
Physical Energy & Power Flows;2020;3;17;17;17;HR;RS;Monthly Value;Export;Harmonized;M;M
Physical Energy & Power Flows;2020;1;395;395;395;UA;RO;Monthly Value;Export;Harmonized;NaM;M
Physical Energy & Power Flows;2020;12;46;46;46;RS;HR;Monthly Value;Import;Harmonized;M;M
Physical Energy & Power Flows;2020;4;87;87;87;UA;PL;Monthly Value;Export;Harmonized;NaM;M
Physical Energy & Power Flows;2020;6;40;40;40;BG;RS;Monthly Value;Export;Harmonized;M;M
Physical Energy & Power Flows;2020;8;351;351;351;GR;MK;Monthly Value;Import;Harmonized;M;M
Physical Energy & Power Flows;2020;10;357;357;357;PL;SE;Monthly Value;Import;Harmonized;M;M
Physical Energy & Power Flows;2020;1;428;428;428;SE;LT;Monthly Value;Export;Harmonized;M;M
Physical Energy & Power Flows;2020;5;250;250;250;CH;IT;Monthly Value;Import;Harmonized;M;M
Physical Energy & Power Flows;2020;8;60;60;60;SE;DE;Monthly Value;Export;Harmonized;M;M
Physical Energy & Power Flows;2020;9;2;2;2;IT;SI;Monthly Value;Export;Harmonized;M;M
Physical Energy & Power Flows;2020;12;2;2;2;BG;RS;Monthly Value;Import;Harmonized;M;M
Physical Energy & Power Flows;2020;9;21;21;21;GB;NL;Monthly Value;Export;Harmonized;M;M
Physical Energy & Power Flows;2020;6;132;132;132;BE;FR;Monthly Value;Export;Harmonized;M;M
Physical Energy & Power Flows;2020;2;197;197;197;PL;LT;Monthly Value;Import;Harmonized;M;M
Physical Energy & Power Flows;2020;3;84;84;84;IT;AT;Monthly Value;Import;Harmonized;M;M
Physical Energy & Power Flows;2020;4;584;584;584;FI;EE;Monthly Value;Export;Harmonized;M;M
Physical Energy & Power Flows;2020;9;3;3;3;LV;EE;Monthly Value;Export;Harmonized;M;M
Physical Energy & Power Flows;2020;8;27;27;27;RO;BG;Monthly Value;Import;Harmonized;M;M
Physical Energy & Power Flows;2020;10;0;0;0;BG;MK;Monthly Value;Import;Harmonized;M;M
Physical Energy & Power Flows;2020;10;2007;2007;2007;CH;IT;Monthly Value;Export;Harmonized;M;M
Physical Energy & Power Flows;2020;7;119;119;119;LV;RU;Monthly Value;Import;Harmonized;M;NaM
Physical Energy & Power Flows;2020;9;367;367;367;CH;DE;Monthly Value;Import;Harmonized;M;M
Physical Energy & Power Flows;2020;8;10;10;10;EE;FI;Monthly Value;Export;Harmonized;M;M
Physical Energy & Power Flows;2020;7;114;114;114;UA;PL;Monthly Value;Export;Harmonized;NaM;M
Physical Energy & Power Flows;2020;1;4;4;4;RO;BG;Monthly Value;Import;Harmonized;M;M
Physical Energy & Power Flows;2020;8;637;637;637;IT;FR;Monthly Value;Import;Harmonized;M;M
Physical Energy & Power Flows;2020;5;48;48;48;DE;FR;Monthly Value;Export;Harmonized;M;M
Physical Energy & Power Flows;2020;12;539;539;539;ES;FR;Monthly Value;Import;Harmonized;M;M
Physical Energy & Power Flows;2020;1;447;447;447;BG;RO;Monthly Value;Import;Harmonized;M;M
Physical Energy & Power Flows;2020;1;33;33;33;RS;BG;Monthly Value;Import;Harmonized;M;M
Physical Energy & Power Flows;2020;10;4;4;4;AL;GR;Monthly Value;Import;Harmonized;M;M
Physical Energy & Power Flows;2020;9;598;598;598;FR;CH;Monthly Value;Import;Harmonized;M;M
Physical Energy & Power Flows;2020;12;31;31;31;BG;RO;Monthly Value;Export;Harmonized;M;M
Physical Energy & Power Flows;2020;4;780;780;780;CH;FR;Monthly Value;Import;Harmonized;M;M
Physical Energy & Power Flows;2020;5;32;32;32;IE;GB;Monthly Value;Import;Harmonized;M;M
Physical Energy & Power Flows;2020;7;10;10;10;NL;NO;Monthly Value;Export;Harmonized;M;M
Physical Energy & Power Flows;2020;3;367;367;367;RS;MK;Monthly Value;Export;Harmonized;M;M
Physical Energy & Power Flows;2020;12;1273;1273;1273;SE;NO;Monthly Value;Import;Harmonized;M;M
Physical Energy & Power Flows;2020;6;496;496;496;BE;FR;Monthly Value;Import;Harmonized;M;M
Physical Energy & Power Flows;2020;6;228;228;228;DK;NL;Monthly Value;Import;Harmonized;M;M
Physical Energy & Power Flows;2020;8;29;29;29;NO;FI;Monthly Value;Export;Harmonized;M;M
Physical Energy & Power Flows;2020;6;167;167;167;PT;ES;Monthly Value;Export;Harmonized;M;M
Physical Energy & Power Flows;2020;8;117;117;117;RO;HU;Monthly Value;Import;Harmonized;M;M
Physical Energy & Power Flows;2020;2;45;45;45;GB;NL;Monthly Value;Export;Harmonized;M;M
Physical Energy & Power Flows;2020;1;1762;1762;1762;CH;DE;Monthly Value;Import;Harmonized;M;M
Physical Energy & Power Flows;2020;12;748;748;748;NL;BE;Monthly Value;Export;Harmonized;M;M
Physical Energy & Power Flows;2020;1;1053;1053;1053;DE;CZ;Monthly Value;Export;Harmonized;M;M
Physical Energy & Power Flows;2020;2;314;314;314;AL;ME;Monthly Value;Import;Harmonized;M;M
Physical Energy & Power Flows;2020;9;19;19;19;RU;UA;Monthly Value;Import;Harmonized;NaM;NaM
Physical Energy & Power Flows;2020;7;12;12;12;MD;UA;Monthly Value;Export;Harmonized;NaM;NaM
Physical Energy & Power Flows;2020;1;274;274;274;PL;LT;Monthly Value;Import;Harmonized;M;M
Physical Energy & Power Flows;2020;9;20;20;20;ME;IT;Monthly Value;Import;Harmonized;M;M
Physical Energy & Power Flows;2020;3;14;14;14;GB;NL;Monthly Value;Export;Harmonized;M;M
Physical Energy & Power Flows;2020;8;446;446;446;NL;NO;Monthly Value;Import;Harmonized;M;M
Physical Energy & Power Flows;2020;12;395;395;395;PT;ES;Monthly Value;Export;Harmonized;M;M
Physical Energy & Power Flows;2020;1;181;181;181;UA;HU;Monthly Value;Export;Harmonized;NaM;M
Physical Energy & Power Flows;2020;9;61;61;61;HR;SI;Monthly Value;Export;Harmonized;M;M
Physical Energy & Power Flows;2020;4;54;54;54;RS;HR;Monthly Value;Export;Harmonized;M;M
Physical Energy & Power Flows;2020;6;264;264;264;TR;BG;Monthly Value;Import;Harmonized;M;M
Physical Energy & Power Flows;2020;4;16;16;16;BE;GB;Monthly Value;Import;Harmonized;M;M
Physical Energy & Power Flows;2020;3;1972;1972;1972;CH;IT;Monthly Value;Export;Harmonized;M;M
Physical Energy & Power Flows;2020;6;1;1;1;SE;PL;Monthly Value;Import;Harmonized;M;M
Physical Energy & Power Flows;2020;12;642;642;642;NL;DE;Monthly Value;Import;Harmonized;M;M
Physical Energy & Power Flows;2020;1;949;949;949;BE;NL;Monthly Value;Import;Harmonized;M;M
Physical Energy & Power Flows;2020;11;197;197;197;RU;EE;Monthly Value;Import;Harmonized;NaM;M
Physical Energy & Power Flows;2020;6;213;213;213;RU;UA;Monthly Value;Export;Harmonized;NaM;NaM
Physical Energy & Power Flows;2020;2;10;10;10;ME;RS;Monthly Value;Import;Harmonized;M;M
Physical Energy & Power Flows;2020;11;305;305;305;DE;LU;Monthly Value;Export;Harmonized;M;M
Physical Energy & Power Flows;2020;11;5;5;5;BG;RS;Monthly Value;Import;Harmonized;M;M
Physical Energy & Power Flows;2020;2;26;26;26;UA;BY;Monthly Value;Import;Harmonized;NaM;NaM
Physical Energy & Power Flows;2020;9;21;21;21;NO;FI;Monthly Value;Export;Harmonized;M;M
Physical Energy & Power Flows;2020;4;261;261;261;ES;FR;Monthly Value;Export;Harmonized;M;M
Physical Energy & Power Flows;2020;7;287;287;287;BA;ME;Monthly Value;Export;Harmonized;M;M
Physical Energy & Power Flows;2020;3;2;2;2;FI;RU;Monthly Value;Export;Harmonized;M;NaM
Physical Energy & Power Flows;2020;7;1742;1742;1742;SE;FI;Monthly Value;Export;Harmonized;M;M
Physical Energy & Power Flows;2020;3;1126;1126;1126;CH;FR;Monthly Value;Import;Harmonized;M;M
Physical Energy & Power Flows;2020;2;219;219;219;DE;SE;Monthly Value;Import;Harmonized;M;M
Physical Energy & Power Flows;2020;10;61;61;61;BE;NL;Monthly Value;Export;Harmonized;M;M
Physical Energy & Power Flows;2020;9;59;59;59;RS;RO;Monthly Value;Import;Harmonized;M;M
Physical Energy & Power Flows;2020;7;792;792;792;SK;CZ;Monthly Value;Import;Harmonized;M;M
Physical Energy & Power Flows;2020;3;101;101;101;RU;EE;Monthly Value;Import;Harmonized;NaM;M
Physical Energy & Power Flows;2020;6;308;308;308;DE;AT;Monthly Value;Import;Harmonized;M;M
Physical Energy & Power Flows;2020;11;6;6;6;EE;LV;Monthly Value;Import;Harmonized;M;M
Physical Energy & Power Flows;2020;12;223;223;223;RO;UA;Monthly Value;Import;Harmonized;M;NaM
Physical Energy & Power Flows;2020;8;0;0;0;TR;GR;Monthly Value;Import;Harmonized;M;M
Physical Energy & Power Flows;2020;2;528;528;528;FI;EE;Monthly Value;Export;Harmonized;M;M
Physical Energy & Power Flows;2020;5;0;0;0;AT;IT;Monthly Value;Import;Harmonized;M;M
Physical Energy & Power Flows;2020;12;6;6;6;RS;MK;Monthly Value;Import;Harmonized;M;M
Physical Energy & Power Flows;2020;6;254;254;254;NL;GB;Monthly Value;Export;Harmonized;M;M
Physical Energy & Power Flows;2020;12;957;957;957;CZ;SK;Monthly Value;Export;Harmonized;M;M
Physical Energy & Power Flows;2020;4;92;92;92;SE;DK;Monthly Value;Import;Harmonized;M;M
Physical Energy & Power Flows;2020;10;431;431;431;FR;DE;Monthly Value;Export;Harmonized;M;M
Physical Energy & Power Flows;2020;5;307;307;307;SE;PL;Monthly Value;Export;Harmonized;M;M
Physical Energy & Power Flows;2020;8;110;110;110;RS;RO;Monthly Value;Export;Harmonized;M;M
Physical Energy & Power Flows;2020;3;363;363;363;NL;DK;Monthly Value;Import;Harmonized;M;M
Physical Energy & Power Flows;2020;5;93;93;93;PL;CZ;Monthly Value;Import;Harmonized;M;M
Physical Energy & Power Flows;2020;9;14;14;14;AT;HU;Monthly Value;Import;Harmonized;M;M
Physical Energy & Power Flows;2020;11;1;1;1;MK;RS;Monthly Value;Export;Harmonized;M;M
Physical Energy & Power Flows;2020;2;0;0;0;TR;GR;Monthly Value;Import;Harmonized;M;M
Physical Energy & Power Flows;2020;1;1074;1074;1074;HU;SK;Monthly Value;Import;Harmonized;M;M
Physical Energy & Power Flows;2020;9;82;82;82;RS;HU;Monthly Value;Export;Harmonized;M;M
Physical Energy & Power Flows;2020;11;0;0;0;RO;MD;Monthly Value;Import;Harmonized;M;NaM
Physical Energy & Power Flows;2020;2;395;395;395;SK;PL;Monthly Value;Import;Harmonized;M;M
Physical Energy & Power Flows;2020;10;1;1;1;BA;ME;Monthly Value;Import;Harmonized;M;M
Physical Energy & Power Flows;2020;10;26;26;26;FR;GB;Monthly Value;Import;Harmonized;M;M
Physical Energy & Power Flows;2020;4;665;665;665;ES;PT;Monthly Value;Export;Harmonized;M;M
Physical Energy & Power Flows;2020;12;103;103;103;UA;PL;Monthly Value;Export;Harmonized;NaM;M
Physical Energy & Power Flows;2020;11;1217;1217;1217;AT;DE;Monthly Value;Import;Harmonized;M;M
Physical Energy & Power Flows;2020;11;233;233;233;HU;UA;Monthly Value;Import;Harmonized;M;NaM
Physical Energy & Power Flows;2020;3;0;0;0;LU;BE;Monthly Value;Export;Harmonized;M;M
Physical Energy & Power Flows;2020;4;20;20;20;SE;DE;Monthly Value;Import;Harmonized;M;M
Physical Energy & Power Flows;2020;7;294;294;294;NL;GB;Monthly Value;Export;Harmonized;M;M
Physical Energy & Power Flows;2020;10;818;818;818;NO;DK;Monthly Value;Export;Harmonized;M;M
Physical Energy & Power Flows;2020;2;187;187;187;BG;MK;Monthly Value;Export;Harmonized;M;M
Physical Energy & Power Flows;2020;10;20;20;20;SI;AT;Monthly Value;Export;Harmonized;M;M
Physical Energy & Power Flows;2020;11;3;3;3;AT;DE;Monthly Value;Export;Harmonized;M;M
Physical Energy & Power Flows;2020;2;46;46;46;NL;DK;Monthly Value;Export;Harmonized;M;M
Physical Energy & Power Flows;2020;12;1;1;1;RU;LV;Monthly Value;Import;Harmonized;NaM;M
Physical Energy & Power Flows;2020;10;299;299;299;DE;LU;Monthly Value;Export;Harmonized;M;M
Physical Energy & Power Flows;2020;4;1;1;1;AT;HU;Monthly Value;Import;Harmonized;M;M
Physical Energy & Power Flows;2020;6;391;391;391;AT;CZ;Monthly Value;Import;Harmonized;M;M
Physical Energy & Power Flows;2020;2;236;236;236;DE;NL;Monthly Value;Import;Harmonized;M;M
Physical Energy & Power Flows;2020;6;9;9;9;CZ;SK;Monthly Value;Import;Harmonized;M;M
Physical Energy & Power Flows;2020;11;250;250;250;SI;HR;Monthly Value;Export;Harmonized;M;M
Physical Energy & Power Flows;2020;4;0;0;0;MD;RO;Monthly Value;Import;Harmonized;NaM;M
Physical Energy & Power Flows;2020;10;28;28;28;RS;HR;Monthly Value;Export;Harmonized;M;M
Physical Energy & Power Flows;2020;7;114;114;114;ES;PT;Monthly Value;Import;Harmonized;M;M
Physical Energy & Power Flows;2020;1;0;0;0;MD;RO;Monthly Value;Import;Harmonized;NaM;M
Physical Energy & Power Flows;2020;4;467;467;467;CH;IT;Monthly Value;Export;Harmonized;M;M
Physical Energy & Power Flows;2020;4;4;4;4;RU;FI;Monthly Value;Import;Harmonized;NaM;M
Physical Energy & Power Flows;2020;6;35;35;35;RS;HU;Monthly Value;Export;Harmonized;M;M
Physical Energy & Power Flows;2020;8;864;864;864;DE;PL;Monthly Value;Export;Harmonized;M;M
Physical Energy & Power Flows;2020;8;85;85;85;BG;RS;Monthly Value;Export;Harmonized;M;M
Physical Energy & Power Flows;2020;11;201;201;201;SE;DK;Monthly Value;Import;Harmonized;M;M
Physical Energy & Power Flows;2020;10;22;22;22;GB;BE;Monthly Value;Export;Harmonized;M;M
Physical Energy & Power Flows;2020;11;70;70;70;DE;FR;Monthly Value;Export;Harmonized;M;M
Physical Energy & Power Flows;2020;7;2;2;2;BY;LT;Monthly Value;Import;Harmonized;NaM;M
Physical Energy & Power Flows;2020;7;34;34;34;AL;GR;Monthly Value;Export;Harmonized;M;M
Physical Energy & Power Flows;2020;2;498;498;498;ES;PT;Monthly Value;Export;Harmonized;M;M
Physical Energy & Power Flows;2020;9;216;216;216;FR;BE;Monthly Value;Export;Harmonized;M;M
Physical Energy & Power Flows;2020;10;513;513;513;DK;DE;Monthly Value;Export;Harmonized;M;M
Physical Energy & Power Flows;2020;9;55;55;55;PL;CZ;Monthly Value;Import;Harmonized;M;M
Physical Energy & Power Flows;2020;12;66;66;66;RS;HU;Monthly Value;Export;Harmonized;M;M
Physical Energy & Power Flows;2020;12;0;0;0;XK;AL;Monthly Value;Import;Harmonized;M;M
Physical Energy & Power Flows;2020;3;341;341;341;NL;BE;Monthly Value;Export;Harmonized;M;M
Physical Energy & Power Flows;2020;2;21;21;21;LT;PL;Monthly Value;Import;Harmonized;M;M
Physical Energy & Power Flows;2020;4;429;429;429;DE;NL;Monthly Value;Export;Harmonized;M;M
Physical Energy & Power Flows;2020;5;13;13;13;RS;AL;Monthly Value;Export;Harmonized;M;M
Physical Energy & Power Flows;2020;5;0;0;0;ME;AL;Monthly Value;Import;Harmonized;M;M
Physical Energy & Power Flows;2020;10;18;18;18;UA;RU;Monthly Value;Export;Harmonized;NaM;NaM
Physical Energy & Power Flows;2020;11;234;234;234;ME;AL;Monthly Value;Export;Harmonized;M;M
Physical Energy & Power Flows;2020;10;299;299;299;LU;DE;Monthly Value;Import;Harmonized;M;M
Physical Energy & Power Flows;2020;5;32;32;32;CH;DE;Monthly Value;Import;Harmonized;M;M
Physical Energy & Power Flows;2020;1;69;69;69;RU;EE;Monthly Value;Import;Harmonized;NaM;M
Physical Energy & Power Flows;2020;1;1;1;1;BG;MK;Monthly Value;Import;Harmonized;M;M
Physical Energy & Power Flows;2020;12;395;395;395;ES;PT;Monthly Value;Import;Harmonized;M;M
Physical Energy & Power Flows;2020;6;367;367;367;PL;SE;Monthly Value;Import;Harmonized;M;M
Physical Energy & Power Flows;2020;2;8;8;8;RS;HR;Monthly Value;Export;Harmonized;M;M
Physical Energy & Power Flows;2020;8;132;132;132;RU;EE;Monthly Value;Import;Harmonized;NaM;M
Physical Energy & Power Flows;2020;3;1;1;1;SI;AT;Monthly Value;Export;Harmonized;M;M
Physical Energy & Power Flows;2020;1;272;272;272;SE;NO;Monthly Value;Import;Harmonized;M;M
Physical Energy & Power Flows;2020;2;0;0;0;IT;GR;Monthly Value;Import;Harmonized;M;M
Physical Energy & Power Flows;2020;5;0;0;0;RS;MK;Monthly Value;Import;Harmonized;M;M
Physical Energy & Power Flows;2020;9;177;177;177;SI;HR;Monthly Value;Export;Harmonized;M;M
Physical Energy & Power Flows;2020;4;1;1;1;BA;ME;Monthly Value;Import;Harmonized;M;M
Physical Energy & Power Flows;2020;10;9;9;9;DE;BE;Monthly Value;Export;Harmonized;M;M
Physical Energy & Power Flows;2020;9;470;470;470;GB;FR;Monthly Value;Import;Harmonized;M;M
Physical Energy & Power Flows;2020;8;180;180;180;MK;RS;Monthly Value;Import;Harmonized;M;M
Physical Energy & Power Flows;2020;8;74;74;74;RS;HU;Monthly Value;Export;Harmonized;M;M
Physical Energy & Power Flows;2020;3;202;202;202;DE;DK;Monthly Value;Export;Harmonized;M;M
Physical Energy & Power Flows;2020;12;1;1;1;SK;HU;Monthly Value;Import;Harmonized;M;M
Physical Energy & Power Flows;2020;1;227;227;227;IT;SI;Monthly Value;Import;Harmonized;M;M
Physical Energy & Power Flows;2020;3;307;307;307;DE;LU;Monthly Value;Export;Harmonized;M;M
Physical Energy & Power Flows;2020;8;12;12;12;UA;HU;Monthly Value;Import;Harmonized;NaM;M
Physical Energy & Power Flows;2020;6;511;511;511;DE;DK;Monthly Value;Export;Harmonized;M;M
Physical Energy & Power Flows;2020;2;603;603;603;BA;ME;Monthly Value;Export;Harmonized;M;M
Physical Energy & Power Flows;2020;8;722;722;722;DE;NL;Monthly Value;Import;Harmonized;M;M
Physical Energy & Power Flows;2020;6;124;124;124;CH;AT;Monthly Value;Import;Harmonized;M;M
Physical Energy & Power Flows;2020;11;61;61;61;FR;CH;Monthly Value;Import;Harmonized;M;M
Physical Energy & Power Flows;2020;4;0;0;0;MT;IT;Monthly Value;Export;Harmonized;NaM;M
Physical Energy & Power Flows;2020;4;6;6;6;UA;MD;Monthly Value;Export;Harmonized;NaM;NaM
Physical Energy & Power Flows;2020;12;104;104;104;LV;LT;Monthly Value;Import;Harmonized;M;M
Physical Energy & Power Flows;2020;1;239;239;239;LT;RU;Monthly Value;Import;Harmonized;M;NaM
Physical Energy & Power Flows;2020;2;205;205;205;HU;UA;Monthly Value;Import;Harmonized;M;NaM
Physical Energy & Power Flows;2020;1;5;5;5;NO;FI;Monthly Value;Import;Harmonized;M;M
Physical Energy & Power Flows;2020;4;36;36;36;BG;RO;Monthly Value;Export;Harmonized;M;M
Physical Energy & Power Flows;2020;3;1;1;1;IT;FR;Monthly Value;Export;Harmonized;M;M
Physical Energy & Power Flows;2020;6;201;201;201;NL;NO;Monthly Value;Import;Harmonized;M;M
Physical Energy & Power Flows;2020;12;100;100;100;DK;DE;Monthly Value;Import;Harmonized;M;M
Physical Energy & Power Flows;2020;2;1;1;1;CZ;SK;Monthly Value;Import;Harmonized;M;M
Physical Energy & Power Flows;2020;10;36;36;36;SI;HR;Monthly Value;Import;Harmonized;M;M
Physical Energy & Power Flows;2020;7;1311;1311;1311;DE;NL;Monthly Value;Import;Harmonized;M;M
Physical Energy & Power Flows;2020;5;15;15;15;LV;EE;Monthly Value;Export;Harmonized;M;M
Physical Energy & Power Flows;2020;12;1;1;1;UA;HU;Monthly Value;Import;Harmonized;NaM;M
Physical Energy & Power Flows;2020;4;1;1;1;GR;BG;Monthly Value;Export;Harmonized;M;M
Physical Energy & Power Flows;2020;5;82;82;82;CZ;DE;Monthly Value;Export;Harmonized;M;M
Physical Energy & Power Flows;2020;3;160;160;160;PL;UA;Monthly Value;Import;Harmonized;M;NaM
Physical Energy & Power Flows;2020;3;11;11;11;DE;SE;Monthly Value;Export;Harmonized;M;M
Physical Energy & Power Flows;2020;6;117;117;117;DE;DK;Monthly Value;Import;Harmonized;M;M
Physical Energy & Power Flows;2020;6;286;286;286;SI;AT;Monthly Value;Import;Harmonized;M;M
Physical Energy & Power Flows;2020;11;877;877;877;PT;ES;Monthly Value;Export;Harmonized;M;M
Physical Energy & Power Flows;2020;9;86;86;86;UA;RU;Monthly Value;Import;Harmonized;NaM;NaM
Physical Energy & Power Flows;2020;12;110;110;110;RU;UA;Monthly Value;Import;Harmonized;NaM;NaM
Physical Energy & Power Flows;2020;7;2;2;2;EE;RU;Monthly Value;Import;Harmonized;M;NaM
Physical Energy & Power Flows;2020;9;149;149;149;UA;BY;Monthly Value;Export;Harmonized;NaM;NaM
Physical Energy & Power Flows;2020;7;317;317;317;DE;LU;Monthly Value;Export;Harmonized;M;M
Physical Energy & Power Flows;2020;5;47;47;47;AT;CH;Monthly Value;Export;Harmonized;M;M
Physical Energy & Power Flows;2020;9;462;462;462;EE;FI;Monthly Value;Import;Harmonized;M;M
Physical Energy & Power Flows;2020;7;765;765;765;SK;HU;Monthly Value;Export;Harmonized;M;M
Physical Energy & Power Flows;2020;5;10;10;10;UA;MD;Monthly Value;Import;Harmonized;NaM;NaM
Physical Energy & Power Flows;2020;10;52;52;52;LV;LT;Monthly Value;Export;Harmonized;M;M
Physical Energy & Power Flows;2020;3;25;25;25;RS;ME;Monthly Value;Export;Harmonized;M;M
Physical Energy & Power Flows;2020;8;5;5;5;SI;AT;Monthly Value;Export;Harmonized;M;M
Physical Energy & Power Flows;2020;6;51;51;51;RS;RO;Monthly Value;Export;Harmonized;M;M
Physical Energy & Power Flows;2020;9;4;4;4;LT;BY;Monthly Value;Export;Harmonized;M;NaM
Physical Energy & Power Flows;2020;8;2;2;2;RS;MK;Monthly Value;Import;Harmonized;M;M
Physical Energy & Power Flows;2020;8;1;1;1;LT;BY;Monthly Value;Export;Harmonized;M;NaM
Physical Energy & Power Flows;2020;9;3;3;3;NL;NO;Monthly Value;Export;Harmonized;M;M
Physical Energy & Power Flows;2020;4;190;190;190;SE;NO;Monthly Value;Export;Harmonized;M;M
Physical Energy & Power Flows;2020;1;792;792;792;ES;PT;Monthly Value;Import;Harmonized;M;M
Physical Energy & Power Flows;2020;5;771;771;771;NO;DK;Monthly Value;Export;Harmonized;M;M
Physical Energy & Power Flows;2020;11;156;156;156;HU;RO;Monthly Value;Export;Harmonized;M;M
Physical Energy & Power Flows;2020;1;212;212;212;IT;ME;Monthly Value;Export;Harmonized;M;M
Physical Energy & Power Flows;2020;3;7;7;7;BG;RS;Monthly Value;Import;Harmonized;M;M
Physical Energy & Power Flows;2020;9;225;225;225;IT;ME;Monthly Value;Import;Harmonized;M;M
Physical Energy & Power Flows;2020;5;40;40;40;HU;UA;Monthly Value;Export;Harmonized;M;NaM
Physical Energy & Power Flows;2020;3;1070;1070;1070;FR;ES;Monthly Value;Export;Harmonized;M;M
Physical Energy & Power Flows;2020;12;221;221;221;RO;BG;Monthly Value;Export;Harmonized;M;M
Physical Energy & Power Flows;2020;6;73;73;73;BE;GB;Monthly Value;Import;Harmonized;M;M
Physical Energy & Power Flows;2020;1;203;203;203;RS;BA;Monthly Value;Import;Harmonized;M;M
Physical Energy & Power Flows;2020;6;78;78;78;DE;SE;Monthly Value;Export;Harmonized;M;M
Physical Energy & Power Flows;2020;8;351;351;351;MK;GR;Monthly Value;Export;Harmonized;M;M
Physical Energy & Power Flows;2020;12;552;552;552;BE;GB;Monthly Value;Export;Harmonized;M;M
Physical Energy & Power Flows;2020;11;197;197;197;FI;RU;Monthly Value;Import;Harmonized;M;NaM
Physical Energy & Power Flows;2020;9;0;0;0;BG;MK;Monthly Value;Import;Harmonized;M;M
Physical Energy & Power Flows;2020;4;35;35;35;NO;DK;Monthly Value;Import;Harmonized;M;M
Physical Energy & Power Flows;2020;3;117;117;117;FI;RU;Monthly Value;Import;Harmonized;M;NaM
Physical Energy & Power Flows;2020;2;25;25;25;DE;CH;Monthly Value;Import;Harmonized;M;M
Physical Energy & Power Flows;2020;8;294;294;294;CH;AT;Monthly Value;Import;Harmonized;M;M
Physical Energy & Power Flows;2020;1;1;1;1;MK;BG;Monthly Value;Export;Harmonized;M;M
Physical Energy & Power Flows;2020;5;2;2;2;RU;FI;Monthly Value;Import;Harmonized;NaM;M
Physical Energy & Power Flows;2020;3;0;0;0;BA;ME;Monthly Value;Import;Harmonized;M;M
Physical Energy & Power Flows;2020;7;44;44;44;SE;DK;Monthly Value;Import;Harmonized;M;M
Physical Energy & Power Flows;2020;7;1673;1673;1673;IT;CH;Monthly Value;Import;Harmonized;M;M
Physical Energy & Power Flows;2020;5;62;62;62;RS;RO;Monthly Value;Export;Harmonized;M;M
Physical Energy & Power Flows;2020;9;278;278;278;ES;FR;Monthly Value;Import;Harmonized;M;M
Physical Energy & Power Flows;2020;10;20;20;20;NO;DE;Monthly Value;Import;Harmonized;M;M
Physical Energy & Power Flows;2020;3;14;14;14;NL;GB;Monthly Value;Import;Harmonized;M;M
Physical Energy & Power Flows;2020;10;52;52;52;IT;MT;Monthly Value;Export;Harmonized;M;NaM
Physical Energy & Power Flows;2020;1;3;3;3;BY;LT;Monthly Value;Import;Harmonized;NaM;M
Physical Energy & Power Flows;2020;2;53;53;53;RU;EE;Monthly Value;Export;Harmonized;NaM;M
Physical Energy & Power Flows;2020;8;6;6;6;TR;BG;Monthly Value;Export;Harmonized;M;M
Physical Energy & Power Flows;2020;5;56;56;56;GB;NL;Monthly Value;Export;Harmonized;M;M
Physical Energy & Power Flows;2020;5;1;1;1;PL;SE;Monthly Value;Export;Harmonized;M;M
Physical Energy & Power Flows;2020;5;25;25;25;SE;DE;Monthly Value;Export;Harmonized;M;M
Physical Energy & Power Flows;2020;6;54;54;54;GR;TR;Monthly Value;Import;Harmonized;M;M
Physical Energy & Power Flows;2020;4;32;32;32;CZ;PL;Monthly Value;Export;Harmonized;M;M
Physical Energy & Power Flows;2020;4;159;159;159;TR;BG;Monthly Value;Import;Harmonized;M;M
Physical Energy & Power Flows;2020;11;231;231;231;LT;RU;Monthly Value;Import;Harmonized;M;NaM
Physical Energy & Power Flows;2020;2;34;34;34;RS;AL;Monthly Value;Import;Harmonized;M;M
Physical Energy & Power Flows;2020;5;76;76;76;NL;BE;Monthly Value;Export;Harmonized;M;M
Physical Energy & Power Flows;2020;2;585;585;585;NO;SE;Monthly Value;Import;Harmonized;M;M
Physical Energy & Power Flows;2020;6;14;14;14;RS;AL;Monthly Value;Export;Harmonized;M;M
Physical Energy & Power Flows;2020;9;5;5;5;RS;BG;Monthly Value;Export;Harmonized;M;M
Physical Energy & Power Flows;2020;4;18;18;18;RS;AL;Monthly Value;Import;Harmonized;M;M
Physical Energy & Power Flows;2020;10;6;6;6;AT;CH;Monthly Value;Import;Harmonized;M;M
Physical Energy & Power Flows;2020;2;204;204;204;IE;GB;Monthly Value;Export;Harmonized;M;M
Physical Energy & Power Flows;2020;10;1;1;1;SE;PL;Monthly Value;Import;Harmonized;M;M
Physical Energy & Power Flows;2020;10;121;121;121;AL;GR;Monthly Value;Export;Harmonized;M;M
Physical Energy & Power Flows;2020;10;196;196;196;EE;LV;Monthly Value;Export;Harmonized;M;M
Physical Energy & Power Flows;2020;7;1;1;1;DE;SE;Monthly Value;Export;Harmonized;M;M
Physical Energy & Power Flows;2020;11;234;234;234;AL;ME;Monthly Value;Import;Harmonized;M;M
Physical Energy & Power Flows;2020;8;128;128;128;DK;SE;Monthly Value;Export;Harmonized;M;M
Physical Energy & Power Flows;2020;8;287;287;287;ME;BA;Monthly Value;Import;Harmonized;M;M
Physical Energy & Power Flows;2020;8;64;64;64;CZ;PL;Monthly Value;Export;Harmonized;M;M
Physical Energy & Power Flows;2020;5;7;7;7;UA;RU;Monthly Value;Export;Harmonized;NaM;NaM
Physical Energy & Power Flows;2020;9;0;0;0;MT;IT;Monthly Value;Export;Harmonized;NaM;M
Physical Energy & Power Flows;2020;2;283;283;283;NL;NO;Monthly Value;Import;Harmonized;M;M
Physical Energy & Power Flows;2020;10;491;491;491;GB;BE;Monthly Value;Import;Harmonized;M;M
Physical Energy & Power Flows;2020;9;362;362;362;DE;CZ;Monthly Value;Export;Harmonized;M;M
Physical Energy & Power Flows;2020;4;11;11;11;BY;LT;Monthly Value;Import;Harmonized;NaM;M
Physical Energy & Power Flows;2020;4;1;1;1;BG;MK;Monthly Value;Import;Harmonized;M;M
Physical Energy & Power Flows;2020;2;143;143;143;NL;BE;Monthly Value;Import;Harmonized;M;M
Physical Energy & Power Flows;2020;1;335;335;335;IT;GR;Monthly Value;Export;Harmonized;M;M
Physical Energy & Power Flows;2020;9;2;2;2;IT;AT;Monthly Value;Export;Harmonized;M;M
Physical Energy & Power Flows;2020;9;49;49;49;GB;BE;Monthly Value;Export;Harmonized;M;M
Physical Energy & Power Flows;2020;6;12;12;12;LT;LV;Monthly Value;Export;Harmonized;M;M
Physical Energy & Power Flows;2020;11;840;840;840;FR;CH;Monthly Value;Export;Harmonized;M;M
Physical Energy & Power Flows;2020;4;81;81;81;HU;UA;Monthly Value;Import;Harmonized;M;NaM
Physical Energy & Power Flows;2020;4;426;426;426;DE;DK;Monthly Value;Import;Harmonized;M;M
Physical Energy & Power Flows;2020;9;437;437;437;IT;SI;Monthly Value;Import;Harmonized;M;M
Physical Energy & Power Flows;2020;8;5;5;5;RS;BG;Monthly Value;Export;Harmonized;M;M
Physical Energy & Power Flows;2020;3;135;135;135;RU;LT;Monthly Value;Export;Harmonized;NaM;M
Physical Energy & Power Flows;2020;3;50;50;50;RO;RS;Monthly Value;Export;Harmonized;M;M
Physical Energy & Power Flows;2020;1;274;274;274;HU;RO;Monthly Value;Export;Harmonized;M;M
Physical Energy & Power Flows;2020;9;1;1;1;DE;PL;Monthly Value;Import;Harmonized;M;M
Physical Energy & Power Flows;2020;1;0;0;0;MD;UA;Monthly Value;Export;Harmonized;NaM;NaM
Physical Energy & Power Flows;2020;5;9;9;9;RS;BA;Monthly Value;Export;Harmonized;M;M
Physical Energy & Power Flows;2020;2;111;111;111;RS;BA;Monthly Value;Import;Harmonized;M;M
Physical Energy & Power Flows;2020;8;10;10;10;FI;EE;Monthly Value;Import;Harmonized;M;M
Physical Energy & Power Flows;2020;3;57;57;57;BA;HR;Monthly Value;Import;Harmonized;M;M
Physical Energy & Power Flows;2020;6;25;25;25;HR;RS;Monthly Value;Import;Harmonized;M;M
Physical Energy & Power Flows;2020;6;850;850;850;DE;PL;Monthly Value;Export;Harmonized;M;M
Physical Energy & Power Flows;2020;4;77;77;77;NL;DK;Monthly Value;Export;Harmonized;M;M
Physical Energy & Power Flows;2020;11;1;1;1;UA;HU;Monthly Value;Import;Harmonized;NaM;M
Physical Energy & Power Flows;2020;8;67;67;67;IT;MT;Monthly Value;Export;Harmonized;M;NaM
Physical Energy & Power Flows;2020;7;5;5;5;UA;HU;Monthly Value;Import;Harmonized;NaM;M
Physical Energy & Power Flows;2020;11;79;79;79;DE;SE;Monthly Value;Export;Harmonized;M;M
Physical Energy & Power Flows;2020;1;83;83;83;LV;RU;Monthly Value;Import;Harmonized;M;NaM
Physical Energy & Power Flows;2020;11;1;1;1;RU;FI;Monthly Value;Import;Harmonized;NaM;M
Physical Energy & Power Flows;2020;11;0;0;0;IT;MT;Monthly Value;Import;Harmonized;M;NaM
Physical Energy & Power Flows;2020;2;260;260;260;TR;BG;Monthly Value;Import;Harmonized;M;M
Physical Energy & Power Flows;2020;1;123;123;123;RU;UA;Monthly Value;Export;Harmonized;NaM;NaM
Physical Energy & Power Flows;2020;3;311;311;311;HU;HR;Monthly Value;Export;Harmonized;M;M
Physical Energy & Power Flows;2020;10;171;171;171;UA;HU;Monthly Value;Export;Harmonized;NaM;M
Physical Energy & Power Flows;2020;2;774;774;774;AT;CZ;Monthly Value;Import;Harmonized;M;M
Physical Energy & Power Flows;2020;4;690;690;690;DE;CZ;Monthly Value;Export;Harmonized;M;M
Physical Energy & Power Flows;2020;12;0;0;0;XK;ME;Monthly Value;Import;Harmonized;M;M
Physical Energy & Power Flows;2020;10;509;509;509;NO;NL;Monthly Value;Export;Harmonized;M;M
Physical Energy & Power Flows;2020;5;35;35;35;HU;HR;Monthly Value;Import;Harmonized;M;M
Physical Energy & Power Flows;2020;4;194;194;194;UA;RO;Monthly Value;Export;Harmonized;NaM;M
Physical Energy & Power Flows;2020;10;15;15;15;DE;NO;Monthly Value;Import;Harmonized;M;M
Physical Energy & Power Flows;2020;3;191;191;191;TR;GR;Monthly Value;Export;Harmonized;M;M
Physical Energy & Power Flows;2020;5;26;26;26;NL;NO;Monthly Value;Export;Harmonized;M;M
Physical Energy & Power Flows;2020;10;16;16;16;BG;RS;Monthly Value;Export;Harmonized;M;M
Physical Energy & Power Flows;2020;10;8;8;8;SK;PL;Monthly Value;Export;Harmonized;M;M
Physical Energy & Power Flows;2020;8;253;253;253;GR;IT;Monthly Value;Import;Harmonized;M;M
Physical Energy & Power Flows;2020;10;1;1;1;SI;IT;Monthly Value;Import;Harmonized;M;M
Physical Energy & Power Flows;2020;10;138;138;138;GB;IE;Monthly Value;Import;Harmonized;M;M
Physical Energy & Power Flows;2020;3;190;190;190;PL;LT;Monthly Value;Import;Harmonized;M;M
Physical Energy & Power Flows;2020;6;8;8;8;NL;NO;Monthly Value;Export;Harmonized;M;M
Physical Energy & Power Flows;2020;3;11;11;11;SI;IT;Monthly Value;Import;Harmonized;M;M
Physical Energy & Power Flows;2020;6;67;67;67;AL;GR;Monthly Value;Export;Harmonized;M;M
Physical Energy & Power Flows;2020;2;48;48;48;RU;UA;Monthly Value;Import;Harmonized;NaM;NaM
Physical Energy & Power Flows;2020;11;414;414;414;FR;BE;Monthly Value;Import;Harmonized;M;M
Physical Energy & Power Flows;2020;6;5;5;5;AT;SI;Monthly Value;Import;Harmonized;M;M
Physical Energy & Power Flows;2020;5;0;0;0;DE;SE;Monthly Value;Export;Harmonized;M;M
Physical Energy & Power Flows;2020;8;41;41;41;FR;IT;Monthly Value;Import;Harmonized;M;M
Physical Energy & Power Flows;2020;12;235;235;235;FR;BE;Monthly Value;Export;Harmonized;M;M
Physical Energy & Power Flows;2020;5;30;30;30;BE;GB;Monthly Value;Import;Harmonized;M;M
Physical Energy & Power Flows;2020;1;18;18;18;NO;FI;Monthly Value;Export;Harmonized;M;M
Physical Energy & Power Flows;2020;11;162;162;162;GR;TR;Monthly Value;Import;Harmonized;M;M
Physical Energy & Power Flows;2020;9;9;9;9;GR;AL;Monthly Value;Import;Harmonized;M;M
Physical Energy & Power Flows;2020;12;81;81;81;MK;GR;Monthly Value;Import;Harmonized;M;M
Physical Energy & Power Flows;2020;6;669;669;669;ES;PT;Monthly Value;Export;Harmonized;M;M
Physical Energy & Power Flows;2020;6;42;42;42;FI;NO;Monthly Value;Import;Harmonized;M;M
Physical Energy & Power Flows;2020;2;143;143;143;BE;NL;Monthly Value;Export;Harmonized;M;M
Physical Energy & Power Flows;2020;6;147;147;147;HR;HU;Monthly Value;Import;Harmonized;M;M
Physical Energy & Power Flows;2020;7;540;540;540;FR;GB;Monthly Value;Import;Harmonized;M;M
Physical Energy & Power Flows;2020;1;43;43;43;MD;UA;Monthly Value;Import;Harmonized;NaM;NaM
Physical Energy & Power Flows;2020;10;49;49;49;LT;PL;Monthly Value;Export;Harmonized;M;M
Physical Energy & Power Flows;2020;2;0;0;0;RO;MD;Monthly Value;Import;Harmonized;M;NaM
Physical Energy & Power Flows;2020;8;372;372;372;DK;SE;Monthly Value;Import;Harmonized;M;M
Physical Energy & Power Flows;2020;8;188;188;188;IT;SI;Monthly Value;Import;Harmonized;M;M
Physical Energy & Power Flows;2020;9;58;58;58;MT;IT;Monthly Value;Import;Harmonized;NaM;M
Physical Energy & Power Flows;2020;11;27;27;27;FI;NO;Monthly Value;Import;Harmonized;M;M
Physical Energy & Power Flows;2020;1;0;0;0;GR;TR;Monthly Value;Export;Harmonized;M;M
Physical Energy & Power Flows;2020;7;0;0;0;LU;BE;Monthly Value;Export;Harmonized;M;M
Physical Energy & Power Flows;2020;5;7;7;7;RS;HU;Monthly Value;Export;Harmonized;M;M
Physical Energy & Power Flows;2020;11;78;78;78;LT;LV;Monthly Value;Import;Harmonized;M;M
Physical Energy & Power Flows;2020;6;300;300;300;FR;CH;Monthly Value;Import;Harmonized;M;M
Physical Energy & Power Flows;2020;3;1;1;1;HU;RO;Monthly Value;Import;Harmonized;M;M
Physical Energy & Power Flows;2020;2;5;5;5;AL;GR;Monthly Value;Import;Harmonized;M;M
Physical Energy & Power Flows;2020;8;102;102;102;SE;DE;Monthly Value;Import;Harmonized;M;M
Physical Energy & Power Flows;2020;8;287;287;287;BA;ME;Monthly Value;Export;Harmonized;M;M
Physical Energy & Power Flows;2020;7;143;143;143;NL;DK;Monthly Value;Import;Harmonized;M;M
Physical Energy & Power Flows;2020;3;205;205;205;BG;MK;Monthly Value;Export;Harmonized;M;M
Physical Energy & Power Flows;2020;9;51;51;51;HU;RS;Monthly Value;Export;Harmonized;M;M
Physical Energy & Power Flows;2020;3;1;1;1;AT;SI;Monthly Value;Import;Harmonized;M;M
Physical Energy & Power Flows;2020;8;8;8;8;LV;EE;Monthly Value;Export;Harmonized;M;M
Physical Energy & Power Flows;2020;11;1078;1078;1078;GB;FR;Monthly Value;Import;Harmonized;M;M
Physical Energy & Power Flows;2020;1;185;185;185;LT;BY;Monthly Value;Import;Harmonized;M;NaM
Physical Energy & Power Flows;2020;6;47;47;47;HR;RS;Monthly Value;Export;Harmonized;M;M
Physical Energy & Power Flows;2020;9;5;5;5;ME;AL;Monthly Value;Import;Harmonized;M;M
Physical Energy & Power Flows;2020;4;1;1;1;HU;AT;Monthly Value;Export;Harmonized;M;M
Physical Energy & Power Flows;2020;12;16;16;16;CH;AT;Monthly Value;Export;Harmonized;M;M
Physical Energy & Power Flows;2020;9;240;240;240;BA;ME;Monthly Value;Export;Harmonized;M;M
Physical Energy & Power Flows;2020;5;109;109;109;GR;TR;Monthly Value;Import;Harmonized;M;M
Physical Energy & Power Flows;2020;2;348;348;348;ES;PT;Monthly Value;Import;Harmonized;M;M
Physical Energy & Power Flows;2020;6;311;311;311;CH;FR;Monthly Value;Import;Harmonized;M;M
Physical Energy & Power Flows;2020;5;661;661;661;CH;IT;Monthly Value;Export;Harmonized;M;M
Physical Energy & Power Flows;2020;4;131;131;131;BG;MK;Monthly Value;Export;Harmonized;M;M
Physical Energy & Power Flows;2020;2;138;138;138;FR;BE;Monthly Value;Import;Harmonized;M;M
Physical Energy & Power Flows;2020;12;54;54;54;HU;HR;Monthly Value;Import;Harmonized;M;M
Physical Energy & Power Flows;2020;10;273;273;273;SK;UA;Monthly Value;Export;Harmonized;M;NaM
Physical Energy & Power Flows;2020;7;228;228;228;GR;BG;Monthly Value;Import;Harmonized;M;M
Physical Energy & Power Flows;2020;10;890;890;890;AT;DE;Monthly Value;Import;Harmonized;M;M
Physical Energy & Power Flows;2020;10;51;51;51;RS;BG;Monthly Value;Export;Harmonized;M;M
Physical Energy & Power Flows;2020;1;0;0;0;RS;ME;Monthly Value;Export;Harmonized;M;M
Physical Energy & Power Flows;2020;3;218;218;218;AL;ME;Monthly Value;Import;Harmonized;M;M
Physical Energy & Power Flows;2020;4;241;241;241;ME;BA;Monthly Value;Import;Harmonized;M;M
Physical Energy & Power Flows;2020;9;42;42;42;TR;BG;Monthly Value;Import;Harmonized;M;M
Physical Energy & Power Flows;2020;12;116;116;116;HR;SI;Monthly Value;Import;Harmonized;M;M
Physical Energy & Power Flows;2020;1;15;15;15;IT;CH;Monthly Value;Export;Harmonized;M;M
Physical Energy & Power Flows;2020;2;57;57;57;EE;RU;Monthly Value;Export;Harmonized;M;NaM
Physical Energy & Power Flows;2020;9;598;598;598;CH;FR;Monthly Value;Export;Harmonized;M;M
Physical Energy & Power Flows;2020;12;81;81;81;RS;RO;Monthly Value;Import;Harmonized;M;M
Physical Energy & Power Flows;2020;11;156;156;156;RO;HU;Monthly Value;Import;Harmonized;M;M
Physical Energy & Power Flows;2020;6;148;148;148;HR;BA;Monthly Value;Export;Harmonized;M;M
Physical Energy & Power Flows;2020;6;535;535;535;CH;IT;Monthly Value;Export;Harmonized;M;M
Physical Energy & Power Flows;2020;6;308;308;308;AT;DE;Monthly Value;Export;Harmonized;M;M
Physical Energy & Power Flows;2020;1;421;421;421;NL;GB;Monthly Value;Export;Harmonized;M;M
Physical Energy & Power Flows;2020;2;571;571;571;AT;SI;Monthly Value;Export;Harmonized;M;M
Physical Energy & Power Flows;2020;12;1134;1134;1134;FR;ES;Monthly Value;Import;Harmonized;M;M
Physical Energy & Power Flows;2020;1;103;103;103;IE;GB;Monthly Value;Import;Harmonized;M;M
Physical Energy & Power Flows;2020;7;178;178;178;GR;IT;Monthly Value;Import;Harmonized;M;M
Physical Energy & Power Flows;2020;12;1490;1490;1490;FI;SE;Monthly Value;Import;Harmonized;M;M
Physical Energy & Power Flows;2020;4;449;449;449;NL;DE;Monthly Value;Export;Harmonized;M;M
Physical Energy & Power Flows;2020;4;637;637;637;HU;SK;Monthly Value;Import;Harmonized;M;M
Physical Energy & Power Flows;2020;9;1;1;1;LV;RU;Monthly Value;Export;Harmonized;M;NaM
Physical Energy & Power Flows;2020;7;27;27;27;HU;RS;Monthly Value;Import;Harmonized;M;M
Physical Energy & Power Flows;2020;3;306;306;306;PT;ES;Monthly Value;Export;Harmonized;M;M
Physical Energy & Power Flows;2020;7;5;5;5;LT;SE;Monthly Value;Export;Harmonized;M;M
Physical Energy & Power Flows;2020;12;0;0;0;DK;NL;Monthly Value;Import;Harmonized;M;M
Physical Energy & Power Flows;2020;3;124;124;124;RO;HU;Monthly Value;Import;Harmonized;M;M
Physical Energy & Power Flows;2020;2;0;0;0;TR;BG;Monthly Value;Export;Harmonized;M;M
Physical Energy & Power Flows;2020;1;6;6;6;LT;PL;Monthly Value;Import;Harmonized;M;M
Physical Energy & Power Flows;2020;3;454;454;454;SE;NO;Monthly Value;Import;Harmonized;M;M
Physical Energy & Power Flows;2020;12;136;136;136;IE;GB;Monthly Value;Export;Harmonized;M;M
Physical Energy & Power Flows;2020;10;858;858;858;CZ;SK;Monthly Value;Export;Harmonized;M;M
Physical Energy & Power Flows;2020;12;1872;1872;1872;IT;CH;Monthly Value;Import;Harmonized;M;M
Physical Energy & Power Flows;2020;6;188;188;188;IT;GR;Monthly Value;Export;Harmonized;M;M
Physical Energy & Power Flows;2020;10;246;246;246;FR;BE;Monthly Value;Export;Harmonized;M;M
Physical Energy & Power Flows;2020;1;9;9;9;CH;DE;Monthly Value;Export;Harmonized;M;M
Physical Energy & Power Flows;2020;10;0;0;0;FI;EE;Monthly Value;Import;Harmonized;M;M
Physical Energy & Power Flows;2020;5;408;408;408;NO;NL;Monthly Value;Export;Harmonized;M;M
Physical Energy & Power Flows;2020;4;441;441;441;BE;NL;Monthly Value;Export;Harmonized;M;M
Physical Energy & Power Flows;2020;4;1;1;1;DE;PL;Monthly Value;Import;Harmonized;M;M
Physical Energy & Power Flows;2020;10;1;1;1;IT;CH;Monthly Value;Export;Harmonized;M;M
Physical Energy & Power Flows;2020;6;213;213;213;AT;CH;Monthly Value;Import;Harmonized;M;M
Physical Energy & Power Flows;2020;2;53;53;53;EE;RU;Monthly Value;Import;Harmonized;M;NaM
Physical Energy & Power Flows;2020;8;722;722;722;NL;DE;Monthly Value;Export;Harmonized;M;M
Physical Energy & Power Flows;2020;4;45;45;45;BA;HR;Monthly Value;Export;Harmonized;M;M
Physical Energy & Power Flows;2020;12;39;39;39;NO;FI;Monthly Value;Export;Harmonized;M;M
Physical Energy & Power Flows;2020;5;66;66;66;RU;FI;Monthly Value;Export;Harmonized;NaM;M
Physical Energy & Power Flows;2020;12;57;57;57;BE;LU;Monthly Value;Export;Harmonized;M;M
Physical Energy & Power Flows;2020;9;216;216;216;BE;FR;Monthly Value;Import;Harmonized;M;M
Physical Energy & Power Flows;2020;12;100;100;100;BA;HR;Monthly Value;Export;Harmonized;M;M
Physical Energy & Power Flows;2020;2;8;8;8;HR;RS;Monthly Value;Import;Harmonized;M;M
Physical Energy & Power Flows;2020;7;0;0;0;GR;BG;Monthly Value;Export;Harmonized;M;M
Physical Energy & Power Flows;2020;11;12;12;12;HR;RS;Monthly Value;Import;Harmonized;M;M
Physical Energy & Power Flows;2020;12;201;201;201;SI;AT;Monthly Value;Import;Harmonized;M;M
Physical Energy & Power Flows;2020;2;17;17;17;DE;CZ;Monthly Value;Import;Harmonized;M;M
Physical Energy & Power Flows;2020;9;20;20;20;RO;HU;Monthly Value;Export;Harmonized;M;M
Physical Energy & Power Flows;2020;8;608;608;608;CH;DE;Monthly Value;Export;Harmonized;M;M
Physical Energy & Power Flows;2020;1;7;7;7;HU;HR;Monthly Value;Import;Harmonized;M;M
Physical Energy & Power Flows;2020;1;0;0;0;RO;MD;Monthly Value;Import;Harmonized;M;NaM
Physical Energy & Power Flows;2020;8;4;4;4;UA;SK;Monthly Value;Export;Harmonized;NaM;M
Physical Energy & Power Flows;2020;6;230;230;230;MK;GR;Monthly Value;Export;Harmonized;M;M
Physical Energy & Power Flows;2020;12;64;64;64;BY;UA;Monthly Value;Export;Harmonized;NaM;NaM
Physical Energy & Power Flows;2020;1;680;680;680;NO;SE;Monthly Value;Import;Harmonized;M;M
Physical Energy & Power Flows;2020;8;25;25;25;GB;NL;Monthly Value;Export;Harmonized;M;M
Physical Energy & Power Flows;2020;12;33;33;33;HU;AT;Monthly Value;Export;Harmonized;M;M
Physical Energy & Power Flows;2020;4;45;45;45;HR;BA;Monthly Value;Import;Harmonized;M;M
Physical Energy & Power Flows;2020;6;432;432;432;IT;FR;Monthly Value;Import;Harmonized;M;M
Physical Energy & Power Flows;2020;1;2;2;2;IT;FR;Monthly Value;Export;Harmonized;M;M
Physical Energy & Power Flows;2020;6;65;65;65;BG;RO;Monthly Value;Export;Harmonized;M;M
Physical Energy & Power Flows;2020;3;3;3;3;SE;LT;Monthly Value;Import;Harmonized;M;M
Physical Energy & Power Flows;2020;10;8;8;8;MD;UA;Monthly Value;Export;Harmonized;NaM;NaM
Physical Energy & Power Flows;2020;5;12;12;12;IT;FR;Monthly Value;Export;Harmonized;M;M
Physical Energy & Power Flows;2020;9;225;225;225;ME;IT;Monthly Value;Export;Harmonized;M;M
Physical Energy & Power Flows;2020;8;57;57;57;IT;CH;Monthly Value;Export;Harmonized;M;M
Physical Energy & Power Flows;2020;2;2436;2436;2436;IT;CH;Monthly Value;Import;Harmonized;M;M
Physical Energy & Power Flows;2020;7;513;513;513;FR;BE;Monthly Value;Import;Harmonized;M;M
Physical Energy & Power Flows;2020;1;1;1;1;IT;GR;Monthly Value;Import;Harmonized;M;M
Physical Energy & Power Flows;2020;7;121;121;121;AT;IT;Monthly Value;Export;Harmonized;M;M
Physical Energy & Power Flows;2020;9;130;130;130;HR;BA;Monthly Value;Import;Harmonized;M;M
Physical Energy & Power Flows;2020;6;9;9;9;SK;CZ;Monthly Value;Export;Harmonized;M;M
Physical Energy & Power Flows;2020;5;147;147;147;HU;RS;Monthly Value;Export;Harmonized;M;M
Physical Energy & Power Flows;2020;4;55;55;55;LT;LV;Monthly Value;Import;Harmonized;M;M
Physical Energy & Power Flows;2020;12;262;262;262;BY;LT;Monthly Value;Export;Harmonized;NaM;M
Physical Energy & Power Flows;2020;9;1028;1028;1028;FR;ES;Monthly Value;Import;Harmonized;M;M
Physical Energy & Power Flows;2020;2;0;0;0;PL;SK;Monthly Value;Import;Harmonized;M;M
Physical Energy & Power Flows;2020;4;690;690;690;CZ;DE;Monthly Value;Import;Harmonized;M;M
Physical Energy & Power Flows;2020;12;603;603;603;BE;FR;Monthly Value;Export;Harmonized;M;M
Physical Energy & Power Flows;2020;4;544;544;544;SE;NO;Monthly Value;Import;Harmonized;M;M
Physical Energy & Power Flows;2020;7;361;361;361;IT;SI;Monthly Value;Import;Harmonized;M;M
Physical Energy & Power Flows;2020;10;13;13;13;SE;DE;Monthly Value;Import;Harmonized;M;M
Physical Energy & Power Flows;2020;11;0;0;0;FI;EE;Monthly Value;Import;Harmonized;M;M
Physical Energy & Power Flows;2020;6;2;2;2;HU;AT;Monthly Value;Export;Harmonized;M;M
Physical Energy & Power Flows;2020;2;25;25;25;CH;DE;Monthly Value;Export;Harmonized;M;M
Physical Energy & Power Flows;2020;8;253;253;253;IT;GR;Monthly Value;Export;Harmonized;M;M
Physical Energy & Power Flows;2020;10;0;0;0;MD;RO;Monthly Value;Import;Harmonized;NaM;M
Physical Energy & Power Flows;2020;9;54;54;54;LU;BE;Monthly Value;Import;Harmonized;M;M
Physical Energy & Power Flows;2020;7;540;540;540;GB;FR;Monthly Value;Export;Harmonized;M;M
Physical Energy & Power Flows;2020;7;68;68;68;DE;DK;Monthly Value;Export;Harmonized;M;M
Physical Energy & Power Flows;2020;9;1;1;1;FI;EE;Monthly Value;Import;Harmonized;M;M
Physical Energy & Power Flows;2020;11;8;8;8;HU;HR;Monthly Value;Import;Harmonized;M;M
Physical Energy & Power Flows;2020;4;637;637;637;SK;HU;Monthly Value;Export;Harmonized;M;M
Physical Energy & Power Flows;2020;11;0;0;0;ME;AL;Monthly Value;Import;Harmonized;M;M
Physical Energy & Power Flows;2020;4;22;22;22;NL;NO;Monthly Value;Export;Harmonized;M;M
Physical Energy & Power Flows;2020;9;291;291;291;LU;DE;Monthly Value;Import;Harmonized;M;M
Physical Energy & Power Flows;2020;11;4;4;4;SI;AT;Monthly Value;Export;Harmonized;M;M
Physical Energy & Power Flows;2020;6;71;71;71;IT;ME;Monthly Value;Import;Harmonized;M;M
Physical Energy & Power Flows;2020;7;42;42;42;IT;MT;Monthly Value;Export;Harmonized;M;NaM
Physical Energy & Power Flows;2020;2;1239;1239;1239;ES;FR;Monthly Value;Import;Harmonized;M;M
Physical Energy & Power Flows;2020;7;706;706;706;EE;FI;Monthly Value;Import;Harmonized;M;M
Physical Energy & Power Flows;2020;3;160;160;160;UA;PL;Monthly Value;Export;Harmonized;NaM;M
Physical Energy & Power Flows;2020;4;15;15;15;LV;RU;Monthly Value;Import;Harmonized;M;NaM
Physical Energy & Power Flows;2020;3;440;440;440;FR;BE;Monthly Value;Export;Harmonized;M;M
Physical Energy & Power Flows;2020;10;1407;1407;1407;SE;NO;Monthly Value;Import;Harmonized;M;M
Physical Energy & Power Flows;2020;5;0;0;0;UA;BY;Monthly Value;Import;Harmonized;NaM;NaM
Physical Energy & Power Flows;2020;10;24;24;24;RU;EE;Monthly Value;Export;Harmonized;NaM;M
Physical Energy & Power Flows;2020;4;1627;1627;1627;FI;SE;Monthly Value;Import;Harmonized;M;M
Physical Energy & Power Flows;2020;11;305;305;305;LU;DE;Monthly Value;Import;Harmonized;M;M
Physical Energy & Power Flows;2020;6;320;320;320;GB;BE;Monthly Value;Import;Harmonized;M;M
Physical Energy & Power Flows;2020;7;118;118;118;TR;GR;Monthly Value;Export;Harmonized;M;M
Physical Energy & Power Flows;2020;12;235;235;235;BE;FR;Monthly Value;Import;Harmonized;M;M
Physical Energy & Power Flows;2020;10;0;0;0;IT;AT;Monthly Value;Export;Harmonized;M;M
Physical Energy & Power Flows;2020;7;12;12;12;UA;MD;Monthly Value;Import;Harmonized;NaM;NaM
Physical Energy & Power Flows;2020;3;2;2;2;SK;PL;Monthly Value;Export;Harmonized;M;M
Physical Energy & Power Flows;2020;4;53;53;53;GB;FR;Monthly Value;Export;Harmonized;M;M
Physical Energy & Power Flows;2020;8;889;889;889;IT;CH;Monthly Value;Import;Harmonized;M;M
Physical Energy & Power Flows;2020;3;18;18;18;ME;IT;Monthly Value;Import;Harmonized;M;M
Physical Energy & Power Flows;2020;12;0;0;0;XK;RS;Monthly Value;Import;Harmonized;M;M
Physical Energy & Power Flows;2020;12;489;489;489;DK;SE;Monthly Value;Import;Harmonized;M;M
Physical Energy & Power Flows;2020;2;411;411;411;RO;BG;Monthly Value;Export;Harmonized;M;M
Physical Energy & Power Flows;2020;12;30;30;30;FR;IT;Monthly Value;Import;Harmonized;M;M
Physical Energy & Power Flows;2020;1;212;212;212;ME;IT;Monthly Value;Import;Harmonized;M;M
Physical Energy & Power Flows;2020;2;174;174;174;LT;LV;Monthly Value;Import;Harmonized;M;M
Physical Energy & Power Flows;2020;11;60;60;60;TR;BG;Monthly Value;Export;Harmonized;M;M
Physical Energy & Power Flows;2020;4;130;130;130;BE;FR;Monthly Value;Export;Harmonized;M;M
Physical Energy & Power Flows;2020;3;9;9;9;RU;UA;Monthly Value;Import;Harmonized;NaM;NaM
Physical Energy & Power Flows;2020;7;9;9;9;UA;MD;Monthly Value;Export;Harmonized;NaM;NaM
Physical Energy & Power Flows;2020;4;193;193;193;CZ;PL;Monthly Value;Import;Harmonized;M;M
Physical Energy & Power Flows;2020;2;132;132;132;EE;LV;Monthly Value;Export;Harmonized;M;M
Physical Energy & Power Flows;2020;2;384;384;384;HR;HU;Monthly Value;Import;Harmonized;M;M
Physical Energy & Power Flows;2020;12;6;6;6;MK;RS;Monthly Value;Export;Harmonized;M;M
Physical Energy & Power Flows;2020;6;12;12;12;LV;LT;Monthly Value;Import;Harmonized;M;M
Physical Energy & Power Flows;2020;8;13;13;13;RO;HU;Monthly Value;Export;Harmonized;M;M
Physical Energy & Power Flows;2020;4;149;149;149;LT;BY;Monthly Value;Import;Harmonized;M;NaM
Physical Energy & Power Flows;2020;8;0;0;0;MT;IT;Monthly Value;Export;Harmonized;NaM;M
Physical Energy & Power Flows;2020;2;5;5;5;LT;SE;Monthly Value;Export;Harmonized;M;M
Physical Energy & Power Flows;2020;1;74;74;74;RS;RO;Monthly Value;Import;Harmonized;M;M
Physical Energy & Power Flows;2020;12;0;0;0;IT;AT;Monthly Value;Export;Harmonized;M;M
Physical Energy & Power Flows;2020;9;207;207;207;LT;PL;Monthly Value;Export;Harmonized;M;M
Physical Energy & Power Flows;2020;8;16;16;16;RS;HR;Monthly Value;Import;Harmonized;M;M
Physical Energy & Power Flows;2020;7;68;68;68;HR;RS;Monthly Value;Export;Harmonized;M;M
Physical Energy & Power Flows;2020;4;10;10;10;MK;GR;Monthly Value;Import;Harmonized;M;M
Physical Energy & Power Flows;2020;11;480;480;480;ES;FR;Monthly Value;Export;Harmonized;M;M
Physical Energy & Power Flows;2020;2;183;183;183;TR;GR;Monthly Value;Export;Harmonized;M;M
Physical Energy & Power Flows;2020;2;172;172;172;PL;SE;Monthly Value;Import;Harmonized;M;M
Physical Energy & Power Flows;2020;12;642;642;642;DE;NL;Monthly Value;Export;Harmonized;M;M
Physical Energy & Power Flows;2020;11;22;22;22;RS;AL;Monthly Value;Import;Harmonized;M;M
Physical Energy & Power Flows;2020;10;16;16;16;RS;BG;Monthly Value;Import;Harmonized;M;M
Physical Energy & Power Flows;2020;2;293;293;293;MK;GR;Monthly Value;Export;Harmonized;M;M
Physical Energy & Power Flows;2020;5;199;199;199;NL;DK;Monthly Value;Import;Harmonized;M;M
Physical Energy & Power Flows;2020;1;949;949;949;NL;BE;Monthly Value;Export;Harmonized;M;M
Physical Energy & Power Flows;2020;10;0;0;0;IT;MT;Monthly Value;Import;Harmonized;M;NaM
Physical Energy & Power Flows;2020;12;9;9;9;UA;MD;Monthly Value;Import;Harmonized;NaM;NaM
Physical Energy & Power Flows;2020;3;932;932;932;CH;DE;Monthly Value;Import;Harmonized;M;M
Physical Energy & Power Flows;2020;3;527;527;527;SI;AT;Monthly Value;Import;Harmonized;M;M
Physical Energy & Power Flows;2020;6;109;109;109;BG;RO;Monthly Value;Import;Harmonized;M;M
Physical Energy & Power Flows;2020;8;374;374;374;GB;BE;Monthly Value;Import;Harmonized;M;M
Physical Energy & Power Flows;2020;7;168;168;168;MK;BG;Monthly Value;Import;Harmonized;M;M
Physical Energy & Power Flows;2020;7;13;13;13;DK;NO;Monthly Value;Export;Harmonized;M;M
Physical Energy & Power Flows;2020;10;175;175;175;HR;SI;Monthly Value;Import;Harmonized;M;M
Physical Energy & Power Flows;2020;10;81;81;81;DE;CH;Monthly Value;Import;Harmonized;M;M
Physical Energy & Power Flows;2020;1;843;843;843;CH;FR;Monthly Value;Import;Harmonized;M;M
Physical Energy & Power Flows;2020;6;4;4;4;SI;HR;Monthly Value;Import;Harmonized;M;M
Physical Energy & Power Flows;2020;5;165;165;165;LT;PL;Monthly Value;Export;Harmonized;M;M
Physical Energy & Power Flows;2020;5;15;15;15;EE;RU;Monthly Value;Import;Harmonized;M;NaM
Physical Energy & Power Flows;2020;5;182;182;182;DE;DK;Monthly Value;Export;Harmonized;M;M
Physical Energy & Power Flows;2020;11;144;144;144;LV;EE;Monthly Value;Import;Harmonized;M;M
Physical Energy & Power Flows;2020;11;47;47;47;IT;ME;Monthly Value;Export;Harmonized;M;M
Physical Energy & Power Flows;2020;2;200;200;200;RU;FI;Monthly Value;Export;Harmonized;NaM;M
Physical Energy & Power Flows;2020;9;42;42;42;BG;TR;Monthly Value;Export;Harmonized;M;M
Physical Energy & Power Flows;2020;11;1081;1081;1081;FR;DE;Monthly Value;Export;Harmonized;M;M
Physical Energy & Power Flows;2020;4;490;490;490;NL;GB;Monthly Value;Export;Harmonized;M;M
Physical Energy & Power Flows;2020;11;1;1;1;RS;MK;Monthly Value;Import;Harmonized;M;M
Physical Energy & Power Flows;2020;12;1;1;1;AL;RS;Monthly Value;Import;Harmonized;M;M
Physical Energy & Power Flows;2020;8;5;5;5;AT;SI;Monthly Value;Import;Harmonized;M;M
Physical Energy & Power Flows;2020;1;103;103;103;DK;DE;Monthly Value;Import;Harmonized;M;M
Physical Energy & Power Flows;2020;10;250;250;250;GR;MK;Monthly Value;Import;Harmonized;M;M
Physical Energy & Power Flows;2020;8;553;553;553;DE;AT;Monthly Value;Export;Harmonized;M;M
Physical Energy & Power Flows;2020;10;830;830;830;DE;CH;Monthly Value;Export;Harmonized;M;M
Physical Energy & Power Flows;2020;9;158;158;158;NL;DK;Monthly Value;Import;Harmonized;M;M
Physical Energy & Power Flows;2020;7;228;228;228;BG;GR;Monthly Value;Export;Harmonized;M;M
Physical Energy & Power Flows;2020;2;0;0;0;BA;ME;Monthly Value;Import;Harmonized;M;M
Physical Energy & Power Flows;2020;1;75;75;75;HR;RS;Monthly Value;Export;Harmonized;M;M
Physical Energy & Power Flows;2020;3;104;104;104;DE;FR;Monthly Value;Export;Harmonized;M;M
Physical Energy & Power Flows;2020;5;195;195;195;SK;PL;Monthly Value;Import;Harmonized;M;M
Physical Energy & Power Flows;2020;8;135;135;135;TR;GR;Monthly Value;Export;Harmonized;M;M
Physical Energy & Power Flows;2020;5;130;130;130;FR;ES;Monthly Value;Import;Harmonized;M;M
Physical Energy & Power Flows;2020;1;1034;1034;1034;FR;DE;Monthly Value;Export;Harmonized;M;M
Physical Energy & Power Flows;2020;10;13;13;13;RO;RS;Monthly Value;Export;Harmonized;M;M
Physical Energy & Power Flows;2020;9;435;435;435;DE;NL;Monthly Value;Export;Harmonized;M;M
Physical Energy & Power Flows;2020;4;1;1;1;PL;SE;Monthly Value;Export;Harmonized;M;M
Physical Energy & Power Flows;2020;6;0;0;0;RO;MD;Monthly Value;Import;Harmonized;M;NaM
Physical Energy & Power Flows;2020;8;97;97;97;LT;LV;Monthly Value;Import;Harmonized;M;M
Physical Energy & Power Flows;2020;4;96;96;96;RU;FI;Monthly Value;Export;Harmonized;NaM;M
Physical Energy & Power Flows;2020;12;1;1;1;TR;GR;Monthly Value;Import;Harmonized;M;M
Physical Energy & Power Flows;2020;8;0;0;0;IT;MT;Monthly Value;Import;Harmonized;M;NaM
Physical Energy & Power Flows;2020;10;4;4;4;SK;UA;Monthly Value;Import;Harmonized;M;NaM
Physical Energy & Power Flows;2020;8;3;3;3;PL;SE;Monthly Value;Export;Harmonized;M;M
Physical Energy & Power Flows;2020;4;1;1;1;MK;BG;Monthly Value;Export;Harmonized;M;M
Physical Energy & Power Flows;2020;3;2;2;2;RU;FI;Monthly Value;Import;Harmonized;NaM;M
Physical Energy & Power Flows;2020;10;346;346;346;FR;BE;Monthly Value;Import;Harmonized;M;M
Physical Energy & Power Flows;2020;11;250;250;250;HR;SI;Monthly Value;Import;Harmonized;M;M
Physical Energy & Power Flows;2020;12;394;394;394;SI;IT;Monthly Value;Export;Harmonized;M;M
Physical Energy & Power Flows;2020;11;23;23;23;DE;BE;Monthly Value;Import;Harmonized;M;M
Physical Energy & Power Flows;2020;4;154;154;154;LV;EE;Monthly Value;Import;Harmonized;M;M
Physical Energy & Power Flows;2020;12;149;149;149;BG;MK;Monthly Value;Export;Harmonized;M;M
Physical Energy & Power Flows;2020;5;286;286;286;DE;LU;Monthly Value;Export;Harmonized;M;M
Physical Energy & Power Flows;2020;1;0;0;0;LU;BE;Monthly Value;Export;Harmonized;M;M
Physical Energy & Power Flows;2020;12;46;46;46;LT;PL;Monthly Value;Import;Harmonized;M;M
Physical Energy & Power Flows;2020;9;0;0;0;RU;FI;Monthly Value;Import;Harmonized;NaM;M
Physical Energy & Power Flows;2020;11;174;174;174;DE;DK;Monthly Value;Export;Harmonized;M;M
Physical Energy & Power Flows;2020;11;89;89;89;RS;BG;Monthly Value;Import;Harmonized;M;M
Physical Energy & Power Flows;2020;7;168;168;168;BG;MK;Monthly Value;Export;Harmonized;M;M
Physical Energy & Power Flows;2020;4;7;7;7;FI;NO;Monthly Value;Export;Harmonized;M;M
Physical Energy & Power Flows;2020;3;1158;1158;1158;DE;FR;Monthly Value;Import;Harmonized;M;M
Physical Energy & Power Flows;2020;4;489;489;489;LT;SE;Monthly Value;Import;Harmonized;M;M
Physical Energy & Power Flows;2020;7;2;2;2;HU;AT;Monthly Value;Export;Harmonized;M;M
Physical Energy & Power Flows;2020;6;265;265;265;NL;BE;Monthly Value;Import;Harmonized;M;M
Physical Energy & Power Flows;2020;2;460;460;460;DE;DK;Monthly Value;Export;Harmonized;M;M
Physical Energy & Power Flows;2020;10;34;34;34;HU;RS;Monthly Value;Export;Harmonized;M;M
Physical Energy & Power Flows;2020;4;259;259;259;LU;DE;Monthly Value;Import;Harmonized;M;M
Physical Energy & Power Flows;2020;11;3;3;3;DE;AT;Monthly Value;Import;Harmonized;M;M
Physical Energy & Power Flows;2020;2;5;5;5;SE;LT;Monthly Value;Import;Harmonized;M;M
Physical Energy & Power Flows;2020;7;143;143;143;RO;HU;Monthly Value;Import;Harmonized;M;M
Physical Energy & Power Flows;2020;7;14;14;14;RS;BA;Monthly Value;Export;Harmonized;M;M
Physical Energy & Power Flows;2020;12;1296;1296;1296;DE;AT;Monthly Value;Export;Harmonized;M;M
Physical Energy & Power Flows;2020;4;85;85;85;HR;BA;Monthly Value;Export;Harmonized;M;M
Physical Energy & Power Flows;2020;9;11;11;11;PL;SK;Monthly Value;Import;Harmonized;M;M
Physical Energy & Power Flows;2020;4;81;81;81;UA;HU;Monthly Value;Export;Harmonized;NaM;M
Physical Energy & Power Flows;2020;3;4;4;4;HR;HU;Monthly Value;Export;Harmonized;M;M
Physical Energy & Power Flows;2020;5;82;82;82;GB;FR;Monthly Value;Export;Harmonized;M;M
Physical Energy & Power Flows;2020;1;2;2;2;FR;IT;Monthly Value;Import;Harmonized;M;M
Physical Energy & Power Flows;2020;3;393;393;393;SE;PL;Monthly Value;Export;Harmonized;M;M
Physical Energy & Power Flows;2020;7;306;306;306;FR;GB;Monthly Value;Export;Harmonized;M;M
Physical Energy & Power Flows;2020;8;387;387;387;EE;FI;Monthly Value;Import;Harmonized;M;M
Physical Energy & Power Flows;2020;6;850;850;850;PL;DE;Monthly Value;Import;Harmonized;M;M
Physical Energy & Power Flows;2020;2;1;1;1;UA;MD;Monthly Value;Import;Harmonized;NaM;NaM
Physical Energy & Power Flows;2020;10;22;22;22;BE;GB;Monthly Value;Import;Harmonized;M;M
Physical Energy & Power Flows;2020;3;271;271;271;AT;CH;Monthly Value;Export;Harmonized;M;M
Physical Energy & Power Flows;2020;5;675;675;675;HU;AT;Monthly Value;Import;Harmonized;M;M
Physical Energy & Power Flows;2020;5;449;449;449;SI;AT;Monthly Value;Import;Harmonized;M;M
Physical Energy & Power Flows;2020;10;398;398;398;LT;SE;Monthly Value;Import;Harmonized;M;M
Physical Energy & Power Flows;2020;6;3;3;3;LT;BY;Monthly Value;Export;Harmonized;M;NaM
Physical Energy & Power Flows;2020;3;1048;1048;1048;DE;AT;Monthly Value;Export;Harmonized;M;M
Physical Energy & Power Flows;2020;10;115;115;115;BY;UA;Monthly Value;Import;Harmonized;NaM;NaM
Physical Energy & Power Flows;2020;8;153;153;153;SK;PL;Monthly Value;Import;Harmonized;M;M
Physical Energy & Power Flows;2020;4;4;4;4;SK;PL;Monthly Value;Export;Harmonized;M;M
Physical Energy & Power Flows;2020;6;116;116;116;SK;UA;Monthly Value;Export;Harmonized;M;NaM
Physical Energy & Power Flows;2020;4;26;26;26;BG;RS;Monthly Value;Import;Harmonized;M;M
Physical Energy & Power Flows;2020;3;23;23;23;RS;AL;Monthly Value;Import;Harmonized;M;M
Physical Energy & Power Flows;2020;5;286;286;286;LU;DE;Monthly Value;Import;Harmonized;M;M
Physical Energy & Power Flows;2020;9;470;470;470;FR;GB;Monthly Value;Export;Harmonized;M;M
Physical Energy & Power Flows;2020;8;25;25;25;BA;RS;Monthly Value;Export;Harmonized;M;M
Physical Energy & Power Flows;2020;12;721;721;721;FR;DE;Monthly Value;Export;Harmonized;M;M
Physical Energy & Power Flows;2020;5;705;705;705;BE;FR;Monthly Value;Import;Harmonized;M;M
Physical Energy & Power Flows;2020;4;159;159;159;BG;TR;Monthly Value;Export;Harmonized;M;M
Physical Energy & Power Flows;2020;12;28;28;28;MK;GR;Monthly Value;Export;Harmonized;M;M
Physical Energy & Power Flows;2020;9;126;126;126;LT;LV;Monthly Value;Import;Harmonized;M;M
Physical Energy & Power Flows;2020;4;108;108;108;AT;DE;Monthly Value;Export;Harmonized;M;M
Physical Energy & Power Flows;2020;4;143;143;143;TR;GR;Monthly Value;Export;Harmonized;M;M
Physical Energy & Power Flows;2020;10;13;13;13;MK;GR;Monthly Value;Import;Harmonized;M;M
Physical Energy & Power Flows;2020;8;29;29;29;IE;GB;Monthly Value;Import;Harmonized;M;M
Physical Energy & Power Flows;2020;2;603;603;603;ME;BA;Monthly Value;Import;Harmonized;M;M
Physical Energy & Power Flows;2020;8;1;1;1;RU;LV;Monthly Value;Import;Harmonized;NaM;M
Physical Energy & Power Flows;2020;10;538;538;538;NL;GB;Monthly Value;Export;Harmonized;M;M
Physical Energy & Power Flows;2020;12;6;6;6;AL;GR;Monthly Value;Export;Harmonized;M;M
Physical Energy & Power Flows;2020;12;101;101;101;GR;AL;Monthly Value;Export;Harmonized;M;M
Physical Energy & Power Flows;2020;7;3;3;3;AL;ME;Monthly Value;Export;Harmonized;M;M
Physical Energy & Power Flows;2020;4;74;74;74;LT;LV;Monthly Value;Export;Harmonized;M;M
Physical Energy & Power Flows;2020;3;57;57;57;HR;BA;Monthly Value;Export;Harmonized;M;M
Physical Energy & Power Flows;2020;3;117;117;117;HR;SI;Monthly Value;Export;Harmonized;M;M
Physical Energy & Power Flows;2020;6;99;99;99;FR;DE;Monthly Value;Import;Harmonized;M;M
Physical Energy & Power Flows;2020;12;81;81;81;RO;RS;Monthly Value;Export;Harmonized;M;M
Physical Energy & Power Flows;2020;10;27;27;27;NO;FI;Monthly Value;Export;Harmonized;M;M
Physical Energy & Power Flows;2020;5;27;27;27;RO;BG;Monthly Value;Import;Harmonized;M;M
Physical Energy & Power Flows;2020;5;957;957;957;GB;FR;Monthly Value;Import;Harmonized;M;M
Physical Energy & Power Flows;2020;1;4;4;4;SE;LT;Monthly Value;Import;Harmonized;M;M
Physical Energy & Power Flows;2020;5;63;63;63;NO;SE;Monthly Value;Import;Harmonized;M;M
Physical Energy & Power Flows;2020;5;76;76;76;BE;NL;Monthly Value;Import;Harmonized;M;M
Physical Energy & Power Flows;2020;4;92;92;92;DK;SE;Monthly Value;Export;Harmonized;M;M
Physical Energy & Power Flows;2020;12;32;32;32;BE;GB;Monthly Value;Import;Harmonized;M;M
Physical Energy & Power Flows;2020;9;95;95;95;RU;LV;Monthly Value;Export;Harmonized;NaM;M
Physical Energy & Power Flows;2020;7;1;1;1;SK;CZ;Monthly Value;Export;Harmonized;M;M
Physical Energy & Power Flows;2020;2;505;505;505;GB;BE;Monthly Value;Import;Harmonized;M;M
Physical Energy & Power Flows;2020;10;19;19;19;HU;HR;Monthly Value;Import;Harmonized;M;M
Physical Energy & Power Flows;2020;1;0;0;0;RU;LV;Monthly Value;Import;Harmonized;NaM;M
Physical Energy & Power Flows;2020;3;162;162;162;LV;LT;Monthly Value;Export;Harmonized;M;M
Physical Energy & Power Flows;2020;7;0;0;0;LU;BE;Monthly Value;Import;Harmonized;M;M
Physical Energy & Power Flows;2020;5;771;771;771;DK;NO;Monthly Value;Import;Harmonized;M;M
Physical Energy & Power Flows;2020;4;194;194;194;RO;UA;Monthly Value;Import;Harmonized;M;NaM
Physical Energy & Power Flows;2020;10;1;1;1;RO;HU;Monthly Value;Export;Harmonized;M;M
Physical Energy & Power Flows;2020;1;422;422;422;BE;FR;Monthly Value;Export;Harmonized;M;M
Physical Energy & Power Flows;2020;8;25;25;25;RS;BA;Monthly Value;Import;Harmonized;M;M
Physical Energy & Power Flows;2020;4;15;15;15;RS;BA;Monthly Value;Export;Harmonized;M;M
Physical Energy & Power Flows;2020;9;278;278;278;FR;ES;Monthly Value;Export;Harmonized;M;M
Physical Energy & Power Flows;2020;9;2;2;2;SI;IT;Monthly Value;Import;Harmonized;M;M
Physical Energy & Power Flows;2020;7;63;63;63;ME;RS;Monthly Value;Import;Harmonized;M;M
Physical Energy & Power Flows;2020;12;3;3;3;SE;LT;Monthly Value;Import;Harmonized;M;M
Physical Energy & Power Flows;2020;10;431;431;431;DE;FR;Monthly Value;Import;Harmonized;M;M
Physical Energy & Power Flows;2020;12;0;0;0;MT;IT;Monthly Value;Export;Harmonized;NaM;M
Physical Energy & Power Flows;2020;11;0;0;0;NO;DE;Monthly Value;Import;Harmonized;M;M
Physical Energy & Power Flows;2020;1;2218;2218;2218;IT;CH;Monthly Value;Import;Harmonized;M;M
Physical Energy & Power Flows;2020;8;4;4;4;UA;RU;Monthly Value;Export;Harmonized;NaM;NaM
Physical Energy & Power Flows;2020;8;40;40;40;ME;IT;Monthly Value;Import;Harmonized;M;M
Physical Energy & Power Flows;2020;6;3;3;3;IT;MT;Monthly Value;Export;Harmonized;M;NaM
Physical Energy & Power Flows;2020;2;40;40;40;RO;RS;Monthly Value;Export;Harmonized;M;M
Physical Energy & Power Flows;2020;12;1003;1003;1003;GB;FR;Monthly Value;Import;Harmonized;M;M
Physical Energy & Power Flows;2020;4;1706;1706;1706;FR;DE;Monthly Value;Export;Harmonized;M;M
Physical Energy & Power Flows;2020;10;250;250;250;MK;GR;Monthly Value;Export;Harmonized;M;M
Physical Energy & Power Flows;2020;2;5;5;5;CH;FR;Monthly Value;Export;Harmonized;M;M
Physical Energy & Power Flows;2020;10;513;513;513;HU;AT;Monthly Value;Import;Harmonized;M;M
Physical Energy & Power Flows;2020;2;1570;1570;1570;CH;DE;Monthly Value;Import;Harmonized;M;M
Physical Energy & Power Flows;2020;7;14;14;14;SK;PL;Monthly Value;Export;Harmonized;M;M
Physical Energy & Power Flows;2020;5;705;705;705;FR;BE;Monthly Value;Export;Harmonized;M;M
Physical Energy & Power Flows;2020;3;945;945;945;PL;DE;Monthly Value;Import;Harmonized;M;M
Physical Energy & Power Flows;2020;8;16;16;16;HR;RS;Monthly Value;Export;Harmonized;M;M
Physical Energy & Power Flows;2020;9;0;0;0;FI;NO;Monthly Value;Export;Harmonized;M;M
Physical Energy & Power Flows;2020;10;125;125;125;ME;RS;Monthly Value;Export;Harmonized;M;M
Physical Energy & Power Flows;2020;10;397;397;397;BA;ME;Monthly Value;Export;Harmonized;M;M
Physical Energy & Power Flows;2020;9;224;224;224;MK;GR;Monthly Value;Export;Harmonized;M;M
Physical Energy & Power Flows;2020;3;597;597;597;NO;DK;Monthly Value;Export;Harmonized;M;M
Physical Energy & Power Flows;2020;11;71;71;71;RS;HR;Monthly Value;Import;Harmonized;M;M
Physical Energy & Power Flows;2020;5;36;36;36;SI;IT;Monthly Value;Import;Harmonized;M;M
Physical Energy & Power Flows;2020;3;300;300;300;SE;NO;Monthly Value;Export;Harmonized;M;M
Physical Energy & Power Flows;2020;3;1;1;1;AL;ME;Monthly Value;Export;Harmonized;M;M
Physical Energy & Power Flows;2020;9;106;106;106;GR;AL;Monthly Value;Export;Harmonized;M;M
Physical Energy & Power Flows;2020;10;302;302;302;UA;RO;Monthly Value;Export;Harmonized;NaM;M
Physical Energy & Power Flows;2020;3;41;41;41;HU;RS;Monthly Value;Import;Harmonized;M;M
Physical Energy & Power Flows;2020;7;61;61;61;CZ;DE;Monthly Value;Export;Harmonized;M;M
Physical Energy & Power Flows;2020;5;10;10;10;MD;UA;Monthly Value;Export;Harmonized;NaM;NaM
Physical Energy & Power Flows;2020;6;206;206;206;BG;GR;Monthly Value;Export;Harmonized;M;M
Physical Energy & Power Flows;2020;9;88;88;88;RU;EE;Monthly Value;Import;Harmonized;NaM;M
Physical Energy & Power Flows;2020;9;134;134;134;BG;RO;Monthly Value;Import;Harmonized;M;M
Physical Energy & Power Flows;2020;4;17;17;17;BG;TR;Monthly Value;Import;Harmonized;M;M
Physical Energy & Power Flows;2020;6;4;4;4;NO;DK;Monthly Value;Import;Harmonized;M;M
Physical Energy & Power Flows;2020;4;544;544;544;NO;SE;Monthly Value;Export;Harmonized;M;M
Physical Energy & Power Flows;2020;11;2;2;2;AT;HU;Monthly Value;Import;Harmonized;M;M
Physical Energy & Power Flows;2020;5;130;130;130;EE;LV;Monthly Value;Export;Harmonized;M;M
Physical Energy & Power Flows;2020;7;439;439;439;FR;ES;Monthly Value;Import;Harmonized;M;M
Physical Energy & Power Flows;2020;5;163;163;163;DK;SE;Monthly Value;Export;Harmonized;M;M
Physical Energy & Power Flows;2020;9;1232;1232;1232;SE;NO;Monthly Value;Import;Harmonized;M;M
Physical Energy & Power Flows;2020;6;99;99;99;DE;FR;Monthly Value;Export;Harmonized;M;M
Physical Energy & Power Flows;2020;1;152;152;152;BG;MK;Monthly Value;Export;Harmonized;M;M
Physical Energy & Power Flows;2020;3;530;530;530;NL;DE;Monthly Value;Import;Harmonized;M;M
Physical Energy & Power Flows;2020;5;9;9;9;BA;RS;Monthly Value;Import;Harmonized;M;M
Physical Energy & Power Flows;2020;11;79;79;79;SE;DE;Monthly Value;Import;Harmonized;M;M
Physical Energy & Power Flows;2020;4;1;1;1;AT;SI;Monthly Value;Import;Harmonized;M;M
Physical Energy & Power Flows;2020;2;205;205;205;UA;HU;Monthly Value;Export;Harmonized;NaM;M
Physical Energy & Power Flows;2020;12;4;4;4;BG;GR;Monthly Value;Import;Harmonized;M;M
Physical Energy & Power Flows;2020;3;512;512;512;DE;DK;Monthly Value;Import;Harmonized;M;M
Physical Energy & Power Flows;2020;3;512;512;512;DK;DE;Monthly Value;Export;Harmonized;M;M
Physical Energy & Power Flows;2020;1;151;151;151;PL;UA;Monthly Value;Import;Harmonized;M;NaM
Physical Energy & Power Flows;2020;1;2;2;2;AL;RS;Monthly Value;Import;Harmonized;M;M
Physical Energy & Power Flows;2020;5;672;672;672;HU;SK;Monthly Value;Import;Harmonized;M;M
Physical Energy & Power Flows;2020;3;932;932;932;DE;CH;Monthly Value;Export;Harmonized;M;M
Physical Energy & Power Flows;2020;10;957;957;957;DE;PL;Monthly Value;Export;Harmonized;M;M
Physical Energy & Power Flows;2020;12;37;37;37;SE;DE;Monthly Value;Import;Harmonized;M;M
Physical Energy & Power Flows;2020;2;11;11;11;LT;LV;Monthly Value;Export;Harmonized;M;M
Physical Energy & Power Flows;2020;6;3;3;3;MT;IT;Monthly Value;Import;Harmonized;NaM;M
Physical Energy & Power Flows;2020;2;0;0;0;UA;RO;Monthly Value;Import;Harmonized;NaM;M
Physical Energy & Power Flows;2020;8;821;821;821;NO;DK;Monthly Value;Export;Harmonized;M;M
Physical Energy & Power Flows;2020;10;666;666;666;FR;ES;Monthly Value;Export;Harmonized;M;M
Physical Energy & Power Flows;2020;2;195;195;195;BG;GR;Monthly Value;Export;Harmonized;M;M
Physical Energy & Power Flows;2020;12;175;175;175;RO;HU;Monthly Value;Import;Harmonized;M;M
Physical Energy & Power Flows;2020;1;15;15;15;CH;IT;Monthly Value;Import;Harmonized;M;M
Physical Energy & Power Flows;2020;10;163;163;163;CZ;DE;Monthly Value;Export;Harmonized;M;M
Physical Energy & Power Flows;2020;9;21;21;21;NL;GB;Monthly Value;Import;Harmonized;M;M
Physical Energy & Power Flows;2020;9;156;156;156;GB;IE;Monthly Value;Import;Harmonized;M;M
Physical Energy & Power Flows;2020;11;589;589;589;SE;NO;Monthly Value;Import;Harmonized;M;M
Physical Energy & Power Flows;2020;10;0;0;0;NL;DK;Monthly Value;Import;Harmonized;M;M
Physical Energy & Power Flows;2020;3;190;190;190;LT;PL;Monthly Value;Export;Harmonized;M;M
Physical Energy & Power Flows;2020;12;13;13;13;SK;CZ;Monthly Value;Export;Harmonized;M;M
Physical Energy & Power Flows;2020;7;638;638;638;DE;CZ;Monthly Value;Export;Harmonized;M;M
Physical Energy & Power Flows;2020;9;67;67;67;HR;BA;Monthly Value;Export;Harmonized;M;M
Physical Energy & Power Flows;2020;6;0;0;0;LU;BE;Monthly Value;Export;Harmonized;M;M
Physical Energy & Power Flows;2020;10;1041;1041;1041;BE;NL;Monthly Value;Import;Harmonized;M;M
Physical Energy & Power Flows;2020;8;2;2;2;IT;AT;Monthly Value;Export;Harmonized;M;M
Physical Energy & Power Flows;2020;9;38;38;38;CH;AT;Monthly Value;Export;Harmonized;M;M
Physical Energy & Power Flows;2020;6;5;5;5;SI;AT;Monthly Value;Export;Harmonized;M;M
Physical Energy & Power Flows;2020;9;173;173;173;UA;HU;Monthly Value;Export;Harmonized;NaM;M
Physical Energy & Power Flows;2020;4;188;188;188;DE;CH;Monthly Value;Export;Harmonized;M;M
Physical Energy & Power Flows;2020;9;229;229;229;LV;EE;Monthly Value;Import;Harmonized;M;M
Physical Energy & Power Flows;2020;3;6;6;6;BA;RS;Monthly Value;Import;Harmonized;M;M
Physical Energy & Power Flows;2020;11;25;25;25;RS;ME;Monthly Value;Export;Harmonized;M;M
Physical Energy & Power Flows;2020;7;143;143;143;DK;NL;Monthly Value;Export;Harmonized;M;M
Physical Energy & Power Flows;2020;9;571;571;571;SK;HU;Monthly Value;Export;Harmonized;M;M
Physical Energy & Power Flows;2020;6;19;19;19;SK;UA;Monthly Value;Import;Harmonized;M;NaM
Physical Energy & Power Flows;2020;2;2;2;2;AT;DE;Monthly Value;Export;Harmonized;M;M
Physical Energy & Power Flows;2020;1;460;460;460;NL;DK;Monthly Value;Import;Harmonized;M;M
Physical Energy & Power Flows;2020;12;4;4;4;RS;BA;Monthly Value;Export;Harmonized;M;M
Physical Energy & Power Flows;2020;2;1;1;1;SE;PL;Monthly Value;Import;Harmonized;M;M
Physical Energy & Power Flows;2020;7;122;122;122;LT;RU;Monthly Value;Import;Harmonized;M;NaM
Physical Energy & Power Flows;2020;7;119;119;119;RU;LV;Monthly Value;Export;Harmonized;NaM;M
Physical Energy & Power Flows;2020;7;1;1;1;CZ;SK;Monthly Value;Import;Harmonized;M;M
Physical Energy & Power Flows;2020;6;102;102;102;EE;RU;Monthly Value;Export;Harmonized;M;NaM
Physical Energy & Power Flows;2020;1;202;202;202;MK;GR;Monthly Value;Export;Harmonized;M;M
Physical Energy & Power Flows;2020;9;5;5;5;BG;RS;Monthly Value;Import;Harmonized;M;M
Physical Energy & Power Flows;2020;12;27;27;27;EE;LV;Monthly Value;Import;Harmonized;M;M
Physical Energy & Power Flows;2020;6;669;669;669;PT;ES;Monthly Value;Import;Harmonized;M;M
Physical Energy & Power Flows;2020;12;98;98;98;LV;EE;Monthly Value;Import;Harmonized;M;M
Physical Energy & Power Flows;2020;5;163;163;163;SE;DK;Monthly Value;Import;Harmonized;M;M
Physical Energy & Power Flows;2020;6;264;264;264;BG;TR;Monthly Value;Export;Harmonized;M;M
Physical Energy & Power Flows;2020;9;398;398;398;FI;RU;Monthly Value;Import;Harmonized;M;NaM
Physical Energy & Power Flows;2020;11;0;0;0;DK;NL;Monthly Value;Import;Harmonized;M;M
Physical Energy & Power Flows;2020;7;0;0;0;CH;IT;Monthly Value;Import;Harmonized;M;M
Physical Energy & Power Flows;2020;5;254;254;254;SE;DK;Monthly Value;Export;Harmonized;M;M
Physical Energy & Power Flows;2020;1;82;82;82;CH;FR;Monthly Value;Export;Harmonized;M;M
Physical Energy & Power Flows;2020;1;0;0;0;BA;RS;Monthly Value;Import;Harmonized;M;M
Physical Energy & Power Flows;2020;1;29;29;29;SI;IT;Monthly Value;Import;Harmonized;M;M
Physical Energy & Power Flows;2020;1;118;118;118;GB;FR;Monthly Value;Export;Harmonized;M;M
Physical Energy & Power Flows;2020;2;41;41;41;BY;UA;Monthly Value;Import;Harmonized;NaM;NaM
Physical Energy & Power Flows;2020;11;183;183;183;BE;NL;Monthly Value;Export;Harmonized;M;M
Physical Energy & Power Flows;2020;2;270;270;270;DK;SE;Monthly Value;Import;Harmonized;M;M
Physical Energy & Power Flows;2020;1;792;792;792;PT;ES;Monthly Value;Export;Harmonized;M;M
Physical Energy & Power Flows;2020;9;666;666;666;SE;DK;Monthly Value;Export;Harmonized;M;M
Physical Energy & Power Flows;2020;2;24;24;24;LV;EE;Monthly Value;Export;Harmonized;M;M
Physical Energy & Power Flows;2020;11;2;2;2;HU;AT;Monthly Value;Export;Harmonized;M;M
Physical Energy & Power Flows;2020;1;260;260;260;NL;NO;Monthly Value;Import;Harmonized;M;M
Physical Energy & Power Flows;2020;7;374;374;374;PL;SE;Monthly Value;Import;Harmonized;M;M
Physical Energy & Power Flows;2020;10;3;3;3;AL;ME;Monthly Value;Export;Harmonized;M;M
Physical Energy & Power Flows;2020;11;524;524;524;GB;BE;Monthly Value;Import;Harmonized;M;M
Physical Energy & Power Flows;2020;2;125;125;125;ME;IT;Monthly Value;Import;Harmonized;M;M
Physical Energy & Power Flows;2020;5;35;35;35;HR;HU;Monthly Value;Export;Harmonized;M;M
Physical Energy & Power Flows;2020;12;539;539;539;FR;ES;Monthly Value;Export;Harmonized;M;M
Physical Energy & Power Flows;2020;9;0;0;0;RO;MD;Monthly Value;Import;Harmonized;M;NaM
Physical Energy & Power Flows;2020;5;157;157;157;NL;DK;Monthly Value;Export;Harmonized;M;M
Physical Energy & Power Flows;2020;7;68;68;68;RS;HR;Monthly Value;Import;Harmonized;M;M
Physical Energy & Power Flows;2020;11;15;15;15;GR;AL;Monthly Value;Import;Harmonized;M;M
Physical Energy & Power Flows;2020;9;0;0;0;MK;BG;Monthly Value;Export;Harmonized;M;M
Physical Energy & Power Flows;2020;11;1;1;1;RU;EE;Monthly Value;Export;Harmonized;NaM;M
Physical Energy & Power Flows;2020;3;536;536;536;EE;FI;Monthly Value;Import;Harmonized;M;M
Physical Energy & Power Flows;2020;5;1;1;1;RU;LV;Monthly Value;Import;Harmonized;NaM;M
Physical Energy & Power Flows;2020;8;51;51;51;HR;RS;Monthly Value;Import;Harmonized;M;M
Physical Energy & Power Flows;2020;7;151;151;151;AL;ME;Monthly Value;Import;Harmonized;M;M
Physical Energy & Power Flows;2020;10;890;890;890;DE;AT;Monthly Value;Export;Harmonized;M;M
Physical Energy & Power Flows;2020;3;218;218;218;ME;AL;Monthly Value;Export;Harmonized;M;M
Physical Energy & Power Flows;2020;12;1296;1296;1296;AT;DE;Monthly Value;Import;Harmonized;M;M
Physical Energy & Power Flows;2020;4;11;11;11;HU;HR;Monthly Value;Import;Harmonized;M;M
Physical Energy & Power Flows;2020;4;3;3;3;GR;TR;Monthly Value;Export;Harmonized;M;M
Physical Energy & Power Flows;2020;9;54;54;54;BE;LU;Monthly Value;Export;Harmonized;M;M
Physical Energy & Power Flows;2020;9;51;51;51;IE;GB;Monthly Value;Import;Harmonized;M;M
Physical Energy & Power Flows;2020;9;0;0;0;RU;LT;Monthly Value;Import;Harmonized;NaM;M
Physical Energy & Power Flows;2020;8;27;27;27;BG;RO;Monthly Value;Export;Harmonized;M;M
Physical Energy & Power Flows;2020;10;0;0;0;MK;BG;Monthly Value;Export;Harmonized;M;M
Physical Energy & Power Flows;2020;10;15;15;15;LU;BE;Monthly Value;Export;Harmonized;M;M
Physical Energy & Power Flows;2020;3;2;2;2;AL;GR;Monthly Value;Import;Harmonized;M;M
Physical Energy & Power Flows;2020;8;236;236;236;IT;ME;Monthly Value;Import;Harmonized;M;M
Physical Energy & Power Flows;2020;6;172;172;172;LV;EE;Monthly Value;Import;Harmonized;M;M
Physical Energy & Power Flows;2020;9;2;2;2;BG;GR;Monthly Value;Import;Harmonized;M;M
Physical Energy & Power Flows;2020;7;468;468;468;SI;HR;Monthly Value;Export;Harmonized;M;M
Physical Energy & Power Flows;2020;2;528;528;528;EE;FI;Monthly Value;Import;Harmonized;M;M
Physical Energy & Power Flows;2020;11;0;0;0;DE;NO;Monthly Value;Import;Harmonized;M;M
Physical Energy & Power Flows;2020;5;25;25;25;DE;SE;Monthly Value;Import;Harmonized;M;M
Physical Energy & Power Flows;2020;4;78;78;78;EE;RU;Monthly Value;Export;Harmonized;M;NaM
Physical Energy & Power Flows;2020;12;84;84;84;GB;FR;Monthly Value;Export;Harmonized;M;M
Physical Energy & Power Flows;2020;4;0;0;0;LU;BE;Monthly Value;Export;Harmonized;M;M
Physical Energy & Power Flows;2020;10;6;6;6;SK;CZ;Monthly Value;Export;Harmonized;M;M
Physical Energy & Power Flows;2020;8;1593;1593;1593;FI;SE;Monthly Value;Import;Harmonized;M;M
Physical Energy & Power Flows;2020;3;18;18;18;IT;ME;Monthly Value;Export;Harmonized;M;M
Physical Energy & Power Flows;2020;7;29;29;29;HU;HR;Monthly Value;Import;Harmonized;M;M
Physical Energy & Power Flows;2020;3;85;85;85;AL;GR;Monthly Value;Export;Harmonized;M;M
Physical Energy & Power Flows;2020;5;195;195;195;PL;SK;Monthly Value;Export;Harmonized;M;M
Physical Energy & Power Flows;2020;4;79;79;79;SI;IT;Monthly Value;Import;Harmonized;M;M
Physical Energy & Power Flows;2020;1;181;181;181;HU;UA;Monthly Value;Import;Harmonized;M;NaM
Physical Energy & Power Flows;2020;7;421;421;421;LT;SE;Monthly Value;Import;Harmonized;M;M
Physical Energy & Power Flows;2020;9;77;77;77;BA;RS;Monthly Value;Import;Harmonized;M;M
Physical Energy & Power Flows;2020;11;174;174;174;DK;DE;Monthly Value;Import;Harmonized;M;M
Physical Energy & Power Flows;2020;4;3;3;3;TR;GR;Monthly Value;Import;Harmonized;M;M
Physical Energy & Power Flows;2020;10;513;513;513;AT;HU;Monthly Value;Export;Harmonized;M;M
Physical Energy & Power Flows;2020;1;33;33;33;BG;RS;Monthly Value;Export;Harmonized;M;M
Physical Energy & Power Flows;2020;4;22;22;22;NO;NL;Monthly Value;Import;Harmonized;M;M
Physical Energy & Power Flows;2020;8;188;188;188;SI;IT;Monthly Value;Export;Harmonized;M;M
Physical Energy & Power Flows;2020;10;36;36;36;HR;SI;Monthly Value;Export;Harmonized;M;M
Physical Energy & Power Flows;2020;7;28;28;28;GB;IE;Monthly Value;Export;Harmonized;M;M
Physical Energy & Power Flows;2020;3;39;39;39;HU;RS;Monthly Value;Export;Harmonized;M;M
Physical Energy & Power Flows;2020;3;204;204;204;UA;RO;Monthly Value;Export;Harmonized;NaM;M
Physical Energy & Power Flows;2020;1;47;47;47;GB;NL;Monthly Value;Export;Harmonized;M;M
Physical Energy & Power Flows;2020;4;490;490;490;GB;NL;Monthly Value;Import;Harmonized;M;M
Physical Energy & Power Flows;2020;6;167;167;167;ES;PT;Monthly Value;Import;Harmonized;M;M
Physical Energy & Power Flows;2020;12;0;0;0;MK;BG;Monthly Value;Export;Harmonized;M;M
Physical Energy & Power Flows;2020;12;152;152;152;LT;PL;Monthly Value;Export;Harmonized;M;M
Physical Energy & Power Flows;2020;12;27;27;27;LV;EE;Monthly Value;Export;Harmonized;M;M
Physical Energy & Power Flows;2020;8;562;562;562;PT;ES;Monthly Value;Import;Harmonized;M;M
Physical Energy & Power Flows;2020;6;657;657;657;HU;SK;Monthly Value;Import;Harmonized;M;M
Physical Energy & Power Flows;2020;11;60;60;60;BG;TR;Monthly Value;Import;Harmonized;M;M
Physical Energy & Power Flows;2020;4;45;45;45;RS;ME;Monthly Value;Import;Harmonized;M;M
Physical Energy & Power Flows;2020;10;672;672;672;HU;SK;Monthly Value;Import;Harmonized;M;M
Physical Energy & Power Flows;2020;5;125;125;125;PL;UA;Monthly Value;Import;Harmonized;M;NaM
Physical Energy & Power Flows;2020;2;15;15;15;SI;IT;Monthly Value;Import;Harmonized;M;M
Physical Energy & Power Flows;2020;8;204;204;204;LT;RU;Monthly Value;Import;Harmonized;M;NaM
Physical Energy & Power Flows;2020;3;135;135;135;LT;RU;Monthly Value;Import;Harmonized;M;NaM
Physical Energy & Power Flows;2020;7;2;2;2;RU;EE;Monthly Value;Export;Harmonized;NaM;M
Physical Energy & Power Flows;2020;8;44;44;44;BE;NL;Monthly Value;Export;Harmonized;M;M
Physical Energy & Power Flows;2020;10;273;273;273;UA;SK;Monthly Value;Import;Harmonized;NaM;M
Physical Energy & Power Flows;2020;10;110;110;110;MK;BG;Monthly Value;Import;Harmonized;M;M
Physical Energy & Power Flows;2020;2;19;19;19;SI;HR;Monthly Value;Import;Harmonized;M;M
Physical Energy & Power Flows;2020;11;1264;1264;1264;DE;CH;Monthly Value;Export;Harmonized;M;M
Physical Energy & Power Flows;2020;5;25;25;25;UA;HU;Monthly Value;Export;Harmonized;NaM;M
Physical Energy & Power Flows;2020;7;2;2;2;CZ;AT;Monthly Value;Import;Harmonized;M;M
Physical Energy & Power Flows;2020;8;137;137;137;UA;RO;Monthly Value;Export;Harmonized;NaM;M
Physical Energy & Power Flows;2020;8;246;246;246;BG;GR;Monthly Value;Export;Harmonized;M;M
Physical Energy & Power Flows;2020;9;77;77;77;RS;BA;Monthly Value;Export;Harmonized;M;M
Physical Energy & Power Flows;2020;10;349;349;349;RS;MK;Monthly Value;Export;Harmonized;M;M
Physical Energy & Power Flows;2020;8;110;110;110;RO;RS;Monthly Value;Import;Harmonized;M;M
Physical Energy & Power Flows;2020;8;418;418;418;BE;FR;Monthly Value;Import;Harmonized;M;M
Physical Energy & Power Flows;2020;6;124;124;124;AT;CH;Monthly Value;Export;Harmonized;M;M
Physical Energy & Power Flows;2020;4;173;173;173;DK;DE;Monthly Value;Import;Harmonized;M;M
Physical Energy & Power Flows;2020;9;1;1;1;SE;NO;Monthly Value;Export;Harmonized;M;M
Physical Energy & Power Flows;2020;4;39;39;39;FR;CH;Monthly Value;Import;Harmonized;M;M
Physical Energy & Power Flows;2020;5;118;118;118;BG;MK;Monthly Value;Export;Harmonized;M;M
Physical Energy & Power Flows;2020;1;203;203;203;BA;RS;Monthly Value;Export;Harmonized;M;M
Physical Energy & Power Flows;2020;9;23;23;23;SE;LT;Monthly Value;Import;Harmonized;M;M
Physical Energy & Power Flows;2020;8;29;29;29;GB;IE;Monthly Value;Export;Harmonized;M;M
Physical Energy & Power Flows;2020;4;221;221;221;DE;SE;Monthly Value;Import;Harmonized;M;M
Physical Energy & Power Flows;2020;10;8;8;8;AL;RS;Monthly Value;Import;Harmonized;M;M
Physical Energy & Power Flows;2020;11;15;15;15;MD;UA;Monthly Value;Import;Harmonized;NaM;NaM
Physical Energy & Power Flows;2020;3;119;119;119;IE;GB;Monthly Value;Export;Harmonized;M;M
Physical Energy & Power Flows;2020;1;605;605;605;SE;DK;Monthly Value;Export;Harmonized;M;M
Physical Energy & Power Flows;2020;5;49;49;49;DK;NO;Monthly Value;Export;Harmonized;M;M
Physical Energy & Power Flows;2020;7;4;4;4;SI;AT;Monthly Value;Export;Harmonized;M;M
Physical Energy & Power Flows;2020;10;264;264;264;BA;HR;Monthly Value;Import;Harmonized;M;M
Physical Energy & Power Flows;2020;10;15;15;15;NO;DE;Monthly Value;Export;Harmonized;M;M
Physical Energy & Power Flows;2020;6;16;16;16;GR;IT;Monthly Value;Export;Harmonized;M;M
Physical Energy & Power Flows;2020;1;55;55;55;RS;AL;Monthly Value;Import;Harmonized;M;M
Physical Energy & Power Flows;2020;5;107;107;107;IT;AT;Monthly Value;Import;Harmonized;M;M
Physical Energy & Power Flows;2020;9;174;174;174;DE;AT;Monthly Value;Import;Harmonized;M;M
Physical Energy & Power Flows;2020;7;2;2;2;AT;CZ;Monthly Value;Export;Harmonized;M;M
Physical Energy & Power Flows;2020;7;10;10;10;NO;NL;Monthly Value;Import;Harmonized;M;M
Physical Energy & Power Flows;2020;5;85;85;85;LT;RU;Monthly Value;Import;Harmonized;M;NaM
Physical Energy & Power Flows;2020;6;53;53;53;RS;RO;Monthly Value;Import;Harmonized;M;M
Physical Energy & Power Flows;2020;12;0;0;0;ME;XK;Monthly Value;Export;Harmonized;M;M
Physical Energy & Power Flows;2020;9;0;0;0;HU;UA;Monthly Value;Export;Harmonized;M;NaM
Physical Energy & Power Flows;2020;11;97;97;97;DE;CZ;Monthly Value;Import;Harmonized;M;M
Physical Energy & Power Flows;2020;3;207;207;207;BY;UA;Monthly Value;Import;Harmonized;NaM;NaM
Physical Energy & Power Flows;2020;9;743;743;743;PL;DE;Monthly Value;Import;Harmonized;M;M
Physical Energy & Power Flows;2020;1;36;36;36;TR;BG;Monthly Value;Export;Harmonized;M;M
Physical Energy & Power Flows;2020;5;270;270;270;DE;NL;Monthly Value;Export;Harmonized;M;M
Physical Energy & Power Flows;2020;6;298;298;298;NL;BE;Monthly Value;Export;Harmonized;M;M
Physical Energy & Power Flows;2020;3;84;84;84;AT;IT;Monthly Value;Export;Harmonized;M;M
Physical Energy & Power Flows;2020;7;280;280;280;LV;EE;Monthly Value;Import;Harmonized;M;M
Physical Energy & Power Flows;2020;11;83;83;83;IT;MT;Monthly Value;Export;Harmonized;M;NaM
Physical Energy & Power Flows;2020;4;68;68;68;RS;RO;Monthly Value;Import;Harmonized;M;M
Physical Energy & Power Flows;2020;11;25;25;25;GB;BE;Monthly Value;Export;Harmonized;M;M
Physical Energy & Power Flows;2020;11;3;3;3;SE;PL;Monthly Value;Import;Harmonized;M;M
Physical Energy & Power Flows;2020;12;0;0;0;NO;NL;Monthly Value;Import;Harmonized;M;M
Physical Energy & Power Flows;2020;3;1;1;1;RO;HU;Monthly Value;Export;Harmonized;M;M
Physical Energy & Power Flows;2020;11;106;106;106;ME;RS;Monthly Value;Export;Harmonized;M;M
Physical Energy & Power Flows;2020;6;28;28;28;GB;IE;Monthly Value;Export;Harmonized;M;M
Physical Energy & Power Flows;2020;4;74;74;74;LV;LT;Monthly Value;Import;Harmonized;M;M
Physical Energy & Power Flows;2020;1;7;7;7;LV;LT;Monthly Value;Import;Harmonized;M;M
Physical Energy & Power Flows;2020;1;239;239;239;RU;LT;Monthly Value;Export;Harmonized;NaM;M
Physical Energy & Power Flows;2020;6;20;20;20;RS;BG;Monthly Value;Export;Harmonized;M;M
Physical Energy & Power Flows;2020;6;193;193;193;GB;FR;Monthly Value;Export;Harmonized;M;M
Physical Energy & Power Flows;2020;9;0;0;0;IT;MT;Monthly Value;Import;Harmonized;M;NaM
Physical Energy & Power Flows;2020;7;121;121;121;LV;LT;Monthly Value;Export;Harmonized;M;M
Physical Energy & Power Flows;2020;10;7;7;7;CZ;AT;Monthly Value;Import;Harmonized;M;M
Physical Energy & Power Flows;2020;6;1;1;1;RU;UA;Monthly Value;Import;Harmonized;NaM;NaM
Physical Energy & Power Flows;2020;2;235;235;235;NO;DK;Monthly Value;Import;Harmonized;M;M
Physical Energy & Power Flows;2020;2;82;82;82;LT;BY;Monthly Value;Import;Harmonized;M;NaM
Physical Energy & Power Flows;2020;9;3;3;3;DE;NO;Monthly Value;Export;Harmonized;M;M
Physical Energy & Power Flows;2020;4;151;151;151;BY;UA;Monthly Value;Import;Harmonized;NaM;NaM
Physical Energy & Power Flows;2020;7;208;208;208;PL;SK;Monthly Value;Export;Harmonized;M;M
Physical Energy & Power Flows;2020;4;221;221;221;SE;DE;Monthly Value;Export;Harmonized;M;M
Physical Energy & Power Flows;2020;12;456;456;456;PL;CZ;Monthly Value;Export;Harmonized;M;M
Physical Energy & Power Flows;2020;12;0;0;0;IT;MT;Monthly Value;Import;Harmonized;M;NaM
Physical Energy & Power Flows;2020;4;795;795;795;IT;FR;Monthly Value;Import;Harmonized;M;M
Physical Energy & Power Flows;2020;10;80;80;80;DE;NL;Monthly Value;Import;Harmonized;M;M
Physical Energy & Power Flows;2020;9;134;134;134;RO;BG;Monthly Value;Export;Harmonized;M;M
Physical Energy & Power Flows;2020;12;149;149;149;MK;BG;Monthly Value;Import;Harmonized;M;M
Physical Energy & Power Flows;2020;12;420;420;420;AT;HU;Monthly Value;Export;Harmonized;M;M
Physical Energy & Power Flows;2020;12;37;37;37;DE;SE;Monthly Value;Export;Harmonized;M;M
Physical Energy & Power Flows;2020;8;121;121;121;ME;RS;Monthly Value;Import;Harmonized;M;M
Physical Energy & Power Flows;2020;10;13;13;13;DE;SE;Monthly Value;Export;Harmonized;M;M
Physical Energy & Power Flows;2020;12;27;27;27;UA;RO;Monthly Value;Import;Harmonized;NaM;M
Physical Energy & Power Flows;2020;4;376;376;376;SE;DK;Monthly Value;Export;Harmonized;M;M
Physical Energy & Power Flows;2020;11;379;379;379;SE;LT;Monthly Value;Export;Harmonized;M;M
Physical Energy & Power Flows;2020;12;104;104;104;LT;LV;Monthly Value;Export;Harmonized;M;M
Physical Energy & Power Flows;2020;2;87;87;87;HU;RS;Monthly Value;Export;Harmonized;M;M
Physical Energy & Power Flows;2020;12;197;197;197;TR;GR;Monthly Value;Export;Harmonized;M;M
Physical Energy & Power Flows;2020;12;98;98;98;EE;LV;Monthly Value;Export;Harmonized;M;M
Physical Energy & Power Flows;2020;11;663;663;663;NL;DE;Monthly Value;Import;Harmonized;M;M
Physical Energy & Power Flows;2020;10;302;302;302;RO;UA;Monthly Value;Import;Harmonized;M;NaM
Physical Energy & Power Flows;2020;6;56;56;56;PL;CZ;Monthly Value;Export;Harmonized;M;M
Physical Energy & Power Flows;2020;3;790;790;790;SK;HU;Monthly Value;Export;Harmonized;M;M
Physical Energy & Power Flows;2020;12;0;0;0;NL;DK;Monthly Value;Import;Harmonized;M;M
Physical Energy & Power Flows;2020;3;0;0;0;GR;TR;Monthly Value;Export;Harmonized;M;M
Physical Energy & Power Flows;2020;4;266;266;266;UA;SK;Monthly Value;Import;Harmonized;NaM;M
Physical Energy & Power Flows;2020;10;1;1;1;UA;BY;Monthly Value;Import;Harmonized;NaM;NaM
Physical Energy & Power Flows;2020;7;84;84;84;NL;GB;Monthly Value;Import;Harmonized;M;M
Physical Energy & Power Flows;2020;12;201;201;201;AT;SI;Monthly Value;Export;Harmonized;M;M
Physical Energy & Power Flows;2020;8;567;567;567;FR;CH;Monthly Value;Import;Harmonized;M;M
Physical Energy & Power Flows;2020;7;278;278;278;FR;CH;Monthly Value;Export;Harmonized;M;M
Physical Energy & Power Flows;2020;11;40;40;40;RS;HU;Monthly Value;Import;Harmonized;M;M
Physical Energy & Power Flows;2020;9;49;49;49;BE;GB;Monthly Value;Import;Harmonized;M;M
Physical Energy & Power Flows;2020;5;166;166;166;ME;IT;Monthly Value;Import;Harmonized;M;M
Physical Energy & Power Flows;2020;11;15;15;15;UA;MD;Monthly Value;Export;Harmonized;NaM;NaM
Physical Energy & Power Flows;2020;11;6;6;6;IT;SI;Monthly Value;Export;Harmonized;M;M
Physical Energy & Power Flows;2020;1;107;107;107;HR;BA;Monthly Value;Export;Harmonized;M;M
Physical Energy & Power Flows;2020;12;68;68;68;RS;RO;Monthly Value;Export;Harmonized;M;M
Physical Energy & Power Flows;2020;8;177;177;177;UA;RU;Monthly Value;Import;Harmonized;NaM;NaM
Physical Energy & Power Flows;2020;10;19;19;19;HR;HU;Monthly Value;Export;Harmonized;M;M
Physical Energy & Power Flows;2020;4;0;0;0;LT;RU;Monthly Value;Export;Harmonized;M;NaM
Physical Energy & Power Flows;2020;9;362;362;362;CZ;DE;Monthly Value;Import;Harmonized;M;M
Physical Energy & Power Flows;2020;11;61;61;61;CH;FR;Monthly Value;Export;Harmonized;M;M
Physical Energy & Power Flows;2020;6;62;62;62;LV;RU;Monthly Value;Import;Harmonized;M;NaM
Physical Energy & Power Flows;2020;12;27;27;27;DE;NO;Monthly Value;Export;Harmonized;M;M
Physical Energy & Power Flows;2020;11;119;119;119;DE;BE;Monthly Value;Export;Harmonized;M;M
Physical Energy & Power Flows;2020;4;63;63;63;IE;GB;Monthly Value;Export;Harmonized;M;M
Physical Energy & Power Flows;2020;1;283;283;283;NO;DK;Monthly Value;Export;Harmonized;M;M
Physical Energy & Power Flows;2020;7;5;5;5;SK;UA;Monthly Value;Import;Harmonized;M;NaM
Physical Energy & Power Flows;2020;12;342;342;342;SK;UA;Monthly Value;Export;Harmonized;M;NaM
Physical Energy & Power Flows;2020;9;106;106;106;UA;PL;Monthly Value;Export;Harmonized;NaM;M
Physical Energy & Power Flows;2020;4;8;8;8;RS;AL;Monthly Value;Export;Harmonized;M;M
Physical Energy & Power Flows;2020;10;246;246;246;BE;FR;Monthly Value;Import;Harmonized;M;M
Physical Energy & Power Flows;2020;7;5;5;5;HU;UA;Monthly Value;Export;Harmonized;M;NaM
Physical Energy & Power Flows;2020;12;576;576;576;FI;EE;Monthly Value;Export;Harmonized;M;M
Physical Energy & Power Flows;2020;6;206;206;206;GR;BG;Monthly Value;Import;Harmonized;M;M
Physical Energy & Power Flows;2020;4;682;682;682;SK;CZ;Monthly Value;Import;Harmonized;M;M
Physical Energy & Power Flows;2020;10;293;293;293;SE;DE;Monthly Value;Export;Harmonized;M;M
Physical Energy & Power Flows;2020;11;11;11;11;SE;LT;Monthly Value;Import;Harmonized;M;M
Physical Energy & Power Flows;2020;8;346;346;346;DE;CZ;Monthly Value;Export;Harmonized;M;M
Physical Energy & Power Flows;2020;8;779;779;779;GB;FR;Monthly Value;Import;Harmonized;M;M
Physical Energy & Power Flows;2020;2;236;236;236;NL;DE;Monthly Value;Export;Harmonized;M;M
Physical Energy & Power Flows;2020;1;202;202;202;GR;MK;Monthly Value;Import;Harmonized;M;M
Physical Energy & Power Flows;2020;9;207;207;207;PL;LT;Monthly Value;Import;Harmonized;M;M
Physical Energy & Power Flows;2020;6;989;989;989;NO;SE;Monthly Value;Export;Harmonized;M;M
Physical Energy & Power Flows;2020;9;88;88;88;RO;RS;Monthly Value;Import;Harmonized;M;M
Physical Energy & Power Flows;2020;1;590;590;590;AT;SI;Monthly Value;Export;Harmonized;M;M
Physical Energy & Power Flows;2020;11;231;231;231;RU;LT;Monthly Value;Export;Harmonized;NaM;M
Physical Energy & Power Flows;2020;8;135;135;135;GR;TR;Monthly Value;Import;Harmonized;M;M
Physical Energy & Power Flows;2020;3;0;0;0;HU;UA;Monthly Value;Export;Harmonized;M;NaM
Physical Energy & Power Flows;2020;1;18;18;18;FI;NO;Monthly Value;Import;Harmonized;M;M
Physical Energy & Power Flows;2020;11;647;647;647;NL;BE;Monthly Value;Export;Harmonized;M;M
Physical Energy & Power Flows;2020;10;83;83;83;HR;RS;Monthly Value;Export;Harmonized;M;M
Physical Energy & Power Flows;2020;6;61;61;61;RS;BA;Monthly Value;Import;Harmonized;M;M
Physical Energy & Power Flows;2020;2;30;30;30;BA;HR;Monthly Value;Export;Harmonized;M;M
Physical Energy & Power Flows;2020;1;0;0;0;RO;HU;Monthly Value;Export;Harmonized;M;M
Physical Energy & Power Flows;2020;6;165;165;165;ME;IT;Monthly Value;Import;Harmonized;M;M
Physical Energy & Power Flows;2020;2;0;0;0;RO;UA;Monthly Value;Export;Harmonized;M;NaM
Physical Energy & Power Flows;2020;7;15;15;15;RO;UA;Monthly Value;Export;Harmonized;M;NaM
Physical Energy & Power Flows;2020;7;0;0;0;SE;PL;Monthly Value;Import;Harmonized;M;M
Physical Energy & Power Flows;2020;5;464;464;464;LT;SE;Monthly Value;Import;Harmonized;M;M
Physical Energy & Power Flows;2020;12;118;118;118;CH;FR;Monthly Value;Export;Harmonized;M;M
Physical Energy & Power Flows;2020;1;5;5;5;BG;GR;Monthly Value;Import;Harmonized;M;M
Physical Energy & Power Flows;2020;6;42;42;42;NO;FI;Monthly Value;Export;Harmonized;M;M
Physical Energy & Power Flows;2020;11;589;589;589;NO;SE;Monthly Value;Export;Harmonized;M;M
Physical Energy & Power Flows;2020;3;527;527;527;AT;SI;Monthly Value;Export;Harmonized;M;M
Physical Energy & Power Flows;2020;11;46;46;46;LU;BE;Monthly Value;Import;Harmonized;M;M
Physical Energy & Power Flows;2020;5;254;254;254;DK;SE;Monthly Value;Import;Harmonized;M;M
Physical Energy & Power Flows;2020;1;2;2;2;SE;DE;Monthly Value;Import;Harmonized;M;M
Physical Energy & Power Flows;2020;9;151;151;151;TR;GR;Monthly Value;Export;Harmonized;M;M
Physical Energy & Power Flows;2020;6;126;126;126;SE;DK;Monthly Value;Import;Harmonized;M;M
Physical Energy & Power Flows;2020;6;391;391;391;CZ;AT;Monthly Value;Export;Harmonized;M;M
Physical Energy & Power Flows;2020;9;608;608;608;IT;FR;Monthly Value;Import;Harmonized;M;M
Physical Energy & Power Flows;2020;10;9;9;9;IT;ME;Monthly Value;Export;Harmonized;M;M
Physical Energy & Power Flows;2020;2;34;34;34;FR;GB;Monthly Value;Import;Harmonized;M;M
Physical Energy & Power Flows;2020;1;650;650;650;HU;AT;Monthly Value;Import;Harmonized;M;M
Physical Energy & Power Flows;2020;8;4;4;4;SK;UA;Monthly Value;Import;Harmonized;M;NaM
Physical Energy & Power Flows;2020;1;6;6;6;PL;LT;Monthly Value;Export;Harmonized;M;M
Physical Energy & Power Flows;2020;8;264;264;264;DE;LU;Monthly Value;Export;Harmonized;M;M
Physical Energy & Power Flows;2020;4;308;308;308;NL;DK;Monthly Value;Import;Harmonized;M;M
Physical Energy & Power Flows;2020;5;653;653;653;BE;NL;Monthly Value;Export;Harmonized;M;M
Physical Energy & Power Flows;2020;2;140;140;140;ME;RS;Monthly Value;Export;Harmonized;M;M
Physical Energy & Power Flows;2020;5;49;49;49;NO;DK;Monthly Value;Import;Harmonized;M;M
Physical Energy & Power Flows;2020;2;74;74;74;FR;ES;Monthly Value;Import;Harmonized;M;M
Physical Energy & Power Flows;2020;3;48;48;48;NL;DK;Monthly Value;Export;Harmonized;M;M
Physical Energy & Power Flows;2020;4;45;45;45;ME;RS;Monthly Value;Export;Harmonized;M;M
Physical Energy & Power Flows;2020;4;80;80;80;RU;LT;Monthly Value;Export;Harmonized;NaM;M
Physical Energy & Power Flows;2020;8;661;661;661;CZ;SK;Monthly Value;Export;Harmonized;M;M
Physical Energy & Power Flows;2020;8;367;367;367;ES;PT;Monthly Value;Import;Harmonized;M;M
Physical Energy & Power Flows;2020;10;297;297;297;RU;FI;Monthly Value;Export;Harmonized;NaM;M
Physical Energy & Power Flows;2020;4;182;182;182;AL;ME;Monthly Value;Import;Harmonized;M;M
Physical Energy & Power Flows;2020;4;1;1;1;MK;RS;Monthly Value;Export;Harmonized;M;M
Physical Energy & Power Flows;2020;10;102;102;102;DE;DK;Monthly Value;Export;Harmonized;M;M
Physical Energy & Power Flows;2020;5;15;15;15;HR;RS;Monthly Value;Import;Harmonized;M;M
Physical Energy & Power Flows;2020;11;251;251;251;BY;LT;Monthly Value;Export;Harmonized;NaM;M
Physical Energy & Power Flows;2020;2;290;290;290;DK;DE;Monthly Value;Export;Harmonized;M;M
Physical Energy & Power Flows;2020;5;16;16;16;AL;GR;Monthly Value;Import;Harmonized;M;M
Physical Energy & Power Flows;2020;3;1676;1676;1676;IT;FR;Monthly Value;Import;Harmonized;M;M
Physical Energy & Power Flows;2020;12;49;49;49;CH;IT;Monthly Value;Import;Harmonized;M;M
Physical Energy & Power Flows;2020;11;455;455;455;GB;NL;Monthly Value;Import;Harmonized;M;M
Physical Energy & Power Flows;2020;6;1;1;1;IT;AT;Monthly Value;Export;Harmonized;M;M
Physical Energy & Power Flows;2020;9;344;344;344;ES;PT;Monthly Value;Export;Harmonized;M;M
Physical Energy & Power Flows;2020;5;48;48;48;FR;DE;Monthly Value;Import;Harmonized;M;M
Physical Energy & Power Flows;2020;7;1;1;1;MK;RS;Monthly Value;Export;Harmonized;M;M
Physical Energy & Power Flows;2020;9;123;123;123;RO;HU;Monthly Value;Import;Harmonized;M;M
Physical Energy & Power Flows;2020;9;608;608;608;FR;IT;Monthly Value;Export;Harmonized;M;M
Physical Energy & Power Flows;2020;6;147;147;147;GB;IE;Monthly Value;Import;Harmonized;M;M
Physical Energy & Power Flows;2020;11;84;84;84;GR;AL;Monthly Value;Export;Harmonized;M;M
Physical Energy & Power Flows;2020;6;199;199;199;DE;SE;Monthly Value;Import;Harmonized;M;M
Physical Energy & Power Flows;2020;2;382;382;382;DK;NL;Monthly Value;Export;Harmonized;M;M
Physical Energy & Power Flows;2020;3;1;1;1;AT;CZ;Monthly Value;Export;Harmonized;M;M
Physical Energy & Power Flows;2020;5;132;132;132;IE;GB;Monthly Value;Export;Harmonized;M;M
Physical Energy & Power Flows;2020;5;13;13;13;AL;RS;Monthly Value;Import;Harmonized;M;M
Physical Energy & Power Flows;2020;6;366;366;366;DE;AT;Monthly Value;Export;Harmonized;M;M
Physical Energy & Power Flows;2020;9;33;33;33;RS;AL;Monthly Value;Export;Harmonized;M;M
Physical Energy & Power Flows;2020;6;181;181;181;LT;PL;Monthly Value;Export;Harmonized;M;M
Physical Energy & Power Flows;2020;12;576;576;576;EE;FI;Monthly Value;Import;Harmonized;M;M
Physical Energy & Power Flows;2020;2;0;0;0;SK;UA;Monthly Value;Import;Harmonized;M;NaM
Physical Energy & Power Flows;2020;10;2;2;2;SE;LT;Monthly Value;Import;Harmonized;M;M
Physical Energy & Power Flows;2020;6;126;126;126;DK;SE;Monthly Value;Export;Harmonized;M;M
Physical Energy & Power Flows;2020;11;0;0;0;AT;IT;Monthly Value;Import;Harmonized;M;M
Physical Energy & Power Flows;2020;1;110;110;110;AT;IT;Monthly Value;Export;Harmonized;M;M
Physical Energy & Power Flows;2020;12;3;3;3;LT;SE;Monthly Value;Export;Harmonized;M;M
Physical Energy & Power Flows;2020;11;44;44;44;BY;UA;Monthly Value;Import;Harmonized;NaM;NaM
Physical Energy & Power Flows;2020;3;648;648;648;AT;CZ;Monthly Value;Import;Harmonized;M;M
Physical Energy & Power Flows;2020;1;18;18;18;BY;UA;Monthly Value;Export;Harmonized;NaM;NaM
Physical Energy & Power Flows;2020;5;110;110;110;LT;LV;Monthly Value;Import;Harmonized;M;M
Physical Energy & Power Flows;2020;1;71;71;71;AL;GR;Monthly Value;Export;Harmonized;M;M
Physical Energy & Power Flows;2020;8;137;137;137;RO;UA;Monthly Value;Import;Harmonized;M;NaM
Physical Energy & Power Flows;2020;2;360;360;360;RO;UA;Monthly Value;Import;Harmonized;M;NaM
Physical Energy & Power Flows;2020;5;14;14;14;BY;LT;Monthly Value;Import;Harmonized;NaM;M
Physical Energy & Power Flows;2020;8;0;0;0;GR;TR;Monthly Value;Export;Harmonized;M;M
Physical Energy & Power Flows;2020;4;154;154;154;EE;LV;Monthly Value;Export;Harmonized;M;M
Physical Energy & Power Flows;2020;1;514;514;514;DK;DE;Monthly Value;Export;Harmonized;M;M
Physical Energy & Power Flows;2020;6;20;20;20;EE;LV;Monthly Value;Import;Harmonized;M;M
Physical Energy & Power Flows;2020;12;94;94;94;IT;AT;Monthly Value;Import;Harmonized;M;M
Physical Energy & Power Flows;2020;8;157;157;157;AL;ME;Monthly Value;Import;Harmonized;M;M
Physical Energy & Power Flows;2020;2;2;2;2;DE;AT;Monthly Value;Import;Harmonized;M;M
Physical Energy & Power Flows;2020;10;39;39;39;RO;BG;Monthly Value;Import;Harmonized;M;M
Physical Energy & Power Flows;2020;9;227;227;227;LT;RU;Monthly Value;Import;Harmonized;M;NaM
Physical Energy & Power Flows;2020;11;1373;1373;1373;SE;FI;Monthly Value;Export;Harmonized;M;M
Physical Energy & Power Flows;2020;4;0;0;0;UA;PL;Monthly Value;Import;Harmonized;NaM;M
Physical Energy & Power Flows;2020;6;657;657;657;SK;HU;Monthly Value;Export;Harmonized;M;M
Physical Energy & Power Flows;2020;6;213;213;213;UA;RU;Monthly Value;Import;Harmonized;NaM;NaM
Physical Energy & Power Flows;2020;10;34;34;34;NO;DK;Monthly Value;Import;Harmonized;M;M
Physical Energy & Power Flows;2020;3;363;363;363;DK;NL;Monthly Value;Export;Harmonized;M;M
Physical Energy & Power Flows;2020;12;18;18;18;RU;EE;Monthly Value;Export;Harmonized;NaM;M
Physical Energy & Power Flows;2020;2;1;1;1;MD;UA;Monthly Value;Export;Harmonized;NaM;NaM
Physical Energy & Power Flows;2020;5;2;2;2;GR;MK;Monthly Value;Export;Harmonized;M;M
Physical Energy & Power Flows;2020;10;545;545;545;AT;CH;Monthly Value;Export;Harmonized;M;M
Physical Energy & Power Flows;2020;1;353;353;353;HR;HU;Monthly Value;Import;Harmonized;M;M
Physical Energy & Power Flows;2020;2;8;8;8;NO;FI;Monthly Value;Import;Harmonized;M;M
Physical Energy & Power Flows;2020;7;260;260;260;RS;MK;Monthly Value;Export;Harmonized;M;M
Physical Energy & Power Flows;2020;7;504;504;504;AT;CZ;Monthly Value;Import;Harmonized;M;M
Physical Energy & Power Flows;2020;6;42;42;42;RS;ME;Monthly Value;Export;Harmonized;M;M
Physical Energy & Power Flows;2020;1;1410;1410;1410;IT;FR;Monthly Value;Import;Harmonized;M;M
Physical Energy & Power Flows;2020;6;496;496;496;FR;BE;Monthly Value;Export;Harmonized;M;M
Physical Energy & Power Flows;2020;12;1;1;1;RS;AL;Monthly Value;Export;Harmonized;M;M
Physical Energy & Power Flows;2020;5;197;197;197;IT;SI;Monthly Value;Import;Harmonized;M;M
Physical Energy & Power Flows;2020;9;22;22;22;RS;MK;Monthly Value;Import;Harmonized;M;M
Physical Energy & Power Flows;2020;10;0;0;0;DK;NL;Monthly Value;Export;Harmonized;M;M
Physical Energy & Power Flows;2020;9;567;567;567;FR;DE;Monthly Value;Import;Harmonized;M;M
Physical Energy & Power Flows;2020;3;249;249;249;UA;SK;Monthly Value;Import;Harmonized;NaM;M
Physical Energy & Power Flows;2020;11;349;349;349;IT;SI;Monthly Value;Import;Harmonized;M;M
Physical Energy & Power Flows;2020;7;172;172;172;RU;EE;Monthly Value;Import;Harmonized;NaM;M
Physical Energy & Power Flows;2020;2;379;379;379;RS;MK;Monthly Value;Export;Harmonized;M;M
Physical Energy & Power Flows;2020;6;132;132;132;FR;BE;Monthly Value;Import;Harmonized;M;M
Physical Energy & Power Flows;2020;2;174;174;174;LV;LT;Monthly Value;Export;Harmonized;M;M
Physical Energy & Power Flows;2020;10;477;477;477;SE;DK;Monthly Value;Export;Harmonized;M;M
Physical Energy & Power Flows;2020;4;150;150;150;RO;HU;Monthly Value;Import;Harmonized;M;M
Physical Energy & Power Flows;2020;7;28;28;28;IE;GB;Monthly Value;Import;Harmonized;M;M
Physical Energy & Power Flows;2020;11;47;47;47;LV;RU;Monthly Value;Import;Harmonized;M;NaM
Physical Energy & Power Flows;2020;8;31;31;31;RS;BA;Monthly Value;Export;Harmonized;M;M
Physical Energy & Power Flows;2020;5;675;675;675;AT;HU;Monthly Value;Export;Harmonized;M;M
Physical Energy & Power Flows;2020;8;249;249;249;FR;BE;Monthly Value;Import;Harmonized;M;M
Physical Energy & Power Flows;2020;7;182;182;182;UA;RO;Monthly Value;Export;Harmonized;NaM;M
Physical Energy & Power Flows;2020;5;82;82;82;FR;GB;Monthly Value;Import;Harmonized;M;M
Physical Energy & Power Flows;2020;9;74;74;74;UA;SK;Monthly Value;Import;Harmonized;NaM;M
Physical Energy & Power Flows;2020;2;44;44;44;UA;MD;Monthly Value;Export;Harmonized;NaM;NaM
Physical Energy & Power Flows;2020;3;25;25;25;RU;EE;Monthly Value;Export;Harmonized;NaM;M
Physical Energy & Power Flows;2020;5;1;1;1;BG;MK;Monthly Value;Import;Harmonized;M;M
Physical Energy & Power Flows;2020;6;1035;1035;1035;ES;FR;Monthly Value;Import;Harmonized;M;M
Physical Energy & Power Flows;2020;2;424;424;424;FR;BE;Monthly Value;Export;Harmonized;M;M
Physical Energy & Power Flows;2020;11;0;0;0;SK;PL;Monthly Value;Export;Harmonized;M;M
Physical Energy & Power Flows;2020;12;1003;1003;1003;FR;GB;Monthly Value;Export;Harmonized;M;M
Physical Energy & Power Flows;2020;9;419;419;419;DE;NL;Monthly Value;Import;Harmonized;M;M
Physical Energy & Power Flows;2020;2;12;12;12;FI;NO;Monthly Value;Import;Harmonized;M;M
Physical Energy & Power Flows;2020;11;4;4;4;RS;BA;Monthly Value;Export;Harmonized;M;M
Physical Energy & Power Flows;2020;12;9;9;9;MD;UA;Monthly Value;Export;Harmonized;NaM;NaM
Physical Energy & Power Flows;2020;10;588;588;588;IT;SI;Monthly Value;Import;Harmonized;M;M
Physical Energy & Power Flows;2020;3;50;50;50;RS;RO;Monthly Value;Import;Harmonized;M;M
Physical Energy & Power Flows;2020;1;180;180;180;LV;EE;Monthly Value;Import;Harmonized;M;M
Physical Energy & Power Flows;2020;1;0;0;0;MT;IT;Monthly Value;Import;Harmonized;NaM;M
Physical Energy & Power Flows;2020;9;4;4;4;BY;LT;Monthly Value;Import;Harmonized;NaM;M
Physical Energy & Power Flows;2020;3;1250;1250;1250;GB;FR;Monthly Value;Import;Harmonized;M;M
Physical Energy & Power Flows;2020;9;1;1;1;PL;DE;Monthly Value;Export;Harmonized;M;M
Physical Energy & Power Flows;2020;7;245;245;245;LT;PL;Monthly Value;Export;Harmonized;M;M
Physical Energy & Power Flows;2020;7;36;36;36;NO;SE;Monthly Value;Import;Harmonized;M;M
Physical Energy & Power Flows;2020;5;145;145;145;RU;UA;Monthly Value;Export;Harmonized;NaM;NaM
Physical Energy & Power Flows;2020;11;43;43;43;UA;BY;Monthly Value;Import;Harmonized;NaM;NaM
Physical Energy & Power Flows;2020;6;94;94;94;AT;IT;Monthly Value;Export;Harmonized;M;M
Physical Energy & Power Flows;2020;10;15;15;15;DE;BE;Monthly Value;Import;Harmonized;M;M
Physical Energy & Power Flows;2020;3;3;3;3;PL;DE;Monthly Value;Export;Harmonized;M;M
Physical Energy & Power Flows;2020;5;1;1;1;BG;GR;Monthly Value;Import;Harmonized;M;M
Physical Energy & Power Flows;2020;12;0;0;0;RO;MD;Monthly Value;Import;Harmonized;M;NaM
Physical Energy & Power Flows;2020;11;663;663;663;DE;NL;Monthly Value;Export;Harmonized;M;M
Physical Energy & Power Flows;2020;11;7;7;7;MD;UA;Monthly Value;Export;Harmonized;NaM;NaM
Physical Energy & Power Flows;2020;6;71;71;71;FR;IT;Monthly Value;Import;Harmonized;M;M
Physical Energy & Power Flows;2020;3;0;0;0;BE;LU;Monthly Value;Import;Harmonized;M;M
Physical Energy & Power Flows;2020;10;397;397;397;ME;BA;Monthly Value;Import;Harmonized;M;M
Physical Energy & Power Flows;2020;12;145;145;145;ME;RS;Monthly Value;Export;Harmonized;M;M
Physical Energy & Power Flows;2020;10;49;49;49;LU;BE;Monthly Value;Import;Harmonized;M;M
Physical Energy & Power Flows;2020;2;439;439;439;BE;NL;Monthly Value;Import;Harmonized;M;M
Physical Energy & Power Flows;2020;3;61;61;61;BA;RS;Monthly Value;Export;Harmonized;M;M
Physical Energy & Power Flows;2020;5;0;0;0;GR;IT;Monthly Value;Export;Harmonized;M;M
Physical Energy & Power Flows;2020;9;32;32;32;EE;RU;Monthly Value;Import;Harmonized;M;NaM
Physical Energy & Power Flows;2020;11;55;55;55;GR;BG;Monthly Value;Import;Harmonized;M;M
Physical Energy & Power Flows;2020;3;1691;1691;1691;SE;FI;Monthly Value;Export;Harmonized;M;M
Physical Energy & Power Flows;2020;5;169;169;169;TR;BG;Monthly Value;Import;Harmonized;M;M
Physical Energy & Power Flows;2020;11;963;963;963;PL;DE;Monthly Value;Import;Harmonized;M;M
Physical Energy & Power Flows;2020;11;89;89;89;BG;RS;Monthly Value;Export;Harmonized;M;M
Physical Energy & Power Flows;2020;7;0;0;0;IT;CH;Monthly Value;Export;Harmonized;M;M
Physical Energy & Power Flows;2020;2;521;521;521;NL;DE;Monthly Value;Import;Harmonized;M;M
Physical Energy & Power Flows;2020;7;3;3;3;ME;AL;Monthly Value;Import;Harmonized;M;M
Physical Energy & Power Flows;2020;12;2;2;2;NO;FI;Monthly Value;Import;Harmonized;M;M
Physical Energy & Power Flows;2020;2;8;8;8;NO;NL;Monthly Value;Import;Harmonized;M;M
Physical Energy & Power Flows;2020;12;166;166;166;BE;NL;Monthly Value;Export;Harmonized;M;M
Physical Energy & Power Flows;2020;2;41;41;41;BG;RS;Monthly Value;Export;Harmonized;M;M
Physical Energy & Power Flows;2020;8;121;121;121;RS;ME;Monthly Value;Export;Harmonized;M;M
Physical Energy & Power Flows;2020;8;11;11;11;BE;LU;Monthly Value;Import;Harmonized;M;M
Physical Energy & Power Flows;2020;3;60;60;60;ME;RS;Monthly Value;Export;Harmonized;M;M
Physical Energy & Power Flows;2020;2;118;118;118;BA;HR;Monthly Value;Import;Harmonized;M;M
Physical Energy & Power Flows;2020;9;8;8;8;SK;CZ;Monthly Value;Export;Harmonized;M;M
Physical Energy & Power Flows;2020;5;482;482;482;DE;AT;Monthly Value;Export;Harmonized;M;M
Physical Energy & Power Flows;2020;8;85;85;85;RS;BG;Monthly Value;Import;Harmonized;M;M
Physical Energy & Power Flows;2020;9;1;1;1;DE;BE;Monthly Value;Import;Harmonized;M;M
Physical Energy & Power Flows;2020;10;320;320;320;HR;HU;Monthly Value;Import;Harmonized;M;M
Physical Energy & Power Flows;2020;3;1972;1972;1972;IT;CH;Monthly Value;Import;Harmonized;M;M
Physical Energy & Power Flows;2020;9;67;67;67;BA;HR;Monthly Value;Import;Harmonized;M;M
Physical Energy & Power Flows;2020;6;434;434;434;DE;NL;Monthly Value;Export;Harmonized;M;M
Physical Energy & Power Flows;2020;7;6;6;6;UA;RU;Monthly Value;Export;Harmonized;NaM;NaM
Physical Energy & Power Flows;2020;6;1215;1215;1215;FR;DE;Monthly Value;Export;Harmonized;M;M
Physical Energy & Power Flows;2020;11;251;251;251;LT;BY;Monthly Value;Import;Harmonized;M;NaM
Physical Energy & Power Flows;2020;7;513;513;513;BE;FR;Monthly Value;Export;Harmonized;M;M
Physical Energy & Power Flows;2020;9;12;12;12;UA;MD;Monthly Value;Import;Harmonized;NaM;NaM
Physical Energy & Power Flows;2020;1;121;121;121;BE;FR;Monthly Value;Import;Harmonized;M;M
Physical Energy & Power Flows;2020;9;32;32;32;AT;SI;Monthly Value;Import;Harmonized;M;M
Physical Energy & Power Flows;2020;1;5;5;5;FI;NO;Monthly Value;Export;Harmonized;M;M
Physical Energy & Power Flows;2020;11;52;52;52;HR;SI;Monthly Value;Export;Harmonized;M;M
Physical Energy & Power Flows;2020;10;26;26;26;GB;FR;Monthly Value;Export;Harmonized;M;M
Physical Energy & Power Flows;2020;11;2215;2215;2215;CH;IT;Monthly Value;Export;Harmonized;M;M
Physical Energy & Power Flows;2020;7;311;311;311;NL;NO;Monthly Value;Import;Harmonized;M;M
Physical Energy & Power Flows;2020;10;13;13;13;GR;MK;Monthly Value;Export;Harmonized;M;M
Physical Energy & Power Flows;2020;7;382;382;382;MK;GR;Monthly Value;Export;Harmonized;M;M
Physical Energy & Power Flows;2020;9;101;101;101;NL;DK;Monthly Value;Export;Harmonized;M;M
Physical Energy & Power Flows;2020;11;233;233;233;UA;HU;Monthly Value;Export;Harmonized;NaM;M
Physical Energy & Power Flows;2020;12;8;8;8;FI;EE;Monthly Value;Import;Harmonized;M;M
Physical Energy & Power Flows;2020;5;14;14;14;HR;BA;Monthly Value;Import;Harmonized;M;M
Physical Energy & Power Flows;2020;1;594;594;594;EE;FI;Monthly Value;Import;Harmonized;M;M
Physical Energy & Power Flows;2020;2;0;0;0;GR;MK;Monthly Value;Export;Harmonized;M;M
Physical Energy & Power Flows;2020;6;0;0;0;FI;NO;Monthly Value;Export;Harmonized;M;M
Physical Energy & Power Flows;2020;11;172;172;172;LT;PL;Monthly Value;Export;Harmonized;M;M
Physical Energy & Power Flows;2020;6;311;311;311;FR;CH;Monthly Value;Export;Harmonized;M;M
Physical Energy & Power Flows;2020;9;12;12;12;MD;UA;Monthly Value;Export;Harmonized;NaM;NaM
Physical Energy & Power Flows;2020;11;44;44;44;UA;BY;Monthly Value;Export;Harmonized;NaM;NaM
Physical Energy & Power Flows;2020;9;502;502;502;PT;ES;Monthly Value;Export;Harmonized;M;M
Physical Energy & Power Flows;2020;3;3;3;3;LT;SE;Monthly Value;Export;Harmonized;M;M
Physical Energy & Power Flows;2020;2;314;314;314;LU;DE;Monthly Value;Import;Harmonized;M;M
Physical Energy & Power Flows;2020;10;101;101;101;AT;IT;Monthly Value;Export;Harmonized;M;M
Physical Energy & Power Flows;2020;5;125;125;125;BE;FR;Monthly Value;Export;Harmonized;M;M
Physical Energy & Power Flows;2020;4;664;664;664;AT;DE;Monthly Value;Import;Harmonized;M;M
Physical Energy & Power Flows;2020;3;156;156;156;CH;DE;Monthly Value;Export;Harmonized;M;M
Physical Energy & Power Flows;2020;12;146;146;146;DK;SE;Monthly Value;Export;Harmonized;M;M
Physical Energy & Power Flows;2020;7;147;147;147;BG;TR;Monthly Value;Export;Harmonized;M;M
Physical Energy & Power Flows;2020;7;451;451;451;AT;SI;Monthly Value;Export;Harmonized;M;M
Physical Energy & Power Flows;2020;1;1130;1130;1130;DE;PL;Monthly Value;Export;Harmonized;M;M
Physical Energy & Power Flows;2020;6;1091;1091;1091;CH;DE;Monthly Value;Export;Harmonized;M;M
Physical Energy & Power Flows;2020;3;329;329;329;IT;GR;Monthly Value;Export;Harmonized;M;M
Physical Energy & Power Flows;2020;8;113;113;113;FR;GB;Monthly Value;Import;Harmonized;M;M
Physical Energy & Power Flows;2020;3;92;92;92;DK;NO;Monthly Value;Export;Harmonized;M;M
Physical Energy & Power Flows;2020;5;169;169;169;BG;TR;Monthly Value;Export;Harmonized;M;M
Physical Energy & Power Flows;2020;3;0;0;0;UA;BY;Monthly Value;Import;Harmonized;NaM;NaM
Physical Energy & Power Flows;2020;8;13;13;13;UA;RO;Monthly Value;Import;Harmonized;NaM;M
Physical Energy & Power Flows;2020;1;257;257;257;DK;NO;Monthly Value;Export;Harmonized;M;M
Physical Energy & Power Flows;2020;4;795;795;795;FR;IT;Monthly Value;Export;Harmonized;M;M
Physical Energy & Power Flows;2020;11;0;0;0;SK;UA;Monthly Value;Import;Harmonized;M;NaM
Physical Energy & Power Flows;2020;1;53;53;53;BE;GB;Monthly Value;Import;Harmonized;M;M
Physical Energy & Power Flows;2020;10;987;987;987;DE;NL;Monthly Value;Export;Harmonized;M;M
Physical Energy & Power Flows;2020;1;98;98;98;BG;TR;Monthly Value;Export;Harmonized;M;M
Physical Energy & Power Flows;2020;7;122;122;122;RU;LT;Monthly Value;Export;Harmonized;NaM;M
Physical Energy & Power Flows;2020;3;293;293;293;ES;FR;Monthly Value;Export;Harmonized;M;M
Physical Energy & Power Flows;2020;7;5;5;5;UA;SK;Monthly Value;Export;Harmonized;NaM;M
Physical Energy & Power Flows;2020;12;16;16;16;AT;CH;Monthly Value;Import;Harmonized;M;M
Physical Energy & Power Flows;2020;2;21;21;21;PL;LT;Monthly Value;Export;Harmonized;M;M
Physical Energy & Power Flows;2020;8;11;11;11;UA;MD;Monthly Value;Import;Harmonized;NaM;NaM
Physical Energy & Power Flows;2020;3;616;616;616;BE;GB;Monthly Value;Export;Harmonized;M;M
Physical Energy & Power Flows;2020;5;40;40;40;UA;HU;Monthly Value;Import;Harmonized;NaM;M
Physical Energy & Power Flows;2020;11;0;0;0;UA;PL;Monthly Value;Import;Harmonized;NaM;M
Physical Energy & Power Flows;2020;10;0;0;0;LV;RU;Monthly Value;Export;Harmonized;M;NaM
Physical Energy & Power Flows;2020;9;114;114;114;GR;IT;Monthly Value;Import;Harmonized;M;M
Physical Energy & Power Flows;2020;4;556;556;556;GB;BE;Monthly Value;Import;Harmonized;M;M
Physical Energy & Power Flows;2020;3;756;756;756;CZ;SK;Monthly Value;Export;Harmonized;M;M
Physical Energy & Power Flows;2020;1;230;230;230;DE;NL;Monthly Value;Import;Harmonized;M;M
Physical Energy & Power Flows;2020;2;74;74;74;ES;FR;Monthly Value;Export;Harmonized;M;M
Physical Energy & Power Flows;2020;1;0;0;0;UA;PL;Monthly Value;Import;Harmonized;NaM;M
Physical Energy & Power Flows;2020;2;200;200;200;FI;RU;Monthly Value;Import;Harmonized;M;NaM
Physical Energy & Power Flows;2020;11;52;52;52;RO;RS;Monthly Value;Export;Harmonized;M;M
Physical Energy & Power Flows;2020;8;8;8;8;EE;LV;Monthly Value;Import;Harmonized;M;M
Physical Energy & Power Flows;2020;1;650;650;650;AT;HU;Monthly Value;Export;Harmonized;M;M
Physical Energy & Power Flows;2020;11;179;179;179;DE;SE;Monthly Value;Import;Harmonized;M;M
Physical Energy & Power Flows;2020;10;49;49;49;BE;LU;Monthly Value;Export;Harmonized;M;M
Physical Energy & Power Flows;2020;11;25;25;25;BG;TR;Monthly Value;Export;Harmonized;M;M
Physical Energy & Power Flows;2020;10;3;3;3;BY;LT;Monthly Value;Import;Harmonized;NaM;M
Physical Energy & Power Flows;2020;1;87;87;87;UA;BY;Monthly Value;Export;Harmonized;NaM;NaM
Physical Energy & Power Flows;2020;8;5;5;5;BG;RS;Monthly Value;Import;Harmonized;M;M
Physical Energy & Power Flows;2020;3;205;205;205;MK;BG;Monthly Value;Import;Harmonized;M;M
Physical Energy & Power Flows;2020;11;123;123;123;GR;IT;Monthly Value;Import;Harmonized;M;M
Physical Energy & Power Flows;2020;6;21;21;21;UA;HU;Monthly Value;Export;Harmonized;NaM;M
Physical Energy & Power Flows;2020;6;205;205;205;AL;ME;Monthly Value;Import;Harmonized;M;M
Physical Energy & Power Flows;2020;9;2;2;2;UA;BY;Monthly Value;Import;Harmonized;NaM;NaM
Physical Energy & Power Flows;2020;9;338;338;338;CH;AT;Monthly Value;Import;Harmonized;M;M
Physical Energy & Power Flows;2020;1;36;36;36;AT;CH;Monthly Value;Import;Harmonized;M;M
Physical Energy & Power Flows;2020;4;173;173;173;DE;DK;Monthly Value;Export;Harmonized;M;M
Physical Energy & Power Flows;2020;8;41;41;41;IT;FR;Monthly Value;Export;Harmonized;M;M
Physical Energy & Power Flows;2020;5;249;249;249;ME;BA;Monthly Value;Import;Harmonized;M;M
Physical Energy & Power Flows;2020;12;1;1;1;LT;BY;Monthly Value;Export;Harmonized;M;NaM
Physical Energy & Power Flows;2020;8;14;14;14;GR;IT;Monthly Value;Export;Harmonized;M;M
Physical Energy & Power Flows;2020;6;71;71;71;ME;IT;Monthly Value;Export;Harmonized;M;M
Physical Energy & Power Flows;2020;8;29;29;29;FI;NO;Monthly Value;Import;Harmonized;M;M
Physical Energy & Power Flows;2020;4;55;55;55;LV;LT;Monthly Value;Export;Harmonized;M;M
Physical Energy & Power Flows;2020;6;0;0;0;MD;RO;Monthly Value;Import;Harmonized;NaM;M
Physical Energy & Power Flows;2020;8;418;418;418;FR;BE;Monthly Value;Export;Harmonized;M;M
Physical Energy & Power Flows;2020;9;146;146;146;BG;MK;Monthly Value;Export;Harmonized;M;M
Physical Energy & Power Flows;2020;4;11;11;11;HR;HU;Monthly Value;Export;Harmonized;M;M
Physical Energy & Power Flows;2020;2;29;29;29;RS;BG;Monthly Value;Export;Harmonized;M;M
Physical Energy & Power Flows;2020;5;106;106;106;PL;CZ;Monthly Value;Export;Harmonized;M;M
Physical Energy & Power Flows;2020;12;203;203;203;BE;DE;Monthly Value;Import;Harmonized;M;M
Physical Energy & Power Flows;2020;10;0;0;0;RO;MD;Monthly Value;Import;Harmonized;M;NaM
Physical Energy & Power Flows;2020;12;100;100;100;HR;BA;Monthly Value;Import;Harmonized;M;M
Physical Energy & Power Flows;2020;4;48;48;48;AL;GR;Monthly Value;Export;Harmonized;M;M
Physical Energy & Power Flows;2020;1;82;82;82;FR;CH;Monthly Value;Import;Harmonized;M;M
Physical Energy & Power Flows;2020;11;0;0;0;PL;SK;Monthly Value;Import;Harmonized;M;M
Physical Energy & Power Flows;2020;10;588;588;588;SI;IT;Monthly Value;Export;Harmonized;M;M
Physical Energy & Power Flows;2020;10;173;173;173;BY;LT;Monthly Value;Export;Harmonized;NaM;M
Physical Energy & Power Flows;2020;8;0;0;0;NO;FI;Monthly Value;Import;Harmonized;M;M
Physical Energy & Power Flows;2020;5;82;82;82;DE;CZ;Monthly Value;Import;Harmonized;M;M
Physical Energy & Power Flows;2020;9;9;9;9;AL;GR;Monthly Value;Export;Harmonized;M;M
Physical Energy & Power Flows;2020;8;60;60;60;HR;HU;Monthly Value;Export;Harmonized;M;M
Physical Energy & Power Flows;2020;8;40;40;40;LT;LV;Monthly Value;Export;Harmonized;M;M
Physical Energy & Power Flows;2020;6;252;252;252;FR;ES;Monthly Value;Import;Harmonized;M;M
Physical Energy & Power Flows;2020;7;770;770;770;FR;ES;Monthly Value;Export;Harmonized;M;M
Physical Energy & Power Flows;2020;3;0;0;0;AT;HU;Monthly Value;Import;Harmonized;M;M
Physical Energy & Power Flows;2020;1;2;2;2;DE;SE;Monthly Value;Export;Harmonized;M;M
Physical Energy & Power Flows;2020;1;17;17;17;HR;SI;Monthly Value;Export;Harmonized;M;M
Physical Energy & Power Flows;2020;4;35;35;35;DK;NO;Monthly Value;Export;Harmonized;M;M
Physical Energy & Power Flows;2020;1;1115;1115;1115;CZ;AT;Monthly Value;Export;Harmonized;M;M
Physical Energy & Power Flows;2020;7;147;147;147;TR;BG;Monthly Value;Import;Harmonized;M;M
Physical Energy & Power Flows;2020;8;60;60;60;HU;HR;Monthly Value;Import;Harmonized;M;M
Physical Energy & Power Flows;2020;11;334;334;334;SK;UA;Monthly Value;Export;Harmonized;M;NaM
Physical Energy & Power Flows;2020;3;186;186;186;HU;UA;Monthly Value;Import;Harmonized;M;NaM
Physical Energy & Power Flows;2020;7;1;1;1;GR;TR;Monthly Value;Export;Harmonized;M;M
Physical Energy & Power Flows;2020;12;603;603;603;DE;CZ;Monthly Value;Export;Harmonized;M;M
Physical Energy & Power Flows;2020;1;1074;1074;1074;SK;HU;Monthly Value;Export;Harmonized;M;M
Physical Energy & Power Flows;2020;11;27;27;27;DK;NO;Monthly Value;Export;Harmonized;M;M
Physical Energy & Power Flows;2020;8;1254;1254;1254;NO;SE;Monthly Value;Export;Harmonized;M;M
Physical Energy & Power Flows;2020;8;0;0;0;FI;NO;Monthly Value;Export;Harmonized;M;M
Physical Energy & Power Flows;2020;11;6;6;6;SI;IT;Monthly Value;Import;Harmonized;M;M
Physical Energy & Power Flows;2020;12;46;46;46;PL;LT;Monthly Value;Export;Harmonized;M;M
Physical Energy & Power Flows;2020;7;115;115;115;NL;DE;Monthly Value;Import;Harmonized;M;M
Physical Energy & Power Flows;2020;11;0;0;0;NL;DK;Monthly Value;Export;Harmonized;M;M
Physical Energy & Power Flows;2020;2;24;24;24;BE;GB;Monthly Value;Import;Harmonized;M;M
Physical Energy & Power Flows;2020;12;46;46;46;NO;DK;Monthly Value;Import;Harmonized;M;M
Physical Energy & Power Flows;2020;7;20;20;20;GR;AL;Monthly Value;Export;Harmonized;M;M
Physical Energy & Power Flows;2020;7;0;0;0;BG;GR;Monthly Value;Import;Harmonized;M;M
Physical Energy & Power Flows;2020;12;8;8;8;EE;FI;Monthly Value;Export;Harmonized;M;M
Physical Energy & Power Flows;2020;4;1;1;1;ME;BA;Monthly Value;Export;Harmonized;M;M
Physical Energy & Power Flows;2020;5;107;107;107;AT;IT;Monthly Value;Export;Harmonized;M;M
Physical Energy & Power Flows;2020;4;308;308;308;DK;NL;Monthly Value;Export;Harmonized;M;M
Physical Energy & Power Flows;2020;9;187;187;187;BY;LT;Monthly Value;Export;Harmonized;NaM;M
Physical Energy & Power Flows;2020;6;0;0;0;IT;MT;Monthly Value;Import;Harmonized;M;NaM
Physical Energy & Power Flows;2020;12;28;28;28;GR;MK;Monthly Value;Import;Harmonized;M;M
Physical Energy & Power Flows;2020;8;1;1;1;BY;LT;Monthly Value;Import;Harmonized;NaM;M
Physical Energy & Power Flows;2020;1;2;2;2;SE;PL;Monthly Value;Import;Harmonized;M;M
Physical Energy & Power Flows;2020;8;259;259;259;DE;NL;Monthly Value;Export;Harmonized;M;M
Physical Energy & Power Flows;2020;7;118;118;118;GR;TR;Monthly Value;Import;Harmonized;M;M
Physical Energy & Power Flows;2020;12;57;57;57;LU;BE;Monthly Value;Import;Harmonized;M;M
Physical Energy & Power Flows;2020;1;61;61;61;RO;RS;Monthly Value;Import;Harmonized;M;M
Physical Energy & Power Flows;2020;9;224;224;224;GR;MK;Monthly Value;Import;Harmonized;M;M
Physical Energy & Power Flows;2020;1;663;663;663;FI;RU;Monthly Value;Import;Harmonized;M;NaM
Physical Energy & Power Flows;2020;5;34;34;34;RS;HR;Monthly Value;Import;Harmonized;M;M
Physical Energy & Power Flows;2020;1;265;265;265;FR;ES;Monthly Value;Import;Harmonized;M;M
Physical Energy & Power Flows;2020;5;903;903;903;PL;DE;Monthly Value;Import;Harmonized;M;M
Physical Energy & Power Flows;2020;3;92;92;92;NO;DK;Monthly Value;Import;Harmonized;M;M
Physical Energy & Power Flows;2020;6;134;134;134;CZ;PL;Monthly Value;Export;Harmonized;M;M
Physical Energy & Power Flows;2020;4;340;340;340;SE;PL;Monthly Value;Export;Harmonized;M;M
Physical Energy & Power Flows;2020;9;491;491;491;DE;CH;Monthly Value;Import;Harmonized;M;M
Physical Energy & Power Flows;2020;8;128;128;128;SE;DK;Monthly Value;Import;Harmonized;M;M
Physical Energy & Power Flows;2020;5;125;125;125;UA;PL;Monthly Value;Export;Harmonized;NaM;M
Physical Energy & Power Flows;2020;9;1;1;1;BE;DE;Monthly Value;Export;Harmonized;M;M
Physical Energy & Power Flows;2020;7;793;793;793;SE;DK;Monthly Value;Export;Harmonized;M;M
Physical Energy & Power Flows;2020;9;17;17;17;UA;RO;Monthly Value;Import;Harmonized;NaM;M
Physical Energy & Power Flows;2020;7;153;153;153;LT;BY;Monthly Value;Import;Harmonized;M;NaM
Physical Energy & Power Flows;2020;5;48;48;48;AL;GR;Monthly Value;Export;Harmonized;M;M
Physical Energy & Power Flows;2020;9;23;23;23;IT;FR;Monthly Value;Export;Harmonized;M;M
Physical Energy & Power Flows;2020;2;196;196;196;HR;SI;Monthly Value;Import;Harmonized;M;M
Physical Energy & Power Flows;2020;10;943;943;943;FR;GB;Monthly Value;Export;Harmonized;M;M
Physical Energy & Power Flows;2020;4;15;15;15;RU;LV;Monthly Value;Export;Harmonized;NaM;M
Physical Energy & Power Flows;2020;4;2;2;2;FI;NO;Monthly Value;Import;Harmonized;M;M
Physical Energy & Power Flows;2020;5;228;228;228;RO;UA;Monthly Value;Import;Harmonized;M;NaM
Physical Energy & Power Flows;2020;5;3;3;3;UA;SK;Monthly Value;Export;Harmonized;NaM;M
Physical Energy & Power Flows;2020;11;997;997;997;SK;CZ;Monthly Value;Import;Harmonized;M;M
Physical Energy & Power Flows;2020;5;34;34;34;BG;GR;Monthly Value;Export;Harmonized;M;M
Physical Energy & Power Flows;2020;7;19;19;19;BG;TR;Monthly Value;Import;Harmonized;M;M
Physical Energy & Power Flows;2020;2;293;293;293;GR;MK;Monthly Value;Import;Harmonized;M;M
Physical Energy & Power Flows;2020;10;52;52;52;MT;IT;Monthly Value;Import;Harmonized;NaM;M
Physical Energy & Power Flows;2020;3;4;4;4;CH;IT;Monthly Value;Import;Harmonized;M;M
Physical Energy & Power Flows;2020;7;0;0;0;MD;RO;Monthly Value;Import;Harmonized;NaM;M
Physical Energy & Power Flows;2020;3;117;117;117;RU;FI;Monthly Value;Export;Harmonized;NaM;M
Physical Energy & Power Flows;2020;9;9;9;9;AT;CZ;Monthly Value;Export;Harmonized;M;M
Physical Energy & Power Flows;2020;1;28;28;28;BG;RS;Monthly Value;Import;Harmonized;M;M
Physical Energy & Power Flows;2020;4;115;115;115;SI;IT;Monthly Value;Export;Harmonized;M;M
Physical Energy & Power Flows;2020;9;118;118;118;RS;BG;Monthly Value;Import;Harmonized;M;M
Physical Energy & Power Flows;2020;12;603;603;603;FR;BE;Monthly Value;Import;Harmonized;M;M
Physical Energy & Power Flows;2020;1;843;843;843;FR;CH;Monthly Value;Export;Harmonized;M;M
Physical Energy & Power Flows;2020;1;422;422;422;FR;BE;Monthly Value;Import;Harmonized;M;M
Physical Energy & Power Flows;2020;3;6;6;6;RS;BA;Monthly Value;Export;Harmonized;M;M
Physical Energy & Power Flows;2020;8;649;649;649;CZ;AT;Monthly Value;Export;Harmonized;M;M
Physical Energy & Power Flows;2020;10;226;226;226;FR;DE;Monthly Value;Import;Harmonized;M;M
Physical Energy & Power Flows;2020;12;10;10;10;UA;BY;Monthly Value;Export;Harmonized;NaM;NaM
Physical Energy & Power Flows;2020;10;191;191;191;ME;IT;Monthly Value;Export;Harmonized;M;M
Physical Energy & Power Flows;2020;12;10;10;10;BY;UA;Monthly Value;Import;Harmonized;NaM;NaM
Physical Energy & Power Flows;2020;6;181;181;181;PL;LT;Monthly Value;Import;Harmonized;M;M
Physical Energy & Power Flows;2020;5;64;64;64;RU;LV;Monthly Value;Export;Harmonized;NaM;M
Physical Energy & Power Flows;2020;9;114;114;114;ME;AL;Monthly Value;Export;Harmonized;M;M
Physical Energy & Power Flows;2020;8;1;1;1;CZ;AT;Monthly Value;Import;Harmonized;M;M
Physical Energy & Power Flows;2020;7;151;151;151;DE;AT;Monthly Value;Import;Harmonized;M;M
Physical Energy & Power Flows;2020;11;123;123;123;UA;PL;Monthly Value;Export;Harmonized;NaM;M
Physical Energy & Power Flows;2020;6;11;11;11;MD;UA;Monthly Value;Export;Harmonized;NaM;NaM
Physical Energy & Power Flows;2020;12;1;1;1;GR;TR;Monthly Value;Export;Harmonized;M;M
Physical Energy & Power Flows;2020;3;362;362;362;ME;BA;Monthly Value;Import;Harmonized;M;M
Physical Energy & Power Flows;2020;9;106;106;106;PL;UA;Monthly Value;Import;Harmonized;M;NaM
Physical Energy & Power Flows;2020;8;44;44;44;GB;BE;Monthly Value;Export;Harmonized;M;M
Physical Energy & Power Flows;2020;5;48;48;48;GR;AL;Monthly Value;Import;Harmonized;M;M
Physical Energy & Power Flows;2020;8;180;180;180;SK;UA;Monthly Value;Export;Harmonized;M;NaM
Physical Energy & Power Flows;2020;5;449;449;449;AT;SI;Monthly Value;Export;Harmonized;M;M
Physical Energy & Power Flows;2020;6;0;0;0;GR;BG;Monthly Value;Export;Harmonized;M;M
Physical Energy & Power Flows;2020;9;3;3;3;NO;NL;Monthly Value;Import;Harmonized;M;M
Physical Energy & Power Flows;2020;5;199;199;199;DK;NL;Monthly Value;Export;Harmonized;M;M
Physical Energy & Power Flows;2020;4;151;151;151;UA;BY;Monthly Value;Export;Harmonized;NaM;NaM
Physical Energy & Power Flows;2020;5;0;0;0;SE;LT;Monthly Value;Import;Harmonized;M;M
Physical Energy & Power Flows;2020;12;27;27;27;RO;UA;Monthly Value;Export;Harmonized;M;NaM
Physical Energy & Power Flows;2020;2;73;73;73;RU;LV;Monthly Value;Export;Harmonized;NaM;M
Physical Energy & Power Flows;2020;5;165;165;165;PL;LT;Monthly Value;Import;Harmonized;M;M
Physical Energy & Power Flows;2020;9;324;324;324;NL;GB;Monthly Value;Export;Harmonized;M;M
Physical Energy & Power Flows;2020;1;353;353;353;HU;HR;Monthly Value;Export;Harmonized;M;M
Physical Energy & Power Flows;2020;4;18;18;18;UA;RU;Monthly Value;Export;Harmonized;NaM;NaM
Physical Energy & Power Flows;2020;11;836;836;836;NO;DK;Monthly Value;Export;Harmonized;M;M
Physical Energy & Power Flows;2020;10;0;0;0;GR;IT;Monthly Value;Import;Harmonized;M;M
Physical Energy & Power Flows;2020;12;1249;1249;1249;IT;FR;Monthly Value;Import;Harmonized;M;M
Physical Energy & Power Flows;2020;4;51;51;51;RS;BA;Monthly Value;Import;Harmonized;M;M
Physical Energy & Power Flows;2020;12;1016;1016;1016;PL;DE;Monthly Value;Import;Harmonized;M;M
Physical Energy & Power Flows;2020;12;30;30;30;IT;FR;Monthly Value;Export;Harmonized;M;M
Physical Energy & Power Flows;2020;11;106;106;106;RS;ME;Monthly Value;Import;Harmonized;M;M
Physical Energy & Power Flows;2020;6;25;25;25;PL;SK;Monthly Value;Import;Harmonized;M;M
Physical Energy & Power Flows;2020;9;88;88;88;EE;RU;Monthly Value;Export;Harmonized;M;NaM
Physical Energy & Power Flows;2020;11;35;35;35;RU;UA;Monthly Value;Export;Harmonized;NaM;NaM
Physical Energy & Power Flows;2020;3;56;56;56;PL;LT;Monthly Value;Export;Harmonized;M;M
Physical Energy & Power Flows;2020;11;455;455;455;NL;GB;Monthly Value;Export;Harmonized;M;M
Physical Energy & Power Flows;2020;9;118;118;118;DK;DE;Monthly Value;Import;Harmonized;M;M
Physical Energy & Power Flows;2020;1;418;418;418;BE;GB;Monthly Value;Export;Harmonized;M;M
Physical Energy & Power Flows;2020;6;18;18;18;AT;CZ;Monthly Value;Export;Harmonized;M;M
Physical Energy & Power Flows;2020;1;0;0;0;LV;RU;Monthly Value;Export;Harmonized;M;NaM
Physical Energy & Power Flows;2020;1;594;594;594;FI;EE;Monthly Value;Export;Harmonized;M;M
Physical Energy & Power Flows;2020;6;141;141;141;RO;HU;Monthly Value;Import;Harmonized;M;M
Physical Energy & Power Flows;2020;1;113;113;113;RS;HU;Monthly Value;Import;Harmonized;M;M
Physical Energy & Power Flows;2020;1;5;5;5;GR;AL;Monthly Value;Export;Harmonized;M;M
Physical Energy & Power Flows;2020;5;49;49;49;ME;RS;Monthly Value;Export;Harmonized;M;M
Physical Energy & Power Flows;2020;6;2;2;2;RU;LV;Monthly Value;Import;Harmonized;NaM;M
Physical Energy & Power Flows;2020;5;0;0;0;IT;MT;Monthly Value;Import;Harmonized;M;NaM
Physical Energy & Power Flows;2020;9;3;3;3;NO;DE;Monthly Value;Import;Harmonized;M;M
Physical Energy & Power Flows;2020;5;250;250;250;IT;CH;Monthly Value;Export;Harmonized;M;M
Physical Energy & Power Flows;2020;9;151;151;151;GR;TR;Monthly Value;Import;Harmonized;M;M
Physical Energy & Power Flows;2020;11;327;327;327;PL;SE;Monthly Value;Import;Harmonized;M;M
Physical Energy & Power Flows;2020;5;450;450;450;GB;NL;Monthly Value;Import;Harmonized;M;M
Physical Energy & Power Flows;2020;8;386;386;386;NL;GB;Monthly Value;Export;Harmonized;M;M
Physical Energy & Power Flows;2020;5;672;672;672;SK;HU;Monthly Value;Export;Harmonized;M;M
Physical Energy & Power Flows;2020;2;140;140;140;RS;ME;Monthly Value;Import;Harmonized;M;M
Physical Energy & Power Flows;2020;12;32;32;32;GB;BE;Monthly Value;Export;Harmonized;M;M
Physical Energy & Power Flows;2020;5;4;4;4;GR;TR;Monthly Value;Export;Harmonized;M;M
Physical Energy & Power Flows;2020;6;311;311;311;NL;DE;Monthly Value;Export;Harmonized;M;M
Physical Energy & Power Flows;2020;7;29;29;29;AL;RS;Monthly Value;Export;Harmonized;M;M
Physical Energy & Power Flows;2020;1;564;564;564;DE;NL;Monthly Value;Export;Harmonized;M;M
Physical Energy & Power Flows;2020;6;228;228;228;ME;BA;Monthly Value;Import;Harmonized;M;M
Physical Energy & Power Flows;2020;2;1570;1570;1570;DE;CH;Monthly Value;Export;Harmonized;M;M
Physical Energy & Power Flows;2020;8;67;67;67;MT;IT;Monthly Value;Import;Harmonized;NaM;M
Physical Energy & Power Flows;2020;9;157;157;157;GR;BG;Monthly Value;Import;Harmonized;M;M
Physical Energy & Power Flows;2020;10;87;87;87;RU;UA;Monthly Value;Export;Harmonized;NaM;NaM
Physical Energy & Power Flows;2020;6;31;31;31;RS;BA;Monthly Value;Export;Harmonized;M;M
Physical Energy & Power Flows;2020;12;68;68;68;RO;RS;Monthly Value;Import;Harmonized;M;M
Physical Energy & Power Flows;2020;8;199;199;199;LT;PL;Monthly Value;Export;Harmonized;M;M
Physical Energy & Power Flows;2020;12;1574;1574;1574;DE;CH;Monthly Value;Export;Harmonized;M;M
Physical Energy & Power Flows;2020;11;349;349;349;FR;BE;Monthly Value;Export;Harmonized;M;M
Physical Energy & Power Flows;2020;3;178;178;178;ME;IT;Monthly Value;Export;Harmonized;M;M
Physical Energy & Power Flows;2020;7;0;0;0;HU;SK;Monthly Value;Export;Harmonized;M;M
Physical Energy & Power Flows;2020;5;147;147;147;RS;HU;Monthly Value;Import;Harmonized;M;M
Physical Energy & Power Flows;2020;4;190;190;190;NO;SE;Monthly Value;Import;Harmonized;M;M
Physical Energy & Power Flows;2020;10;18;18;18;RU;UA;Monthly Value;Import;Harmonized;NaM;NaM
Physical Energy & Power Flows;2020;8;327;327;327;LT;BY;Monthly Value;Import;Harmonized;M;NaM
Physical Energy & Power Flows;2020;2;11;11;11;HU;RS;Monthly Value;Import;Harmonized;M;M
Physical Energy & Power Flows;2020;11;289;289;289;UA;RO;Monthly Value;Export;Harmonized;NaM;M
Physical Energy & Power Flows;2020;2;1475;1475;1475;SE;FI;Monthly Value;Export;Harmonized;M;M
Physical Energy & Power Flows;2020;9;567;567;567;DE;FR;Monthly Value;Export;Harmonized;M;M
Physical Energy & Power Flows;2020;8;31;31;31;BA;RS;Monthly Value;Import;Harmonized;M;M
Physical Energy & Power Flows;2020;10;830;830;830;CH;DE;Monthly Value;Import;Harmonized;M;M
Physical Energy & Power Flows;2020;6;117;117;117;DK;DE;Monthly Value;Export;Harmonized;M;M
Physical Energy & Power Flows;2020;2;947;947;947;CZ;SK;Monthly Value;Export;Harmonized;M;M
Physical Energy & Power Flows;2020;11;26;26;26;MK;GR;Monthly Value;Import;Harmonized;M;M
Physical Energy & Power Flows;2020;2;571;571;571;SI;AT;Monthly Value;Import;Harmonized;M;M
Physical Energy & Power Flows;2020;8;567;567;567;CH;FR;Monthly Value;Export;Harmonized;M;M
Physical Energy & Power Flows;2020;6;535;535;535;IT;CH;Monthly Value;Import;Harmonized;M;M
Physical Energy & Power Flows;2020;3;153;153;153;BA;HR;Monthly Value;Export;Harmonized;M;M
Physical Energy & Power Flows;2020;6;193;193;193;FR;GB;Monthly Value;Import;Harmonized;M;M
Physical Energy & Power Flows;2020;12;94;94;94;AT;IT;Monthly Value;Export;Harmonized;M;M
Physical Energy & Power Flows;2020;2;5;5;5;GR;AL;Monthly Value;Export;Harmonized;M;M
Physical Energy & Power Flows;2020;5;330;330;330;GR;IT;Monthly Value;Import;Harmonized;M;M
Physical Energy & Power Flows;2020;9;338;338;338;AT;CH;Monthly Value;Export;Harmonized;M;M
Physical Energy & Power Flows;2020;6;119;119;119;NL;GB;Monthly Value;Import;Harmonized;M;M
Physical Energy & Power Flows;2020;12;176;176;176;DE;NO;Monthly Value;Import;Harmonized;M;M
Physical Energy & Power Flows;2020;2;466;466;466;SE;LT;Monthly Value;Export;Harmonized;M;M
Physical Energy & Power Flows;2020;11;144;144;144;EE;LV;Monthly Value;Export;Harmonized;M;M
Physical Energy & Power Flows;2020;10;540;540;540;FI;EE;Monthly Value;Export;Harmonized;M;M
Physical Energy & Power Flows;2020;6;434;434;434;NL;DE;Monthly Value;Import;Harmonized;M;M
Physical Energy & Power Flows;2020;1;5;5;5;AL;GR;Monthly Value;Import;Harmonized;M;M
Physical Energy & Power Flows;2020;5;0;0;0;IT;GR;Monthly Value;Import;Harmonized;M;M
Physical Energy & Power Flows;2020;6;0;0;0;BG;GR;Monthly Value;Import;Harmonized;M;M
Physical Energy & Power Flows;2020;11;225;225;225;ME;IT;Monthly Value;Export;Harmonized;M;M
Physical Energy & Power Flows;2020;9;302;302;302;SE;LT;Monthly Value;Export;Harmonized;M;M
Physical Energy & Power Flows;2020;5;9;9;9;MD;UA;Monthly Value;Import;Harmonized;NaM;NaM
Physical Energy & Power Flows;2020;5;1638;1638;1638;SE;FI;Monthly Value;Export;Harmonized;M;M
Physical Energy & Power Flows;2020;10;181;181;181;SK;PL;Monthly Value;Import;Harmonized;M;M
Physical Energy & Power Flows;2020;7;147;147;147;HR;BA;Monthly Value;Export;Harmonized;M;M
Physical Energy & Power Flows;2020;9;655;655;655;AT;CZ;Monthly Value;Import;Harmonized;M;M
Physical Energy & Power Flows;2020;11;140;140;140;GR;MK;Monthly Value;Import;Harmonized;M;M
Physical Energy & Power Flows;2020;1;1130;1130;1130;PL;DE;Monthly Value;Import;Harmonized;M;M
Physical Energy & Power Flows;2020;11;24;24;24;CH;AT;Monthly Value;Export;Harmonized;M;M
Physical Energy & Power Flows;2020;3;25;25;25;ME;RS;Monthly Value;Import;Harmonized;M;M
Physical Energy & Power Flows;2020;9;655;655;655;CZ;AT;Monthly Value;Export;Harmonized;M;M
Physical Energy & Power Flows;2020;12;9;9;9;BE;LU;Monthly Value;Import;Harmonized;M;M
Physical Energy & Power Flows;2020;12;82;82;82;AT;SI;Monthly Value;Import;Harmonized;M;M
Physical Energy & Power Flows;2020;4;53;53;53;FR;GB;Monthly Value;Import;Harmonized;M;M
Physical Energy & Power Flows;2020;3;5;5;5;BG;RO;Monthly Value;Export;Harmonized;M;M
Physical Energy & Power Flows;2020;11;584;584;584;DE;CZ;Monthly Value;Export;Harmonized;M;M
Physical Energy & Power Flows;2020;2;346;346;346;NO;DK;Monthly Value;Export;Harmonized;M;M
Physical Energy & Power Flows;2020;9;49;49;49;UA;SK;Monthly Value;Export;Harmonized;NaM;M
Physical Energy & Power Flows;2020;7;13;13;13;LT;LV;Monthly Value;Export;Harmonized;M;M
Physical Energy & Power Flows;2020;2;379;379;379;MK;RS;Monthly Value;Import;Harmonized;M;M
Physical Energy & Power Flows;2020;4;238;238;238;RS;MK;Monthly Value;Export;Harmonized;M;M
Physical Energy & Power Flows;2020;8;1;1;1;AT;CZ;Monthly Value;Export;Harmonized;M;M
Physical Energy & Power Flows;2020;10;28;28;28;GB;NL;Monthly Value;Export;Harmonized;M;M
Physical Energy & Power Flows;2020;1;670;670;670;BA;ME;Monthly Value;Export;Harmonized;M;M
Physical Energy & Power Flows;2020;9;1;1;1;EE;FI;Monthly Value;Export;Harmonized;M;M
Physical Energy & Power Flows;2020;9;552;552;552;CZ;SK;Monthly Value;Export;Harmonized;M;M
Physical Energy & Power Flows;2020;3;191;191;191;GR;TR;Monthly Value;Import;Harmonized;M;M
Physical Energy & Power Flows;2020;9;0;0;0;BE;DE;Monthly Value;Import;Harmonized;M;M
Physical Energy & Power Flows;2020;8;297;297;297;FI;RU;Monthly Value;Import;Harmonized;M;NaM
Physical Energy & Power Flows;2020;8;136;136;136;BA;HR;Monthly Value;Export;Harmonized;M;M
Physical Energy & Power Flows;2020;3;289;289;289;MK;GR;Monthly Value;Export;Harmonized;M;M
Physical Energy & Power Flows;2020;12;7;7;7;UA;SK;Monthly Value;Export;Harmonized;NaM;M
Physical Energy & Power Flows;2020;10;7;7;7;AT;CZ;Monthly Value;Export;Harmonized;M;M
Physical Energy & Power Flows;2020;5;1433;1433;1433;FR;ES;Monthly Value;Export;Harmonized;M;M
Physical Energy & Power Flows;2020;7;374;374;374;SE;PL;Monthly Value;Export;Harmonized;M;M
Physical Energy & Power Flows;2020;4;198;198;198;GR;MK;Monthly Value;Import;Harmonized;M;M
Physical Energy & Power Flows;2020;5;0;0;0;MK;RS;Monthly Value;Export;Harmonized;M;M
Physical Energy & Power Flows;2020;1;189;189;189;TR;GR;Monthly Value;Export;Harmonized;M;M
Physical Energy & Power Flows;2020;3;238;238;238;SK;PL;Monthly Value;Import;Harmonized;M;M
Physical Energy & Power Flows;2020;10;551;551;551;PT;ES;Monthly Value;Export;Harmonized;M;M
Physical Energy & Power Flows;2020;12;184;184;184;SE;NO;Monthly Value;Export;Harmonized;M;M
Physical Energy & Power Flows;2020;6;12;12;12;UA;MD;Monthly Value;Export;Harmonized;NaM;NaM
Physical Energy & Power Flows;2020;2;24;24;24;GB;BE;Monthly Value;Export;Harmonized;M;M
Physical Energy & Power Flows;2020;5;255;255;255;CH;AT;Monthly Value;Export;Harmonized;M;M
Physical Energy & Power Flows;2020;5;232;232;232;MK;GR;Monthly Value;Export;Harmonized;M;M
Physical Energy & Power Flows;2020;12;160;160;160;RS;BA;Monthly Value;Import;Harmonized;M;M
Physical Energy & Power Flows;2020;11;59;59;59;RS;HU;Monthly Value;Export;Harmonized;M;M
Physical Energy & Power Flows;2020;7;66;66;66;BG;RS;Monthly Value;Export;Harmonized;M;M
Physical Energy & Power Flows;2020;5;0;0;0;SE;DE;Monthly Value;Import;Harmonized;M;M
Physical Energy & Power Flows;2020;4;219;219;219;GR;IT;Monthly Value;Import;Harmonized;M;M
Physical Energy & Power Flows;2020;7;40;40;40;IT;GR;Monthly Value;Import;Harmonized;M;M
Physical Energy & Power Flows;2020;4;193;193;193;PL;CZ;Monthly Value;Export;Harmonized;M;M
Physical Energy & Power Flows;2020;7;352;352;352;BE;NL;Monthly Value;Import;Harmonized;M;M
Physical Energy & Power Flows;2020;9;331;331;331;GB;BE;Monthly Value;Import;Harmonized;M;M
Physical Energy & Power Flows;2020;1;257;257;257;NO;DK;Monthly Value;Import;Harmonized;M;M
Physical Energy & Power Flows;2020;10;545;545;545;CH;AT;Monthly Value;Import;Harmonized;M;M
Physical Energy & Power Flows;2020;1;121;121;121;FR;BE;Monthly Value;Export;Harmonized;M;M
Physical Energy & Power Flows;2020;7;61;61;61;FI;NO;Monthly Value;Import;Harmonized;M;M
Physical Energy & Power Flows;2020;5;3;3;3;HR;SI;Monthly Value;Export;Harmonized;M;M
Physical Energy & Power Flows;2020;11;977;977;977;CZ;AT;Monthly Value;Export;Harmonized;M;M
Physical Energy & Power Flows;2020;5;759;759;759;PT;ES;Monthly Value;Import;Harmonized;M;M
Physical Energy & Power Flows;2020;3;293;293;293;FR;ES;Monthly Value;Import;Harmonized;M;M
Physical Energy & Power Flows;2020;3;7;7;7;GB;FR;Monthly Value;Export;Harmonized;M;M
Physical Energy & Power Flows;2020;7;107;107;107;HU;RS;Monthly Value;Export;Harmonized;M;M
Physical Energy & Power Flows;2020;6;234;234;234;RS;MK;Monthly Value;Export;Harmonized;M;M
Physical Energy & Power Flows;2020;4;894;894;894;PL;DE;Monthly Value;Import;Harmonized;M;M
Physical Energy & Power Flows;2020;10;2;2;2;LT;SE;Monthly Value;Export;Harmonized;M;M
Physical Energy & Power Flows;2020;7;113;113;113;GB;BE;Monthly Value;Export;Harmonized;M;M
Physical Energy & Power Flows;2020;9;0;0;0;NO;FI;Monthly Value;Import;Harmonized;M;M
Physical Energy & Power Flows;2020;4;402;402;402;SI;AT;Monthly Value;Import;Harmonized;M;M
Physical Energy & Power Flows;2020;1;421;421;421;GB;NL;Monthly Value;Import;Harmonized;M;M
Physical Energy & Power Flows;2020;12;43;43;43;LV;RU;Monthly Value;Import;Harmonized;M;NaM
Physical Energy & Power Flows;2020;8;239;239;239;UA;BY;Monthly Value;Export;Harmonized;NaM;NaM
Physical Energy & Power Flows;2020;6;25;25;25;SK;PL;Monthly Value;Export;Harmonized;M;M
Physical Energy & Power Flows;2020;11;225;225;225;IT;ME;Monthly Value;Import;Harmonized;M;M
Physical Energy & Power Flows;2020;7;770;770;770;ES;FR;Monthly Value;Import;Harmonized;M;M
Physical Energy & Power Flows;2020;12;176;176;176;NO;DE;Monthly Value;Export;Harmonized;M;M
Physical Energy & Power Flows;2020;3;307;307;307;LU;DE;Monthly Value;Import;Harmonized;M;M
Physical Energy & Power Flows;2020;1;75;75;75;RS;HR;Monthly Value;Import;Harmonized;M;M
Physical Energy & Power Flows;2020;12;64;64;64;UA;BY;Monthly Value;Import;Harmonized;NaM;NaM
Physical Energy & Power Flows;2020;9;140;140;140;DE;SE;Monthly Value;Import;Harmonized;M;M
Physical Energy & Power Flows;2020;8;0;0;0;AT;HU;Monthly Value;Import;Harmonized;M;M
Physical Energy & Power Flows;2020;2;0;0;0;MD;RO;Monthly Value;Import;Harmonized;NaM;M
Physical Energy & Power Flows;2020;2;382;382;382;NL;DK;Monthly Value;Import;Harmonized;M;M
Physical Energy & Power Flows;2020;5;1216;1216;1216;DE;NL;Monthly Value;Import;Harmonized;M;M
Physical Energy & Power Flows;2020;10;2;2;2;BG;GR;Monthly Value;Import;Harmonized;M;M
Physical Energy & Power Flows;2020;6;89;89;89;RS;ME;Monthly Value;Import;Harmonized;M;M
Physical Energy & Power Flows;2020;5;65;65;65;IT;ME;Monthly Value;Import;Harmonized;M;M
Physical Energy & Power Flows;2020;12;14;14;14;AL;RS;Monthly Value;Export;Harmonized;M;M
Physical Energy & Power Flows;2020;3;86;86;86;RS;BG;Monthly Value;Import;Harmonized;M;M
Physical Energy & Power Flows;2020;4;1;1;1;RS;MK;Monthly Value;Import;Harmonized;M;M
Physical Energy & Power Flows;2020;7;391;391;391;DE;CH;Monthly Value;Import;Harmonized;M;M
Physical Energy & Power Flows;2020;10;509;509;509;NL;NO;Monthly Value;Import;Harmonized;M;M
Physical Energy & Power Flows;2020;9;313;313;313;DE;CZ;Monthly Value;Import;Harmonized;M;M
Physical Energy & Power Flows;2020;11;524;524;524;BE;GB;Monthly Value;Export;Harmonized;M;M
Physical Energy & Power Flows;2020;11;52;52;52;SI;HR;Monthly Value;Import;Harmonized;M;M
Physical Energy & Power Flows;2020;8;235;235;235;NL;DK;Monthly Value;Export;Harmonized;M;M
Physical Energy & Power Flows;2020;9;464;464;464;NL;NO;Monthly Value;Import;Harmonized;M;M
Physical Energy & Power Flows;2020;11;81;81;81;FR;GB;Monthly Value;Import;Harmonized;M;M
Physical Energy & Power Flows;2020;8;553;553;553;AT;DE;Monthly Value;Import;Harmonized;M;M
Physical Energy & Power Flows;2020;7;13;13;13;RS;HR;Monthly Value;Export;Harmonized;M;M
Physical Energy & Power Flows;2020;8;2;2;2;AT;IT;Monthly Value;Import;Harmonized;M;M
Physical Energy & Power Flows;2020;5;196;196;196;BG;RO;Monthly Value;Import;Harmonized;M;M
Physical Energy & Power Flows;2020;2;270;270;270;SE;DK;Monthly Value;Export;Harmonized;M;M
Physical Energy & Power Flows;2020;4;416;416;416;HU;AT;Monthly Value;Import;Harmonized;M;M
Physical Energy & Power Flows;2020;4;6;6;6;HU;UA;Monthly Value;Export;Harmonized;M;NaM
Physical Energy & Power Flows;2020;2;75;75;75;GR;AL;Monthly Value;Import;Harmonized;M;M
Physical Energy & Power Flows;2020;5;52;52;52;RS;ME;Monthly Value;Export;Harmonized;M;M
Physical Energy & Power Flows;2020;2;1239;1239;1239;FR;ES;Monthly Value;Export;Harmonized;M;M
Physical Energy & Power Flows;2020;8;113;113;113;PL;UA;Monthly Value;Import;Harmonized;M;NaM
Physical Energy & Power Flows;2020;12;228;228;228;LT;RU;Monthly Value;Import;Harmonized;M;NaM
Physical Energy & Power Flows;2020;7;15;15;15;UA;RO;Monthly Value;Import;Harmonized;NaM;M
Physical Energy & Power Flows;2020;7;517;517;517;HU;AT;Monthly Value;Import;Harmonized;M;M
Physical Energy & Power Flows;2020;4;0;0;0;RU;LT;Monthly Value;Import;Harmonized;NaM;M
Physical Energy & Power Flows;2020;5;479;479;479;SI;HR;Monthly Value;Export;Harmonized;M;M
Physical Energy & Power Flows;2020;7;13;13;13;HR;RS;Monthly Value;Import;Harmonized;M;M
Physical Energy & Power Flows;2020;2;118;118;118;HR;BA;Monthly Value;Export;Harmonized;M;M
Physical Energy & Power Flows;2020;10;15;15;15;DE;AT;Monthly Value;Import;Harmonized;M;M
Physical Energy & Power Flows;2020;1;356;356;356;AL;ME;Monthly Value;Import;Harmonized;M;M
Physical Energy & Power Flows;2020;12;420;420;420;HU;AT;Monthly Value;Import;Harmonized;M;M
Physical Energy & Power Flows;2020;2;41;41;41;UA;BY;Monthly Value;Export;Harmonized;NaM;NaM
Physical Energy & Power Flows;2020;5;724;724;724;SK;CZ;Monthly Value;Import;Harmonized;M;M
Physical Energy & Power Flows;2020;8;202;202;202;CH;FR;Monthly Value;Import;Harmonized;M;M
Physical Energy & Power Flows;2020;1;48;48;48;RU;EE;Monthly Value;Export;Harmonized;NaM;M
Physical Energy & Power Flows;2020;7;361;361;361;SI;IT;Monthly Value;Export;Harmonized;M;M
Physical Energy & Power Flows;2020;12;3;3;3;RS;ME;Monthly Value;Export;Harmonized;M;M
Physical Energy & Power Flows;2020;3;1070;1070;1070;ES;FR;Monthly Value;Import;Harmonized;M;M
Physical Energy & Power Flows;2020;6;78;78;78;SE;DE;Monthly Value;Import;Harmonized;M;M
Physical Energy & Power Flows;2020;10;20;20;20;PL;LT;Monthly Value;Export;Harmonized;M;M
Physical Energy & Power Flows;2020;6;18;18;18;SE;NO;Monthly Value;Export;Harmonized;M;M
Physical Energy & Power Flows;2020;2;57;57;57;IT;ME;Monthly Value;Import;Harmonized;M;M
Physical Energy & Power Flows;2020;12;221;221;221;HR;HU;Monthly Value;Import;Harmonized;M;M
Physical Energy & Power Flows;2020;11;25;25;25;ME;RS;Monthly Value;Import;Harmonized;M;M
Physical Energy & Power Flows;2020;4;27;27;27;IT;FR;Monthly Value;Export;Harmonized;M;M
Physical Energy & Power Flows;2020;11;963;963;963;DE;PL;Monthly Value;Export;Harmonized;M;M
Physical Energy & Power Flows;2020;6;300;300;300;CH;FR;Monthly Value;Export;Harmonized;M;M
Physical Energy & Power Flows;2020;7;5;5;5;SE;LT;Monthly Value;Import;Harmonized;M;M
Physical Energy & Power Flows;2020;10;171;171;171;FR;CH;Monthly Value;Import;Harmonized;M;M
Physical Energy & Power Flows;2020;8;153;153;153;PL;SK;Monthly Value;Export;Harmonized;M;M
Physical Energy & Power Flows;2020;7;2;2;2;LT;BY;Monthly Value;Export;Harmonized;M;NaM
Physical Energy & Power Flows;2020;2;54;54;54;HR;RS;Monthly Value;Export;Harmonized;M;M
Physical Energy & Power Flows;2020;8;27;27;27;RS;HU;Monthly Value;Import;Harmonized;M;M
Physical Energy & Power Flows;2020;10;207;207;207;ME;AL;Monthly Value;Export;Harmonized;M;M
Physical Energy & Power Flows;2020;6;286;286;286;AT;SI;Monthly Value;Export;Harmonized;M;M
Physical Energy & Power Flows;2020;10;1;1;1;RS;MK;Monthly Value;Import;Harmonized;M;M
Physical Energy & Power Flows;2020;5;144;144;144;AT;DE;Monthly Value;Export;Harmonized;M;M
Physical Energy & Power Flows;2020;7;2;2;2;AT;HU;Monthly Value;Import;Harmonized;M;M
Physical Energy & Power Flows;2020;11;142;142;142;IE;GB;Monthly Value;Export;Harmonized;M;M
Physical Energy & Power Flows;2020;9;3;3;3;SK;HU;Monthly Value;Import;Harmonized;M;M
Physical Energy & Power Flows;2020;12;1;1;1;AL;ME;Monthly Value;Export;Harmonized;M;M
Physical Energy & Power Flows;2020;10;3;3;3;LT;BY;Monthly Value;Export;Harmonized;M;NaM
Physical Energy & Power Flows;2020;12;231;231;231;BA;HR;Monthly Value;Import;Harmonized;M;M
Physical Energy & Power Flows;2020;6;0;0;0;BG;MK;Monthly Value;Import;Harmonized;M;M
Physical Energy & Power Flows;2020;8;671;671;671;SK;HU;Monthly Value;Export;Harmonized;M;M
Physical Energy & Power Flows;2020;1;0;0;0;TR;GR;Monthly Value;Import;Harmonized;M;M
Physical Energy & Power Flows;2020;9;28;28;28;CH;IT;Monthly Value;Import;Harmonized;M;M
Physical Energy & Power Flows;2020;7;121;121;121;IT;AT;Monthly Value;Import;Harmonized;M;M
Physical Energy & Power Flows;2020;6;301;301;301;LU;DE;Monthly Value;Import;Harmonized;M;M
Physical Energy & Power Flows;2020;1;4;4;4;LV;EE;Monthly Value;Export;Harmonized;M;M
Physical Energy & Power Flows;2020;3;341;341;341;RO;BG;Monthly Value;Export;Harmonized;M;M
Physical Energy & Power Flows;2020;9;71;71;71;HR;RS;Monthly Value;Import;Harmonized;M;M
Physical Energy & Power Flows;2020;9;95;95;95;LV;RU;Monthly Value;Import;Harmonized;M;NaM
Physical Energy & Power Flows;2020;3;87;87;87;LV;EE;Monthly Value;Import;Harmonized;M;M
Physical Energy & Power Flows;2020;2;4;4;4;LV;RU;Monthly Value;Export;Harmonized;M;NaM
Physical Energy & Power Flows;2020;1;25;25;25;ME;IT;Monthly Value;Export;Harmonized;M;M
Physical Energy & Power Flows;2020;2;1717;1717;1717;IT;FR;Monthly Value;Import;Harmonized;M;M
Physical Energy & Power Flows;2020;11;322;322;322;CZ;PL;Monthly Value;Import;Harmonized;M;M
Physical Energy & Power Flows;2020;5;255;255;255;AT;CH;Monthly Value;Import;Harmonized;M;M
Physical Energy & Power Flows;2020;2;1269;1269;1269;FR;DE;Monthly Value;Export;Harmonized;M;M
Physical Energy & Power Flows;2020;9;68;68;68;BG;RO;Monthly Value;Export;Harmonized;M;M
Physical Energy & Power Flows;2020;4;11;11;11;LT;BY;Monthly Value;Export;Harmonized;M;NaM
Physical Energy & Power Flows;2020;8;17;17;17;PL;SK;Monthly Value;Import;Harmonized;M;M
Physical Energy & Power Flows;2020;12;84;84;84;FR;GB;Monthly Value;Import;Harmonized;M;M
Physical Energy & Power Flows;2020;12;538;538;538;AT;CH;Monthly Value;Export;Harmonized;M;M
Physical Energy & Power Flows;2020;8;0;0;0;PL;DE;Monthly Value;Export;Harmonized;M;M
Physical Energy & Power Flows;2020;4;172;172;172;RS;HU;Monthly Value;Import;Harmonized;M;M
Physical Energy & Power Flows;2020;5;276;276;276;RS;MK;Monthly Value;Export;Harmonized;M;M
Physical Energy & Power Flows;2020;9;435;435;435;NL;DE;Monthly Value;Import;Harmonized;M;M
Physical Energy & Power Flows;2020;8;374;374;374;BE;GB;Monthly Value;Export;Harmonized;M;M
Physical Energy & Power Flows;2020;1;71;71;71;GR;AL;Monthly Value;Import;Harmonized;M;M
Physical Energy & Power Flows;2020;11;58;58;58;RO;BG;Monthly Value;Import;Harmonized;M;M
Physical Energy & Power Flows;2020;5;15;15;15;RU;EE;Monthly Value;Export;Harmonized;NaM;M
Physical Energy & Power Flows;2020;2;505;505;505;BE;GB;Monthly Value;Export;Harmonized;M;M
Physical Energy & Power Flows;2020;10;2007;2007;2007;IT;CH;Monthly Value;Import;Harmonized;M;M
Physical Energy & Power Flows;2020;3;547;547;547;PT;ES;Monthly Value;Import;Harmonized;M;M
Physical Energy & Power Flows;2020;10;1041;1041;1041;NL;BE;Monthly Value;Export;Harmonized;M;M
Physical Energy & Power Flows;2020;2;30;30;30;HR;BA;Monthly Value;Import;Harmonized;M;M
Physical Energy & Power Flows;2020;4;1;1;1;SE;PL;Monthly Value;Import;Harmonized;M;M
Physical Energy & Power Flows;2020;10;1;1;1;PL;SE;Monthly Value;Export;Harmonized;M;M
Physical Energy & Power Flows;2020;12;64;64;64;IE;GB;Monthly Value;Import;Harmonized;M;M
Physical Energy & Power Flows;2020;6;173;173;173;LV;LT;Monthly Value;Export;Harmonized;M;M
Physical Energy & Power Flows;2020;10;81;81;81;CH;DE;Monthly Value;Export;Harmonized;M;M
Physical Energy & Power Flows;2020;3;0;0;0;RS;MK;Monthly Value;Import;Harmonized;M;M
Physical Energy & Power Flows;2020;5;3;3;3;SK;PL;Monthly Value;Export;Harmonized;M;M
Physical Energy & Power Flows;2020;7;649;649;649;CH;DE;Monthly Value;Import;Harmonized;M;M
Physical Energy & Power Flows;2020;6;181;181;181;BY;LT;Monthly Value;Export;Harmonized;NaM;M
Physical Energy & Power Flows;2020;6;12;12;12;TR;GR;Monthly Value;Import;Harmonized;M;M
Physical Energy & Power Flows;2020;8;239;239;239;BY;UA;Monthly Value;Import;Harmonized;NaM;NaM
Physical Energy & Power Flows;2020;2;424;424;424;BE;FR;Monthly Value;Import;Harmonized;M;M
Physical Energy & Power Flows;2020;10;161;161;161;RS;RO;Monthly Value;Export;Harmonized;M;M
Physical Energy & Power Flows;2020;6;432;432;432;FR;IT;Monthly Value;Export;Harmonized;M;M
Physical Energy & Power Flows;2020;8;644;644;644;FR;DE;Monthly Value;Export;Harmonized;M;M
Physical Energy & Power Flows;2020;2;314;314;314;GR;IT;Monthly Value;Import;Harmonized;M;M
Physical Energy & Power Flows;2020;2;734;734;734;AT;HU;Monthly Value;Export;Harmonized;M;M
Physical Energy & Power Flows;2020;7;207;207;207;PL;CZ;Monthly Value;Export;Harmonized;M;M
Physical Energy & Power Flows;2020;6;11;11;11;UA;MD;Monthly Value;Import;Harmonized;NaM;NaM
Physical Energy & Power Flows;2020;10;477;477;477;DK;SE;Monthly Value;Import;Harmonized;M;M
Physical Energy & Power Flows;2020;5;276;276;276;MK;RS;Monthly Value;Import;Harmonized;M;M
Physical Energy & Power Flows;2020;5;450;450;450;NL;GB;Monthly Value;Export;Harmonized;M;M
Physical Energy & Power Flows;2020;11;59;59;59;HU;RS;Monthly Value;Import;Harmonized;M;M
Physical Energy & Power Flows;2020;5;93;93;93;CZ;PL;Monthly Value;Export;Harmonized;M;M
Physical Energy & Power Flows;2020;10;491;491;491;BE;GB;Monthly Value;Export;Harmonized;M;M
Physical Energy & Power Flows;2020;10;513;513;513;DE;DK;Monthly Value;Import;Harmonized;M;M
Physical Energy & Power Flows;2020;1;4;4;4;RS;HR;Monthly Value;Export;Harmonized;M;M
Physical Energy & Power Flows;2020;12;226;226;226;UA;HU;Monthly Value;Export;Harmonized;NaM;M
Physical Energy & Power Flows;2020;7;25;25;25;RS;ME;Monthly Value;Import;Harmonized;M;M
Physical Energy & Power Flows;2020;10;598;598;598;DE;CZ;Monthly Value;Export;Harmonized;M;M
Physical Energy & Power Flows;2020;10;193;193;193;HU;RO;Monthly Value;Export;Harmonized;M;M
Physical Energy & Power Flows;2020;6;4;4;4;DK;NO;Monthly Value;Export;Harmonized;M;M
Physical Energy & Power Flows;2020;12;0;0;0;UA;PL;Monthly Value;Import;Harmonized;NaM;M
Physical Energy & Power Flows;2020;1;1;1;1;HU;AT;Monthly Value;Export;Harmonized;M;M
Physical Energy & Power Flows;2020;12;957;957;957;SK;CZ;Monthly Value;Import;Harmonized;M;M
Physical Energy & Power Flows;2020;9;302;302;302;LT;SE;Monthly Value;Import;Harmonized;M;M
Physical Energy & Power Flows;2020;10;15;15;15;BE;LU;Monthly Value;Import;Harmonized;M;M
Physical Energy & Power Flows;2020;11;1578;1578;1578;IT;FR;Monthly Value;Import;Harmonized;M;M
Physical Energy & Power Flows;2020;9;462;462;462;FI;EE;Monthly Value;Export;Harmonized;M;M
Physical Energy & Power Flows;2020;7;9;9;9;HU;RO;Monthly Value;Import;Harmonized;M;M
Physical Energy & Power Flows;2020;2;460;460;460;DK;DE;Monthly Value;Import;Harmonized;M;M
Physical Energy & Power Flows;2020;2;0;0;0;GR;IT;Monthly Value;Export;Harmonized;M;M
Physical Energy & Power Flows;2020;9;2;2;2;AT;IT;Monthly Value;Import;Harmonized;M;M
Physical Energy & Power Flows;2020;10;17;17;17;UA;MD;Monthly Value;Export;Harmonized;NaM;NaM
Physical Energy & Power Flows;2020;5;1433;1433;1433;ES;FR;Monthly Value;Import;Harmonized;M;M
Physical Energy & Power Flows;2020;12;189;189;189;IT;GR;Monthly Value;Export;Harmonized;M;M
Physical Energy & Power Flows;2020;11;5;5;5;NO;FI;Monthly Value;Import;Harmonized;M;M
Physical Energy & Power Flows;2020;9;14;14;14;BA;ME;Monthly Value;Import;Harmonized;M;M
Physical Energy & Power Flows;2020;8;22;22;22;GR;AL;Monthly Value;Export;Harmonized;M;M
Physical Energy & Power Flows;2020;1;1267;1267;1267;CZ;SK;Monthly Value;Export;Harmonized;M;M
Physical Energy & Power Flows;2020;6;31;31;31;BA;HR;Monthly Value;Export;Harmonized;M;M
Physical Energy & Power Flows;2020;12;32;32;32;DE;CH;Monthly Value;Import;Harmonized;M;M
Physical Energy & Power Flows;2020;1;265;265;265;ES;FR;Monthly Value;Export;Harmonized;M;M
Physical Energy & Power Flows;2020;6;2;2;2;MK;GR;Monthly Value;Import;Harmonized;M;M
Physical Energy & Power Flows;2020;8;435;435;435;CH;DE;Monthly Value;Import;Harmonized;M;M
Physical Energy & Power Flows;2020;12;497;497;497;PT;ES;Monthly Value;Import;Harmonized;M;M
Physical Energy & Power Flows;2020;4;376;376;376;DK;SE;Monthly Value;Import;Harmonized;M;M
Physical Energy & Power Flows;2020;7;82;82;82;RO;RS;Monthly Value;Import;Harmonized;M;M
Physical Energy & Power Flows;2020;5;250;250;250;RO;HU;Monthly Value;Import;Harmonized;M;M
Physical Energy & Power Flows;2020;8;367;367;367;PT;ES;Monthly Value;Export;Harmonized;M;M
Physical Energy & Power Flows;2020;1;141;141;141;BG;GR;Monthly Value;Export;Harmonized;M;M
Physical Energy & Power Flows;2020;11;920;920;920;SK;HU;Monthly Value;Export;Harmonized;M;M
Physical Energy & Power Flows;2020;11;1078;1078;1078;FR;GB;Monthly Value;Export;Harmonized;M;M
Physical Energy & Power Flows;2020;6;8;8;8;NO;NL;Monthly Value;Import;Harmonized;M;M
Physical Energy & Power Flows;2020;9;106;106;106;AL;GR;Monthly Value;Import;Harmonized;M;M
Physical Energy & Power Flows;2020;4;54;54;54;HR;RS;Monthly Value;Import;Harmonized;M;M
Physical Energy & Power Flows;2020;8;185;185;185;HR;HU;Monthly Value;Import;Harmonized;M;M
Physical Energy & Power Flows;2020;1;113;113;113;IE;GB;Monthly Value;Export;Harmonized;M;M
Physical Energy & Power Flows;2020;5;761;761;761;NO;SE;Monthly Value;Export;Harmonized;M;M
Physical Energy & Power Flows;2020;3;41;41;41;RS;HU;Monthly Value;Export;Harmonized;M;M
Physical Energy & Power Flows;2020;3;38;38;38;AT;DE;Monthly Value;Export;Harmonized;M;M
Physical Energy & Power Flows;2020;8;13;13;13;EE;RU;Monthly Value;Import;Harmonized;M;NaM
Physical Energy & Power Flows;2020;11;23;23;23;BE;DE;Monthly Value;Export;Harmonized;M;M
Physical Energy & Power Flows;2020;1;2;2;2;AT;SI;Monthly Value;Import;Harmonized;M;M
Physical Energy & Power Flows;2020;11;0;0;0;BG;GR;Monthly Value;Import;Harmonized;M;M
Physical Energy & Power Flows;2020;6;2;2;2;AT;HU;Monthly Value;Import;Harmonized;M;M
Physical Energy & Power Flows;2020;6;0;0;0;DE;PL;Monthly Value;Import;Harmonized;M;M
Physical Energy & Power Flows;2020;9;0;0;0;LT;RU;Monthly Value;Export;Harmonized;M;NaM
Physical Energy & Power Flows;2020;4;18;18;18;CZ;DE;Monthly Value;Export;Harmonized;M;M
Physical Energy & Power Flows;2020;5;1;1;1;ME;BA;Monthly Value;Export;Harmonized;M;M
Physical Energy & Power Flows;2020;3;25;25;25;EE;RU;Monthly Value;Import;Harmonized;M;NaM
Physical Energy & Power Flows;2020;12;68;68;68;MT;IT;Monthly Value;Import;Harmonized;NaM;M
Physical Energy & Power Flows;2020;5;724;724;724;CZ;SK;Monthly Value;Export;Harmonized;M;M
Physical Energy & Power Flows;2020;3;213;213;213;NL;BE;Monthly Value;Import;Harmonized;M;M
Physical Energy & Power Flows;2020;10;110;110;110;RU;EE;Monthly Value;Import;Harmonized;NaM;M
Physical Energy & Power Flows;2020;1;428;428;428;LT;SE;Monthly Value;Import;Harmonized;M;M
Physical Energy & Power Flows;2020;9;464;464;464;NO;NL;Monthly Value;Export;Harmonized;M;M
Physical Energy & Power Flows;2020;11;52;52;52;RS;RO;Monthly Value;Import;Harmonized;M;M
Physical Energy & Power Flows;2020;7;649;649;649;DE;CH;Monthly Value;Export;Harmonized;M;M
Physical Energy & Power Flows;2020;9;88;88;88;RS;RO;Monthly Value;Export;Harmonized;M;M
Physical Energy & Power Flows;2020;4;8;8;8;MD;UA;Monthly Value;Export;Harmonized;NaM;NaM
Physical Energy & Power Flows;2020;11;12;12;12;RS;HR;Monthly Value;Export;Harmonized;M;M
Physical Energy & Power Flows;2020;2;411;411;411;BG;RO;Monthly Value;Import;Harmonized;M;M
Physical Energy & Power Flows;2020;12;342;342;342;PL;SE;Monthly Value;Import;Harmonized;M;M
Physical Energy & Power Flows;2020;1;274;274;274;LT;PL;Monthly Value;Export;Harmonized;M;M
Physical Energy & Power Flows;2020;6;44;44;44;DK;NL;Monthly Value;Export;Harmonized;M;M
Physical Energy & Power Flows;2020;11;358;358;358;AT;SI;Monthly Value;Export;Harmonized;M;M
Physical Energy & Power Flows;2020;9;0;0;0;PL;SE;Monthly Value;Export;Harmonized;M;M
Physical Energy & Power Flows;2020;12;290;290;290;DE;LU;Monthly Value;Export;Harmonized;M;M
Physical Energy & Power Flows;2020;10;293;293;293;DE;SE;Monthly Value;Import;Harmonized;M;M
Physical Energy & Power Flows;2020;4;13;13;13;MT;IT;Monthly Value;Import;Harmonized;NaM;M
Physical Energy & Power Flows;2020;6;434;434;434;DK;NO;Monthly Value;Import;Harmonized;M;M
Physical Energy & Power Flows;2020;7;7;7;7;SI;HR;Monthly Value;Import;Harmonized;M;M
Physical Energy & Power Flows;2020;12;62;62;62;ME;IT;Monthly Value;Import;Harmonized;M;M
Physical Energy & Power Flows;2020;4;664;664;664;DE;AT;Monthly Value;Export;Harmonized;M;M
Physical Energy & Power Flows;2020;8;64;64;64;PL;CZ;Monthly Value;Import;Harmonized;M;M
Physical Energy & Power Flows;2020;11;2;2;2;NL;NO;Monthly Value;Export;Harmonized;M;M
Physical Energy & Power Flows;2020;8;6;6;6;BG;TR;Monthly Value;Import;Harmonized;M;M
Physical Energy & Power Flows;2020;9;22;22;22;GR;MK;Monthly Value;Export;Harmonized;M;M
Physical Energy & Power Flows;2020;2;521;521;521;DE;NL;Monthly Value;Export;Harmonized;M;M
Physical Energy & Power Flows;2020;5;134;134;134;HR;HU;Monthly Value;Import;Harmonized;M;M
Physical Energy & Power Flows;2020;6;256;256;256;UA;BY;Monthly Value;Export;Harmonized;NaM;NaM
Physical Energy & Power Flows;2020;10;101;101;101;IT;AT;Monthly Value;Import;Harmonized;M;M
Physical Energy & Power Flows;2020;9;74;74;74;SK;UA;Monthly Value;Export;Harmonized;M;NaM
Physical Energy & Power Flows;2020;1;47;47;47;NL;GB;Monthly Value;Import;Harmonized;M;M
Physical Energy & Power Flows;2020;11;16;16;16;LU;BE;Monthly Value;Export;Harmonized;M;M
Physical Energy & Power Flows;2020;7;42;42;42;MT;IT;Monthly Value;Import;Harmonized;NaM;M
Physical Energy & Power Flows;2020;1;381;381;381;DE;SE;Monthly Value;Import;Harmonized;M;M
Physical Energy & Power Flows;2020;12;15;15;15;HU;RO;Monthly Value;Import;Harmonized;M;M
Physical Energy & Power Flows;2020;10;83;83;83;RS;HR;Monthly Value;Import;Harmonized;M;M
Physical Energy & Power Flows;2020;6;283;283;283;SE;LT;Monthly Value;Export;Harmonized;M;M
Physical Energy & Power Flows;2020;12;6;6;6;GR;AL;Monthly Value;Import;Harmonized;M;M
Physical Energy & Power Flows;2020;3;213;213;213;BE;NL;Monthly Value;Export;Harmonized;M;M
Physical Energy & Power Flows;2020;7;0;0;0;IT;MT;Monthly Value;Import;Harmonized;M;NaM
Physical Energy & Power Flows;2020;8;8;8;8;SI;HR;Monthly Value;Import;Harmonized;M;M
Physical Energy & Power Flows;2020;6;61;61;61;HU;UA;Monthly Value;Export;Harmonized;M;NaM
Physical Energy & Power Flows;2020;9;61;61;61;SI;HR;Monthly Value;Import;Harmonized;M;M
Physical Energy & Power Flows;2020;4;76;76;76;ME;IT;Monthly Value;Export;Harmonized;M;M
Physical Energy & Power Flows;2020;3;454;454;454;NO;SE;Monthly Value;Export;Harmonized;M;M
Physical Energy & Power Flows;2020;4;1;1;1;PL;DE;Monthly Value;Export;Harmonized;M;M
Physical Energy & Power Flows;2020;2;204;204;204;LT;RU;Monthly Value;Import;Harmonized;M;NaM
Physical Energy & Power Flows;2020;11;169;169;169;HR;BA;Monthly Value;Export;Harmonized;M;M
Physical Energy & Power Flows;2020;11;1081;1081;1081;DE;FR;Monthly Value;Import;Harmonized;M;M
Physical Energy & Power Flows;2020;8;88;88;88;AT;IT;Monthly Value;Export;Harmonized;M;M
Physical Energy & Power Flows;2020;12;82;82;82;SI;AT;Monthly Value;Export;Harmonized;M;M
Physical Energy & Power Flows;2020;8;244;244;244;DE;CZ;Monthly Value;Import;Harmonized;M;M
Physical Energy & Power Flows;2020;12;270;270;270;SE;DE;Monthly Value;Export;Harmonized;M;M
Physical Energy & Power Flows;2020;5;42;42;42;RS;RO;Monthly Value;Import;Harmonized;M;M
Physical Energy & Power Flows;2020;3;12;12;12;FI;NO;Monthly Value;Import;Harmonized;M;M
Physical Energy & Power Flows;2020;11;44;44;44;NL;GB;Monthly Value;Import;Harmonized;M;M
Physical Energy & Power Flows;2020;6;511;511;511;DK;DE;Monthly Value;Import;Harmonized;M;M
Physical Energy & Power Flows;2020;10;1358;1358;1358;FR;IT;Monthly Value;Export;Harmonized;M;M
Physical Energy & Power Flows;2020;12;0;0;0;LU;DE;Monthly Value;Export;Harmonized;M;M
Physical Energy & Power Flows;2020;4;0;0;0;RS;HR;Monthly Value;Import;Harmonized;M;M
Physical Energy & Power Flows;2020;7;36;36;36;AT;CH;Monthly Value;Import;Harmonized;M;M
Physical Energy & Power Flows;2020;5;106;106;106;CZ;PL;Monthly Value;Import;Harmonized;M;M
Physical Energy & Power Flows;2020;8;177;177;177;EE;LV;Monthly Value;Export;Harmonized;M;M
Physical Energy & Power Flows;2020;10;173;173;173;LT;BY;Monthly Value;Import;Harmonized;M;NaM
Physical Energy & Power Flows;2020;6;28;28;28;IE;GB;Monthly Value;Import;Harmonized;M;M
Physical Energy & Power Flows;2020;1;6;6;6;NL;NO;Monthly Value;Export;Harmonized;M;M
Physical Energy & Power Flows;2020;6;27;27;27;AL;RS;Monthly Value;Export;Harmonized;M;M
Physical Energy & Power Flows;2020;8;173;173;173;AT;DE;Monthly Value;Export;Harmonized;M;M
Physical Energy & Power Flows;2020;7;863;863;863;ES;PT;Monthly Value;Export;Harmonized;M;M
Physical Energy & Power Flows;2020;5;640;640;640;AT;CZ;Monthly Value;Import;Harmonized;M;M
Physical Energy & Power Flows;2020;6;126;126;126;SK;PL;Monthly Value;Import;Harmonized;M;M
Physical Energy & Power Flows;2020;4;42;42;42;NL;GB;Monthly Value;Import;Harmonized;M;M
Physical Energy & Power Flows;2020;11;334;334;334;UA;SK;Monthly Value;Import;Harmonized;NaM;M
Physical Energy & Power Flows;2020;5;759;759;759;ES;PT;Monthly Value;Export;Harmonized;M;M
Physical Energy & Power Flows;2020;9;291;291;291;DE;LU;Monthly Value;Export;Harmonized;M;M
Physical Energy & Power Flows;2020;11;997;997;997;CZ;SK;Monthly Value;Export;Harmonized;M;M
Physical Energy & Power Flows;2020;1;36;36;36;BG;TR;Monthly Value;Import;Harmonized;M;M
Physical Energy & Power Flows;2020;7;144;144;144;RO;BG;Monthly Value;Export;Harmonized;M;M
Physical Energy & Power Flows;2020;7;9;9;9;RS;BG;Monthly Value;Export;Harmonized;M;M
Physical Energy & Power Flows;2020;8;162;162;162;RO;BG;Monthly Value;Export;Harmonized;M;M
Physical Energy & Power Flows;2020;4;127;127;127;LT;PL;Monthly Value;Export;Harmonized;M;M
Physical Energy & Power Flows;2020;9;250;250;250;CH;FR;Monthly Value;Import;Harmonized;M;M
Physical Energy & Power Flows;2020;4;665;665;665;PT;ES;Monthly Value;Import;Harmonized;M;M
Physical Energy & Power Flows;2020;2;40;40;40;RS;RO;Monthly Value;Import;Harmonized;M;M
Physical Energy & Power Flows;2020;1;227;227;227;SI;IT;Monthly Value;Export;Harmonized;M;M
Physical Energy & Power Flows;2020;4;458;458;458;NL;NO;Monthly Value;Import;Harmonized;M;M
Physical Energy & Power Flows;2020;4;7;7;7;HU;RS;Monthly Value;Import;Harmonized;M;M
Physical Energy & Power Flows;2020;5;26;26;26;NO;NL;Monthly Value;Import;Harmonized;M;M
Physical Energy & Power Flows;2020;9;344;344;344;PT;ES;Monthly Value;Import;Harmonized;M;M
Physical Energy & Power Flows;2020;5;145;145;145;UA;RU;Monthly Value;Import;Harmonized;NaM;NaM
Physical Energy & Power Flows;2020;4;4;4;4;RO;HU;Monthly Value;Export;Harmonized;M;M
Physical Energy & Power Flows;2020;11;0;0;0;UA;SK;Monthly Value;Export;Harmonized;NaM;M
Physical Energy & Power Flows;2020;11;343;343;343;SE;NO;Monthly Value;Export;Harmonized;M;M
Physical Energy & Power Flows;2020;5;123;123;123;EE;RU;Monthly Value;Export;Harmonized;M;NaM
Physical Energy & Power Flows;2020;3;0;0;0;SE;PL;Monthly Value;Import;Harmonized;M;M
Physical Energy & Power Flows;2020;10;91;91;91;DK;SE;Monthly Value;Export;Harmonized;M;M
Physical Energy & Power Flows;2020;6;65;65;65;RO;BG;Monthly Value;Import;Harmonized;M;M
Physical Energy & Power Flows;2020;3;1;1;1;GR;IT;Monthly Value;Export;Harmonized;M;M
Physical Energy & Power Flows;2020;8;386;386;386;GB;NL;Monthly Value;Import;Harmonized;M;M
Physical Energy & Power Flows;2020;7;765;765;765;HU;SK;Monthly Value;Import;Harmonized;M;M
Physical Energy & Power Flows;2020;2;17;17;17;CZ;DE;Monthly Value;Export;Harmonized;M;M
Physical Energy & Power Flows;2020;4;1627;1627;1627;SE;FI;Monthly Value;Export;Harmonized;M;M
Physical Energy & Power Flows;2020;8;864;864;864;PL;DE;Monthly Value;Import;Harmonized;M;M
Physical Energy & Power Flows;2020;12;46;46;46;HR;RS;Monthly Value;Export;Harmonized;M;M
Physical Energy & Power Flows;2020;9;114;114;114;AL;ME;Monthly Value;Import;Harmonized;M;M
Physical Energy & Power Flows;2020;11;1;1;1;RO;UA;Monthly Value;Export;Harmonized;M;NaM
Physical Energy & Power Flows;2020;1;0;0;0;UA;MD;Monthly Value;Import;Harmonized;NaM;NaM
Physical Energy & Power Flows;2020;9;1232;1232;1232;NO;SE;Monthly Value;Export;Harmonized;M;M
Physical Energy & Power Flows;2020;8;608;608;608;DE;CH;Monthly Value;Import;Harmonized;M;M
Physical Energy & Power Flows;2020;7;34;34;34;RO;RS;Monthly Value;Export;Harmonized;M;M
Physical Energy & Power Flows;2020;8;435;435;435;DE;CH;Monthly Value;Export;Harmonized;M;M
Physical Energy & Power Flows;2020;3;54;54;54;RS;HR;Monthly Value;Export;Harmonized;M;M
Physical Energy & Power Flows;2020;9;23;23;23;LT;SE;Monthly Value;Export;Harmonized;M;M
Physical Energy & Power Flows;2020;12;147;147;147;RU;EE;Monthly Value;Import;Harmonized;NaM;M
Physical Energy & Power Flows;2020;1;1267;1267;1267;SK;CZ;Monthly Value;Import;Harmonized;M;M
Physical Energy & Power Flows;2020;7;678;678;678;DK;NO;Monthly Value;Import;Harmonized;M;M
Physical Energy & Power Flows;2020;4;238;238;238;MK;RS;Monthly Value;Import;Harmonized;M;M
Physical Energy & Power Flows;2020;8;44;44;44;BE;GB;Monthly Value;Import;Harmonized;M;M
Physical Energy & Power Flows;2020;5;3;3;3;SK;UA;Monthly Value;Import;Harmonized;M;NaM
Physical Energy & Power Flows;2020;2;73;73;73;UA;RU;Monthly Value;Import;Harmonized;NaM;NaM
Physical Energy & Power Flows;2020;4;243;243;243;CH;IT;Monthly Value;Import;Harmonized;M;M
Physical Energy & Power Flows;2020;7;208;208;208;SK;PL;Monthly Value;Import;Harmonized;M;M
Physical Energy & Power Flows;2020;12;1016;1016;1016;DE;PL;Monthly Value;Export;Harmonized;M;M
Physical Energy & Power Flows;2020;7;15;15;15;LT;PL;Monthly Value;Import;Harmonized;M;M
Physical Energy & Power Flows;2020;8;4;4;4;RU;UA;Monthly Value;Import;Harmonized;NaM;NaM
Physical Energy & Power Flows;2020;3;4;4;4;HU;HR;Monthly Value;Import;Harmonized;M;M
Physical Energy & Power Flows;2020;5;1063;1063;1063;IT;FR;Monthly Value;Import;Harmonized;M;M
Physical Energy & Power Flows;2020;1;16;16;16;RU;UA;Monthly Value;Import;Harmonized;NaM;NaM
Physical Energy & Power Flows;2020;8;204;204;204;RU;LT;Monthly Value;Export;Harmonized;NaM;M
Physical Energy & Power Flows;2020;9;229;229;229;EE;LV;Monthly Value;Export;Harmonized;M;M
Physical Energy & Power Flows;2020;9;30;30;30;LV;LT;Monthly Value;Import;Harmonized;M;M
Physical Energy & Power Flows;2020;2;235;235;235;DK;NO;Monthly Value;Export;Harmonized;M;M
Physical Energy & Power Flows;2020;4;18;18;18;AL;RS;Monthly Value;Export;Harmonized;M;M
Physical Energy & Power Flows;2020;3;63;63;63;GB;IE;Monthly Value;Export;Harmonized;M;M
Physical Energy & Power Flows;2020;10;221;221;221;SI;AT;Monthly Value;Import;Harmonized;M;M
Physical Energy & Power Flows;2020;3;480;480;480;AT;HU;Monthly Value;Export;Harmonized;M;M
Physical Energy & Power Flows;2020;3;0;0;0;RO;MD;Monthly Value;Import;Harmonized;M;NaM
Physical Energy & Power Flows;2020;4;68;68;68;RO;RS;Monthly Value;Export;Harmonized;M;M
Physical Energy & Power Flows;2020;9;227;227;227;RU;LT;Monthly Value;Export;Harmonized;NaM;M
Physical Energy & Power Flows;2020;11;123;123;123;PL;UA;Monthly Value;Import;Harmonized;M;NaM
Physical Energy & Power Flows;2020;8;0;0;0;MD;RO;Monthly Value;Import;Harmonized;NaM;M
Physical Energy & Power Flows;2020;4;212;212;212;PL;SK;Monthly Value;Export;Harmonized;M;M
Physical Energy & Power Flows;2020;7;10;10;10;ME;BA;Monthly Value;Export;Harmonized;M;M
Physical Energy & Power Flows;2020;7;9;9;9;MD;UA;Monthly Value;Import;Harmonized;NaM;NaM
Physical Energy & Power Flows;2020;1;274;274;274;RO;HU;Monthly Value;Import;Harmonized;M;M
Physical Energy & Power Flows;2020;11;6;6;6;LV;EE;Monthly Value;Export;Harmonized;M;M
Physical Energy & Power Flows;2020;6;1;1;1;UA;RU;Monthly Value;Export;Harmonized;NaM;NaM
Physical Energy & Power Flows;2020;9;313;313;313;AT;SI;Monthly Value;Export;Harmonized;M;M
Physical Energy & Power Flows;2020;3;530;530;530;DE;NL;Monthly Value;Export;Harmonized;M;M
Physical Energy & Power Flows;2020;2;195;195;195;GR;BG;Monthly Value;Import;Harmonized;M;M
Physical Energy & Power Flows;2020;7;257;257;257;UA;SK;Monthly Value;Import;Harmonized;NaM;M
Physical Energy & Power Flows;2020;3;25;25;25;IT;MT;Monthly Value;Export;Harmonized;M;NaM
Physical Energy & Power Flows;2020;5;147;147;147;BA;HR;Monthly Value;Import;Harmonized;M;M
Physical Energy & Power Flows;2020;11;836;836;836;DK;NO;Monthly Value;Import;Harmonized;M;M
Physical Energy & Power Flows;2020;12;873;873;873;FR;CH;Monthly Value;Export;Harmonized;M;M
Physical Energy & Power Flows;2020;10;15;15;15;AT;DE;Monthly Value;Export;Harmonized;M;M
Physical Energy & Power Flows;2020;5;408;408;408;NL;NO;Monthly Value;Import;Harmonized;M;M
Physical Energy & Power Flows;2020;10;49;49;49;PL;LT;Monthly Value;Import;Harmonized;M;M
Physical Energy & Power Flows;2020;9;187;187;187;LT;BY;Monthly Value;Import;Harmonized;M;NaM
Physical Energy & Power Flows;2020;4;1;1;1;ME;AL;Monthly Value;Import;Harmonized;M;M
Physical Energy & Power Flows;2020;6;256;256;256;BY;UA;Monthly Value;Import;Harmonized;NaM;NaM
Physical Energy & Power Flows;2020;11;162;162;162;TR;GR;Monthly Value;Export;Harmonized;M;M
Physical Energy & Power Flows;2020;9;17;17;17;RO;UA;Monthly Value;Export;Harmonized;M;NaM
Physical Energy & Power Flows;2020;2;44;44;44;MD;UA;Monthly Value;Import;Harmonized;NaM;NaM
Physical Energy & Power Flows;2020;4;2;2;2;AT;CZ;Monthly Value;Export;Harmonized;M;M
Physical Energy & Power Flows;2020;2;36;36;36;IE;GB;Monthly Value;Import;Harmonized;M;M
Physical Energy & Power Flows;2020;3;1;1;1;SK;UA;Monthly Value;Import;Harmonized;M;NaM
Physical Energy & Power Flows;2020;5;52;52;52;ME;RS;Monthly Value;Import;Harmonized;M;M
Physical Energy & Power Flows;2020;8;74;74;74;HU;RS;Monthly Value;Import;Harmonized;M;M
Physical Energy & Power Flows;2020;4;0;0;0;UA;BY;Monthly Value;Import;Harmonized;NaM;NaM
Physical Energy & Power Flows;2020;9;5;5;5;AL;RS;Monthly Value;Export;Harmonized;M;M
Physical Energy & Power Flows;2020;2;2;2;2;RU;FI;Monthly Value;Import;Harmonized;NaM;M
Physical Energy & Power Flows;2020;4;519;519;519;CZ;AT;Monthly Value;Export;Harmonized;M;M
Physical Energy & Power Flows;2020;5;142;142;142;LT;BY;Monthly Value;Import;Harmonized;M;NaM
Physical Energy & Power Flows;2020;7;0;0;0;MT;IT;Monthly Value;Export;Harmonized;NaM;M
Physical Energy & Power Flows;2020;8;0;0;0;LT;RU;Monthly Value;Export;Harmonized;M;NaM
Physical Energy & Power Flows;2020;7;1002;1002;1002;FR;IT;Monthly Value;Export;Harmonized;M;M
Physical Energy & Power Flows;2020;2;283;283;283;NO;NL;Monthly Value;Export;Harmonized;M;M
Physical Energy & Power Flows;2020;9;149;149;149;BY;UA;Monthly Value;Import;Harmonized;NaM;NaM
Physical Energy & Power Flows;2020;5;14;14;14;BA;HR;Monthly Value;Export;Harmonized;M;M
Physical Energy & Power Flows;2020;12;223;223;223;UA;RO;Monthly Value;Export;Harmonized;NaM;M
Physical Energy & Power Flows;2020;12;203;203;203;DE;BE;Monthly Value;Export;Harmonized;M;M
Physical Energy & Power Flows;2020;12;262;262;262;LT;BY;Monthly Value;Import;Harmonized;M;NaM
Physical Energy & Power Flows;2020;1;418;418;418;GB;BE;Monthly Value;Import;Harmonized;M;M
Physical Energy & Power Flows;2020;11;2;2;2;NO;NL;Monthly Value;Import;Harmonized;M;M
Physical Energy & Power Flows;2020;4;4;4;4;FI;RU;Monthly Value;Export;Harmonized;M;NaM
Physical Energy & Power Flows;2020;12;184;184;184;NO;SE;Monthly Value;Import;Harmonized;M;M
Physical Energy & Power Flows;2020;1;20;20;20;NL;BE;Monthly Value;Import;Harmonized;M;M
Physical Energy & Power Flows;2020;3;249;249;249;SK;UA;Monthly Value;Export;Harmonized;M;NaM
Physical Energy & Power Flows;2020;5;95;95;95;RS;BA;Monthly Value;Import;Harmonized;M;M
Physical Energy & Power Flows;2020;6;201;201;201;NO;NL;Monthly Value;Export;Harmonized;M;M
Physical Energy & Power Flows;2020;3;2;2;2;UA;MD;Monthly Value;Import;Harmonized;NaM;NaM
Physical Energy & Power Flows;2020;10;196;196;196;LV;EE;Monthly Value;Import;Harmonized;M;M
Physical Energy & Power Flows;2020;3;207;207;207;UA;BY;Monthly Value;Export;Harmonized;NaM;NaM
Physical Energy & Power Flows;2020;4;416;416;416;AT;HU;Monthly Value;Export;Harmonized;M;M
Physical Energy & Power Flows;2020;7;517;517;517;AT;HU;Monthly Value;Export;Harmonized;M;M
Physical Energy & Power Flows;2020;1;85;85;85;HR;BA;Monthly Value;Import;Harmonized;M;M
Physical Energy & Power Flows;2020;11;1;1;1;UA;RO;Monthly Value;Import;Harmonized;NaM;M
Physical Energy & Power Flows;2020;1;7;7;7;HR;HU;Monthly Value;Export;Harmonized;M;M
Physical Energy & Power Flows;2020;7;29;29;29;RS;AL;Monthly Value;Import;Harmonized;M;M
Physical Energy & Power Flows;2020;9;48;48;48;NL;BE;Monthly Value;Import;Harmonized;M;M
Physical Energy & Power Flows;2020;12;462;462;462;NL;NO;Monthly Value;Import;Harmonized;M;M
Physical Energy & Power Flows;2020;6;157;157;157;DE;CH;Monthly Value;Export;Harmonized;M;M
Physical Energy & Power Flows;2020;10;1;1;1;IT;SI;Monthly Value;Export;Harmonized;M;M
Physical Energy & Power Flows;2020;11;119;119;119;BE;DE;Monthly Value;Import;Harmonized;M;M
Physical Energy & Power Flows;2020;6;31;31;31;HR;BA;Monthly Value;Import;Harmonized;M;M
Physical Energy & Power Flows;2020;10;1358;1358;1358;IT;FR;Monthly Value;Import;Harmonized;M;M
Physical Energy & Power Flows;2020;5;14;14;14;LT;BY;Monthly Value;Export;Harmonized;M;NaM
Physical Energy & Power Flows;2020;12;67;67;67;RS;HU;Monthly Value;Import;Harmonized;M;M
Physical Energy & Power Flows;2020;11;179;179;179;SE;DE;Monthly Value;Export;Harmonized;M;M
Physical Energy & Power Flows;2020;6;180;180;180;SI;IT;Monthly Value;Export;Harmonized;M;M
Physical Energy & Power Flows;2020;1;0;0;0;IT;MT;Monthly Value;Import;Harmonized;M;NaM
Physical Energy & Power Flows;2020;7;678;678;678;NO;DK;Monthly Value;Export;Harmonized;M;M
Physical Energy & Power Flows;2020;8;96;96;96;IE;GB;Monthly Value;Export;Harmonized;M;M
Physical Energy & Power Flows;2020;2;41;41;41;RS;BG;Monthly Value;Import;Harmonized;M;M
Physical Energy & Power Flows;2020;1;236;236;236;LV;LT;Monthly Value;Export;Harmonized;M;M
Physical Energy & Power Flows;2020;4;60;60;60;RS;ME;Monthly Value;Export;Harmonized;M;M
Physical Energy & Power Flows;2020;10;28;28;28;HR;RS;Monthly Value;Import;Harmonized;M;M
Physical Energy & Power Flows;2020;12;147;147;147;EE;RU;Monthly Value;Export;Harmonized;M;NaM
Physical Energy & Power Flows;2020;8;1;1;1;LV;RU;Monthly Value;Export;Harmonized;M;NaM
Physical Energy & Power Flows;2020;9;51;51;51;RS;HU;Monthly Value;Import;Harmonized;M;M
Physical Energy & Power Flows;2020;2;260;260;260;BG;TR;Monthly Value;Export;Harmonized;M;M
Physical Energy & Power Flows;2020;10;29;29;29;BA;HR;Monthly Value;Export;Harmonized;M;M
Physical Energy & Power Flows;2020;3;153;153;153;DK;SE;Monthly Value;Export;Harmonized;M;M
Physical Energy & Power Flows;2020;2;5;5;5;FR;CH;Monthly Value;Import;Harmonized;M;M
Physical Energy & Power Flows;2020;12;0;0;0;AT;IT;Monthly Value;Import;Harmonized;M;M
Physical Energy & Power Flows;2020;12;721;721;721;DE;FR;Monthly Value;Import;Harmonized;M;M
Physical Energy & Power Flows;2020;9;3;3;3;DE;NO;Monthly Value;Import;Harmonized;M;M
Physical Energy & Power Flows;2020;12;0;0;0;MK;XK;Monthly Value;Import;Harmonized;M;M
Physical Energy & Power Flows;2020;11;503;503;503;AT;HU;Monthly Value;Export;Harmonized;M;M
Physical Energy & Power Flows;2020;9;795;795;795;NO;DK;Monthly Value;Export;Harmonized;M;M
Physical Energy & Power Flows;2020;7;34;34;34;GR;AL;Monthly Value;Import;Harmonized;M;M
Physical Energy & Power Flows;2020;11;11;11;11;AL;RS;Monthly Value;Import;Harmonized;M;M
Physical Energy & Power Flows;2020;10;1;1;1;UA;RO;Monthly Value;Import;Harmonized;NaM;M
Physical Energy & Power Flows;2020;11;194;194;194;NL;DE;Monthly Value;Export;Harmonized;M;M
Physical Energy & Power Flows;2020;2;4;4;4;RU;LV;Monthly Value;Import;Harmonized;NaM;M
Physical Energy & Power Flows;2020;4;2;2;2;NO;FI;Monthly Value;Export;Harmonized;M;M
Physical Energy & Power Flows;2020;10;320;320;320;HU;HR;Monthly Value;Export;Harmonized;M;M
Physical Energy & Power Flows;2020;3;7;7;7;AL;RS;Monthly Value;Import;Harmonized;M;M
Physical Energy & Power Flows;2020;5;11;11;11;AL;RS;Monthly Value;Export;Harmonized;M;M
Physical Energy & Power Flows;2020;2;34;34;34;AL;RS;Monthly Value;Export;Harmonized;M;M
Physical Energy & Power Flows;2020;12;1872;1872;1872;CH;IT;Monthly Value;Export;Harmonized;M;M
Physical Energy & Power Flows;2020;8;13;13;13;HU;RO;Monthly Value;Import;Harmonized;M;M
Physical Energy & Power Flows;2020;7;114;114;114;PL;UA;Monthly Value;Import;Harmonized;M;NaM
Physical Energy & Power Flows;2020;7;260;260;260;MK;RS;Monthly Value;Import;Harmonized;M;M
Physical Energy & Power Flows;2020;8;17;17;17;SK;PL;Monthly Value;Export;Harmonized;M;M
Physical Energy & Power Flows;2020;1;12;12;12;MK;GR;Monthly Value;Import;Harmonized;M;M
Physical Energy & Power Flows;2020;8;10;10;10;AL;RS;Monthly Value;Export;Harmonized;M;M
Physical Energy & Power Flows;2020;8;47;47;47;UA;HU;Monthly Value;Export;Harmonized;NaM;M
Physical Energy & Power Flows;2020;9;324;324;324;GB;NL;Monthly Value;Import;Harmonized;M;M
Physical Energy & Power Flows;2020;6;485;485;485;SI;HR;Monthly Value;Export;Harmonized;M;M
Physical Energy & Power Flows;2020;6;236;236;236;CZ;DE;Monthly Value;Export;Harmonized;M;M
Physical Energy & Power Flows;2020;5;130;130;130;LV;EE;Monthly Value;Import;Harmonized;M;M
Physical Energy & Power Flows;2020;7;597;597;597;AT;DE;Monthly Value;Import;Harmonized;M;M
Physical Energy & Power Flows;2020;2;330;330;330;SE;NO;Monthly Value;Import;Harmonized;M;M
Physical Energy & Power Flows;2020;9;49;49;49;SK;UA;Monthly Value;Import;Harmonized;M;NaM
Physical Energy & Power Flows;2020;5;732;732;732;FR;CH;Monthly Value;Export;Harmonized;M;M
Physical Energy & Power Flows;2020;4;83;83;83;AT;IT;Monthly Value;Export;Harmonized;M;M
Physical Energy & Power Flows;2020;3;309;309;309;BG;TR;Monthly Value;Export;Harmonized;M;M
Physical Energy & Power Flows;2020;6;695;695;695;FR;GB;Monthly Value;Export;Harmonized;M;M
Physical Energy & Power Flows;2020;5;0;0;0;BE;LU;Monthly Value;Import;Harmonized;M;M
Physical Energy & Power Flows;2020;1;1;1;1;PL;CZ;Monthly Value;Import;Harmonized;M;M
Physical Energy & Power Flows;2020;4;441;441;441;NL;BE;Monthly Value;Import;Harmonized;M;M
Physical Energy & Power Flows;2020;12;31;31;31;RO;BG;Monthly Value;Import;Harmonized;M;M
Physical Energy & Power Flows;2020;2;138;138;138;BE;FR;Monthly Value;Export;Harmonized;M;M
Physical Energy & Power Flows;2020;11;174;174;174;MK;BG;Monthly Value;Import;Harmonized;M;M
Physical Energy & Power Flows;2020;3;461;461;461;SI;IT;Monthly Value;Export;Harmonized;M;M
Physical Energy & Power Flows;2020;3;1;1;1;UA;SK;Monthly Value;Export;Harmonized;NaM;M
Physical Energy & Power Flows;2020;1;576;576;576;SK;PL;Monthly Value;Import;Harmonized;M;M
Physical Energy & Power Flows;2020;4;2;2;2;CZ;AT;Monthly Value;Import;Harmonized;M;M
Physical Energy & Power Flows;2020;4;556;556;556;BE;GB;Monthly Value;Export;Harmonized;M;M
Physical Energy & Power Flows;2020;12;8;8;8;PL;CZ;Monthly Value;Import;Harmonized;M;M
Physical Energy & Power Flows;2020;3;22;22;22;CZ;PL;Monthly Value;Export;Harmonized;M;M
Physical Energy & Power Flows;2020;10;191;191;191;RU;LT;Monthly Value;Export;Harmonized;NaM;M
Physical Energy & Power Flows;2020;12;873;873;873;CH;FR;Monthly Value;Import;Harmonized;M;M
Physical Energy & Power Flows;2020;7;3;3;3;IT;FR;Monthly Value;Export;Harmonized;M;M
Physical Energy & Power Flows;2020;6;2;2;2;GR;MK;Monthly Value;Export;Harmonized;M;M
Physical Energy & Power Flows;2020;12;29;29;29;BG;TR;Monthly Value;Export;Harmonized;M;M
Physical Energy & Power Flows;2020;7;114;114;114;PT;ES;Monthly Value;Export;Harmonized;M;M
Physical Energy & Power Flows;2020;11;35;35;35;UA;RU;Monthly Value;Import;Harmonized;NaM;NaM
Physical Energy & Power Flows;2020;4;808;808;808;DK;NO;Monthly Value;Import;Harmonized;M;M
Physical Energy & Power Flows;2020;5;200;200;200;AL;ME;Monthly Value;Import;Harmonized;M;M
Physical Energy & Power Flows;2020;1;180;180;180;EE;LV;Monthly Value;Export;Harmonized;M;M
Physical Energy & Power Flows;2020;7;245;245;245;PL;LT;Monthly Value;Import;Harmonized;M;M
Physical Energy & Power Flows;2020;10;181;181;181;PL;SK;Monthly Value;Export;Harmonized;M;M
Physical Energy & Power Flows;2020;4;87;87;87;PL;UA;Monthly Value;Import;Harmonized;M;NaM
Physical Energy & Power Flows;2020;2;395;395;395;PL;SK;Monthly Value;Export;Harmonized;M;M
Physical Energy & Power Flows;2020;12;1490;1490;1490;SE;FI;Monthly Value;Export;Harmonized;M;M
Physical Energy & Power Flows;2020;2;197;197;197;LT;PL;Monthly Value;Export;Harmonized;M;M
Physical Energy & Power Flows;2020;12;160;160;160;BA;RS;Monthly Value;Export;Harmonized;M;M
Physical Energy & Power Flows;2020;11;2215;2215;2215;IT;CH;Monthly Value;Import;Harmonized;M;M
Physical Energy & Power Flows;2020;12;394;394;394;IT;SI;Monthly Value;Import;Harmonized;M;M
Physical Energy & Power Flows;2020;1;118;118;118;FR;GB;Monthly Value;Import;Harmonized;M;M
Physical Energy & Power Flows;2020;1;0;0;0;IT;AT;Monthly Value;Export;Harmonized;M;M
Physical Energy & Power Flows;2020;9;367;367;367;DE;CH;Monthly Value;Export;Harmonized;M;M
Physical Energy & Power Flows;2020;9;123;123;123;HU;RO;Monthly Value;Export;Harmonized;M;M
Physical Energy & Power Flows;2020;7;36;36;36;CH;AT;Monthly Value;Export;Harmonized;M;M
Physical Energy & Power Flows;2020;9;313;313;313;SI;AT;Monthly Value;Import;Harmonized;M;M
Physical Energy & Power Flows;2020;3;547;547;547;ES;PT;Monthly Value;Export;Harmonized;M;M
Physical Energy & Power Flows;2020;5;732;732;732;CH;FR;Monthly Value;Import;Harmonized;M;M
Physical Energy & Power Flows;2020;11;194;194;194;DE;NL;Monthly Value;Import;Harmonized;M;M
Physical Energy & Power Flows;2020;1;53;53;53;GB;BE;Monthly Value;Export;Harmonized;M;M
Physical Energy & Power Flows;2020;6;3;3;3;ME;BA;Monthly Value;Export;Harmonized;M;M
Physical Energy & Power Flows;2020;5;34;34;34;GR;BG;Monthly Value;Import;Harmonized;M;M
Physical Energy & Power Flows;2020;7;194;194;194;IT;ME;Monthly Value;Import;Harmonized;M;M
Physical Energy & Power Flows;2020;4;4;4;4;PL;SK;Monthly Value;Import;Harmonized;M;M
Physical Energy & Power Flows;2020;4;104;104;104;IE;GB;Monthly Value;Import;Harmonized;M;M
Physical Energy & Power Flows;2020;6;0;0;0;AL;ME;Monthly Value;Export;Harmonized;M;M
Physical Energy & Power Flows;2020;12;27;27;27;AT;DE;Monthly Value;Export;Harmonized;M;M
Physical Energy & Power Flows;2020;12;209;209;209;SI;HR;Monthly Value;Import;Harmonized;M;M
Physical Energy & Power Flows;2020;7;29;29;29;HR;HU;Monthly Value;Export;Harmonized;M;M
Physical Energy & Power Flows;2020;9;16;16;16;BE;LU;Monthly Value;Import;Harmonized;M;M
Physical Energy & Power Flows;2020;4;340;340;340;PL;SE;Monthly Value;Import;Harmonized;M;M
Physical Energy & Power Flows;2020;6;320;320;320;BE;GB;Monthly Value;Export;Harmonized;M;M
Physical Energy & Power Flows;2020;8;0;0;0;RO;MD;Monthly Value;Import;Harmonized;M;NaM
Physical Energy & Power Flows;2020;5;7;7;7;RU;UA;Monthly Value;Import;Harmonized;NaM;NaM
Physical Energy & Power Flows;2020;2;1144;1144;1144;GB;FR;Monthly Value;Import;Harmonized;M;M
Physical Energy & Power Flows;2020;8;446;446;446;NO;NL;Monthly Value;Export;Harmonized;M;M
Physical Energy & Power Flows;2020;8;16;16;16;RS;ME;Monthly Value;Import;Harmonized;M;M
Physical Energy & Power Flows;2020;3;1;1;1;IT;GR;Monthly Value;Import;Harmonized;M;M
Physical Energy & Power Flows;2020;9;19;19;19;UA;RU;Monthly Value;Export;Harmonized;NaM;NaM
Physical Energy & Power Flows;2020;12;270;270;270;DE;SE;Monthly Value;Import;Harmonized;M;M
Physical Energy & Power Flows;2020;10;53;53;53;SE;NO;Monthly Value;Export;Harmonized;M;M
Physical Energy & Power Flows;2020;2;18;18;18;AT;CH;Monthly Value;Import;Harmonized;M;M
Physical Energy & Power Flows;2020;6;0;0;0;UA;PL;Monthly Value;Import;Harmonized;NaM;M
Physical Energy & Power Flows;2020;6;367;367;367;SE;PL;Monthly Value;Export;Harmonized;M;M
Physical Energy & Power Flows;2020;8;35;35;35;LT;SE;Monthly Value;Export;Harmonized;M;M
Physical Energy & Power Flows;2020;4;261;261;261;FR;ES;Monthly Value;Import;Harmonized;M;M
Physical Energy & Power Flows;2020;5;28;28;28;FR;CH;Monthly Value;Import;Harmonized;M;M
Physical Energy & Power Flows;2020;12;4;4;4;IT;SI;Monthly Value;Export;Harmonized;M;M
Physical Energy & Power Flows;2020;9;71;71;71;RS;HR;Monthly Value;Export;Harmonized;M;M
Physical Energy & Power Flows;2020;5;56;56;56;NL;GB;Monthly Value;Import;Harmonized;M;M
Physical Energy & Power Flows;2020;8;49;49;49;HR;BA;Monthly Value;Export;Harmonized;M;M
Physical Energy & Power Flows;2020;3;7;7;7;FI;NO;Monthly Value;Export;Harmonized;M;M
Physical Energy & Power Flows;2020;8;88;88;88;IT;AT;Monthly Value;Import;Harmonized;M;M
Physical Energy & Power Flows;2020;8;672;672;672;NL;BE;Monthly Value;Export;Harmonized;M;M
Physical Energy & Power Flows;2020;9;11;11;11;SK;PL;Monthly Value;Export;Harmonized;M;M
Physical Energy & Power Flows;2020;11;71;71;71;HR;RS;Monthly Value;Export;Harmonized;M;M
Physical Energy & Power Flows;2020;2;0;0;0;BG;GR;Monthly Value;Import;Harmonized;M;M
Physical Energy & Power Flows;2020;4;6;6;6;MD;UA;Monthly Value;Import;Harmonized;NaM;NaM
Physical Energy & Power Flows;2020;5;12;12;12;FR;IT;Monthly Value;Import;Harmonized;M;M
Physical Energy & Power Flows;2020;8;0;0;0;CZ;SK;Monthly Value;Import;Harmonized;M;M
Physical Energy & Power Flows;2020;8;444;444;444;HR;SI;Monthly Value;Import;Harmonized;M;M
Physical Energy & Power Flows;2020;10;91;91;91;SE;DK;Monthly Value;Import;Harmonized;M;M
Physical Energy & Power Flows;2020;10;0;0;0;RU;LV;Monthly Value;Import;Harmonized;NaM;M
Physical Energy & Power Flows;2020;4;868;868;868;BE;FR;Monthly Value;Import;Harmonized;M;M
Physical Energy & Power Flows;2020;3;450;450;450;LT;SE;Monthly Value;Import;Harmonized;M;M
Physical Energy & Power Flows;2020;2;385;385;385;SE;DK;Monthly Value;Import;Harmonized;M;M
Physical Energy & Power Flows;2020;2;99;99;99;RO;RS;Monthly Value;Import;Harmonized;M;M
Physical Energy & Power Flows;2020;5;587;587;587;FI;EE;Monthly Value;Export;Harmonized;M;M
Physical Energy & Power Flows;2020;3;71;71;71;RS;RO;Monthly Value;Export;Harmonized;M;M
Physical Energy & Power Flows;2020;1;98;98;98;TR;BG;Monthly Value;Import;Harmonized;M;M
Physical Energy & Power Flows;2020;5;35;35;35;RS;BG;Monthly Value;Import;Harmonized;M;M
Physical Energy & Power Flows;2020;5;249;249;249;BA;ME;Monthly Value;Export;Harmonized;M;M
Physical Energy & Power Flows;2020;8;672;672;672;BE;NL;Monthly Value;Import;Harmonized;M;M
Physical Energy & Power Flows;2020;6;62;62;62;RU;LV;Monthly Value;Export;Harmonized;NaM;M
Physical Energy & Power Flows;2020;11;341;341;341;HU;HR;Monthly Value;Export;Harmonized;M;M
Physical Energy & Power Flows;2020;12;552;552;552;GB;BE;Monthly Value;Import;Harmonized;M;M
Physical Energy & Power Flows;2020;12;53;53;53;RS;HR;Monthly Value;Export;Harmonized;M;M
Physical Energy & Power Flows;2020;8;404;404;404;DK;DE;Monthly Value;Import;Harmonized;M;M
Physical Energy & Power Flows;2020;11;4;4;4;BA;RS;Monthly Value;Import;Harmonized;M;M
Physical Energy & Power Flows;2020;6;1;1;1;FI;EE;Monthly Value;Import;Harmonized;M;M
Physical Energy & Power Flows;2020;2;24;24;24;EE;LV;Monthly Value;Import;Harmonized;M;M
Physical Energy & Power Flows;2020;11;41;41;41;BA;HR;Monthly Value;Export;Harmonized;M;M
Physical Energy & Power Flows;2020;4;992;992;992;CH;DE;Monthly Value;Export;Harmonized;M;M
Physical Energy & Power Flows;2020;12;876;876;876;DK;DE;Monthly Value;Export;Harmonized;M;M
Physical Energy & Power Flows;2020;12;959;959;959;DK;NO;Monthly Value;Import;Harmonized;M;M
Physical Energy & Power Flows;2020;12;603;603;603;CZ;DE;Monthly Value;Import;Harmonized;M;M
Physical Energy & Power Flows;2020;4;426;426;426;DK;DE;Monthly Value;Export;Harmonized;M;M
Physical Energy & Power Flows;2020;1;2;2;2;RS;AL;Monthly Value;Export;Harmonized;M;M
Physical Energy & Power Flows;2020;4;16;16;16;GR;AL;Monthly Value;Export;Harmonized;M;M
Physical Energy & Power Flows;2020;3;768;768;768;DE;CZ;Monthly Value;Export;Harmonized;M;M
Physical Energy & Power Flows;2020;2;149;149;149;PL;UA;Monthly Value;Import;Harmonized;M;NaM
Physical Energy & Power Flows;2020;5;65;65;65;ME;IT;Monthly Value;Export;Harmonized;M;M
Physical Energy & Power Flows;2020;4;56;56;56;RS;BG;Monthly Value;Import;Harmonized;M;M
Physical Energy & Power Flows;2020;9;398;398;398;RU;FI;Monthly Value;Export;Harmonized;NaM;M
Physical Energy & Power Flows;2020;11;894;894;894;FR;ES;Monthly Value;Export;Harmonized;M;M
Physical Energy & Power Flows;2020;3;341;341;341;BG;RO;Monthly Value;Import;Harmonized;M;M
Physical Energy & Power Flows;2020;9;154;154;154;RS;MK;Monthly Value;Export;Harmonized;M;M
Physical Energy & Power Flows;2020;6;18;18;18;RU;EE;Monthly Value;Export;Harmonized;NaM;M
Physical Energy & Power Flows;2020;5;307;307;307;PL;SE;Monthly Value;Import;Harmonized;M;M
Physical Energy & Power Flows;2020;10;115;115;115;UA;BY;Monthly Value;Export;Harmonized;NaM;NaM
Physical Energy & Power Flows;2020;11;47;47;47;ME;IT;Monthly Value;Import;Harmonized;M;M
Physical Energy & Power Flows;2020;9;473;473;473;BE;FR;Monthly Value;Export;Harmonized;M;M
Physical Energy & Power Flows;2020;4;10;10;10;GR;MK;Monthly Value;Export;Harmonized;M;M
Physical Energy & Power Flows;2020;1;0;0;0;UA;HU;Monthly Value;Import;Harmonized;NaM;M
Physical Energy & Power Flows;2020;10;0;0;0;GR;TR;Monthly Value;Export;Harmonized;M;M
Physical Energy & Power Flows;2020;11;62;62;62;GB;IE;Monthly Value;Export;Harmonized;M;M
Physical Energy & Power Flows;2020;12;9;9;9;LU;BE;Monthly Value;Export;Harmonized;M;M
Physical Energy & Power Flows;2020;12;1273;1273;1273;NO;SE;Monthly Value;Export;Harmonized;M;M
Physical Energy & Power Flows;2020;6;147;147;147;IE;GB;Monthly Value;Export;Harmonized;M;M
Physical Energy & Power Flows;2020;11;0;0;0;DE;NO;Monthly Value;Export;Harmonized;M;M
Physical Energy & Power Flows;2020;5;35;35;35;BG;RS;Monthly Value;Export;Harmonized;M;M
Physical Energy & Power Flows;2020;4;6;6;6;UA;HU;Monthly Value;Import;Harmonized;NaM;M
Physical Energy & Power Flows;2020;9;32;32;32;SI;AT;Monthly Value;Export;Harmonized;M;M
Physical Energy & Power Flows;2020;12;1;1;1;HU;UA;Monthly Value;Export;Harmonized;M;NaM
Physical Energy & Power Flows;2020;10;34;34;34;RS;HU;Monthly Value;Import;Harmonized;M;M
Physical Energy & Power Flows;2020;3;480;480;480;HU;AT;Monthly Value;Import;Harmonized;M;M
Physical Energy & Power Flows;2020;1;4;4;4;BG;RO;Monthly Value;Export;Harmonized;M;M
Physical Energy & Power Flows;2020;6;102;102;102;PL;UA;Monthly Value;Import;Harmonized;M;NaM
Physical Energy & Power Flows;2020;4;23;23;23;IT;GR;Monthly Value;Import;Harmonized;M;M
Physical Energy & Power Flows;2020;1;47;47;47;FR;DE;Monthly Value;Import;Harmonized;M;M
Physical Energy & Power Flows;2020;12;0;0;0;XK;MK;Monthly Value;Export;Harmonized;M;M
Physical Energy & Power Flows;2020;11;79;79;79;RO;RS;Monthly Value;Import;Harmonized;M;M
Physical Energy & Power Flows;2020;6;205;205;205;ME;AL;Monthly Value;Export;Harmonized;M;M
Physical Energy & Power Flows;2020;4;1706;1706;1706;DE;FR;Monthly Value;Import;Harmonized;M;M
Physical Energy & Power Flows;2020;8;649;649;649;AT;CZ;Monthly Value;Import;Harmonized;M;M
Physical Energy & Power Flows;2020;2;73;73;73;LV;RU;Monthly Value;Import;Harmonized;M;NaM
Physical Energy & Power Flows;2020;9;118;118;118;DE;DK;Monthly Value;Export;Harmonized;M;M
Physical Energy & Power Flows;2020;12;406;406;406;SE;LT;Monthly Value;Export;Harmonized;M;M
Physical Energy & Power Flows;2020;7;113;113;113;BE;GB;Monthly Value;Import;Harmonized;M;M
Physical Energy & Power Flows;2020;6;61;61;61;BA;RS;Monthly Value;Export;Harmonized;M;M
Physical Energy & Power Flows;2020;12;54;54;54;HR;HU;Monthly Value;Export;Harmonized;M;M
Physical Energy & Power Flows;2020;2;10;10;10;RS;ME;Monthly Value;Export;Harmonized;M;M
Physical Energy & Power Flows;2020;3;12;12;12;NO;FI;Monthly Value;Export;Harmonized;M;M
Physical Energy & Power Flows;2020;9;30;30;30;LT;LV;Monthly Value;Export;Harmonized;M;M
Physical Energy & Power Flows;2020;5;653;653;653;NL;BE;Monthly Value;Import;Harmonized;M;M
Physical Energy & Power Flows;2020;9;2;2;2;GR;BG;Monthly Value;Export;Harmonized;M;M
Physical Energy & Power Flows;2020;2;846;846;846;CZ;DE;Monthly Value;Import;Harmonized;M;M
Physical Energy & Power Flows;2020;1;663;663;663;RU;FI;Monthly Value;Export;Harmonized;NaM;M
Physical Energy & Power Flows;2020;11;480;480;480;FR;ES;Monthly Value;Import;Harmonized;M;M
Physical Energy & Power Flows;2020;9;3;3;3;HU;SK;Monthly Value;Export;Harmonized;M;M
Physical Energy & Power Flows;2020;3;87;87;87;EE;LV;Monthly Value;Export;Harmonized;M;M
Physical Energy & Power Flows;2020;5;95;95;95;BA;RS;Monthly Value;Export;Harmonized;M;M
Physical Energy & Power Flows;2020;7;147;147;147;BY;UA;Monthly Value;Import;Harmonized;NaM;NaM
Physical Energy & Power Flows;2020;11;323;323;323;SK;PL;Monthly Value;Import;Harmonized;M;M
Physical Energy & Power Flows;2020;3;7;7;7;RS;BG;Monthly Value;Export;Harmonized;M;M
Physical Energy & Power Flows;2020;4;0;0;0;HR;RS;Monthly Value;Export;Harmonized;M;M
Physical Energy & Power Flows;2020;6;10;10;10;GR;AL;Monthly Value;Export;Harmonized;M;M
Physical Energy & Power Flows;2020;9;264;264;264;HU;HR;Monthly Value;Export;Harmonized;M;M
Physical Energy & Power Flows;2020;4;15;15;15;BA;RS;Monthly Value;Import;Harmonized;M;M
Physical Energy & Power Flows;2020;3;768;768;768;CZ;DE;Monthly Value;Import;Harmonized;M;M
Physical Energy & Power Flows;2020;3;204;204;204;RO;UA;Monthly Value;Import;Harmonized;M;NaM
Physical Energy & Power Flows;2020;1;74;74;74;RO;RS;Monthly Value;Export;Harmonized;M;M
Physical Energy & Power Flows;2020;5;15;15;15;EE;LV;Monthly Value;Import;Harmonized;M;M
Physical Energy & Power Flows;2020;6;3;3;3;SE;LT;Monthly Value;Import;Harmonized;M;M
Physical Energy & Power Flows;2020;3;3;3;3;DE;PL;Monthly Value;Import;Harmonized;M;M
Physical Energy & Power Flows;2020;3;1126;1126;1126;FR;CH;Monthly Value;Export;Harmonized;M;M
Physical Energy & Power Flows;2020;11;54;54;54;IT;GR;Monthly Value;Import;Harmonized;M;M
Physical Energy & Power Flows;2020;8;330;330;330;SI;AT;Monthly Value;Import;Harmonized;M;M
Physical Energy & Power Flows;2020;5;7;7;7;HU;RS;Monthly Value;Import;Harmonized;M;M
Physical Energy & Power Flows;2020;5;42;42;42;RO;RS;Monthly Value;Export;Harmonized;M;M
Physical Energy & Power Flows;2020;11;349;349;349;BE;FR;Monthly Value;Import;Harmonized;M;M
Physical Energy & Power Flows;2020;9;20;20;20;RS;ME;Monthly Value;Import;Harmonized;M;M
Physical Energy & Power Flows;2020;9;114;114;114;IT;GR;Monthly Value;Export;Harmonized;M;M
Physical Energy & Power Flows;2020;8;530;530;530;AT;HU;Monthly Value;Export;Harmonized;M;M
Physical Energy & Power Flows;2020;11;197;197;197;RU;FI;Monthly Value;Export;Harmonized;NaM;M
Physical Energy & Power Flows;2020;4;272;272;272;CH;AT;Monthly Value;Export;Harmonized;M;M
Physical Energy & Power Flows;2020;5;147;147;147;HR;BA;Monthly Value;Export;Harmonized;M;M
Physical Energy & Power Flows;2020;9;33;33;33;AL;RS;Monthly Value;Import;Harmonized;M;M
Physical Energy & Power Flows;2020;7;713;713;713;FR;DE;Monthly Value;Export;Harmonized;M;M
Physical Energy & Power Flows;2020;7;244;244;244;AT;CH;Monthly Value;Export;Harmonized;M;M
Physical Energy & Power Flows;2020;6;348;348;348;CZ;DE;Monthly Value;Import;Harmonized;M;M
Physical Energy & Power Flows;2020;5;661;661;661;IT;CH;Monthly Value;Import;Harmonized;M;M
Physical Energy & Power Flows;2020;2;290;290;290;DE;DK;Monthly Value;Import;Harmonized;M;M
Physical Energy & Power Flows;2020;12;0;0;0;RS;XK;Monthly Value;Export;Harmonized;M;M
Physical Energy & Power Flows;2020;3;1;1;1;FR;IT;Monthly Value;Import;Harmonized;M;M
Physical Energy & Power Flows;2020;12;16;16;16;UA;MD;Monthly Value;Export;Harmonized;NaM;NaM
Physical Energy & Power Flows;2020;6;222;222;222;DK;SE;Monthly Value;Import;Harmonized;M;M
Physical Energy & Power Flows;2020;4;0;0;0;BY;UA;Monthly Value;Export;Harmonized;NaM;NaM
Physical Energy & Power Flows;2020;3;481;481;481;NL;NO;Monthly Value;Import;Harmonized;M;M
Physical Energy & Power Flows;2020;1;1034;1034;1034;DE;FR;Monthly Value;Import;Harmonized;M;M
Physical Energy & Power Flows;2020;1;85;85;85;BA;HR;Monthly Value;Export;Harmonized;M;M
Physical Energy & Power Flows;2020;10;6;6;6;CZ;SK;Monthly Value;Import;Harmonized;M;M
Physical Energy & Power Flows;2020;6;485;485;485;HR;SI;Monthly Value;Import;Harmonized;M;M
Physical Energy & Power Flows;2020;7;14;14;14;BA;RS;Monthly Value;Import;Harmonized;M;M
Physical Energy & Power Flows;2020;3;1250;1250;1250;FR;GB;Monthly Value;Export;Harmonized;M;M
Physical Energy & Power Flows;2020;3;536;536;536;FI;EE;Monthly Value;Export;Harmonized;M;M
Physical Energy & Power Flows;2020;8;96;96;96;GB;IE;Monthly Value;Import;Harmonized;M;M
Physical Energy & Power Flows;2020;7;0;0;0;RU;FI;Monthly Value;Import;Harmonized;NaM;M
Physical Energy & Power Flows;2020;12;456;456;456;CZ;PL;Monthly Value;Import;Harmonized;M;M
Physical Energy & Power Flows;2020;10;9;9;9;ME;IT;Monthly Value;Import;Harmonized;M;M
Physical Energy & Power Flows;2020;4;39;39;39;CH;FR;Monthly Value;Export;Harmonized;M;M
Physical Energy & Power Flows;2020;5;1;1;1;GR;BG;Monthly Value;Export;Harmonized;M;M
Physical Energy & Power Flows;2020;8;1;1;1;NL;NO;Monthly Value;Export;Harmonized;M;M
Physical Energy & Power Flows;2020;9;63;63;63;SE;DK;Monthly Value;Import;Harmonized;M;M
Physical Energy & Power Flows;2020;10;163;163;163;DE;CZ;Monthly Value;Import;Harmonized;M;M
Physical Energy & Power Flows;2020;4;75;75;75;LT;PL;Monthly Value;Import;Harmonized;M;M
Physical Energy & Power Flows;2020;10;3;3;3;HU;AT;Monthly Value;Export;Harmonized;M;M
Physical Energy & Power Flows;2020;5;1216;1216;1216;NL;DE;Monthly Value;Export;Harmonized;M;M
Physical Energy & Power Flows;2020;2;966;966;966;DE;PL;Monthly Value;Export;Harmonized;M;M
Physical Energy & Power Flows;2020;2;26;26;26;BY;UA;Monthly Value;Export;Harmonized;NaM;NaM
Physical Energy & Power Flows;2020;4;27;27;27;FR;IT;Monthly Value;Import;Harmonized;M;M
Physical Energy & Power Flows;2020;1;4;4;4;LT;SE;Monthly Value;Export;Harmonized;M;M
Physical Energy & Power Flows;2020;9;0;0;0;MD;RO;Monthly Value;Import;Harmonized;NaM;M
Physical Energy & Power Flows;2020;5;464;464;464;SE;LT;Monthly Value;Export;Harmonized;M;M
Physical Energy & Power Flows;2020;7;391;391;391;CH;DE;Monthly Value;Export;Harmonized;M;M
Physical Energy & Power Flows;2020;12;377;377;377;PL;SK;Monthly Value;Export;Harmonized;M;M
Physical Energy & Power Flows;2020;8;29;29;29;AL;RS;Monthly Value;Import;Harmonized;M;M
Physical Energy & Power Flows;2020;10;191;191;191;LT;RU;Monthly Value;Import;Harmonized;M;NaM
Physical Energy & Power Flows;2020;3;238;238;238;PL;SK;Monthly Value;Export;Harmonized;M;M
Physical Energy & Power Flows;2020;6;228;228;228;NL;DK;Monthly Value;Export;Harmonized;M;M
Physical Energy & Power Flows;2020;6;695;695;695;GB;FR;Monthly Value;Import;Harmonized;M;M
Physical Energy & Power Flows;2020;7;1;1;1;RS;MK;Monthly Value;Import;Harmonized;M;M
Physical Energy & Power Flows;2020;12;14;14;14;GB;NL;Monthly Value;Export;Harmonized;M;M
Physical Energy & Power Flows;2020;10;207;207;207;AL;ME;Monthly Value;Import;Harmonized;M;M
Physical Energy & Power Flows;2020;2;11;11;11;FR;DE;Monthly Value;Import;Harmonized;M;M
Physical Energy & Power Flows;2020;7;13;13;13;LV;LT;Monthly Value;Import;Harmonized;M;M
Physical Energy & Power Flows;2020;7;20;20;20;IT;SI;Monthly Value;Export;Harmonized;M;M
Physical Energy & Power Flows;2020;9;3;3;3;NO;DE;Monthly Value;Export;Harmonized;M;M
Physical Energy & Power Flows;2020;9;16;16;16;LU;BE;Monthly Value;Export;Harmonized;M;M
Physical Energy & Power Flows;2020;7;207;207;207;CZ;PL;Monthly Value;Import;Harmonized;M;M
Physical Energy & Power Flows;2020;3;306;306;306;ES;PT;Monthly Value;Import;Harmonized;M;M
Physical Energy & Power Flows;2020;3;0;0;0;HU;AT;Monthly Value;Export;Harmonized;M;M
Physical Energy & Power Flows;2020;2;45;45;45;NL;GB;Monthly Value;Import;Harmonized;M;M
Physical Energy & Power Flows;2020;1;21;21;21;CZ;DE;Monthly Value;Export;Harmonized;M;M
Physical Energy & Power Flows;2020;11;584;584;584;CZ;DE;Monthly Value;Import;Harmonized;M;M
Physical Energy & Power Flows;2020;3;1;1;1;RO;UA;Monthly Value;Export;Harmonized;M;NaM
Physical Energy & Power Flows;2020;1;4;4;4;EE;LV;Monthly Value;Import;Harmonized;M;M
Physical Energy & Power Flows;2020;11;288;288;288;SE;DK;Monthly Value;Export;Harmonized;M;M
Physical Energy & Power Flows;2020;9;177;177;177;HR;SI;Monthly Value;Import;Harmonized;M;M
Physical Energy & Power Flows;2020;11;977;977;977;AT;CZ;Monthly Value;Import;Harmonized;M;M
Physical Energy & Power Flows;2020;1;113;113;113;HU;RS;Monthly Value;Export;Harmonized;M;M
Physical Energy & Power Flows;2020;1;356;356;356;LU;DE;Monthly Value;Import;Harmonized;M;M
Physical Energy & Power Flows;2020;11;0;0;0;BY;LT;Monthly Value;Import;Harmonized;NaM;M
Physical Energy & Power Flows;2020;6;1;1;1;RS;MK;Monthly Value;Import;Harmonized;M;M
Physical Energy & Power Flows;2020;2;439;439;439;NL;BE;Monthly Value;Export;Harmonized;M;M
Physical Energy & Power Flows;2020;10;170;170;170;CZ;PL;Monthly Value;Import;Harmonized;M;M
Physical Energy & Power Flows;2020;6;12;12;12;MD;UA;Monthly Value;Import;Harmonized;NaM;NaM
Physical Energy & Power Flows;2020;8;235;235;235;DK;NL;Monthly Value;Import;Harmonized;M;M
Physical Energy & Power Flows;2020;11;288;288;288;DK;SE;Monthly Value;Import;Harmonized;M;M
Physical Energy & Power Flows;2020;1;1;1;1;CZ;PL;Monthly Value;Export;Harmonized;M;M
Physical Energy & Power Flows;2020;7;10;10;10;BA;ME;Monthly Value;Import;Harmonized;M;M
Physical Energy & Power Flows;2020;11;27;27;27;NO;DK;Monthly Value;Import;Harmonized;M;M
Physical Energy & Power Flows;2020;1;1231;1231;1231;ES;FR;Monthly Value;Import;Harmonized;M;M
Physical Energy & Power Flows;2020;4;449;449;449;DE;NL;Monthly Value;Import;Harmonized;M;M
Physical Energy & Power Flows;2020;5;371;371;371;DE;DK;Monthly Value;Import;Harmonized;M;M
Physical Energy & Power Flows;2020;10;175;175;175;SI;HR;Monthly Value;Export;Harmonized;M;M
Physical Energy & Power Flows;2020;11;2;2;2;RO;HU;Monthly Value;Export;Harmonized;M;M
Physical Energy & Power Flows;2020;10;666;666;666;ES;FR;Monthly Value;Import;Harmonized;M;M
Physical Energy & Power Flows;2020;5;25;25;25;HU;UA;Monthly Value;Import;Harmonized;M;NaM
Physical Energy & Power Flows;2020;7;75;75;75;UA;HU;Monthly Value;Export;Harmonized;NaM;M
Physical Energy & Power Flows;2020;10;0;0;0;DK;NL;Monthly Value;Import;Harmonized;M;M
Physical Energy & Power Flows;2020;12;152;152;152;PL;LT;Monthly Value;Import;Harmonized;M;M
Physical Energy & Power Flows;2020;11;894;894;894;ES;FR;Monthly Value;Import;Harmonized;M;M
Physical Energy & Power Flows;2020;12;0;0;0;PL;SE;Monthly Value;Export;Harmonized;M;M
Physical Energy & Power Flows;2020;4;13;13;13;IT;MT;Monthly Value;Export;Harmonized;M;NaM
Physical Energy & Power Flows;2020;5;250;250;250;SK;UA;Monthly Value;Export;Harmonized;M;NaM
Physical Energy & Power Flows;2020;2;2;2;2;FI;RU;Monthly Value;Export;Harmonized;M;NaM
Physical Energy & Power Flows;2020;3;117;117;117;SI;HR;Monthly Value;Import;Harmonized;M;M
Physical Energy & Power Flows;2020;4;0;0;0;AT;IT;Monthly Value;Import;Harmonized;M;M
Physical Energy & Power Flows;2020;2;385;385;385;DK;SE;Monthly Value;Export;Harmonized;M;M
Physical Energy & Power Flows;2020;2;54;54;54;RS;HR;Monthly Value;Import;Harmonized;M;M
Physical Energy & Power Flows;2020;3;22;22;22;PL;CZ;Monthly Value;Import;Harmonized;M;M
Physical Energy & Power Flows;2020;6;89;89;89;ME;RS;Monthly Value;Export;Harmonized;M;M
Physical Energy & Power Flows;2020;10;1;1;1;CH;IT;Monthly Value;Import;Harmonized;M;M
Physical Energy & Power Flows;2020;7;144;144;144;BG;RO;Monthly Value;Import;Harmonized;M;M
Physical Energy & Power Flows;2020;4;8;8;8;AL;RS;Monthly Value;Import;Harmonized;M;M
Physical Energy & Power Flows;2020;2;0;0;0;IT;MT;Monthly Value;Import;Harmonized;M;NaM
Physical Energy & Power Flows;2020;12;959;959;959;NO;DK;Monthly Value;Export;Harmonized;M;M
Physical Energy & Power Flows;2020;12;146;146;146;SE;DK;Monthly Value;Import;Harmonized;M;M
Physical Energy & Power Flows;2020;9;0;0;0;SE;PL;Monthly Value;Import;Harmonized;M;M
Physical Energy & Power Flows;2020;4;212;212;212;SK;PL;Monthly Value;Import;Harmonized;M;M
Physical Energy & Power Flows;2020;3;2;2;2;PL;SK;Monthly Value;Import;Harmonized;M;M
Physical Energy & Power Flows;2020;6;56;56;56;CZ;PL;Monthly Value;Import;Harmonized;M;M
Physical Energy & Power Flows;2020;6;18;18;18;NO;SE;Monthly Value;Import;Harmonized;M;M
Physical Energy & Power Flows;2020;9;666;666;666;DK;SE;Monthly Value;Import;Harmonized;M;M
Physical Energy & Power Flows;2020;4;259;259;259;DE;LU;Monthly Value;Export;Harmonized;M;M
Physical Energy & Power Flows;2020;3;153;153;153;HR;BA;Monthly Value;Import;Harmonized;M;M
Physical Energy & Power Flows;2020;7;44;44;44;DK;SE;Monthly Value;Export;Harmonized;M;M
Physical Energy & Power Flows;2020;2;1;1;1;EE;FI;Monthly Value;Export;Harmonized;M;M
Physical Energy & Power Flows;2020;12;27;27;27;NO;DE;Monthly Value;Import;Harmonized;M;M
Physical Energy & Power Flows;2020;10;102;102;102;DK;DE;Monthly Value;Import;Harmonized;M;M
Physical Energy & Power Flows;2020;9;14;14;14;HU;AT;Monthly Value;Export;Harmonized;M;M
Physical Energy & Power Flows;2020;3;86;86;86;BG;RS;Monthly Value;Export;Harmonized;M;M
Physical Energy & Power Flows;2020;11;1578;1578;1578;FR;IT;Monthly Value;Export;Harmonized;M;M
Physical Energy & Power Flows;2020;2;18;18;18;CH;AT;Monthly Value;Export;Harmonized;M;M
Physical Energy & Power Flows;2020;4;30;30;30;RO;RS;Monthly Value;Import;Harmonized;M;M
Physical Energy & Power Flows;2020;8;94;94;94;TR;BG;Monthly Value;Import;Harmonized;M;M
Physical Energy & Power Flows;2020;9;94;94;94;ME;RS;Monthly Value;Import;Harmonized;M;M
Physical Energy & Power Flows;2020;9;307;307;307;DE;FR;Monthly Value;Import;Harmonized;M;M
Physical Energy & Power Flows;2020;9;22;22;22;MK;GR;Monthly Value;Import;Harmonized;M;M
Physical Energy & Power Flows;2020;6;0;0;0;BE;LU;Monthly Value;Import;Harmonized;M;M
Physical Energy & Power Flows;2020;12;14;14;14;NL;GB;Monthly Value;Import;Harmonized;M;M
Physical Energy & Power Flows;2020;7;68;68;68;DK;DE;Monthly Value;Import;Harmonized;M;M
Physical Energy & Power Flows;2020;5;134;134;134;HU;HR;Monthly Value;Export;Harmonized;M;M
Physical Energy & Power Flows;2020;2;846;846;846;DE;CZ;Monthly Value;Export;Harmonized;M;M
Physical Energy & Power Flows;2020;7;143;143;143;HU;RO;Monthly Value;Export;Harmonized;M;M
Physical Energy & Power Flows;2020;1;564;564;564;NL;DE;Monthly Value;Import;Harmonized;M;M
Physical Energy & Power Flows;2020;8;1;1;1;ME;AL;Monthly Value;Import;Harmonized;M;M
Physical Energy & Power Flows;2020;5;41;41;41;LV;LT;Monthly Value;Import;Harmonized;M;M
Physical Energy & Power Flows;2020;3;2;2;2;SK;CZ;Monthly Value;Export;Harmonized;M;M
Physical Energy & Power Flows;2020;2;111;111;111;BA;RS;Monthly Value;Export;Harmonized;M;M
Physical Energy & Power Flows;2020;9;19;19;19;RS;HR;Monthly Value;Import;Harmonized;M;M
Physical Energy & Power Flows;2020;4;227;227;227;RO;BG;Monthly Value;Export;Harmonized;M;M
Physical Energy & Power Flows;2020;2;34;34;34;GB;FR;Monthly Value;Export;Harmonized;M;M
Physical Energy & Power Flows;2020;4;149;149;149;BY;LT;Monthly Value;Export;Harmonized;NaM;M
Physical Energy & Power Flows;2020;10;20;20;20;AT;SI;Monthly Value;Import;Harmonized;M;M
Physical Energy & Power Flows;2020;9;95;95;95;RO;UA;Monthly Value;Import;Harmonized;M;NaM
Physical Energy & Power Flows;2020;3;101;101;101;EE;RU;Monthly Value;Export;Harmonized;M;NaM
Physical Energy & Power Flows;2020;3;6;6;6;BE;GB;Monthly Value;Import;Harmonized;M;M
Physical Energy & Power Flows;2020;8;346;346;346;CZ;DE;Monthly Value;Import;Harmonized;M;M
Physical Energy & Power Flows;2020;10;0;0;0;EE;FI;Monthly Value;Export;Harmonized;M;M
Physical Energy & Power Flows;2020;5;7;7;7;IT;MT;Monthly Value;Export;Harmonized;M;NaM
Physical Energy & Power Flows;2020;9;62;62;62;IT;AT;Monthly Value;Import;Harmonized;M;M
Physical Energy & Power Flows;2020;1;356;356;356;ME;AL;Monthly Value;Export;Harmonized;M;M
Physical Energy & Power Flows;2020;10;149;149;149;PL;UA;Monthly Value;Import;Harmonized;M;NaM
Physical Energy & Power Flows;2020;12;1574;1574;1574;CH;DE;Monthly Value;Import;Harmonized;M;M
Physical Energy & Power Flows;2020;2;314;314;314;ME;AL;Monthly Value;Export;Harmonized;M;M
Physical Energy & Power Flows;2020;7;713;713;713;DE;FR;Monthly Value;Import;Harmonized;M;M
Physical Energy & Power Flows;2020;4;115;115;115;IT;SI;Monthly Value;Import;Harmonized;M;M
Physical Energy & Power Flows;2020;6;69;69;69;HU;HR;Monthly Value;Import;Harmonized;M;M
Physical Energy & Power Flows;2020;1;526;526;526;UA;SK;Monthly Value;Import;Harmonized;NaM;M
Physical Energy & Power Flows;2020;10;349;349;349;MK;RS;Monthly Value;Import;Harmonized;M;M
Physical Energy & Power Flows;2020;1;880;880;880;FR;GB;Monthly Value;Export;Harmonized;M;M
Physical Energy & Power Flows;2020;3;7;7;7;FR;GB;Monthly Value;Import;Harmonized;M;M
Physical Energy & Power Flows;2020;7;1;1;1;SE;DE;Monthly Value;Import;Harmonized;M;M
Physical Energy & Power Flows;2020;11;40;40;40;HU;RS;Monthly Value;Export;Harmonized;M;M
Physical Energy & Power Flows;2020;10;84;84;84;IE;GB;Monthly Value;Import;Harmonized;M;M
Physical Energy & Power Flows;2020;8;387;387;387;FI;EE;Monthly Value;Export;Harmonized;M;M
Physical Energy & Power Flows;2020;3;2;2;2;CZ;SK;Monthly Value;Import;Harmonized;M;M
Physical Energy & Power Flows;2020;9;146;146;146;MK;BG;Monthly Value;Import;Harmonized;M;M
Physical Energy & Power Flows;2020;6;19;19;19;UA;SK;Monthly Value;Export;Harmonized;NaM;M
Physical Energy & Power Flows;2020;6;21;21;21;HU;UA;Monthly Value;Import;Harmonized;M;NaM
Physical Energy & Power Flows;2020;3;1691;1691;1691;FI;SE;Monthly Value;Import;Harmonized;M;M
Physical Energy & Power Flows;2020;9;156;156;156;IE;GB;Monthly Value;Export;Harmonized;M;M
Physical Energy & Power Flows;2020;12;0;0;0;MD;RO;Monthly Value;Import;Harmonized;NaM;M
Physical Energy & Power Flows;2020;1;1;1;1;AT;HU;Monthly Value;Import;Harmonized;M;M
Physical Energy & Power Flows;2020;12;103;103;103;PL;UA;Monthly Value;Import;Harmonized;M;NaM
Physical Energy & Power Flows;2020;10;549;549;549;CZ;AT;Monthly Value;Export;Harmonized;M;M
Physical Energy & Power Flows;2020;7;868;868;868;DK;DE;Monthly Value;Export;Harmonized;M;M
Physical Energy & Power Flows;2020;12;2;2;2;PL;SK;Monthly Value;Import;Harmonized;M;M
Physical Energy & Power Flows;2020;7;9;9;9;BG;RS;Monthly Value;Import;Harmonized;M;M
Physical Energy & Power Flows;2020;5;50;50;50;PL;LT;Monthly Value;Export;Harmonized;M;M
Physical Energy & Power Flows;2020;3;329;329;329;GR;IT;Monthly Value;Import;Harmonized;M;M
Physical Energy & Power Flows;2020;3;160;160;160;LT;BY;Monthly Value;Import;Harmonized;M;NaM
Physical Energy & Power Flows;2020;3;1;1;1;CZ;AT;Monthly Value;Import;Harmonized;M;M
Physical Energy & Power Flows;2020;7;244;244;244;CH;AT;Monthly Value;Import;Harmonized;M;M
Physical Energy & Power Flows;2020;8;57;57;57;CH;IT;Monthly Value;Import;Harmonized;M;M
Physical Energy & Power Flows;2020;4;97;97;97;GR;BG;Monthly Value;Import;Harmonized;M;M
Physical Energy & Power Flows;2020;6;236;236;236;DE;CZ;Monthly Value;Import;Harmonized;M;M
Physical Energy & Power Flows;2020;7;152;152;152;NL;DK;Monthly Value;Export;Harmonized;M;M
Physical Energy & Power Flows;2020;6;53;53;53;RO;RS;Monthly Value;Export;Harmonized;M;M
Physical Energy & Power Flows;2020;6;172;172;172;EE;LV;Monthly Value;Export;Harmonized;M;M
Physical Energy & Power Flows;2020;8;530;530;530;HU;AT;Monthly Value;Import;Harmonized;M;M
Physical Energy & Power Flows;2020;6;165;165;165;IT;ME;Monthly Value;Export;Harmonized;M;M
Physical Energy & Power Flows;2020;2;1;1;1;BG;RO;Monthly Value;Export;Harmonized;M;M
Physical Energy & Power Flows;2020;9;58;58;58;IT;MT;Monthly Value;Export;Harmonized;M;NaM
Physical Energy & Power Flows;2020;12;8;8;8;CZ;PL;Monthly Value;Export;Harmonized;M;M
Physical Energy & Power Flows;2020;11;647;647;647;BE;NL;Monthly Value;Import;Harmonized;M;M
Physical Energy & Power Flows;2020;5;662;662;662;CZ;DE;Monthly Value;Import;Harmonized;M;M
Physical Energy & Power Flows;2020;6;102;102;102;RU;EE;Monthly Value;Import;Harmonized;NaM;M
Physical Energy & Power Flows;2020;10;212;212;212;BG;RO;Monthly Value;Import;Harmonized;M;M
Physical Energy & Power Flows;2020;10;212;212;212;TR;GR;Monthly Value;Export;Harmonized;M;M
Physical Energy & Power Flows;2020;2;384;384;384;HU;HR;Monthly Value;Export;Harmonized;M;M
Physical Energy & Power Flows;2020;7;19;19;19;RS;AL;Monthly Value;Export;Harmonized;M;M
Physical Energy & Power Flows;2020;8;25;25;25;SI;IT;Monthly Value;Import;Harmonized;M;M
Physical Energy & Power Flows;2020;10;125;125;125;RS;ME;Monthly Value;Import;Harmonized;M;M
Physical Energy & Power Flows;2020;3;2;2;2;MD;UA;Monthly Value;Export;Harmonized;NaM;NaM
Physical Energy & Power Flows;2020;9;55;55;55;CZ;PL;Monthly Value;Export;Harmonized;M;M
Physical Energy & Power Flows;2020;2;264;264;264;SI;IT;Monthly Value;Export;Harmonized;M;M
Physical Energy & Power Flows;2020;8;157;157;157;ME;AL;Monthly Value;Export;Harmonized;M;M
Physical Energy & Power Flows;2020;9;310;310;310;AT;HU;Monthly Value;Export;Harmonized;M;M
Physical Energy & Power Flows;2020;1;1217;1217;1217;SE;FI;Monthly Value;Export;Harmonized;M;M
Physical Energy & Power Flows;2020;10;4;4;4;GR;AL;Monthly Value;Export;Harmonized;M;M
Physical Energy & Power Flows;2020;7;19;19;19;AL;RS;Monthly Value;Import;Harmonized;M;M
Physical Energy & Power Flows;2020;10;3;3;3;ME;AL;Monthly Value;Import;Harmonized;M;M
Physical Energy & Power Flows;2020;11;1;1;1;HU;UA;Monthly Value;Export;Harmonized;M;NaM
Physical Energy & Power Flows;2020;3;265;265;265;BE;FR;Monthly Value;Export;Harmonized;M;M
Physical Energy & Power Flows;2020;3;186;186;186;UA;HU;Monthly Value;Export;Harmonized;NaM;M
Physical Energy & Power Flows;2020;4;140;140;140;IT;ME;Monthly Value;Export;Harmonized;M;M
Physical Energy & Power Flows;2020;6;222;222;222;SE;DK;Monthly Value;Export;Harmonized;M;M
Physical Energy & Power Flows;2020;5;1248;1248;1248;CH;DE;Monthly Value;Export;Harmonized;M;M
Physical Energy & Power Flows;2020;9;51;51;51;GB;IE;Monthly Value;Export;Harmonized;M;M
Physical Energy & Power Flows;2020;5;3;3;3;FI;NO;Monthly Value;Export;Harmonized;M;M
Physical Energy & Power Flows;2020;8;1;1;1;NO;NL;Monthly Value;Import;Harmonized;M;M
Physical Energy & Power Flows;2020;3;790;790;790;HU;SK;Monthly Value;Import;Harmonized;M;M
Physical Energy & Power Flows;2020;3;6;6;6;LT;BY;Monthly Value;Export;Harmonized;M;NaM
Physical Energy & Power Flows;2020;8;225;225;225;FR;DE;Monthly Value;Import;Harmonized;M;M
Physical Energy & Power Flows;2020;4;2;2;2;RU;LV;Monthly Value;Import;Harmonized;NaM;M
Physical Energy & Power Flows;2020;3;528;528;528;SE;DK;Monthly Value;Export;Harmonized;M;M
Physical Energy & Power Flows;2020;10;0;0;0;SE;FI;Monthly Value;Import;Harmonized;M;M
Physical Energy & Power Flows;2020;6;1339;1339;1339;FI;SE;Monthly Value;Import;Harmonized;M;M
Physical Energy & Power Flows;2020;10;110;110;110;BG;MK;Monthly Value;Export;Harmonized;M;M
Physical Energy & Power Flows;2020;4;272;272;272;AT;CH;Monthly Value;Import;Harmonized;M;M
Physical Energy & Power Flows;2020;12;918;918;918;HU;SK;Monthly Value;Import;Harmonized;M;M
Physical Energy & Power Flows;2020;11;102;102;102;IT;AT;Monthly Value;Import;Harmonized;M;M
Physical Energy & Power Flows;2020;9;38;38;38;AT;CH;Monthly Value;Import;Harmonized;M;M
Physical Energy & Power Flows;2020;5;3;3;3;CZ;AT;Monthly Value;Import;Harmonized;M;M
Physical Energy & Power Flows;2020;1;6;6;6;NO;NL;Monthly Value;Import;Harmonized;M;M
Physical Energy & Power Flows;2020;8;236;236;236;ME;IT;Monthly Value;Export;Harmonized;M;M
Physical Energy & Power Flows;2020;4;0;0;0;LT;SE;Monthly Value;Export;Harmonized;M;M
Physical Energy & Power Flows;2020;1;259;259;259;SE;PL;Monthly Value;Export;Harmonized;M;M
Physical Energy & Power Flows;2020;6;12;12;12;HU;RO;Monthly Value;Import;Harmonized;M;M
Physical Energy & Power Flows;2020;5;0;0;0;IT;AT;Monthly Value;Export;Harmonized;M;M
Physical Energy & Power Flows;2020;2;466;466;466;LT;SE;Monthly Value;Import;Harmonized;M;M
Physical Energy & Power Flows;2020;7;20;20;20;SI;IT;Monthly Value;Import;Harmonized;M;M
Physical Energy & Power Flows;2020;11;99;99;99;BG;RO;Monthly Value;Import;Harmonized;M;M
Physical Energy & Power Flows;2020;8;15;15;15;PL;LT;Monthly Value;Export;Harmonized;M;M
Physical Energy & Power Flows;2020;12;116;116;116;SI;HR;Monthly Value;Export;Harmonized;M;M
Physical Energy & Power Flows;2020;8;180;180;180;RS;MK;Monthly Value;Export;Harmonized;M;M
Physical Energy & Power Flows;2020;9;555;555;555;DK;DE;Monthly Value;Export;Harmonized;M;M
Physical Energy & Power Flows;2020;4;75;75;75;PL;LT;Monthly Value;Export;Harmonized;M;M
Physical Energy & Power Flows;2020;12;2;2;2;FI;NO;Monthly Value;Export;Harmonized;M;M
Physical Energy & Power Flows;2020;3;17;17;17;CH;FR;Monthly Value;Export;Harmonized;M;M
Physical Energy & Power Flows;2020;12;7;7;7;SK;UA;Monthly Value;Import;Harmonized;M;NaM
Physical Energy & Power Flows;2020;1;2;2;2;PL;SE;Monthly Value;Export;Harmonized;M;M
Physical Energy & Power Flows;2020;5;0;0;0;MT;IT;Monthly Value;Export;Harmonized;NaM;M
Physical Energy & Power Flows;2020;6;434;434;434;NO;DK;Monthly Value;Export;Harmonized;M;M
Physical Energy & Power Flows;2020;6;576;576;576;SK;CZ;Monthly Value;Import;Harmonized;M;M
Physical Energy & Power Flows;2020;5;3;3;3;NO;FI;Monthly Value;Import;Harmonized;M;M
Physical Energy & Power Flows;2020;10;17;17;17;MD;UA;Monthly Value;Import;Harmonized;NaM;NaM
Physical Energy & Power Flows;2020;10;0;0;0;AT;IT;Monthly Value;Import;Harmonized;M;M
Physical Energy & Power Flows;2020;1;69;69;69;EE;RU;Monthly Value;Export;Harmonized;M;NaM
Physical Energy & Power Flows;2020;10;4;4;4;ME;RS;Monthly Value;Import;Harmonized;M;M
Physical Energy & Power Flows;2020;9;14;14;14;ME;BA;Monthly Value;Export;Harmonized;M;M
Physical Energy & Power Flows;2020;12;2;2;2;SK;PL;Monthly Value;Export;Harmonized;M;M
Physical Energy & Power Flows;2020;7;81;81;81;BA;HR;Monthly Value;Export;Harmonized;M;M
Physical Energy & Power Flows;2020;11;349;349;349;SI;IT;Monthly Value;Export;Harmonized;M;M
Physical Energy & Power Flows;2020;4;63;63;63;FR;DE;Monthly Value;Import;Harmonized;M;M
Physical Energy & Power Flows;2020;7;199;199;199;NL;BE;Monthly Value;Import;Harmonized;M;M
Physical Energy & Power Flows;2020;12;228;228;228;RU;LT;Monthly Value;Export;Harmonized;NaM;M
Physical Energy & Power Flows;2020;9;9;9;9;BA;RS;Monthly Value;Export;Harmonized;M;M
Physical Energy & Power Flows;2020;7;14;14;14;PL;SK;Monthly Value;Import;Harmonized;M;M
Physical Energy & Power Flows;2020;3;28;28;28;LT;LV;Monthly Value;Export;Harmonized;M;M
Physical Energy & Power Flows;2020;11;123;123;123;IT;GR;Monthly Value;Export;Harmonized;M;M
Physical Energy & Power Flows;2020;11;351;351;351;NL;NO;Monthly Value;Import;Harmonized;M;M
Physical Energy & Power Flows;2020;12;197;197;197;GR;TR;Monthly Value;Import;Harmonized;M;M
Physical Energy & Power Flows;2020;1;7;7;7;LT;LV;Monthly Value;Export;Harmonized;M;M
Physical Energy & Power Flows;2020;3;945;945;945;DE;PL;Monthly Value;Export;Harmonized;M;M
Physical Energy & Power Flows;2020;3;23;23;23;AL;RS;Monthly Value;Export;Harmonized;M;M
Physical Energy & Power Flows;2020;9;94;94;94;RS;ME;Monthly Value;Export;Harmonized;M;M
Physical Energy & Power Flows;2020;1;113;113;113;GB;IE;Monthly Value;Import;Harmonized;M;M
Physical Energy & Power Flows;2020;12;500;500;500;FI;RU;Monthly Value;Import;Harmonized;M;NaM
Physical Energy & Power Flows;2020;7;451;451;451;SI;AT;Monthly Value;Import;Harmonized;M;M
Physical Energy & Power Flows;2020;3;178;178;178;IT;ME;Monthly Value;Import;Harmonized;M;M
Physical Energy & Power Flows;2020;12;100;100;100;DE;DK;Monthly Value;Export;Harmonized;M;M
Physical Energy & Power Flows;2020;11;2;2;2;RU;LV;Monthly Value;Import;Harmonized;NaM;M
Physical Energy & Power Flows;2020;12;4;4;4;GR;BG;Monthly Value;Export;Harmonized;M;M
Physical Energy & Power Flows;2020;4;108;108;108;DE;AT;Monthly Value;Import;Harmonized;M;M
Physical Energy & Power Flows;2020;5;0;0;0;BY;UA;Monthly Value;Export;Harmonized;NaM;NaM
Physical Energy & Power Flows;2020;1;2218;2218;2218;CH;IT;Monthly Value;Export;Harmonized;M;M
Physical Energy & Power Flows;2020;11;102;102;102;AT;IT;Monthly Value;Export;Harmonized;M;M
Physical Energy & Power Flows;2020;7;1234;1234;1234;NO;SE;Monthly Value;Export;Harmonized;M;M
Physical Energy & Power Flows;2020;1;83;83;83;RU;LV;Monthly Value;Export;Harmonized;NaM;M
Physical Energy & Power Flows;2020;5;157;157;157;DK;NL;Monthly Value;Import;Harmonized;M;M
Physical Energy & Power Flows;2020;4;172;172;172;HU;RS;Monthly Value;Export;Harmonized;M;M
Physical Energy & Power Flows;2020;1;1;1;1;FI;SE;Monthly Value;Export;Harmonized;M;M
Physical Energy & Power Flows;2020;6;252;252;252;ES;FR;Monthly Value;Export;Harmonized;M;M
Physical Energy & Power Flows;2020;3;69;69;69;AT;CH;Monthly Value;Import;Harmonized;M;M
Physical Energy & Power Flows;2020;1;4;4;4;HR;RS;Monthly Value;Import;Harmonized;M;M
Physical Energy & Power Flows;2020;5;118;118;118;MK;BG;Monthly Value;Import;Harmonized;M;M
Physical Energy & Power Flows;2020;10;80;80;80;HU;RS;Monthly Value;Import;Harmonized;M;M
Physical Energy & Power Flows;2020;1;670;670;670;ME;BA;Monthly Value;Import;Harmonized;M;M
Physical Energy & Power Flows;2020;2;966;966;966;PL;DE;Monthly Value;Import;Harmonized;M;M
Physical Energy & Power Flows;2020;2;204;204;204;GB;IE;Monthly Value;Import;Harmonized;M;M
Physical Energy & Power Flows;2020;3;0;0;0;MD;RO;Monthly Value;Import;Harmonized;NaM;M
Physical Energy & Power Flows;2020;4;5;5;5;HR;SI;Monthly Value;Export;Harmonized;M;M
Physical Energy & Power Flows;2020;5;142;142;142;BY;LT;Monthly Value;Export;Harmonized;NaM;M
Physical Energy & Power Flows;2020;11;1;1;1;EE;RU;Monthly Value;Import;Harmonized;M;NaM
Physical Energy & Power Flows;2020;2;1269;1269;1269;DE;FR;Monthly Value;Import;Harmonized;M;M
Physical Energy & Power Flows;2020;1;880;880;880;GB;FR;Monthly Value;Import;Harmonized;M;M
Physical Energy & Power Flows;2020;2;585;585;585;SE;NO;Monthly Value;Export;Harmonized;M;M
Physical Energy & Power Flows;2020;12;207;207;207;DE;CZ;Monthly Value;Import;Harmonized;M;M
Physical Energy & Power Flows;2020;1;61;61;61;RS;RO;Monthly Value;Export;Harmonized;M;M
Physical Energy & Power Flows;2020;7;0;0;0;UA;BY;Monthly Value;Import;Harmonized;NaM;NaM
Physical Energy & Power Flows;2020;7;9;9;9;RO;HU;Monthly Value;Export;Harmonized;M;M
Physical Energy & Power Flows;2020;4;63;63;63;DE;FR;Monthly Value;Export;Harmonized;M;M
Physical Energy & Power Flows;2020;7;61;61;61;DE;CZ;Monthly Value;Import;Harmonized;M;M
Physical Energy & Power Flows;2020;1;107;107;107;BA;HR;Monthly Value;Import;Harmonized;M;M
Physical Energy & Power Flows;2020;2;183;183;183;GR;TR;Monthly Value;Import;Harmonized;M;M
Physical Energy & Power Flows;2020;10;818;818;818;DK;NO;Monthly Value;Import;Harmonized;M;M
Physical Energy & Power Flows;2020;8;0;0;0;DE;PL;Monthly Value;Import;Harmonized;M;M
Physical Energy & Power Flows;2020;7;302;302;302;BE;GB;Monthly Value;Export;Harmonized;M;M
Physical Energy & Power Flows;2020;9;62;62;62;AT;IT;Monthly Value;Export;Harmonized;M;M
Physical Energy & Power Flows;2020;6;73;73;73;GB;BE;Monthly Value;Export;Harmonized;M;M
Physical Energy & Power Flows;2020;9;176;176;176;CZ;PL;Monthly Value;Import;Harmonized;M;M
Physical Energy & Power Flows;2020;2;1144;1144;1144;FR;GB;Monthly Value;Export;Harmonized;M;M
Physical Energy & Power Flows;2020;6;1;1;1;PL;SE;Monthly Value;Export;Harmonized;M;M
Physical Energy & Power Flows;2020;8;40;40;40;IT;ME;Monthly Value;Export;Harmonized;M;M
Physical Energy & Power Flows;2020;11;74;74;74;RU;UA;Monthly Value;Import;Harmonized;NaM;NaM
Physical Energy & Power Flows;2020;6;298;298;298;BE;NL;Monthly Value;Import;Harmonized;M;M
Physical Energy & Power Flows;2020;11;7;7;7;UA;MD;Monthly Value;Import;Harmonized;NaM;NaM
Physical Energy & Power Flows;2020;10;34;34;34;DK;NO;Monthly Value;Export;Harmonized;M;M
Physical Energy & Power Flows;2020;1;537;537;537;PL;CZ;Monthly Value;Export;Harmonized;M;M
Physical Energy & Power Flows;2020;9;3;3;3;EE;LV;Monthly Value;Import;Harmonized;M;M
Physical Energy & Power Flows;2020;11;503;503;503;HU;AT;Monthly Value;Import;Harmonized;M;M
Physical Energy & Power Flows;2020;10;0;0;0;NL;DK;Monthly Value;Export;Harmonized;M;M
Physical Energy & Power Flows;2020;1;254;254;254;CH;AT;Monthly Value;Import;Harmonized;M;M
Physical Energy & Power Flows;2020;11;0;0;0;LT;BY;Monthly Value;Export;Harmonized;M;NaM
Physical Energy & Power Flows;2020;5;482;482;482;AT;DE;Monthly Value;Import;Harmonized;M;M
Physical Energy & Power Flows;2020;4;32;32;32;PL;CZ;Monthly Value;Import;Harmonized;M;M
Physical Energy & Power Flows;2020;1;269;269;269;HR;SI;Monthly Value;Import;Harmonized;M;M
Physical Energy & Power Flows;2020;2;0;0;0;GR;TR;Monthly Value;Export;Harmonized;M;M
Physical Energy & Power Flows;2020;9;29;29;29;HR;HU;Monthly Value;Export;Harmonized;M;M
Physical Energy & Power Flows;2020;6;119;119;119;GB;NL;Monthly Value;Export;Harmonized;M;M
Physical Energy & Power Flows;2020;1;395;395;395;RO;UA;Monthly Value;Import;Harmonized;M;NaM
Physical Energy & Power Flows;2020;12;3;3;3;ME;BA;Monthly Value;Export;Harmonized;M;M
Physical Energy & Power Flows;2020;11;322;322;322;PL;CZ;Monthly Value;Export;Harmonized;M;M
Physical Energy & Power Flows;2020;12;166;166;166;NL;BE;Monthly Value;Import;Harmonized;M;M
Physical Energy & Power Flows;2020;4;444;444;444;HR;SI;Monthly Value;Import;Harmonized;M;M
Physical Energy & Power Flows;2020;1;189;189;189;GR;TR;Monthly Value;Import;Harmonized;M;M
Physical Energy & Power Flows;2020;12;273;273;273;FR;DE;Monthly Value;Import;Harmonized;M;M
Physical Energy & Power Flows;2020;6;0;0;0;NO;FI;Monthly Value;Import;Harmonized;M;M
Physical Energy & Power Flows;2020;2;5;5;5;RS;AL;Monthly Value;Export;Harmonized;M;M
Physical Energy & Power Flows;2020;4;519;519;519;AT;CZ;Monthly Value;Import;Harmonized;M;M
Physical Energy & Power Flows;2020;8;889;889;889;CH;IT;Monthly Value;Export;Harmonized;M;M
Physical Energy & Power Flows;2020;4;30;30;30;RS;RO;Monthly Value;Export;Harmonized;M;M
Physical Energy & Power Flows;2020;6;581;581;581;HU;AT;Monthly Value;Import;Harmonized;M;M
Physical Energy & Power Flows;2020;7;36;36;36;SE;NO;Monthly Value;Export;Harmonized;M;M
Physical Energy & Power Flows;2020;10;74;74;74;LV;RU;Monthly Value;Import;Harmonized;M;NaM
Physical Energy & Power Flows;2020;8;97;97;97;LV;LT;Monthly Value;Export;Harmonized;M;M
Physical Energy & Power Flows;2020;12;1;1;1;LV;RU;Monthly Value;Export;Harmonized;M;NaM
Physical Energy & Power Flows;2020;2;1376;1376;1376;AT;DE;Monthly Value;Import;Harmonized;M;M
Physical Energy & Power Flows;2020;4;188;188;188;CH;DE;Monthly Value;Import;Harmonized;M;M
Physical Energy & Power Flows;2020;2;73;73;73;RU;UA;Monthly Value;Export;Harmonized;NaM;NaM
Physical Energy & Power Flows;2020;11;429;429;429;BA;ME;Monthly Value;Export;Harmonized;M;M
Physical Energy & Power Flows;2020;4;131;131;131;MK;BG;Monthly Value;Import;Harmonized;M;M
Physical Energy & Power Flows;2020;10;0;0;0;IT;GR;Monthly Value;Import;Harmonized;M;M
Physical Energy & Power Flows;2020;5;640;640;640;CZ;AT;Monthly Value;Export;Harmonized;M;M
Physical Energy & Power Flows;2020;8;185;185;185;HU;HR;Monthly Value;Export;Harmonized;M;M
Physical Energy & Power Flows;2020;11;0;0;0;NL;DK;Monthly Value;Import;Harmonized;M;M
Physical Energy & Power Flows;2020;5;130;130;130;ES;FR;Monthly Value;Export;Harmonized;M;M
Physical Energy & Power Flows;2020;12;377;377;377;SK;PL;Monthly Value;Import;Harmonized;M;M
Physical Energy & Power Flows;2020;2;476;476;476;NL;GB;Monthly Value;Export;Harmonized;M;M
Physical Energy & Power Flows;2020;9;310;310;310;HU;AT;Monthly Value;Import;Harmonized;M;M
Physical Energy & Power Flows;2020;1;605;605;605;DK;SE;Monthly Value;Import;Harmonized;M;M
Physical Energy & Power Flows;2020;4;63;63;63;GB;IE;Monthly Value;Import;Harmonized;M;M
Physical Energy & Power Flows;2020;12;83;83;83;BE;DE;Monthly Value;Export;Harmonized;M;M
Physical Energy & Power Flows;2020;3;120;120;120;SI;HR;Monthly Value;Export;Harmonized;M;M
Physical Energy & Power Flows;2020;7;863;863;863;PT;ES;Monthly Value;Import;Harmonized;M;M
Physical Energy & Power Flows;2020;9;21;21;21;FI;NO;Monthly Value;Import;Harmonized;M;M
Physical Energy & Power Flows;2020;10;1;1;1;RO;UA;Monthly Value;Export;Harmonized;M;NaM
Physical Energy & Power Flows;2020;11;2;2;2;LV;RU;Monthly Value;Export;Harmonized;M;NaM
Physical Energy & Power Flows;2020;8;0;0;0;MK;GR;Monthly Value;Import;Harmonized;M;M
Physical Energy & Power Flows;2020;9;126;126;126;LV;LT;Monthly Value;Export;Harmonized;M;M
Physical Energy & Power Flows;2020;8;244;244;244;CZ;DE;Monthly Value;Export;Harmonized;M;M
Physical Energy & Power Flows;2020;3;289;289;289;SE;DE;Monthly Value;Export;Harmonized;M;M
Physical Energy & Power Flows;2020;8;51;51;51;RS;HR;Monthly Value;Export;Harmonized;M;M
Physical Energy & Power Flows;2020;1;0;0;0;HU;UA;Monthly Value;Export;Harmonized;M;NaM
Physical Energy & Power Flows;2020;1;269;269;269;SI;HR;Monthly Value;Export;Harmonized;M;M
Physical Energy & Power Flows;2020;8;136;136;136;HR;BA;Monthly Value;Import;Harmonized;M;M
Physical Energy & Power Flows;2020;3;124;124;124;HU;RO;Monthly Value;Export;Harmonized;M;M
Physical Energy & Power Flows;2020;11;8;8;8;HR;HU;Monthly Value;Export;Harmonized;M;M
Physical Energy & Power Flows;2020;7;13;13;13;NO;DK;Monthly Value;Import;Harmonized;M;M
Physical Energy & Power Flows;2020;9;19;19;19;HR;RS;Monthly Value;Export;Harmonized;M;M
Physical Energy & Power Flows;2020;10;346;346;346;BE;FR;Monthly Value;Export;Harmonized;M;M
Physical Energy & Power Flows;2020;10;1;1;1;HU;UA;Monthly Value;Export;Harmonized;M;NaM
Physical Energy & Power Flows;2020;6;54;54;54;TR;GR;Monthly Value;Export;Harmonized;M;M
Physical Energy & Power Flows;2020;5;662;662;662;DE;CZ;Monthly Value;Export;Harmonized;M;M
Physical Energy & Power Flows;2020;10;52;52;52;LT;LV;Monthly Value;Import;Harmonized;M;M
Physical Energy & Power Flows;2020;4;97;97;97;BG;GR;Monthly Value;Export;Harmonized;M;M
Physical Energy & Power Flows;2020;8;94;94;94;BG;TR;Monthly Value;Export;Harmonized;M;M
Physical Energy & Power Flows;2020;4;80;80;80;LT;RU;Monthly Value;Import;Harmonized;M;NaM
Physical Energy & Power Flows;2020;4;1;1;1;RO;UA;Monthly Value;Export;Harmonized;M;NaM
Physical Energy & Power Flows;2020;6;37;37;37;LT;PL;Monthly Value;Import;Harmonized;M;M
Physical Energy & Power Flows;2020;9;88;88;88;IT;GR;Monthly Value;Import;Harmonized;M;M
Physical Energy & Power Flows;2020;2;1475;1475;1475;FI;SE;Monthly Value;Import;Harmonized;M;M
Physical Energy & Power Flows;2020;4;96;96;96;FI;RU;Monthly Value;Import;Harmonized;M;NaM
Physical Energy & Power Flows;2020;11;11;11;11;LT;SE;Monthly Value;Export;Harmonized;M;M
Physical Energy & Power Flows;2020;7;223;223;223;SE;DE;Monthly Value;Export;Harmonized;M;M
Physical Energy & Power Flows;2020;12;110;110;110;BG;RS;Monthly Value;Export;Harmonized;M;M
Physical Energy & Power Flows;2020;5;761;761;761;SE;NO;Monthly Value;Import;Harmonized;M;M
Physical Energy & Power Flows;2020;1;460;460;460;DK;NL;Monthly Value;Export;Harmonized;M;M
Physical Energy & Power Flows;2020;5;0;0;0;AL;ME;Monthly Value;Export;Harmonized;M;M
Physical Energy & Power Flows;2020;8;9;9;9;MD;UA;Monthly Value;Import;Harmonized;NaM;NaM
Physical Energy & Power Flows;2020;12;0;0;0;SE;PL;Monthly Value;Import;Harmonized;M;M
Physical Energy & Power Flows;2020;4;56;56;56;BG;RS;Monthly Value;Export;Harmonized;M;M
Physical Energy & Power Flows;2020;5;0;0;0;MD;RO;Monthly Value;Import;Harmonized;NaM;M
Physical Energy & Power Flows;2020;8;60;60;60;LV;RU;Monthly Value;Import;Harmonized;M;NaM
Physical Energy & Power Flows;2020;11;1;1;1;FI;RU;Monthly Value;Export;Harmonized;M;NaM
Physical Energy & Power Flows;2020;12;175;175;175;HU;RO;Monthly Value;Export;Harmonized;M;M
Physical Energy & Power Flows;2020;5;903;903;903;DE;PL;Monthly Value;Export;Harmonized;M;M
Physical Energy & Power Flows;2020;1;301;301;301;PT;ES;Monthly Value;Import;Harmonized;M;M
Physical Energy & Power Flows;2020;7;27;27;27;RS;HU;Monthly Value;Export;Harmonized;M;M
Physical Energy & Power Flows;2020;10;4;4;4;RS;BA;Monthly Value;Export;Harmonized;M;M
Physical Energy & Power Flows;2020;8;102;102;102;DE;SE;Monthly Value;Export;Harmonized;M;M
Physical Energy & Power Flows;2020;11;3;3;3;PL;SE;Monthly Value;Export;Harmonized;M;M
Physical Energy & Power Flows;2020;2;484;484;484;UA;SK;Monthly Value;Import;Harmonized;NaM;M
Physical Energy & Power Flows;2020;5;50;50;50;LT;PL;Monthly Value;Import;Harmonized;M;M
Physical Energy & Power Flows;2020;10;4;4;4;BA;RS;Monthly Value;Import;Harmonized;M;M
Physical Energy & Power Flows;2020;11;343;343;343;NO;SE;Monthly Value;Import;Harmonized;M;M
Physical Energy & Power Flows;2020;7;280;280;280;EE;LV;Monthly Value;Export;Harmonized;M;M
Physical Energy & Power Flows;2020;12;100;100;100;RS;MK;Monthly Value;Export;Harmonized;M;M
Physical Energy & Power Flows;2020;8;0;0;0;UA;PL;Monthly Value;Import;Harmonized;NaM;M
Physical Energy & Power Flows;2020;12;92;92;92;IT;ME;Monthly Value;Import;Harmonized;M;M
Physical Energy & Power Flows;2020;6;0;0;0;MT;IT;Monthly Value;Export;Harmonized;NaM;M
Physical Energy & Power Flows;2020;1;356;356;356;DE;LU;Monthly Value;Export;Harmonized;M;M
Physical Energy & Power Flows;2020;6;109;109;109;RO;BG;Monthly Value;Export;Harmonized;M;M
Physical Energy & Power Flows;2020;12;435;435;435;ME;BA;Monthly Value;Import;Harmonized;M;M
Physical Energy & Power Flows;2020;11;49;49;49;LT;LV;Monthly Value;Export;Harmonized;M;M
Physical Energy & Power Flows;2020;9;29;29;29;HU;HR;Monthly Value;Import;Harmonized;M;M
Physical Energy & Power Flows;2020;2;1;1;1;PL;SE;Monthly Value;Export;Harmonized;M;M
Physical Energy & Power Flows;2020;11;41;41;41;HR;BA;Monthly Value;Import;Harmonized;M;M
Physical Energy & Power Flows;2020;12;33;33;33;AT;HU;Monthly Value;Import;Harmonized;M;M
Physical Energy & Power Flows;2020;9;0;0;0;TR;GR;Monthly Value;Import;Harmonized;M;M
Physical Energy & Power Flows;2020;12;106;106;106;GR;BG;Monthly Value;Import;Harmonized;M;M
Physical Energy & Power Flows;2020;4;18;18;18;RU;UA;Monthly Value;Import;Harmonized;NaM;NaM
Physical Energy & Power Flows;2020;8;162;162;162;BG;RO;Monthly Value;Import;Harmonized;M;M
Physical Energy & Power Flows;2020;9;419;419;419;NL;DE;Monthly Value;Export;Harmonized;M;M
Physical Energy & Power Flows;2020;8;14;14;14;IT;GR;Monthly Value;Import;Harmonized;M;M
Physical Energy & Power Flows;2020;7;306;306;306;GB;FR;Monthly Value;Import;Harmonized;M;M
Physical Energy & Power Flows;2020;4;241;241;241;BA;ME;Monthly Value;Export;Harmonized;M;M
Physical Energy & Power Flows;2020;6;133;133;133;RO;UA;Monthly Value;Import;Harmonized;M;NaM
Physical Energy & Power Flows;2020;7;1;1;1;MK;GR;Monthly Value;Import;Harmonized;M;M
Physical Energy & Power Flows;2020;11;47;47;47;RU;LV;Monthly Value;Export;Harmonized;NaM;M
Physical Energy & Power Flows;2020;3;33;33;33;LV;RU;Monthly Value;Import;Harmonized;M;NaM
Physical Energy & Power Flows;2020;5;9;9;9;TR;BG;Monthly Value;Export;Harmonized;M;M
Physical Energy & Power Flows;2020;1;316;316;316;MK;RS;Monthly Value;Import;Harmonized;M;M
Physical Energy & Power Flows;2020;2;330;330;330;NO;SE;Monthly Value;Export;Harmonized;M;M
Physical Energy & Power Flows;2020;7;147;147;147;BA;HR;Monthly Value;Import;Harmonized;M;M
Physical Energy & Power Flows;2020;8;0;0;0;GR;MK;Monthly Value;Export;Harmonized;M;M
Physical Energy & Power Flows;2020;9;9;9;9;MD;UA;Monthly Value;Import;Harmonized;NaM;NaM
Physical Energy & Power Flows;2020;3;0;0;0;IT;MT;Monthly Value;Import;Harmonized;M;NaM
Physical Energy & Power Flows;2020;3;9;9;9;UA;RU;Monthly Value;Export;Harmonized;NaM;NaM
Physical Energy & Power Flows;2020;5;2;2;2;FI;RU;Monthly Value;Export;Harmonized;M;NaM
Physical Energy & Power Flows;2020;1;0;0;0;HU;RO;Monthly Value;Import;Harmonized;M;M
Physical Energy & Power Flows;2020;9;291;291;291;GB;FR;Monthly Value;Export;Harmonized;M;M
Physical Energy & Power Flows;2020;6;1;1;1;TR;BG;Monthly Value;Export;Harmonized;M;M
Physical Energy & Power Flows;2020;7;793;793;793;DK;SE;Monthly Value;Import;Harmonized;M;M
Physical Energy & Power Flows;2020;8;630;630;630;ES;FR;Monthly Value;Export;Harmonized;M;M
Physical Energy & Power Flows;2020;9;118;118;118;BG;RS;Monthly Value;Export;Harmonized;M;M
Physical Energy & Power Flows;2020;5;62;62;62;RO;RS;Monthly Value;Import;Harmonized;M;M
Physical Energy & Power Flows;2020;2;2436;2436;2436;CH;IT;Monthly Value;Export;Harmonized;M;M
Physical Energy & Power Flows;2020;5;158;158;158;ES;PT;Monthly Value;Import;Harmonized;M;M
Physical Energy & Power Flows;2020;4;489;489;489;SE;LT;Monthly Value;Export;Harmonized;M;M
Physical Energy & Power Flows;2020;3;1048;1048;1048;AT;DE;Monthly Value;Import;Harmonized;M;M
Physical Energy & Power Flows;2020;2;111;111;111;IT;AT;Monthly Value;Import;Harmonized;M;M
Physical Energy & Power Flows;2020;11;0;0;0;EE;FI;Monthly Value;Export;Harmonized;M;M
Physical Energy & Power Flows;2020;3;38;38;38;DE;AT;Monthly Value;Import;Harmonized;M;M
Physical Energy & Power Flows;2020;5;1063;1063;1063;FR;IT;Monthly Value;Export;Harmonized;M;M
Physical Energy & Power Flows;2020;8;49;49;49;RO;RS;Monthly Value;Export;Harmonized;M;M
Physical Energy & Power Flows;2020;12;0;0;0;AL;XK;Monthly Value;Export;Harmonized;M;M
Physical Energy & Power Flows;2020;6;1035;1035;1035;FR;ES;Monthly Value;Export;Harmonized;M;M
Physical Energy & Power Flows;2020;10;549;549;549;AT;CZ;Monthly Value;Import;Harmonized;M;M
Physical Energy & Power Flows;2020;2;132;132;132;LV;EE;Monthly Value;Import;Harmonized;M;M
Physical Energy & Power Flows;2020;9;2;2;2;BY;UA;Monthly Value;Export;Harmonized;NaM;NaM
Physical Energy & Power Flows;2020;8;113;113;113;UA;PL;Monthly Value;Export;Harmonized;NaM;M
Physical Energy & Power Flows;2020;8;3;3;3;SE;PL;Monthly Value;Import;Harmonized;M;M
Physical Energy & Power Flows;2020;7;1742;1742;1742;FI;SE;Monthly Value;Import;Harmonized;M;M
Physical Energy & Power Flows;2020;12;15;15;15;RO;HU;Monthly Value;Export;Harmonized;M;M
Physical Energy & Power Flows;2020;9;173;173;173;HU;UA;Monthly Value;Import;Harmonized;M;NaM
Physical Energy & Power Flows;2020;5;200;200;200;ME;AL;Monthly Value;Export;Harmonized;M;M
Physical Energy & Power Flows;2020;10;1625;1625;1625;FI;SE;Monthly Value;Import;Harmonized;M;M
Physical Energy & Power Flows;2020;11;117;117;117;RS;BA;Monthly Value;Import;Harmonized;M;M
Physical Energy & Power Flows;2020;12;489;489;489;SE;DK;Monthly Value;Export;Harmonized;M;M
Physical Energy & Power Flows;2020;11;83;83;83;MT;IT;Monthly Value;Import;Harmonized;NaM;M
Physical Energy & Power Flows;2020;5;3;3;3;PL;SK;Monthly Value;Import;Harmonized;M;M
Physical Energy & Power Flows;2020;5;228;228;228;UA;RO;Monthly Value;Export;Harmonized;NaM;M
Physical Energy & Power Flows;2020;7;182;182;182;RO;UA;Monthly Value;Import;Harmonized;M;NaM
Physical Energy & Power Flows;2020;3;289;289;289;GR;MK;Monthly Value;Import;Harmonized;M;M
Physical Energy & Power Flows;2020;8;177;177;177;RU;UA;Monthly Value;Export;Harmonized;NaM;NaM
Physical Energy & Power Flows;2020;2;253;253;253;HU;RO;Monthly Value;Export;Harmonized;M;M
Physical Energy & Power Flows;2020;5;7;7;7;MT;IT;Monthly Value;Import;Harmonized;NaM;M
Physical Energy & Power Flows;2020;12;538;538;538;CH;AT;Monthly Value;Import;Harmonized;M;M
Physical Energy & Power Flows;2020;1;236;236;236;LT;LV;Monthly Value;Import;Harmonized;M;M
Physical Energy & Power Flows;2020;9;63;63;63;DK;SE;Monthly Value;Export;Harmonized;M;M
Physical Energy & Power Flows;2020;10;1;1;1;UA;HU;Monthly Value;Import;Harmonized;NaM;M
Physical Energy & Power Flows;2020;8;255;255;255;SE;LT;Monthly Value;Export;Harmonized;M;M
Physical Energy & Power Flows;2020;10;121;121;121;GR;AL;Monthly Value;Import;Harmonized;M;M
Physical Energy & Power Flows;2020;3;1;1;1;ME;AL;Monthly Value;Import;Harmonized;M;M
Physical Energy & Power Flows;2020;2;12;12;12;NO;FI;Monthly Value;Export;Harmonized;M;M
Physical Energy & Power Flows;2020;7;21;21;21;FI;RU;Monthly Value;Import;Harmonized;M;NaM
Physical Energy & Power Flows;2020;8;0;0;0;RU;FI;Monthly Value;Import;Harmonized;NaM;M
Physical Energy & Power Flows;2020;10;150;150;150;GR;BG;Monthly Value;Import;Harmonized;M;M
Physical Energy & Power Flows;2020;6;576;576;576;CZ;SK;Monthly Value;Export;Harmonized;M;M
Physical Energy & Power Flows;2020;3;575;575;575;GB;NL;Monthly Value;Import;Harmonized;M;M
Physical Energy & Power Flows;2020;8;199;199;199;PL;LT;Monthly Value;Import;Harmonized;M;M
Physical Energy & Power Flows;2020;12;0;0;0;NL;DK;Monthly Value;Export;Harmonized;M;M
Physical Energy & Power Flows;2020;6;16;16;16;IT;GR;Monthly Value;Import;Harmonized;M;M
Physical Energy & Power Flows;2020;9;168;168;168;SK;PL;Monthly Value;Import;Harmonized;M;M
Physical Energy & Power Flows;2020;6;1215;1215;1215;DE;FR;Monthly Value;Import;Harmonized;M;M
Physical Energy & Power Flows;2020;10;0;0;0;FI;SE;Monthly Value;Export;Harmonized;M;M
Physical Energy & Power Flows;2020;3;481;481;481;NO;NL;Monthly Value;Export;Harmonized;M;M
Physical Energy & Power Flows;2020;6;40;40;40;RS;BG;Monthly Value;Import;Harmonized;M;M
Physical Energy & Power Flows;2020;1;260;260;260;NO;NL;Monthly Value;Export;Harmonized;M;M
Physical Energy & Power Flows;2020;3;528;528;528;DK;SE;Monthly Value;Import;Harmonized;M;M
Physical Energy & Power Flows;2020;7;19;19;19;TR;BG;Monthly Value;Export;Harmonized;M;M
Physical Energy & Power Flows;2020;3;37;37;37;UA;MD;Monthly Value;Export;Harmonized;NaM;NaM
Physical Energy & Power Flows;2020;6;27;27;27;RS;AL;Monthly Value;Import;Harmonized;M;M
Physical Energy & Power Flows;2020;3;341;341;341;BE;NL;Monthly Value;Import;Harmonized;M;M
Physical Energy & Power Flows;2020;8;47;47;47;HU;UA;Monthly Value;Import;Harmonized;M;NaM
Physical Energy & Power Flows;2020;8;49;49;49;BA;HR;Monthly Value;Import;Harmonized;M;M
Physical Energy & Power Flows;2020;8;29;29;29;RS;AL;Monthly Value;Export;Harmonized;M;M
Physical Energy & Power Flows;2020;9;1;1;1;LT;PL;Monthly Value;Import;Harmonized;M;M
Physical Energy & Power Flows;2020;7;15;15;15;PL;LT;Monthly Value;Export;Harmonized;M;M
Physical Energy & Power Flows;2020;4;150;150;150;HU;RO;Monthly Value;Export;Harmonized;M;M
Physical Energy & Power Flows;2020;7;1;1;1;GR;MK;Monthly Value;Export;Harmonized;M;M
Physical Energy & Power Flows;2020;5;49;49;49;RS;ME;Monthly Value;Import;Harmonized;M;M
Physical Energy & Power Flows;2020;6;199;199;199;SE;DE;Monthly Value;Export;Harmonized;M;M
Physical Energy & Power Flows;2020;7;998;998;998;PL;DE;Monthly Value;Import;Harmonized;M;M
Physical Energy & Power Flows;2020;9;793;793;793;BE;NL;Monthly Value;Import;Harmonized;M;M
Physical Energy & Power Flows;2020;2;918;918;918;HU;SK;Monthly Value;Import;Harmonized;M;M
Physical Energy & Power Flows;2020;10;170;170;170;PL;CZ;Monthly Value;Export;Harmonized;M;M
Physical Energy & Power Flows;2020;3;147;147;147;RU;UA;Monthly Value;Export;Harmonized;NaM;NaM
Physical Energy & Power Flows;2020;4;162;162;162;HU;HR;Monthly Value;Export;Harmonized;M;M
Physical Energy & Power Flows;2020;6;72;72;72;HU;RS;Monthly Value;Export;Harmonized;M;M
Physical Energy & Power Flows;2020;7;1311;1311;1311;NL;DE;Monthly Value;Export;Harmonized;M;M
Physical Energy & Power Flows;2020;3;575;575;575;NL;GB;Monthly Value;Export;Harmonized;M;M
Physical Energy & Power Flows;2020;5;0;0;0;HU;RO;Monthly Value;Import;Harmonized;M;M
Physical Energy & Power Flows;2020;10;5;5;5;NL;NO;Monthly Value;Export;Harmonized;M;M
Physical Energy & Power Flows;2020;3;156;156;156;DE;CH;Monthly Value;Import;Harmonized;M;M
Physical Energy & Power Flows;2020;6;69;69;69;HR;HU;Monthly Value;Export;Harmonized;M;M
Physical Energy & Power Flows;2020;5;158;158;158;PT;ES;Monthly Value;Export;Harmonized;M;M
Physical Energy & Power Flows;2020;12;278;278;278;DE;NL;Monthly Value;Import;Harmonized;M;M
Physical Energy & Power Flows;2020;3;202;202;202;DK;DE;Monthly Value;Import;Harmonized;M;M
Physical Energy & Power Flows;2020;3;0;0;0;GR;MK;Monthly Value;Export;Harmonized;M;M
Physical Energy & Power Flows;2020;9;174;174;174;AT;DE;Monthly Value;Export;Harmonized;M;M
Physical Energy & Power Flows;2020;3;17;17;17;RS;HR;Monthly Value;Import;Harmonized;M;M
Physical Energy & Power Flows;2020;4;0;0;0;IT;MT;Monthly Value;Import;Harmonized;M;NaM
Physical Energy & Power Flows;2020;1;15;15;15;HU;RS;Monthly Value;Import;Harmonized;M;M
Physical Energy & Power Flows;2020;7;4;4;4;AT;SI;Monthly Value;Import;Harmonized;M;M
Physical Energy & Power Flows;2020;10;212;212;212;RO;BG;Monthly Value;Export;Harmonized;M;M
Physical Energy & Power Flows;2020;9;20;20;20;ME;RS;Monthly Value;Export;Harmonized;M;M
Physical Energy & Power Flows;2020;10;13;13;13;RS;RO;Monthly Value;Import;Harmonized;M;M
Physical Energy & Power Flows;2020;7;63;63;63;RS;ME;Monthly Value;Export;Harmonized;M;M
Physical Energy & Power Flows;2020;9;540;540;540;AT;DE;Monthly Value;Import;Harmonized;M;M
Physical Energy & Power Flows;2020;6;7;7;7;FI;RU;Monthly Value;Export;Harmonized;M;NaM
Physical Energy & Power Flows;2020;2;774;774;774;CZ;AT;Monthly Value;Export;Harmonized;M;M
Physical Energy & Power Flows;2020;7;329;329;329;FR;CH;Monthly Value;Import;Harmonized;M;M
Physical Energy & Power Flows;2020;11;49;49;49;LV;LT;Monthly Value;Import;Harmonized;M;M
Physical Energy & Power Flows;2020;8;630;630;630;FR;ES;Monthly Value;Import;Harmonized;M;M
Physical Energy & Power Flows;2020;2;1;1;1;HR;HU;Monthly Value;Export;Harmonized;M;M
Physical Energy & Power Flows;2020;2;204;204;204;RU;LT;Monthly Value;Export;Harmonized;NaM;M
Physical Energy & Power Flows;2020;7;152;152;152;DK;NL;Monthly Value;Import;Harmonized;M;M
Physical Energy & Power Flows;2020;5;232;232;232;GR;MK;Monthly Value;Import;Harmonized;M;M
Physical Energy & Power Flows;2020;6;283;283;283;LT;SE;Monthly Value;Import;Harmonized;M;M
Physical Energy & Power Flows;2020;9;555;555;555;DE;DK;Monthly Value;Import;Harmonized;M;M
Physical Energy & Power Flows;2020;4;266;266;266;SK;UA;Monthly Value;Export;Harmonized;M;NaM
Physical Energy & Power Flows;2020;7;46;46;46;BG;RO;Monthly Value;Export;Harmonized;M;M
Physical Energy & Power Flows;2020;2;498;498;498;PT;ES;Monthly Value;Import;Harmonized;M;M
Physical Energy & Power Flows;2020;3;1676;1676;1676;FR;IT;Monthly Value;Export;Harmonized;M;M
Physical Energy & Power Flows;2020;12;43;43;43;RU;LV;Monthly Value;Export;Harmonized;NaM;M
Physical Energy & Power Flows;2020;7;0;0;0;FI;RU;Monthly Value;Export;Harmonized;M;NaM
Physical Energy & Power Flows;2020;9;68;68;68;RO;BG;Monthly Value;Import;Harmonized;M;M
Physical Energy & Power Flows;2020;7;278;278;278;CH;FR;Monthly Value;Import;Harmonized;M;M
Physical Energy & Power Flows;2020;11;0;0;0;IT;AT;Monthly Value;Export;Harmonized;M;M
Physical Energy & Power Flows;2020;12;226;226;226;HU;UA;Monthly Value;Import;Harmonized;M;NaM
Physical Energy & Power Flows;2020;12;16;16;16;MD;UA;Monthly Value;Import;Harmonized;NaM;NaM
Physical Energy & Power Flows;2020;4;140;140;140;ME;IT;Monthly Value;Import;Harmonized;M;M
Physical Energy & Power Flows;2020;8;671;671;671;HU;SK;Monthly Value;Import;Harmonized;M;M
Physical Energy & Power Flows;2020;1;0;0;0;RS;BA;Monthly Value;Export;Harmonized;M;M
Physical Energy & Power Flows;2020;9;473;473;473;FR;BE;Monthly Value;Import;Harmonized;M;M
Physical Energy & Power Flows;2020;8;637;637;637;FR;IT;Monthly Value;Export;Harmonized;M;M
Physical Energy & Power Flows;2020;4;85;85;85;BA;HR;Monthly Value;Import;Harmonized;M;M
Physical Energy & Power Flows;2020;10;150;150;150;BG;GR;Monthly Value;Export;Harmonized;M;M
Physical Energy & Power Flows;2020;8;255;255;255;LT;SE;Monthly Value;Import;Harmonized;M;M
Physical Energy & Power Flows;2020;8;294;294;294;AT;CH;Monthly Value;Export;Harmonized;M;M
Physical Energy & Power Flows;2020;12;1;1;1;ME;AL;Monthly Value;Import;Harmonized;M;M
Physical Energy & Power Flows;2020;1;272;272;272;NO;SE;Monthly Value;Export;Harmonized;M;M
Physical Energy & Power Flows;2020;6;7;7;7;RU;FI;Monthly Value;Import;Harmonized;NaM;M
Physical Energy & Power Flows;2020;11;341;341;341;HR;HU;Monthly Value;Import;Harmonized;M;M
Physical Energy & Power Flows;2020;9;25;25;25;DE;SE;Monthly Value;Export;Harmonized;M;M
Physical Energy & Power Flows;2020;10;191;191;191;IT;ME;Monthly Value;Import;Harmonized;M;M
Physical Energy & Power Flows;2020;1;103;103;103;DE;DK;Monthly Value;Export;Harmonized;M;M
Physical Energy & Power Flows;2020;6;213;213;213;CH;AT;Monthly Value;Export;Harmonized;M;M
Physical Energy & Power Flows;2020;7;75;75;75;HU;UA;Monthly Value;Import;Harmonized;M;NaM
Physical Energy & Power Flows;2020;3;0;0;0;TR;GR;Monthly Value;Import;Harmonized;M;M
Physical Energy & Power Flows;2020;12;29;29;29;TR;BG;Monthly Value;Import;Harmonized;M;M
Physical Energy & Power Flows;2020;11;0;0;0;AL;ME;Monthly Value;Export;Harmonized;M;M
Physical Energy & Power Flows;2020;7;1002;1002;1002;IT;FR;Monthly Value;Import;Harmonized;M;M
Physical Energy & Power Flows;2020;11;84;84;84;AL;GR;Monthly Value;Import;Harmonized;M;M
Physical Energy & Power Flows;2020;11;2;2;2;HU;RO;Monthly Value;Import;Harmonized;M;M
Physical Energy & Power Flows;2020;2;57;57;57;RU;EE;Monthly Value;Import;Harmonized;NaM;M
Physical Energy & Power Flows;2020;12;221;221;221;HU;HR;Monthly Value;Export;Harmonized;M;M
Physical Energy & Power Flows;2020;2;0;0;0;HU;RO;Monthly Value;Import;Harmonized;M;M
Physical Energy & Power Flows;2020;11;172;172;172;PL;LT;Monthly Value;Import;Harmonized;M;M
Physical Energy & Power Flows;2020;7;139;139;139;GB;IE;Monthly Value;Import;Harmonized;M;M
Physical Energy & Power Flows;2020;5;15;15;15;RS;HR;Monthly Value;Export;Harmonized;M;M
Physical Energy & Power Flows;2020;2;264;264;264;IT;SI;Monthly Value;Import;Harmonized;M;M
Physical Energy & Power Flows;2020;5;182;182;182;DK;DE;Monthly Value;Import;Harmonized;M;M
Physical Energy & Power Flows;2020;10;72;72;72;PL;CZ;Monthly Value;Import;Harmonized;M;M
Physical Energy & Power Flows;2020;10;345;345;345;PT;ES;Monthly Value;Import;Harmonized;M;M
Physical Energy & Power Flows;2020;12;342;342;342;SE;PL;Monthly Value;Export;Harmonized;M;M
Physical Energy & Power Flows;2020;6;67;67;67;GR;AL;Monthly Value;Import;Harmonized;M;M
Physical Energy & Power Flows;2020;3;9;9;9;RU;LV;Monthly Value;Import;Harmonized;NaM;M
Physical Energy & Power Flows;2020;6;3;3;3;LT;SE;Monthly Value;Export;Harmonized;M;M
Physical Energy & Power Flows;2020;1;0;0;0;ME;RS;Monthly Value;Import;Harmonized;M;M
Physical Energy & Power Flows;2020;9;82;82;82;HU;RS;Monthly Value;Import;Harmonized;M;M
Physical Energy & Power Flows;2020;11;22;22;22;CZ;PL;Monthly Value;Export;Harmonized;M;M
Physical Energy & Power Flows;2020;7;61;61;61;NO;FI;Monthly Value;Export;Harmonized;M;M
Physical Energy & Power Flows;2020;12;62;62;62;IT;ME;Monthly Value;Export;Harmonized;M;M
Physical Energy & Power Flows;2020;3;39;39;39;RS;HU;Monthly Value;Import;Harmonized;M;M
Physical Energy & Power Flows;2020;4;992;992;992;DE;CH;Monthly Value;Import;Harmonized;M;M
Physical Energy & Power Flows;2020;7;82;82;82;RS;RO;Monthly Value;Export;Harmonized;M;M
Physical Energy & Power Flows;2020;6;20;20;20;LV;EE;Monthly Value;Export;Harmonized;M;M
Physical Energy & Power Flows;2020;7;20;20;20;AL;GR;Monthly Value;Import;Harmonized;M;M
Physical Energy & Power Flows;2020;12;136;136;136;GB;IE;Monthly Value;Import;Harmonized;M;M
Physical Energy & Power Flows;2020;7;1234;1234;1234;SE;NO;Monthly Value;Import;Harmonized;M;M
Physical Energy & Power Flows;2020;1;25;25;25;IT;ME;Monthly Value;Import;Harmonized;M;M
Physical Energy & Power Flows;2020;11;26;26;26;GR;MK;Monthly Value;Export;Harmonized;M;M
Physical Energy & Power Flows;2020;4;198;198;198;MK;GR;Monthly Value;Export;Harmonized;M;M
Physical Energy & Power Flows;2020;12;189;189;189;GR;IT;Monthly Value;Import;Harmonized;M;M
Physical Energy & Power Flows;2020;3;104;104;104;FR;DE;Monthly Value;Import;Harmonized;M;M
Physical Energy & Power Flows;2020;7;998;998;998;DE;PL;Monthly Value;Export;Harmonized;M;M
Physical Energy & Power Flows;2020;10;40;40;40;BG;TR;Monthly Value;Import;Harmonized;M;M
Physical Energy & Power Flows;2020;1;1551;1551;1551;AT;DE;Monthly Value;Import;Harmonized;M;M
Physical Energy & Power Flows;2020;9;291;291;291;FR;GB;Monthly Value;Import;Harmonized;M;M
Physical Energy & Power Flows;2020;4;243;243;243;IT;CH;Monthly Value;Export;Harmonized;M;M
Physical Energy & Power Flows;2020;9;793;793;793;NL;BE;Monthly Value;Export;Harmonized;M;M
Physical Energy & Power Flows;2020;11;1264;1264;1264;CH;DE;Monthly Value;Import;Harmonized;M;M
Physical Energy & Power Flows;2020;9;130;130;130;BA;HR;Monthly Value;Export;Harmonized;M;M
Physical Energy & Power Flows;2020;5;1;1;1;LV;RU;Monthly Value;Export;Harmonized;M;NaM
Physical Energy & Power Flows;2020;3;11;11;11;SE;DE;Monthly Value;Import;Harmonized;M;M
Physical Energy & Power Flows;2020;12;918;918;918;SK;HU;Monthly Value;Export;Harmonized;M;M
Physical Energy & Power Flows;2020;4;0;0;0;RO;MD;Monthly Value;Import;Harmonized;M;NaM
Physical Energy & Power Flows;2020;8;821;821;821;DK;NO;Monthly Value;Import;Harmonized;M;M
Physical Energy & Power Flows;2020;9;176;176;176;PL;CZ;Monthly Value;Export;Harmonized;M;M
Physical Energy & Power Flows;2020;7;199;199;199;BE;NL;Monthly Value;Export;Harmonized;M;M
Physical Energy & Power Flows;2020;9;101;101;101;DK;NL;Monthly Value;Import;Harmonized;M;M
Physical Energy & Power Flows;2020;2;346;346;346;DK;NO;Monthly Value;Import;Harmonized;M;M
Physical Energy & Power Flows;2020;8;60;60;60;BE;LU;Monthly Value;Export;Harmonized;M;M
Physical Energy & Power Flows;2020;5;66;66;66;FI;RU;Monthly Value;Import;Harmonized;M;NaM
Physical Energy & Power Flows;2020;8;63;63;63;DK;NL;Monthly Value;Export;Harmonized;M;M
Physical Energy & Power Flows;2020;6;45;45;45;IT;SI;Monthly Value;Export;Harmonized;M;M
Physical Energy & Power Flows;2020;5;34;34;34;HR;RS;Monthly Value;Export;Harmonized;M;M
Physical Energy & Power Flows;2020;3;248;248;248;GR;BG;Monthly Value;Import;Harmonized;M;M
Physical Energy & Power Flows;2020;10;3;3;3;SK;HU;Monthly Value;Import;Harmonized;M;M
Physical Energy & Power Flows;2020;11;327;327;327;SE;PL;Monthly Value;Export;Harmonized;M;M
Physical Energy & Power Flows;2020;5;1;1;1;MK;BG;Monthly Value;Export;Harmonized;M;M
Physical Energy & Power Flows;2020;6;484;484;484;FI;EE;Monthly Value;Export;Harmonized;M;M
Physical Energy & Power Flows;2020;5;0;0;0;LT;SE;Monthly Value;Export;Harmonized;M;M
Physical Energy & Power Flows;2020;5;515;515;515;GB;BE;Monthly Value;Import;Harmonized;M;M
Physical Energy & Power Flows;2020;9;28;28;28;IT;CH;Monthly Value;Export;Harmonized;M;M
Physical Energy & Power Flows;2020;8;109;109;109;CZ;PL;Monthly Value;Import;Harmonized;M;M
Physical Energy & Power Flows;2020;4;2;2;2;LV;RU;Monthly Value;Export;Harmonized;M;NaM
Physical Energy & Power Flows;2020;6;348;348;348;DE;CZ;Monthly Value;Export;Harmonized;M;M
Physical Energy & Power Flows;2020;3;0;0;0;BG;TR;Monthly Value;Import;Harmonized;M;M
Physical Energy & Power Flows;2020;8;562;562;562;ES;PT;Monthly Value;Export;Harmonized;M;M
Physical Energy & Power Flows;2020;6;180;180;180;IT;SI;Monthly Value;Import;Harmonized;M;M
Physical Energy & Power Flows;2020;6;181;181;181;LT;BY;Monthly Value;Import;Harmonized;M;NaM
Physical Energy & Power Flows;2020;10;987;987;987;NL;DE;Monthly Value;Import;Harmonized;M;M
Physical Energy & Power Flows;2020;5;123;123;123;RU;EE;Monthly Value;Import;Harmonized;NaM;M
Physical Energy & Power Flows;2020;4;151;151;151;ES;PT;Monthly Value;Import;Harmonized;M;M
Physical Energy & Power Flows;2020;5;64;64;64;LV;RU;Monthly Value;Import;Harmonized;M;NaM
Physical Energy & Power Flows;2020;6;1;1;1;MK;RS;Monthly Value;Export;Harmonized;M;M
Physical Energy & Power Flows;2020;3;450;450;450;SE;LT;Monthly Value;Export;Harmonized;M;M
Physical Energy & Power Flows;2020;3;440;440;440;BE;FR;Monthly Value;Import;Harmonized;M;M
Physical Energy & Power Flows;2020;2;125;125;125;IT;ME;Monthly Value;Export;Harmonized;M;M
Physical Energy & Power Flows;2020;11;197;197;197;EE;RU;Monthly Value;Export;Harmonized;M;NaM
Physical Energy & Power Flows;2020;7;151;151;151;AT;DE;Monthly Value;Export;Harmonized;M;M
Physical Energy & Power Flows;2020;12;290;290;290;LU;DE;Monthly Value;Import;Harmonized;M;M
Physical Energy & Power Flows;2020;2;57;57;57;ME;IT;Monthly Value;Export;Harmonized;M;M
Physical Energy & Power Flows;2020;9;3;3;3;NO;DK;Monthly Value;Import;Harmonized;M;M
Physical Energy & Power Flows;2020;11;183;183;183;NL;BE;Monthly Value;Import;Harmonized;M;M
Physical Energy & Power Flows;2020;2;1;1;1;HU;HR;Monthly Value;Import;Harmonized;M;M
Physical Energy & Power Flows;2020;3;248;248;248;BG;GR;Monthly Value;Export;Harmonized;M;M
Physical Energy & Power Flows;2020;10;3;3;3;AT;HU;Monthly Value;Import;Harmonized;M;M
Physical Energy & Power Flows;2020;10;744;744;744;ES;FR;Monthly Value;Export;Harmonized;M;M
Physical Energy & Power Flows;2020;11;24;24;24;AT;CH;Monthly Value;Import;Harmonized;M;M
Physical Energy & Power Flows;2020;9;48;48;48;BE;NL;Monthly Value;Export;Harmonized;M;M
Physical Energy & Power Flows;2020;6;37;37;37;PL;LT;Monthly Value;Export;Harmonized;M;M
Physical Energy & Power Flows;2020;11;142;142;142;GB;IE;Monthly Value;Import;Harmonized;M;M
Physical Energy & Power Flows;2020;6;214;214;214;CH;IT;Monthly Value;Import;Harmonized;M;M
Physical Energy & Power Flows;2020;7;311;311;311;HU;HR;Monthly Value;Export;Harmonized;M;M
Physical Energy & Power Flows;2020;9;743;743;743;DE;PL;Monthly Value;Export;Harmonized;M;M
Physical Energy & Power Flows;2020;2;1;1;1;FI;EE;Monthly Value;Import;Harmonized;M;M
Physical Energy & Power Flows;2020;3;0;0;0;TR;BG;Monthly Value;Export;Harmonized;M;M
Physical Energy & Power Flows;2020;1;21;21;21;DE;CZ;Monthly Value;Import;Harmonized;M;M
Physical Energy & Power Flows;2020;8;682;682;682;FR;ES;Monthly Value;Export;Harmonized;M;M
Physical Energy & Power Flows;2020;6;141;141;141;HU;RO;Monthly Value;Export;Harmonized;M;M
Physical Energy & Power Flows;2020;8;40;40;40;LV;LT;Monthly Value;Import;Harmonized;M;M
Physical Energy & Power Flows;2020;5;0;0;0;RO;HU;Monthly Value;Export;Harmonized;M;M
Physical Energy & Power Flows;2020;9;20;20;20;IT;ME;Monthly Value;Export;Harmonized;M;M
Physical Energy & Power Flows;2020;7;0;0;0;BY;UA;Monthly Value;Export;Harmonized;NaM;NaM
Physical Energy & Power Flows;2020;10;43;43;43;RS;AL;Monthly Value;Import;Harmonized;M;M
Physical Energy & Power Flows;2020;12;106;106;106;BG;GR;Monthly Value;Export;Harmonized;M;M
Physical Energy & Power Flows;2020;4;130;130;130;FR;BE;Monthly Value;Import;Harmonized;M;M
Physical Energy & Power Flows;2020;4;104;104;104;GB;IE;Monthly Value;Export;Harmonized;M;M
Physical Energy & Power Flows;2020;1;1;1;1;GR;IT;Monthly Value;Export;Harmonized;M;M
Physical Energy & Power Flows;2020;8;779;779;779;FR;GB;Monthly Value;Export;Harmonized;M;M
Physical Energy & Power Flows;2020;4;1;1;1;BG;GR;Monthly Value;Import;Harmonized;M;M
Physical Energy & Power Flows;2020;8;32;32;32;AL;GR;Monthly Value;Export;Harmonized;M;M
Physical Energy & Power Flows;2020;7;178;178;178;IT;GR;Monthly Value;Export;Harmonized;M;M
Physical Energy & Power Flows;2020;10;51;51;51;BG;RS;Monthly Value;Import;Harmonized;M;M
Physical Energy & Power Flows;2020;11;44;44;44;GB;NL;Monthly Value;Export;Harmonized;M;M
Physical Energy & Power Flows;2020;4;998;998;998;GB;FR;Monthly Value;Import;Harmonized;M;M
Physical Energy & Power Flows;2020;9;243;243;243;PL;SE;Monthly Value;Import;Harmonized;M;M
Physical Energy & Power Flows;2020;6;14;14;14;AL;RS;Monthly Value;Import;Harmonized;M;M
Physical Energy & Power Flows;2020;1;103;103;103;GB;IE;Monthly Value;Export;Harmonized;M;M
Physical Energy & Power Flows;2020;4;467;467;467;IT;CH;Monthly Value;Import;Harmonized;M;M
Physical Energy & Power Flows;2020;12;281;281;281;ME;AL;Monthly Value;Export;Harmonized;M;M
Physical Energy & Power Flows;2020;10;943;943;943;GB;FR;Monthly Value;Import;Harmonized;M;M
Physical Energy & Power Flows;2020;7;151;151;151;ME;AL;Monthly Value;Export;Harmonized;M;M
Physical Energy & Power Flows;2020;4;227;227;227;BG;RO;Monthly Value;Import;Harmonized;M;M
Physical Energy & Power Flows;2020;1;254;254;254;AT;CH;Monthly Value;Export;Harmonized;M;M
Physical Energy & Power Flows;2020;7;107;107;107;UA;RU;Monthly Value;Import;Harmonized;NaM;NaM
Physical Energy & Power Flows;2020;9;1308;1308;1308;SE;FI;Monthly Value;Export;Harmonized;M;M
Physical Energy & Power Flows;2020;8;1254;1254;1254;SE;NO;Monthly Value;Import;Harmonized;M;M
Physical Energy & Power Flows;2020;9;3;3;3;DK;NO;Monthly Value;Export;Harmonized;M;M
Physical Energy & Power Flows;2020;7;121;121;121;LT;LV;Monthly Value;Import;Harmonized;M;M
Physical Energy & Power Flows;2020;7;7;7;7;HR;SI;Monthly Value;Export;Harmonized;M;M
Physical Energy & Power Flows;2020;12;435;435;435;BA;ME;Monthly Value;Export;Harmonized;M;M
Physical Energy & Power Flows;2020;12;0;0;0;DE;LU;Monthly Value;Import;Harmonized;M;M
Physical Energy & Power Flows;2020;9;502;502;502;ES;PT;Monthly Value;Import;Harmonized;M;M
Physical Energy & Power Flows;2020;4;0;0;0;BE;LU;Monthly Value;Import;Harmonized;M;M
Physical Energy & Power Flows;2020;6;173;173;173;LT;LV;Monthly Value;Import;Harmonized;M;M
Physical Energy & Power Flows;2020;7;50;50;50;BA;RS;Monthly Value;Export;Harmonized;M;M
Physical Energy & Power Flows;2020;2;314;314;314;IT;GR;Monthly Value;Export;Harmonized;M;M
Physical Energy & Power Flows;2020;1;28;28;28;RS;BG;Monthly Value;Export;Harmonized;M;M
Physical Energy & Power Flows;2020;2;196;196;196;SI;HR;Monthly Value;Export;Harmonized;M;M
Physical Energy & Power Flows;2020;4;60;60;60;CH;AT;Monthly Value;Import;Harmonized;M;M
Physical Energy & Power Flows;2020;12;110;110;110;RS;BG;Monthly Value;Import;Harmonized;M;M
Physical Energy & Power Flows;2020;2;253;253;253;RO;HU;Monthly Value;Import;Harmonized;M;M
Physical Energy & Power Flows;2020;12;122;122;122;GB;NL;Monthly Value;Import;Harmonized;M;M
Physical Energy & Power Flows;2020;7;115;115;115;DE;NL;Monthly Value;Export;Harmonized;M;M
Physical Energy & Power Flows;2020;11;920;920;920;HU;SK;Monthly Value;Import;Harmonized;M;M
Physical Energy & Power Flows;2020;4;60;60;60;AT;CH;Monthly Value;Export;Harmonized;M;M
Physical Energy & Power Flows;2020;3;153;153;153;SE;DK;Monthly Value;Import;Harmonized;M;M
Physical Energy & Power Flows;2020;6;71;71;71;IT;FR;Monthly Value;Export;Harmonized;M;M
Physical Energy & Power Flows;2020;1;0;0;0;RU;FI;Monthly Value;Import;Harmonized;NaM;M
Physical Energy & Power Flows;2020;7;223;223;223;DE;SE;Monthly Value;Import;Harmonized;M;M
Physical Energy & Power Flows;2020;10;1;1;1;MK;RS;Monthly Value;Export;Harmonized;M;M
Physical Energy & Power Flows;2020;9;9;9;9;CZ;AT;Monthly Value;Import;Harmonized;M;M
Physical Energy & Power Flows;2020;2;187;187;187;MK;BG;Monthly Value;Import;Harmonized;M;M
Physical Energy & Power Flows;2020;1;1;1;1;SE;FI;Monthly Value;Import;Harmonized;M;M
Physical Energy & Power Flows;2020;7;382;382;382;GR;MK;Monthly Value;Import;Harmonized;M;M
Physical Energy & Power Flows;2020;4;219;219;219;IT;GR;Monthly Value;Export;Harmonized;M;M
Physical Energy & Power Flows;2020;1;1053;1053;1053;CZ;DE;Monthly Value;Import;Harmonized;M;M
Physical Energy & Power Flows;2020;7;706;706;706;FI;EE;Monthly Value;Export;Harmonized;M;M
Physical Energy & Power Flows;2020;6;214;214;214;IT;CH;Monthly Value;Export;Harmonized;M;M
Physical Energy & Power Flows;2020;1;87;87;87;BY;UA;Monthly Value;Import;Harmonized;NaM;NaM
Physical Energy & Power Flows;2020;3;0;0;0;FI;EE;Monthly Value;Import;Harmonized;M;M
Physical Energy & Power Flows;2020;5;1832;1832;1832;FR;DE;Monthly Value;Export;Harmonized;M;M
Physical Energy & Power Flows;2020;10;61;61;61;NL;BE;Monthly Value;Import;Harmonized;M;M
Physical Energy & Power Flows;2020;1;256;256;256;RS;ME;Monthly Value;Import;Harmonized;M;M
Physical Energy & Power Flows;2020;12;49;49;49;IT;CH;Monthly Value;Export;Harmonized;M;M
Physical Energy & Power Flows;2020;6;12;12;12;RO;HU;Monthly Value;Export;Harmonized;M;M
Physical Energy & Power Flows;2020;11;27;27;27;NO;FI;Monthly Value;Export;Harmonized;M;M
Physical Energy & Power Flows;2020;3;257;257;257;PL;CZ;Monthly Value;Export;Harmonized;M;M
Physical Energy & Power Flows;2020;11;43;43;43;BY;UA;Monthly Value;Export;Harmonized;NaM;NaM
Physical Energy & Power Flows;2020;3;597;597;597;DK;NO;Monthly Value;Import;Harmonized;M;M
Physical Energy & Power Flows;2020;7;0;0;0;BE;LU;Monthly Value;Import;Harmonized;M;M
Physical Energy & Power Flows;2020;12;18;18;18;EE;RU;Monthly Value;Import;Harmonized;M;NaM
Physical Energy & Power Flows;2020;11;16;16;16;BE;LU;Monthly Value;Import;Harmonized;M;M
Physical Energy & Power Flows;2020;12;6;6;6;UA;RU;Monthly Value;Import;Harmonized;NaM;NaM
Physical Energy & Power Flows;2020;10;1;1;1;ME;BA;Monthly Value;Export;Harmonized;M;M
Physical Energy & Power Flows;2020;11;37;37;37;LT;PL;Monthly Value;Import;Harmonized;M;M
Physical Energy & Power Flows;2020;9;243;243;243;SE;PL;Monthly Value;Export;Harmonized;M;M
Physical Energy & Power Flows;2020;4;105;105;105;NL;BE;Monthly Value;Export;Harmonized;M;M
Physical Energy & Power Flows;2020;1;29;29;29;IT;SI;Monthly Value;Export;Harmonized;M;M
Physical Energy & Power Flows;2020;4;78;78;78;RU;EE;Monthly Value;Import;Harmonized;NaM;M
Physical Energy & Power Flows;2020;9;264;264;264;HR;HU;Monthly Value;Import;Harmonized;M;M
Physical Energy & Power Flows;2020;11;78;78;78;LV;LT;Monthly Value;Export;Harmonized;M;M
Physical Energy & Power Flows;2020;11;877;877;877;ES;PT;Monthly Value;Import;Harmonized;M;M
Physical Energy & Power Flows;2020;4;868;868;868;FR;BE;Monthly Value;Export;Harmonized;M;M
Physical Energy & Power Flows;2020;8;297;297;297;RU;FI;Monthly Value;Export;Harmonized;NaM;M
Physical Energy & Power Flows;2020;9;0;0;0;GR;TR;Monthly Value;Export;Harmonized;M;M
Physical Energy & Power Flows;2020;2;3;3;3;RS;BA;Monthly Value;Export;Harmonized;M;M
Physical Energy & Power Flows;2020;11;351;351;351;NO;NL;Monthly Value;Export;Harmonized;M;M
Physical Energy & Power Flows;2020;6;0;0;0;MK;BG;Monthly Value;Export;Harmonized;M;M
Physical Energy & Power Flows;2020;11;471;471;471;CH;AT;Monthly Value;Import;Harmonized;M;M
Physical Energy & Power Flows;2020;2;11;11;11;RS;HU;Monthly Value;Export;Harmonized;M;M
Physical Energy & Power Flows;2020;8;8;8;8;HR;SI;Monthly Value;Export;Harmonized;M;M
Physical Energy & Power Flows;2020;6;20;20;20;BG;RS;Monthly Value;Import;Harmonized;M;M
Physical Energy & Power Flows;2020;1;151;151;151;UA;PL;Monthly Value;Export;Harmonized;NaM;M
Physical Energy & Power Flows;2020;4;780;780;780;FR;CH;Monthly Value;Export;Harmonized;M;M
Physical Energy & Power Flows;2020;9;140;140;140;SE;DE;Monthly Value;Export;Harmonized;M;M
Physical Energy & Power Flows;2020;10;858;858;858;SK;CZ;Monthly Value;Import;Harmonized;M;M
Physical Energy & Power Flows;2020;8;11;11;11;LU;BE;Monthly Value;Export;Harmonized;M;M
Physical Energy & Power Flows;2020;7;84;84;84;GB;NL;Monthly Value;Export;Harmonized;M;M
Physical Energy & Power Flows;2020;11;0;0;0;GR;TR;Monthly Value;Export;Harmonized;M;M
Physical Energy & Power Flows;2020;1;316;316;316;RS;MK;Monthly Value;Export;Harmonized;M;M
Physical Energy & Power Flows;2020;7;302;302;302;GB;BE;Monthly Value;Import;Harmonized;M;M
Physical Energy & Power Flows;2020;1;0;0;0;BE;LU;Monthly Value;Import;Harmonized;M;M
