MeasureItem;Year;Month;Value;ProvidedValue;AVG_Value;FromAreaCode;ToAreaCode;MeasureTime;Direction;Flag;FromMemberType;ToMemberType
Physical Energy & Power Flows;2022;2;350;350;350;GE;RU;Value on 3rd Wed. at 03;Import;Harmonized;NaM;NaM
Physical Energy & Power Flows;2022;2;351;351;351;GE;TR;Value on 3rd Wed. at 03;Export;Harmonized;NaM;M
Physical Energy & Power Flows;2022;2;10;10;10;GR;AL;Value on 3rd Wed. at 03;Export;Harmonized;M;M
Physical Energy & Power Flows;2022;2;490;490;490;GR;BG;Value on 3rd Wed. at 03;Import;Harmonized;M;M
Physical Energy & Power Flows;2022;2;317;317;317;GR;IT;Value on 3rd Wed. at 03;Export;Harmonized;M;M
Physical Energy & Power Flows;2022;2;361;361;361;GR;MK;Value on 3rd Wed. at 03;Import;Harmonized;M;M
Physical Energy & Power Flows;2022;2;671;671;671;GR;TR;Value on 3rd Wed. at 03;Import;Harmonized;M;M
Physical Energy & Power Flows;2022;2;131;131;131;HR;BA;Value on 3rd Wed. at 03;Export;Harmonized;M;M
Physical Energy & Power Flows;2022;2;1070;1070;1070;HR;HU;Value on 3rd Wed. at 03;Import;Harmonized;M;M
Physical Energy & Power Flows;2022;2;142;142;142;HR;RS;Value on 3rd Wed. at 03;Export;Harmonized;M;M
Physical Energy & Power Flows;2022;2;273;273;273;HR;SI;Value on 3rd Wed. at 03;Export;Harmonized;M;M
Physical Energy & Power Flows;2022;2;742;742;742;HU;AT;Value on 3rd Wed. at 03;Import;Harmonized;M;M
Physical Energy & Power Flows;2022;2;1070;1070;1070;HU;HR;Value on 3rd Wed. at 03;Export;Harmonized;M;M
Physical Energy & Power Flows;2022;2;291;291;291;HU;RO;Value on 3rd Wed. at 03;Export;Harmonized;M;M
Physical Energy & Power Flows;2022;2;327;327;327;HU;RS;Value on 3rd Wed. at 03;Export;Harmonized;M;M
Physical Energy & Power Flows;2022;2;1872;1872;1872;HU;SK;Value on 3rd Wed. at 03;Import;Harmonized;M;M
Physical Energy & Power Flows;2022;2;496;496;496;HU;UA;Value on 3rd Wed. at 03;Import;Harmonized;M;NaM
Physical Energy & Power Flows;2022;2;500;500;500;IE;GB;Value on 3rd Wed. at 03;Export;Harmonized;M;M
Physical Energy & Power Flows;2022;2;177;177;177;IT;AT;Value on 3rd Wed. at 03;Import;Harmonized;M;M
Physical Energy & Power Flows;2022;2;3425;3425;3425;IT;CH;Value on 3rd Wed. at 03;Import;Harmonized;M;M
Physical Energy & Power Flows;2022;2;1677;1677;1677;IT;FR;Value on 3rd Wed. at 03;Import;Harmonized;M;M
Physical Energy & Power Flows;2022;2;317;317;317;IT;GR;Value on 3rd Wed. at 03;Import;Harmonized;M;M
Physical Energy & Power Flows;2022;2;433;433;433;IT;ME;Value on 3rd Wed. at 03;Import;Harmonized;M;M
Physical Energy & Power Flows;2022;2;40;40;40;IT;MT;Value on 3rd Wed. at 03;Export;Harmonized;M;NaM
Physical Energy & Power Flows;2022;2;1057;1057;1057;IT;SI;Value on 3rd Wed. at 03;Import;Harmonized;M;M
Physical Energy & Power Flows;2022;2;363;363;363;LT;BY;Value on 3rd Wed. at 03;Import;Harmonized;M;NaM
Physical Energy & Power Flows;2022;2;51;51;51;LT;LV;Value on 3rd Wed. at 03;Export;Harmonized;M;M
Physical Energy & Power Flows;2022;2;227;227;227;LT;PL;Value on 3rd Wed. at 03;Import;Harmonized;M;M
Physical Energy & Power Flows;2022;2;281;281;281;LT;RU;Value on 3rd Wed. at 03;Import;Harmonized;M;NaM
Physical Energy & Power Flows;2022;2;711;711;711;LT;SE;Value on 3rd Wed. at 03;Import;Harmonized;M;M
Physical Energy & Power Flows;2022;2;130;130;130;LU;BE;Value on 3rd Wed. at 03;Import;Harmonized;M;M
Physical Energy & Power Flows;2022;2;195;195;195;LU;DE;Value on 3rd Wed. at 03;Import;Harmonized;M;M
Physical Energy & Power Flows;2022;2;410;410;410;LV;EE;Value on 3rd Wed. at 03;Import;Harmonized;M;M
Physical Energy & Power Flows;2022;2;51;51;51;LV;LT;Value on 3rd Wed. at 03;Import;Harmonized;M;M
Physical Energy & Power Flows;2022;2;83;83;83;LV;RU;Value on 3rd Wed. at 03;Import;Harmonized;M;NaM
Physical Energy & Power Flows;2022;2;0;0;0;MD;RO;Value on 3rd Wed. at 03;Import;Harmonized;NaM;M
Physical Energy & Power Flows;2022;2;37;37;37;MD;UA;Value on 3rd Wed. at 03;Import;Harmonized;NaM;NaM
Physical Energy & Power Flows;2022;2;79;79;79;ME;AL;Value on 3rd Wed. at 03;Export;Harmonized;M;M
Physical Energy & Power Flows;2022;2;506;506;506;ME;BA;Value on 3rd Wed. at 03;Import;Harmonized;M;M
Physical Energy & Power Flows;2022;2;433;433;433;ME;IT;Value on 3rd Wed. at 03;Export;Harmonized;M;M
Physical Energy & Power Flows;2022;2;217;217;217;ME;RS;Value on 3rd Wed. at 03;Export;Harmonized;M;M
Physical Energy & Power Flows;2022;2;106;106;106;ME;XK;Value on 3rd Wed. at 03;Import;Harmonized;M;M
Physical Energy & Power Flows;2022;2;516;516;516;MK;BG;Value on 3rd Wed. at 03;Import;Harmonized;M;M
Physical Energy & Power Flows;2022;2;361;361;361;MK;GR;Value on 3rd Wed. at 03;Export;Harmonized;M;M
Physical Energy & Power Flows;2022;2;52;52;52;MK;RS;Value on 3rd Wed. at 03;Import;Harmonized;M;M
Physical Energy & Power Flows;2022;2;51;51;51;MK;XK;Value on 3rd Wed. at 03;Import;Harmonized;M;M
Physical Energy & Power Flows;2022;2;40;40;40;MT;IT;Value on 3rd Wed. at 03;Import;Harmonized;NaM;M
Physical Energy & Power Flows;2022;2;1092;1092;1092;NL;BE;Value on 3rd Wed. at 03;Import;Harmonized;M;M
Physical Energy & Power Flows;2022;2;622;622;622;NL;DE;Value on 3rd Wed. at 03;Export;Harmonized;M;M
Physical Energy & Power Flows;2022;2;515;515;515;NL;DK;Value on 3rd Wed. at 03;Import;Harmonized;M;M
Physical Energy & Power Flows;2022;2;445;445;445;NL;GB;Value on 3rd Wed. at 03;Export;Harmonized;M;M
Physical Energy & Power Flows;2022;2;0;0;0;NL;NO;Value on 3rd Wed. at 03;Import;Harmonized;M;M
Physical Energy & Power Flows;2022;2;41;41;41;NO;DE;Value on 3rd Wed. at 03;Export;Harmonized;M;M
Physical Energy & Power Flows;2022;2;944;944;944;HU;HR;Value on 3rd Wed. at 11;Export;Harmonized;M;M
Physical Energy & Power Flows;2022;2;407;407;407;HU;RO;Value on 3rd Wed. at 11;Export;Harmonized;M;M
Physical Energy & Power Flows;2022;2;265;265;265;HU;RS;Value on 3rd Wed. at 11;Export;Harmonized;M;M
Physical Energy & Power Flows;2022;2;2014;2014;2014;HU;SK;Value on 3rd Wed. at 11;Import;Harmonized;M;M
Physical Energy & Power Flows;2022;2;386;386;386;HU;UA;Value on 3rd Wed. at 11;Import;Harmonized;M;NaM
Physical Energy & Power Flows;2022;2;0;0;0;IE;GB;Value on 3rd Wed. at 11;Export;Harmonized;M;M
Physical Energy & Power Flows;2022;2;178;178;178;IT;AT;Value on 3rd Wed. at 11;Import;Harmonized;M;M
Physical Energy & Power Flows;2022;2;3443;3443;3443;IT;CH;Value on 3rd Wed. at 11;Import;Harmonized;M;M
Physical Energy & Power Flows;2022;2;985;985;985;IT;FR;Value on 3rd Wed. at 11;Import;Harmonized;M;M
Physical Energy & Power Flows;2022;2;42;42;42;IT;GR;Value on 3rd Wed. at 11;Import;Harmonized;M;M
Physical Energy & Power Flows;2022;2;94;94;94;IT;ME;Value on 3rd Wed. at 11;Import;Harmonized;M;M
Physical Energy & Power Flows;2022;2;2;2;2;IT;MT;Value on 3rd Wed. at 11;Export;Harmonized;M;NaM
Physical Energy & Power Flows;2022;2;999;999;999;IT;SI;Value on 3rd Wed. at 11;Import;Harmonized;M;M
Physical Energy & Power Flows;2022;2;373;373;373;LT;BY;Value on 3rd Wed. at 11;Import;Harmonized;M;NaM
Physical Energy & Power Flows;2022;2;6;6;6;LT;LV;Value on 3rd Wed. at 11;Export;Harmonized;M;M
Physical Energy & Power Flows;2022;2;144;144;144;LT;PL;Value on 3rd Wed. at 11;Export;Harmonized;M;M
Physical Energy & Power Flows;2022;2;292;292;292;LT;RU;Value on 3rd Wed. at 11;Import;Harmonized;M;NaM
Physical Energy & Power Flows;2022;2;74;74;74;LT;SE;Value on 3rd Wed. at 11;Import;Harmonized;M;M
Physical Energy & Power Flows;2022;2;121;121;121;LU;BE;Value on 3rd Wed. at 11;Export;Harmonized;M;M
Physical Energy & Power Flows;2022;2;637;637;637;LU;DE;Value on 3rd Wed. at 11;Import;Harmonized;M;M
Physical Energy & Power Flows;2022;2;192;192;192;LV;EE;Value on 3rd Wed. at 11;Import;Harmonized;M;M
Physical Energy & Power Flows;2022;2;6;6;6;LV;LT;Value on 3rd Wed. at 11;Import;Harmonized;M;M
Physical Energy & Power Flows;2022;2;18;18;18;LV;RU;Value on 3rd Wed. at 11;Import;Harmonized;M;NaM
Physical Energy & Power Flows;2022;2;0;0;0;MD;RO;Value on 3rd Wed. at 11;Import;Harmonized;NaM;M
Physical Energy & Power Flows;2022;2;44;44;44;MD;UA;Value on 3rd Wed. at 11;Export;Harmonized;NaM;NaM
Physical Energy & Power Flows;2022;2;178;178;178;ME;AL;Value on 3rd Wed. at 11;Export;Harmonized;M;M
Physical Energy & Power Flows;2022;2;313;313;313;ME;BA;Value on 3rd Wed. at 11;Import;Harmonized;M;M
Physical Energy & Power Flows;2022;2;94;94;94;ME;IT;Value on 3rd Wed. at 11;Export;Harmonized;M;M
Physical Energy & Power Flows;2022;2;92;92;92;ME;RS;Value on 3rd Wed. at 11;Import;Harmonized;M;M
Physical Energy & Power Flows;2022;2;167;167;167;ME;XK;Value on 3rd Wed. at 11;Export;Harmonized;M;M
Physical Energy & Power Flows;2022;2;390;390;390;MK;BG;Value on 3rd Wed. at 11;Import;Harmonized;M;M
Physical Energy & Power Flows;2022;2;68;68;68;MK;GR;Value on 3rd Wed. at 11;Export;Harmonized;M;M
Physical Energy & Power Flows;2022;2;29;29;29;MK;RS;Value on 3rd Wed. at 11;Export;Harmonized;M;M
Physical Energy & Power Flows;2022;2;90;90;90;MK;XK;Value on 3rd Wed. at 11;Import;Harmonized;M;M
Physical Energy & Power Flows;2022;2;2;2;2;MT;IT;Value on 3rd Wed. at 11;Import;Harmonized;NaM;M
Physical Energy & Power Flows;2022;2;1997;1997;1997;NL;BE;Value on 3rd Wed. at 11;Export;Harmonized;M;M
Physical Energy & Power Flows;2022;2;2457;2457;2457;NL;DE;Value on 3rd Wed. at 11;Import;Harmonized;M;M
Physical Energy & Power Flows;2022;2;700;700;700;NL;DK;Value on 3rd Wed. at 11;Import;Harmonized;M;M
Physical Energy & Power Flows;2022;2;1079;1079;1079;NL;GB;Value on 3rd Wed. at 11;Export;Harmonized;M;M
Physical Energy & Power Flows;2022;2;0;0;0;NL;NO;Value on 3rd Wed. at 11;Import;Harmonized;M;M
Physical Energy & Power Flows;2022;2;206;206;206;NO;DE;Value on 3rd Wed. at 11;Export;Harmonized;M;M
Physical Energy & Power Flows;2022;2;617;617;617;NO;DK;Value on 3rd Wed. at 11;Import;Harmonized;M;M
Physical Energy & Power Flows;2022;2;4;4;4;NO;FI;Value on 3rd Wed. at 11;Import;Harmonized;M;M
Physical Energy & Power Flows;2022;2;1051;1051;1051;NO;GB;Value on 3rd Wed. at 11;Export;Harmonized;M;M
Physical Energy & Power Flows;2022;2;0;0;0;NO;NL;Value on 3rd Wed. at 11;Import;Harmonized;M;M
Physical Energy & Power Flows;2022;2;432;432;432;NO;SE;Value on 3rd Wed. at 11;Export;Harmonized;M;M
Physical Energy & Power Flows;2022;2;730;730;730;PL;CZ;Value on 3rd Wed. at 11;Export;Harmonized;M;M
Physical Energy & Power Flows;2022;2;928;928;928;PL;DE;Value on 3rd Wed. at 11;Import;Harmonized;M;M
Physical Energy & Power Flows;2022;2;144;144;144;PL;LT;Value on 3rd Wed. at 11;Import;Harmonized;M;M
Physical Energy & Power Flows;2022;2;331;331;331;PL;SE;Value on 3rd Wed. at 11;Import;Harmonized;M;M
Physical Energy & Power Flows;2022;2;1117;1117;1117;PL;SK;Value on 3rd Wed. at 11;Export;Harmonized;M;M
Physical Energy & Power Flows;2022;2;216;216;216;PL;UA;Value on 3rd Wed. at 11;Import;Harmonized;M;NaM
Physical Energy & Power Flows;2022;2;3744;3744;3744;PT;ES;Value on 3rd Wed. at 11;Import;Harmonized;M;M
Physical Energy & Power Flows;2022;3;286;286;286;FR;DE;Value on 3rd Wed. at 03;Export;Harmonized;M;M
Physical Energy & Power Flows;2022;3;396;396;396;FR;ES;Value on 3rd Wed. at 03;Import;Harmonized;M;M
Physical Energy & Power Flows;2022;3;43;43;43;FR;GB;Value on 3rd Wed. at 03;Import;Harmonized;M;M
Physical Energy & Power Flows;2022;3;1285;1285;1285;FR;IT;Value on 3rd Wed. at 03;Export;Harmonized;M;M
Physical Energy & Power Flows;2022;3;14;14;14;GB;BE;Value on 3rd Wed. at 03;Export;Harmonized;M;M
Physical Energy & Power Flows;2022;3;43;43;43;GB;FR;Value on 3rd Wed. at 03;Export;Harmonized;M;M
Physical Energy & Power Flows;2022;3;3;3;3;GB;IE;Value on 3rd Wed. at 03;Export;Harmonized;M;M
Physical Energy & Power Flows;2022;3;185;185;185;GB;NL;Value on 3rd Wed. at 03;Import;Harmonized;M;M
Physical Energy & Power Flows;2022;3;1260;1260;1260;GB;NO;Value on 3rd Wed. at 03;Import;Harmonized;M;M
Physical Energy & Power Flows;2022;3;60;60;60;GE;AM;Value on 3rd Wed. at 03;Import;Harmonized;NaM;NaM
Physical Energy & Power Flows;2022;3;0;0;0;GE;AZ;Value on 3rd Wed. at 03;Import;Harmonized;NaM;NaM
Physical Energy & Power Flows;2022;3;572;572;572;GE;RU;Value on 3rd Wed. at 03;Import;Harmonized;NaM;NaM
Physical Energy & Power Flows;2022;3;262;262;262;GE;TR;Value on 3rd Wed. at 03;Export;Harmonized;NaM;M
Physical Energy & Power Flows;2022;3;71;71;71;GR;AL;Value on 3rd Wed. at 03;Export;Harmonized;M;M
Physical Energy & Power Flows;2022;3;323;323;323;GR;BG;Value on 3rd Wed. at 03;Import;Harmonized;M;M
Physical Energy & Power Flows;2022;3;336;336;336;GR;IT;Value on 3rd Wed. at 03;Export;Harmonized;M;M
Physical Energy & Power Flows;2022;3;170;170;170;GR;MK;Value on 3rd Wed. at 03;Import;Harmonized;M;M
Physical Energy & Power Flows;2022;3;456;456;456;GR;TR;Value on 3rd Wed. at 03;Import;Harmonized;M;M
Physical Energy & Power Flows;2022;3;87;87;87;HR;BA;Value on 3rd Wed. at 03;Import;Harmonized;M;M
Physical Energy & Power Flows;2022;3;989;989;989;HR;HU;Value on 3rd Wed. at 03;Import;Harmonized;M;M
Physical Energy & Power Flows;2022;3;1;1;1;HR;RS;Value on 3rd Wed. at 03;Import;Harmonized;M;M
Physical Energy & Power Flows;2022;3;399;399;399;HR;SI;Value on 3rd Wed. at 03;Export;Harmonized;M;M
Physical Energy & Power Flows;2022;3;98;98;98;HU;AT;Value on 3rd Wed. at 03;Import;Harmonized;M;M
Physical Energy & Power Flows;2022;3;989;989;989;HU;HR;Value on 3rd Wed. at 03;Export;Harmonized;M;M
Physical Energy & Power Flows;2022;3;304;304;304;HU;RO;Value on 3rd Wed. at 03;Export;Harmonized;M;M
Physical Energy & Power Flows;2022;3;167;167;167;HU;RS;Value on 3rd Wed. at 03;Export;Harmonized;M;M
Physical Energy & Power Flows;2022;3;1746;1746;1746;HU;SK;Value on 3rd Wed. at 03;Import;Harmonized;M;M
Physical Energy & Power Flows;2022;3;82;82;82;HU;UA;Value on 3rd Wed. at 03;Import;Harmonized;M;NaM
Physical Energy & Power Flows;2022;3;3;3;3;IE;GB;Value on 3rd Wed. at 03;Import;Harmonized;M;M
Physical Energy & Power Flows;2022;3;174;174;174;IT;AT;Value on 3rd Wed. at 03;Import;Harmonized;M;M
Physical Energy & Power Flows;2022;3;3157;3157;3157;IT;CH;Value on 3rd Wed. at 03;Import;Harmonized;M;M
Physical Energy & Power Flows;2022;3;1285;1285;1285;IT;FR;Value on 3rd Wed. at 03;Import;Harmonized;M;M
Physical Energy & Power Flows;2022;3;336;336;336;IT;GR;Value on 3rd Wed. at 03;Import;Harmonized;M;M
Physical Energy & Power Flows;2022;3;602;602;602;IT;ME;Value on 3rd Wed. at 03;Import;Harmonized;M;M
Physical Energy & Power Flows;2022;3;40;40;40;IT;MT;Value on 3rd Wed. at 03;Export;Harmonized;M;NaM
Physical Energy & Power Flows;2022;3;821;821;821;IT;SI;Value on 3rd Wed. at 03;Import;Harmonized;M;M
Physical Energy & Power Flows;2022;3;232;232;232;LT;BY;Value on 3rd Wed. at 03;Import;Harmonized;M;NaM
Physical Energy & Power Flows;2022;3;199;199;199;LT;LV;Value on 3rd Wed. at 03;Import;Harmonized;M;M
Physical Energy & Power Flows;2022;3;300;300;300;LT;PL;Value on 3rd Wed. at 03;Import;Harmonized;M;M
Physical Energy & Power Flows;2022;3;292;292;292;LT;RU;Value on 3rd Wed. at 03;Import;Harmonized;M;NaM
Physical Energy & Power Flows;2022;3;588;588;588;LT;SE;Value on 3rd Wed. at 03;Import;Harmonized;M;M
Physical Energy & Power Flows;2022;3;6;6;6;LU;BE;Value on 3rd Wed. at 03;Import;Harmonized;M;M
Physical Energy & Power Flows;2022;3;427;427;427;LU;DE;Value on 3rd Wed. at 03;Import;Harmonized;M;M
Physical Energy & Power Flows;2022;3;709;709;709;LV;EE;Value on 3rd Wed. at 03;Import;Harmonized;M;M
Physical Energy & Power Flows;2022;3;199;199;199;LV;LT;Value on 3rd Wed. at 03;Export;Harmonized;M;M
Physical Energy & Power Flows;2022;3;50;50;50;LV;RU;Value on 3rd Wed. at 03;Import;Harmonized;M;NaM
Physical Energy & Power Flows;2022;3;0;0;0;MD;RO;Value on 3rd Wed. at 03;Import;Harmonized;NaM;M
Physical Energy & Power Flows;2022;3;1;1;1;MD;UA;Value on 3rd Wed. at 03;Export;Harmonized;NaM;NaM
Physical Energy & Power Flows;2022;3;23;23;23;ME;AL;Value on 3rd Wed. at 03;Import;Harmonized;M;M
Physical Energy & Power Flows;2022;3;492;492;492;ME;BA;Value on 3rd Wed. at 03;Import;Harmonized;M;M
Physical Energy & Power Flows;2022;3;602;602;602;ME;IT;Value on 3rd Wed. at 03;Export;Harmonized;M;M
Physical Energy & Power Flows;2022;3;61;61;61;ME;RS;Value on 3rd Wed. at 03;Export;Harmonized;M;M
Physical Energy & Power Flows;2022;3;101;101;101;ME;XK;Value on 3rd Wed. at 03;Import;Harmonized;M;M
Physical Energy & Power Flows;2022;3;349;349;349;AL;GR;Value on 3rd Wed. at 11;Import;Harmonized;M;M
Physical Energy & Power Flows;2022;4;539;539;539;NO;GB;Value on 3rd Wed. at 03;Import;Harmonized;M;M
Physical Energy & Power Flows;2022;4;13;13;13;NO;NL;Value on 3rd Wed. at 03;Export;Harmonized;M;M
Physical Energy & Power Flows;2022;4;37;37;37;NO;SE;Value on 3rd Wed. at 03;Export;Harmonized;M;M
Physical Energy & Power Flows;2022;4;1287;1287;1287;PL;CZ;Value on 3rd Wed. at 03;Export;Harmonized;M;M
Physical Energy & Power Flows;2022;4;452;452;452;PL;DE;Value on 3rd Wed. at 03;Import;Harmonized;M;M
Physical Energy & Power Flows;2022;4;486;486;486;PL;LT;Value on 3rd Wed. at 03;Import;Harmonized;M;M
Physical Energy & Power Flows;2022;4;347;347;347;PL;SE;Value on 3rd Wed. at 03;Import;Harmonized;M;M
Physical Energy & Power Flows;2022;4;1297;1297;1297;PL;SK;Value on 3rd Wed. at 03;Export;Harmonized;M;M
Physical Energy & Power Flows;2022;4;196;196;196;PL;UA;Value on 3rd Wed. at 03;Import;Harmonized;M;NaM
Physical Energy & Power Flows;2022;4;106;106;106;PT;ES;Value on 3rd Wed. at 03;Import;Harmonized;M;M
Physical Energy & Power Flows;2022;4;232;232;232;RO;BG;Value on 3rd Wed. at 03;Import;Harmonized;M;M
Physical Energy & Power Flows;2022;4;287;287;287;RO;HU;Value on 3rd Wed. at 03;Import;Harmonized;M;M
Physical Energy & Power Flows;2022;4;68;68;68;RO;MD;Value on 3rd Wed. at 03;Export;Harmonized;M;NaM
Physical Energy & Power Flows;2022;4;350;350;350;RO;RS;Value on 3rd Wed. at 03;Export;Harmonized;M;M
Physical Energy & Power Flows;2022;4;225;225;225;RO;UA;Value on 3rd Wed. at 03;Import;Harmonized;M;NaM
Physical Energy & Power Flows;2022;4;11;11;11;RS;BA;Value on 3rd Wed. at 03;Export;Harmonized;M;M
Physical Energy & Power Flows;2022;4;298;298;298;RS;BG;Value on 3rd Wed. at 03;Import;Harmonized;M;M
Physical Energy & Power Flows;2022;4;60;60;60;RS;HR;Value on 3rd Wed. at 03;Import;Harmonized;M;M
Physical Energy & Power Flows;2022;4;99;99;99;RS;HU;Value on 3rd Wed. at 03;Import;Harmonized;M;M
Physical Energy & Power Flows;2022;4;9;9;9;RS;ME;Value on 3rd Wed. at 03;Import;Harmonized;M;M
Physical Energy & Power Flows;2022;4;56;56;56;RS;MK;Value on 3rd Wed. at 03;Import;Harmonized;M;M
Physical Energy & Power Flows;2022;4;350;350;350;RS;RO;Value on 3rd Wed. at 03;Import;Harmonized;M;M
Physical Energy & Power Flows;2022;4;229;229;229;RS;XK;Value on 3rd Wed. at 03;Export;Harmonized;M;M
Physical Energy & Power Flows;2022;4;140;140;140;RU;EE;Value on 3rd Wed. at 03;Import;Harmonized;NaM;M
Physical Energy & Power Flows;2022;4;1361;1361;1361;RU;FI;Value on 3rd Wed. at 03;Export;Harmonized;NaM;M
Physical Energy & Power Flows;2022;4;169;169;169;RU;GE;Value on 3rd Wed. at 03;Export;Harmonized;NaM;NaM
Physical Energy & Power Flows;2022;4;157;157;157;RU;LT;Value on 3rd Wed. at 03;Export;Harmonized;NaM;M
Physical Energy & Power Flows;2022;4;22;22;22;RU;LV;Value on 3rd Wed. at 03;Export;Harmonized;NaM;M
Physical Energy & Power Flows;2022;4;244;244;244;SE;DE;Value on 3rd Wed. at 03;Export;Harmonized;M;M
Physical Energy & Power Flows;2022;4;862;862;862;SE;DK;Value on 3rd Wed. at 03;Export;Harmonized;M;M
Physical Energy & Power Flows;2022;4;707;707;707;SE;FI;Value on 3rd Wed. at 03;Export;Harmonized;M;M
Physical Energy & Power Flows;2022;4;396;396;396;SE;LT;Value on 3rd Wed. at 03;Export;Harmonized;M;M
Physical Energy & Power Flows;2022;4;37;37;37;SE;NO;Value on 3rd Wed. at 03;Import;Harmonized;M;M
Physical Energy & Power Flows;2022;4;347;347;347;SE;PL;Value on 3rd Wed. at 03;Export;Harmonized;M;M
Physical Energy & Power Flows;2022;4;941;941;941;SI;AT;Value on 3rd Wed. at 03;Import;Harmonized;M;M
Physical Energy & Power Flows;2022;4;330;330;330;SI;HR;Value on 3rd Wed. at 03;Import;Harmonized;M;M
Physical Energy & Power Flows;2022;4;907;907;907;SI;IT;Value on 3rd Wed. at 03;Export;Harmonized;M;M
Physical Energy & Power Flows;2022;4;1215;1215;1215;SK;CZ;Value on 3rd Wed. at 03;Import;Harmonized;M;M
Physical Energy & Power Flows;2022;4;1321;1321;1321;SK;HU;Value on 3rd Wed. at 03;Export;Harmonized;M;M
Physical Energy & Power Flows;2022;4;1297;1297;1297;SK;PL;Value on 3rd Wed. at 03;Import;Harmonized;M;M
Physical Energy & Power Flows;2022;4;499;499;499;SK;UA;Value on 3rd Wed. at 03;Export;Harmonized;M;NaM
Physical Energy & Power Flows;2022;4;305;305;305;TR;BG;Value on 3rd Wed. at 03;Import;Harmonized;M;M
Physical Energy & Power Flows;2022;4;224;224;224;TR;GE;Value on 3rd Wed. at 03;Import;Harmonized;M;NaM
Physical Energy & Power Flows;2022;4;451;451;451;TR;GR;Value on 3rd Wed. at 03;Export;Harmonized;M;M
Physical Energy & Power Flows;2022;4;342;342;342;UA;HU;Value on 3rd Wed. at 03;Export;Harmonized;NaM;M
Physical Energy & Power Flows;2022;4;17;17;17;UA;MD;Value on 3rd Wed. at 03;Import;Harmonized;NaM;NaM
Physical Energy & Power Flows;2022;4;196;196;196;UA;PL;Value on 3rd Wed. at 03;Export;Harmonized;NaM;M
Physical Energy & Power Flows;2022;4;225;225;225;UA;RO;Value on 3rd Wed. at 03;Export;Harmonized;NaM;M
Physical Energy & Power Flows;2022;4;499;499;499;UA;SK;Value on 3rd Wed. at 03;Import;Harmonized;NaM;M
Physical Energy & Power Flows;2022;4;51;51;51;XK;AL;Value on 3rd Wed. at 03;Export;Harmonized;M;M
Physical Energy & Power Flows;2022;4;16;16;16;XK;ME;Value on 3rd Wed. at 03;Export;Harmonized;M;M
Physical Energy & Power Flows;2022;4;138;138;138;XK;MK;Value on 3rd Wed. at 03;Export;Harmonized;M;M
Physical Energy & Power Flows;2022;4;229;229;229;XK;RS;Value on 3rd Wed. at 03;Import;Harmonized;M;M
Physical Energy & Power Flows;2022;4;292;292;292;BG;RS;Value on 3rd Wed. at 11;Export;Harmonized;M;M
Physical Energy & Power Flows;2022;4;132;132;132;BG;TR;Value on 3rd Wed. at 11;Import;Harmonized;M;M
Physical Energy & Power Flows;2022;4;200;200;200;BY;LT;Value on 3rd Wed. at 11;Export;Harmonized;NaM;M
Physical Energy & Power Flows;2022;4;1481;1481;1481;CH;AT;Value on 3rd Wed. at 11;Import;Harmonized;M;M
Physical Energy & Power Flows;2022;4;1581;1581;1581;CH;DE;Value on 3rd Wed. at 11;Import;Harmonized;M;M
Physical Energy & Power Flows;2022;4;103;103;103;CH;FR;Value on 3rd Wed. at 11;Export;Harmonized;M;M
Physical Energy & Power Flows;2022;4;3140;3140;3140;CH;IT;Value on 3rd Wed. at 11;Export;Harmonized;M;M
Physical Energy & Power Flows;2022;4;705;705;705;CZ;AT;Value on 3rd Wed. at 11;Export;Harmonized;M;M
Physical Energy & Power Flows;2022;4;1423;1423;1423;CZ;DE;Value on 3rd Wed. at 11;Import;Harmonized;M;M
Physical Energy & Power Flows;2022;4;646;646;646;CZ;PL;Value on 3rd Wed. at 11;Import;Harmonized;M;M
Physical Energy & Power Flows;2022;4;1207;1207;1207;CZ;SK;Value on 3rd Wed. at 11;Export;Harmonized;M;M
Physical Energy & Power Flows;2022;4;2766;2766;2766;DE;AT;Value on 3rd Wed. at 11;Export;Harmonized;M;M
Physical Energy & Power Flows;2022;4;948;948;948;DE;BE;Value on 3rd Wed. at 11;Import;Harmonized;M;M
Physical Energy & Power Flows;2022;4;1581;1581;1581;DE;CH;Value on 3rd Wed. at 11;Export;Harmonized;M;M
Physical Energy & Power Flows;2022;4;1423;1423;1423;DE;CZ;Value on 3rd Wed. at 11;Export;Harmonized;M;M
Physical Energy & Power Flows;2022;4;42;42;42;DE;DK;Value on 3rd Wed. at 11;Import;Harmonized;M;M
Physical Energy & Power Flows;2022;4;1924;1924;1924;DE;FR;Value on 3rd Wed. at 11;Export;Harmonized;M;M
Physical Energy & Power Flows;2022;4;343;343;343;DE;LU;Value on 3rd Wed. at 11;Export;Harmonized;M;M
Physical Energy & Power Flows;2022;4;71;71;71;DE;NL;Value on 3rd Wed. at 11;Export;Harmonized;M;M
Physical Energy & Power Flows;2022;4;96;96;96;DE;NO;Value on 3rd Wed. at 11;Export;Harmonized;M;M
Physical Energy & Power Flows;2022;4;904;904;904;DE;PL;Value on 3rd Wed. at 11;Export;Harmonized;M;M
Physical Energy & Power Flows;2022;4;244;244;244;DE;SE;Value on 3rd Wed. at 11;Import;Harmonized;M;M
Physical Energy & Power Flows;2022;4;42;42;42;DK;DE;Value on 3rd Wed. at 11;Export;Harmonized;M;M
Physical Energy & Power Flows;2022;4;690;690;690;DK;NL;Value on 3rd Wed. at 11;Import;Harmonized;M;M
Physical Energy & Power Flows;2022;4;159;159;159;DK;NO;Value on 3rd Wed. at 11;Import;Harmonized;M;M
Physical Energy & Power Flows;2022;4;4;4;4;DK;SE;Value on 3rd Wed. at 11;Export;Harmonized;M;M
Physical Energy & Power Flows;2022;4;486;486;486;EE;FI;Value on 3rd Wed. at 11;Import;Harmonized;M;M
Physical Energy & Power Flows;2022;4;271;271;271;EE;LV;Value on 3rd Wed. at 11;Export;Harmonized;M;M
Physical Energy & Power Flows;2022;4;87;87;87;EE;RU;Value on 3rd Wed. at 11;Export;Harmonized;M;NaM
Physical Energy & Power Flows;2022;4;1587;1587;1587;ES;FR;Value on 3rd Wed. at 11;Export;Harmonized;M;M
Physical Energy & Power Flows;2022;4;725;725;725;ES;PT;Value on 3rd Wed. at 11;Export;Harmonized;M;M
Physical Energy & Power Flows;2022;4;486;486;486;FI;EE;Value on 3rd Wed. at 11;Export;Harmonized;M;M
Physical Energy & Power Flows;2022;4;30;30;30;FI;NO;Value on 3rd Wed. at 11;Import;Harmonized;M;M
Physical Energy & Power Flows;2022;4;1371;1371;1371;FI;RU;Value on 3rd Wed. at 11;Import;Harmonized;M;NaM
Physical Energy & Power Flows;2022;4;740;740;740;FI;SE;Value on 3rd Wed. at 11;Import;Harmonized;M;M
Physical Energy & Power Flows;2022;4;1319;1319;1319;FR;BE;Value on 3rd Wed. at 11;Import;Harmonized;M;M
Physical Energy & Power Flows;2022;4;103;103;103;FR;CH;Value on 3rd Wed. at 11;Import;Harmonized;M;M
Physical Energy & Power Flows;2022;4;1924;1924;1924;FR;DE;Value on 3rd Wed. at 11;Import;Harmonized;M;M
Physical Energy & Power Flows;2022;4;1587;1587;1587;FR;ES;Value on 3rd Wed. at 11;Import;Harmonized;M;M
Physical Energy & Power Flows;2022;4;1977;1977;1977;FR;GB;Value on 3rd Wed. at 11;Import;Harmonized;M;M
Physical Energy & Power Flows;2022;4;1230;1230;1230;FR;IT;Value on 3rd Wed. at 11;Export;Harmonized;M;M
Physical Energy & Power Flows;2022;4;865;865;865;GB;BE;Value on 3rd Wed. at 11;Import;Harmonized;M;M
Physical Energy & Power Flows;2022;4;1977;1977;1977;GB;FR;Value on 3rd Wed. at 11;Export;Harmonized;M;M
Physical Energy & Power Flows;2022;4;533;533;533;GB;NL;Value on 3rd Wed. at 11;Import;Harmonized;M;M
Physical Energy & Power Flows;2022;4;2;2;2;GB;NO;Value on 3rd Wed. at 11;Import;Harmonized;M;M
Physical Energy & Power Flows;2022;4;52;52;52;GE;AM;Value on 3rd Wed. at 11;Import;Harmonized;NaM;NaM
Physical Energy & Power Flows;2022;4;0;0;0;GE;AZ;Value on 3rd Wed. at 11;Import;Harmonized;NaM;NaM
Physical Energy & Power Flows;2022;4;166;166;166;GE;RU;Value on 3rd Wed. at 11;Import;Harmonized;NaM;NaM
Physical Energy & Power Flows;2022;4;224;224;224;GE;TR;Value on 3rd Wed. at 11;Export;Harmonized;NaM;M
Physical Energy & Power Flows;2022;4;13;13;13;GR;AL;Value on 3rd Wed. at 11;Export;Harmonized;M;M
Physical Energy & Power Flows;2022;4;291;291;291;GR;BG;Value on 3rd Wed. at 11;Import;Harmonized;M;M
Physical Energy & Power Flows;2022;4;109;109;109;GR;IT;Value on 3rd Wed. at 11;Import;Harmonized;M;M
Physical Energy & Power Flows;2022;4;152;152;152;GR;MK;Value on 3rd Wed. at 11;Import;Harmonized;M;M
Physical Energy & Power Flows;2022;5;155;155;155;RU;LV;Value on 3rd Wed. at 03;Export;Harmonized;NaM;M
Physical Energy & Power Flows;2022;5;351;351;351;SE;DE;Value on 3rd Wed. at 03;Export;Harmonized;M;M
Physical Energy & Power Flows;2022;5;1666;1666;1666;SE;DK;Value on 3rd Wed. at 03;Export;Harmonized;M;M
Physical Energy & Power Flows;2022;5;1534;1534;1534;SE;FI;Value on 3rd Wed. at 03;Export;Harmonized;M;M
Physical Energy & Power Flows;2022;5;31;31;31;SE;LT;Value on 3rd Wed. at 03;Export;Harmonized;M;M
Physical Energy & Power Flows;2022;5;878;878;878;SE;NO;Value on 3rd Wed. at 03;Export;Harmonized;M;M
Physical Energy & Power Flows;2022;5;598;598;598;SE;PL;Value on 3rd Wed. at 03;Export;Harmonized;M;M
Physical Energy & Power Flows;2022;5;395;395;395;SI;AT;Value on 3rd Wed. at 03;Import;Harmonized;M;M
Physical Energy & Power Flows;2022;5;679;679;679;SI;HR;Value on 3rd Wed. at 03;Import;Harmonized;M;M
Physical Energy & Power Flows;2022;5;1013;1013;1013;SI;IT;Value on 3rd Wed. at 03;Export;Harmonized;M;M
Physical Energy & Power Flows;2022;5;658;658;658;SK;CZ;Value on 3rd Wed. at 03;Import;Harmonized;M;M
Physical Energy & Power Flows;2022;5;955;955;955;SK;HU;Value on 3rd Wed. at 03;Export;Harmonized;M;M
Physical Energy & Power Flows;2022;5;900;900;900;SK;PL;Value on 3rd Wed. at 03;Import;Harmonized;M;M
Physical Energy & Power Flows;2022;5;0;0;0;SK;UA;Value on 3rd Wed. at 03;Import;Harmonized;M;NaM
Physical Energy & Power Flows;2022;5;470;470;470;TR;BG;Value on 3rd Wed. at 03;Import;Harmonized;M;M
Physical Energy & Power Flows;2022;5;324;324;324;TR;GE;Value on 3rd Wed. at 03;Import;Harmonized;M;NaM
Physical Energy & Power Flows;2022;5;609;609;609;TR;GR;Value on 3rd Wed. at 03;Export;Harmonized;M;M
Physical Energy & Power Flows;2022;5;377;377;377;UA;HU;Value on 3rd Wed. at 03;Export;Harmonized;NaM;M
Physical Energy & Power Flows;2022;5;380;380;380;UA;MD;Value on 3rd Wed. at 03;Import;Harmonized;NaM;NaM
Physical Energy & Power Flows;2022;5;218;218;218;UA;PL;Value on 3rd Wed. at 03;Export;Harmonized;NaM;M
Physical Energy & Power Flows;2022;5;45;45;45;UA;RO;Value on 3rd Wed. at 03;Export;Harmonized;NaM;M
Physical Energy & Power Flows;2022;5;0;0;0;UA;SK;Value on 3rd Wed. at 03;Import;Harmonized;NaM;M
Physical Energy & Power Flows;2022;5;257;257;257;XK;AL;Value on 3rd Wed. at 03;Export;Harmonized;M;M
Physical Energy & Power Flows;2022;5;222;222;222;XK;ME;Value on 3rd Wed. at 03;Export;Harmonized;M;M
Physical Energy & Power Flows;2022;5;86;86;86;XK;MK;Value on 3rd Wed. at 03;Export;Harmonized;M;M
Physical Energy & Power Flows;2022;5;206;206;206;XK;RS;Value on 3rd Wed. at 03;Import;Harmonized;M;M
Physical Energy & Power Flows;2022;5;204;204;204;DK;NO;Value on 3rd Wed. at 11;Export;Harmonized;M;M
Physical Energy & Power Flows;2022;5;1564;1564;1564;DK;SE;Value on 3rd Wed. at 11;Import;Harmonized;M;M
Physical Energy & Power Flows;2022;5;31;31;31;EE;FI;Value on 3rd Wed. at 11;Export;Harmonized;M;M
Physical Energy & Power Flows;2022;5;342;342;342;EE;LV;Value on 3rd Wed. at 11;Export;Harmonized;M;M
Physical Energy & Power Flows;2022;5;134;134;134;EE;RU;Value on 3rd Wed. at 11;Export;Harmonized;M;NaM
Physical Energy & Power Flows;2022;5;1998;1998;1998;ES;FR;Value on 3rd Wed. at 11;Export;Harmonized;M;M
Physical Energy & Power Flows;2022;5;2275;2275;2275;ES;PT;Value on 3rd Wed. at 11;Export;Harmonized;M;M
Physical Energy & Power Flows;2022;5;31;31;31;FI;EE;Value on 3rd Wed. at 11;Import;Harmonized;M;M
Physical Energy & Power Flows;2022;5;54;54;54;FI;NO;Value on 3rd Wed. at 11;Import;Harmonized;M;M
Physical Energy & Power Flows;2022;5;0;0;0;FI;RU;Value on 3rd Wed. at 11;Export;Harmonized;M;NaM
Physical Energy & Power Flows;2022;5;1414;1414;1414;FI;SE;Value on 3rd Wed. at 11;Import;Harmonized;M;M
Physical Energy & Power Flows;2022;5;1863;1863;1863;FR;BE;Value on 3rd Wed. at 11;Import;Harmonized;M;M
Physical Energy & Power Flows;2022;5;661;661;661;FR;CH;Value on 3rd Wed. at 11;Import;Harmonized;M;M
Physical Energy & Power Flows;2022;5;1714;1714;1714;FR;DE;Value on 3rd Wed. at 11;Import;Harmonized;M;M
Physical Energy & Power Flows;2022;5;1998;1998;1998;FR;ES;Value on 3rd Wed. at 11;Import;Harmonized;M;M
Physical Energy & Power Flows;2022;5;1691;1691;1691;FR;GB;Value on 3rd Wed. at 11;Import;Harmonized;M;M
Physical Energy & Power Flows;2022;5;1956;1956;1956;FR;IT;Value on 3rd Wed. at 11;Export;Harmonized;M;M
Physical Energy & Power Flows;2022;5;797;797;797;GB;BE;Value on 3rd Wed. at 11;Export;Harmonized;M;M
Physical Energy & Power Flows;2022;5;1691;1691;1691;GB;FR;Value on 3rd Wed. at 11;Export;Harmonized;M;M
Physical Energy & Power Flows;2022;5;0;0;0;GB;NL;Value on 3rd Wed. at 11;Import;Harmonized;M;M
Physical Energy & Power Flows;2022;5;694;694;694;GB;NO;Value on 3rd Wed. at 11;Export;Harmonized;M;M
Physical Energy & Power Flows;2022;5;60;60;60;GE;AM;Value on 3rd Wed. at 11;Export;Harmonized;NaM;NaM
Physical Energy & Power Flows;2022;5;44;44;44;GE;AZ;Value on 3rd Wed. at 11;Export;Harmonized;NaM;NaM
Physical Energy & Power Flows;2022;5;16;16;16;GE;RU;Value on 3rd Wed. at 11;Import;Harmonized;NaM;NaM
Physical Energy & Power Flows;2022;5;325;325;325;GE;TR;Value on 3rd Wed. at 11;Export;Harmonized;NaM;M
Physical Energy & Power Flows;2022;5;70;70;70;GR;AL;Value on 3rd Wed. at 11;Export;Harmonized;M;M
Physical Energy & Power Flows;2022;5;0;0;0;GR;BG;Value on 3rd Wed. at 11;Import;Harmonized;M;M
Physical Energy & Power Flows;2022;5;150;150;150;GR;IT;Value on 3rd Wed. at 11;Import;Harmonized;M;M
Physical Energy & Power Flows;2022;5;318;318;318;GR;MK;Value on 3rd Wed. at 11;Import;Harmonized;M;M
Physical Energy & Power Flows;2022;5;512;512;512;GR;TR;Value on 3rd Wed. at 11;Import;Harmonized;M;M
Physical Energy & Power Flows;2022;5;307;307;307;HR;BA;Value on 3rd Wed. at 11;Import;Harmonized;M;M
Physical Energy & Power Flows;2022;5;1098;1098;1098;HR;HU;Value on 3rd Wed. at 11;Import;Harmonized;M;M
Physical Energy & Power Flows;2022;5;66;66;66;HR;RS;Value on 3rd Wed. at 11;Import;Harmonized;M;M
Physical Energy & Power Flows;2022;5;990;990;990;HR;SI;Value on 3rd Wed. at 11;Export;Harmonized;M;M
Physical Energy & Power Flows;2022;5;224;224;224;HU;AT;Value on 3rd Wed. at 11;Export;Harmonized;M;M
Physical Energy & Power Flows;2022;5;1098;1098;1098;HU;HR;Value on 3rd Wed. at 11;Export;Harmonized;M;M
Physical Energy & Power Flows;2022;5;98;98;98;HU;RO;Value on 3rd Wed. at 11;Import;Harmonized;M;M
Physical Energy & Power Flows;2022;5;84;84;84;HU;RS;Value on 3rd Wed. at 11;Export;Harmonized;M;M
Physical Energy & Power Flows;2022;5;588;588;588;HU;SK;Value on 3rd Wed. at 11;Import;Harmonized;M;M
Physical Energy & Power Flows;2022;5;370;370;370;HU;UA;Value on 3rd Wed. at 11;Import;Harmonized;M;NaM
Physical Energy & Power Flows;2022;5;245;245;245;IT;AT;Value on 3rd Wed. at 11;Import;Harmonized;M;M
Physical Energy & Power Flows;2022;5;2707;2707;2707;IT;CH;Value on 3rd Wed. at 11;Import;Harmonized;M;M
Physical Energy & Power Flows;2022;5;1956;1956;1956;IT;FR;Value on 3rd Wed. at 11;Import;Harmonized;M;M
Physical Energy & Power Flows;2022;5;150;150;150;IT;GR;Value on 3rd Wed. at 11;Export;Harmonized;M;M
Physical Energy & Power Flows;2022;5;551;551;551;IT;ME;Value on 3rd Wed. at 11;Import;Harmonized;M;M
Physical Energy & Power Flows;2022;5;29;29;29;IT;MT;Value on 3rd Wed. at 11;Export;Harmonized;M;NaM
Physical Energy & Power Flows;2022;5;1092;1092;1092;IT;SI;Value on 3rd Wed. at 11;Import;Harmonized;M;M
Physical Energy & Power Flows;2022;5;81;81;81;LT;BY;Value on 3rd Wed. at 11;Import;Harmonized;M;NaM
Physical Energy & Power Flows;2022;5;167;167;167;LT;LV;Value on 3rd Wed. at 11;Import;Harmonized;M;M
Physical Energy & Power Flows;2022;5;0;0;0;LT;PL;Value on 3rd Wed. at 11;Import;Harmonized;M;M
Physical Energy & Power Flows;2022;5;157;157;157;LT;RU;Value on 3rd Wed. at 11;Import;Harmonized;M;NaM
Physical Energy & Power Flows;2022;5;650;650;650;LT;SE;Value on 3rd Wed. at 11;Import;Harmonized;M;M
Physical Energy & Power Flows;2022;5;62;62;62;LU;BE;Value on 3rd Wed. at 11;Import;Harmonized;M;M
Physical Energy & Power Flows;2022;2;7;7;7;AL;GR;Value on 3rd Wed. at 11;Import;Harmonized;M;M
Physical Energy & Power Flows;2022;2;178;178;178;AL;ME;Value on 3rd Wed. at 11;Import;Harmonized;M;M
Physical Energy & Power Flows;2022;2;98;98;98;AL;XK;Value on 3rd Wed. at 11;Export;Harmonized;M;M
Physical Energy & Power Flows;2022;2;134;134;134;AM;GE;Value on 3rd Wed. at 11;Export;Harmonized;NaM;NaM
Physical Energy & Power Flows;2022;2;1509;1509;1509;AT;CH;Value on 3rd Wed. at 11;Export;Harmonized;M;M
Physical Energy & Power Flows;2022;2;1718;1718;1718;AT;CZ;Value on 3rd Wed. at 11;Import;Harmonized;M;M
Physical Energy & Power Flows;2022;2;2507;2507;2507;AT;DE;Value on 3rd Wed. at 11;Import;Harmonized;M;M
Physical Energy & Power Flows;2022;2;888;888;888;AT;HU;Value on 3rd Wed. at 11;Export;Harmonized;M;M
Physical Energy & Power Flows;2022;2;178;178;178;AT;IT;Value on 3rd Wed. at 11;Export;Harmonized;M;M
Physical Energy & Power Flows;2022;2;1077;1077;1077;AT;SI;Value on 3rd Wed. at 11;Export;Harmonized;M;M
Physical Energy & Power Flows;2022;2;341;341;341;AZ;GE;Value on 3rd Wed. at 11;Export;Harmonized;NaM;NaM
Physical Energy & Power Flows;2022;2;7;7;7;BA;HR;Value on 3rd Wed. at 11;Export;Harmonized;M;M
Physical Energy & Power Flows;2022;2;313;313;313;BA;ME;Value on 3rd Wed. at 11;Export;Harmonized;M;M
Physical Energy & Power Flows;2022;2;111;111;111;BA;RS;Value on 3rd Wed. at 11;Export;Harmonized;M;M
Physical Energy & Power Flows;2022;2;8;8;8;BE;DE;Value on 3rd Wed. at 11;Export;Harmonized;M;M
Physical Energy & Power Flows;2022;2;2400;2400;2400;BE;FR;Value on 3rd Wed. at 11;Export;Harmonized;M;M
Physical Energy & Power Flows;2022;2;1024;1024;1024;BE;GB;Value on 3rd Wed. at 11;Export;Harmonized;M;M
Physical Energy & Power Flows;2022;2;121;121;121;BE;LU;Value on 3rd Wed. at 11;Import;Harmonized;M;M
Physical Energy & Power Flows;2022;2;1997;1997;1997;BE;NL;Value on 3rd Wed. at 11;Import;Harmonized;M;M
Physical Energy & Power Flows;2022;2;306;306;306;BG;GR;Value on 3rd Wed. at 11;Export;Harmonized;M;M
Physical Energy & Power Flows;2022;2;390;390;390;BG;MK;Value on 3rd Wed. at 11;Export;Harmonized;M;M
Physical Energy & Power Flows;2022;2;297;297;297;BG;RO;Value on 3rd Wed. at 11;Export;Harmonized;M;M
Physical Energy & Power Flows;2022;2;401;401;401;BG;RS;Value on 3rd Wed. at 11;Export;Harmonized;M;M
Physical Energy & Power Flows;2022;2;314;314;314;BG;TR;Value on 3rd Wed. at 11;Export;Harmonized;M;M
Physical Energy & Power Flows;2022;2;373;373;373;BY;LT;Value on 3rd Wed. at 11;Export;Harmonized;NaM;M
Physical Energy & Power Flows;2022;2;26;26;26;BY;UA;Value on 3rd Wed. at 11;Export;Harmonized;NaM;NaM
Physical Energy & Power Flows;2022;2;1509;1509;1509;CH;AT;Value on 3rd Wed. at 11;Import;Harmonized;M;M
Physical Energy & Power Flows;2022;2;3927;3927;3927;CH;DE;Value on 3rd Wed. at 11;Import;Harmonized;M;M
Physical Energy & Power Flows;2022;2;78;78;78;CH;FR;Value on 3rd Wed. at 11;Export;Harmonized;M;M
Physical Energy & Power Flows;2022;2;3443;3443;3443;CH;IT;Value on 3rd Wed. at 11;Export;Harmonized;M;M
Physical Energy & Power Flows;2022;3;472;472;472;SK;UA;Value on 3rd Wed. at 03;Export;Harmonized;M;NaM
Physical Energy & Power Flows;2022;3;362;362;362;TR;BG;Value on 3rd Wed. at 03;Import;Harmonized;M;M
Physical Energy & Power Flows;2022;3;262;262;262;TR;GE;Value on 3rd Wed. at 03;Import;Harmonized;M;NaM
Physical Energy & Power Flows;2022;3;456;456;456;TR;GR;Value on 3rd Wed. at 03;Export;Harmonized;M;M
Physical Energy & Power Flows;2022;3;82;82;82;UA;HU;Value on 3rd Wed. at 03;Export;Harmonized;NaM;M
Physical Energy & Power Flows;2022;3;1;1;1;UA;MD;Value on 3rd Wed. at 03;Import;Harmonized;NaM;NaM
Physical Energy & Power Flows;2022;3;0;0;0;UA;PL;Value on 3rd Wed. at 03;Import;Harmonized;NaM;M
Physical Energy & Power Flows;2022;3;385;385;385;UA;RO;Value on 3rd Wed. at 03;Export;Harmonized;NaM;M
Physical Energy & Power Flows;2022;3;472;472;472;UA;SK;Value on 3rd Wed. at 03;Import;Harmonized;NaM;M
Physical Energy & Power Flows;2022;3;167;167;167;XK;AL;Value on 3rd Wed. at 03;Export;Harmonized;M;M
Physical Energy & Power Flows;2022;3;101;101;101;XK;ME;Value on 3rd Wed. at 03;Export;Harmonized;M;M
Physical Energy & Power Flows;2022;3;21;21;21;XK;MK;Value on 3rd Wed. at 03;Export;Harmonized;M;M
Physical Energy & Power Flows;2022;3;300;300;300;XK;RS;Value on 3rd Wed. at 03;Import;Harmonized;M;M
Physical Energy & Power Flows;2022;3;15;15;15;AL;ME;Value on 3rd Wed. at 11;Export;Harmonized;M;M
Physical Energy & Power Flows;2022;3;191;191;191;AL;XK;Value on 3rd Wed. at 11;Export;Harmonized;M;M
Physical Energy & Power Flows;2022;3;72;72;72;AM;GE;Value on 3rd Wed. at 11;Export;Harmonized;NaM;NaM
Physical Energy & Power Flows;2022;3;1405;1405;1405;AT;CH;Value on 3rd Wed. at 11;Export;Harmonized;M;M
Physical Energy & Power Flows;2022;3;1750;1750;1750;AT;CZ;Value on 3rd Wed. at 11;Import;Harmonized;M;M
Physical Energy & Power Flows;2022;3;2195;2195;2195;AT;DE;Value on 3rd Wed. at 11;Import;Harmonized;M;M
Physical Energy & Power Flows;2022;3;759;759;759;AT;HU;Value on 3rd Wed. at 11;Export;Harmonized;M;M
Physical Energy & Power Flows;2022;3;187;187;187;AT;IT;Value on 3rd Wed. at 11;Export;Harmonized;M;M
Physical Energy & Power Flows;2022;3;841;841;841;AT;SI;Value on 3rd Wed. at 11;Export;Harmonized;M;M
Physical Energy & Power Flows;2022;3;0;0;0;AZ;GE;Value on 3rd Wed. at 11;Import;Harmonized;NaM;NaM
Physical Energy & Power Flows;2022;3;471;471;471;BA;HR;Value on 3rd Wed. at 11;Export;Harmonized;M;M
Physical Energy & Power Flows;2022;3;144;144;144;BA;ME;Value on 3rd Wed. at 11;Import;Harmonized;M;M
Physical Energy & Power Flows;2022;3;2;2;2;BA;RS;Value on 3rd Wed. at 11;Import;Harmonized;M;M
Physical Energy & Power Flows;2022;3;106;106;106;BE;DE;Value on 3rd Wed. at 11;Import;Harmonized;M;M
Physical Energy & Power Flows;2022;3;2608;2608;2608;BE;FR;Value on 3rd Wed. at 11;Export;Harmonized;M;M
Physical Energy & Power Flows;2022;3;720;720;720;BE;GB;Value on 3rd Wed. at 11;Export;Harmonized;M;M
Physical Energy & Power Flows;2022;3;19;19;19;BE;LU;Value on 3rd Wed. at 11;Export;Harmonized;M;M
Physical Energy & Power Flows;2022;3;2823;2823;2823;BE;NL;Value on 3rd Wed. at 11;Import;Harmonized;M;M
Physical Energy & Power Flows;2022;3;136;136;136;BG;GR;Value on 3rd Wed. at 11;Import;Harmonized;M;M
Physical Energy & Power Flows;2022;3;64;64;64;BG;MK;Value on 3rd Wed. at 11;Export;Harmonized;M;M
Physical Energy & Power Flows;2022;3;1190;1190;1190;BG;RO;Value on 3rd Wed. at 11;Export;Harmonized;M;M
Physical Energy & Power Flows;2022;3;253;253;253;BG;RS;Value on 3rd Wed. at 11;Export;Harmonized;M;M
Physical Energy & Power Flows;2022;3;34;34;34;BG;TR;Value on 3rd Wed. at 11;Import;Harmonized;M;M
Physical Energy & Power Flows;2022;3;284;284;284;BY;LT;Value on 3rd Wed. at 11;Export;Harmonized;NaM;M
Physical Energy & Power Flows;2022;3;1405;1405;1405;CH;AT;Value on 3rd Wed. at 11;Import;Harmonized;M;M
Physical Energy & Power Flows;2022;3;2473;2473;2473;CH;DE;Value on 3rd Wed. at 11;Import;Harmonized;M;M
Physical Energy & Power Flows;2022;3;53;53;53;CH;FR;Value on 3rd Wed. at 11;Export;Harmonized;M;M
Physical Energy & Power Flows;2022;3;2665;2665;2665;CH;IT;Value on 3rd Wed. at 11;Export;Harmonized;M;M
Physical Energy & Power Flows;2022;3;1750;1750;1750;CZ;AT;Value on 3rd Wed. at 11;Export;Harmonized;M;M
Physical Energy & Power Flows;2022;3;554;554;554;CZ;DE;Value on 3rd Wed. at 11;Import;Harmonized;M;M
Physical Energy & Power Flows;2022;3;1418;1418;1418;CZ;PL;Value on 3rd Wed. at 11;Import;Harmonized;M;M
Physical Energy & Power Flows;2022;3;1806;1806;1806;CZ;SK;Value on 3rd Wed. at 11;Export;Harmonized;M;M
Physical Energy & Power Flows;2022;3;2195;2195;2195;DE;AT;Value on 3rd Wed. at 11;Export;Harmonized;M;M
Physical Energy & Power Flows;2022;3;106;106;106;DE;BE;Value on 3rd Wed. at 11;Export;Harmonized;M;M
Physical Energy & Power Flows;2022;3;2473;2473;2473;DE;CH;Value on 3rd Wed. at 11;Export;Harmonized;M;M
Physical Energy & Power Flows;2022;3;554;554;554;DE;CZ;Value on 3rd Wed. at 11;Export;Harmonized;M;M
Physical Energy & Power Flows;2022;3;2024;2024;2024;DE;DK;Value on 3rd Wed. at 11;Import;Harmonized;M;M
Physical Energy & Power Flows;2022;3;2439;2439;2439;DE;FR;Value on 3rd Wed. at 11;Export;Harmonized;M;M
Physical Energy & Power Flows;2022;3;588;588;588;DE;LU;Value on 3rd Wed. at 11;Export;Harmonized;M;M
Physical Energy & Power Flows;2022;3;1409;1409;1409;DE;NL;Value on 3rd Wed. at 11;Export;Harmonized;M;M
Physical Energy & Power Flows;2022;3;542;542;542;DE;NO;Value on 3rd Wed. at 11;Import;Harmonized;M;M
Physical Energy & Power Flows;2022;3;968;968;968;DE;PL;Value on 3rd Wed. at 11;Export;Harmonized;M;M
Physical Energy & Power Flows;2022;3;454;454;454;DE;SE;Value on 3rd Wed. at 11;Import;Harmonized;M;M
Physical Energy & Power Flows;2022;3;2024;2024;2024;DK;DE;Value on 3rd Wed. at 11;Export;Harmonized;M;M
Physical Energy & Power Flows;2022;3;371;371;371;DK;NL;Value on 3rd Wed. at 11;Import;Harmonized;M;M
Physical Energy & Power Flows;2022;3;1624;1624;1624;DK;NO;Value on 3rd Wed. at 11;Import;Harmonized;M;M
Physical Energy & Power Flows;2022;3;1334;1334;1334;DK;SE;Value on 3rd Wed. at 11;Import;Harmonized;M;M
Physical Energy & Power Flows;2022;3;1008;1008;1008;EE;FI;Value on 3rd Wed. at 11;Import;Harmonized;M;M
Physical Energy & Power Flows;2022;3;707;707;707;EE;LV;Value on 3rd Wed. at 11;Export;Harmonized;M;M
Physical Energy & Power Flows;2022;3;345;345;345;EE;RU;Value on 3rd Wed. at 11;Export;Harmonized;M;NaM
Physical Energy & Power Flows;2022;3;110;110;110;ES;FR;Value on 3rd Wed. at 11;Import;Harmonized;M;M
Physical Energy & Power Flows;2022;3;334;334;334;ES;PT;Value on 3rd Wed. at 11;Export;Harmonized;M;M
Physical Energy & Power Flows;2022;3;1008;1008;1008;FI;EE;Value on 3rd Wed. at 11;Export;Harmonized;M;M
Physical Energy & Power Flows;2022;5;70;70;70;AL;GR;Value on 3rd Wed. at 11;Import;Harmonized;M;M
Physical Energy & Power Flows;2022;5;187;187;187;AL;ME;Value on 3rd Wed. at 11;Export;Harmonized;M;M
Physical Energy & Power Flows;2022;5;157;157;157;AL;XK;Value on 3rd Wed. at 11;Import;Harmonized;M;M
Physical Energy & Power Flows;2022;5;60;60;60;AM;GE;Value on 3rd Wed. at 11;Import;Harmonized;NaM;NaM
Physical Energy & Power Flows;2022;5;565;565;565;AT;CH;Value on 3rd Wed. at 11;Export;Harmonized;M;M
Physical Energy & Power Flows;2022;5;1127;1127;1127;AT;CZ;Value on 3rd Wed. at 11;Import;Harmonized;M;M
Physical Energy & Power Flows;2022;5;273;273;273;AT;DE;Value on 3rd Wed. at 11;Import;Harmonized;M;M
Physical Energy & Power Flows;2022;5;224;224;224;AT;HU;Value on 3rd Wed. at 11;Import;Harmonized;M;M
Physical Energy & Power Flows;2022;5;245;245;245;AT;IT;Value on 3rd Wed. at 11;Export;Harmonized;M;M
Physical Energy & Power Flows;2022;5;239;239;239;AT;SI;Value on 3rd Wed. at 11;Export;Harmonized;M;M
Physical Energy & Power Flows;2022;5;44;44;44;AZ;GE;Value on 3rd Wed. at 11;Import;Harmonized;NaM;NaM
Physical Energy & Power Flows;2022;5;307;307;307;BA;HR;Value on 3rd Wed. at 11;Export;Harmonized;M;M
Physical Energy & Power Flows;2022;5;66;66;66;BA;ME;Value on 3rd Wed. at 11;Export;Harmonized;M;M
Physical Energy & Power Flows;2022;5;61;61;61;BA;RS;Value on 3rd Wed. at 11;Export;Harmonized;M;M
Physical Energy & Power Flows;2022;5;0;0;0;BE;DE;Value on 3rd Wed. at 11;Import;Harmonized;M;M
Physical Energy & Power Flows;2022;5;1863;1863;1863;BE;FR;Value on 3rd Wed. at 11;Export;Harmonized;M;M
Physical Energy & Power Flows;2022;5;797;797;797;BE;GB;Value on 3rd Wed. at 11;Import;Harmonized;M;M
Physical Energy & Power Flows;2022;5;62;62;62;BE;LU;Value on 3rd Wed. at 11;Export;Harmonized;M;M
Physical Energy & Power Flows;2022;5;65;65;65;BE;NL;Value on 3rd Wed. at 11;Export;Harmonized;M;M
Physical Energy & Power Flows;2022;5;0;0;0;BG;GR;Value on 3rd Wed. at 11;Import;Harmonized;M;M
Physical Energy & Power Flows;2022;5;359;359;359;BG;MK;Value on 3rd Wed. at 11;Export;Harmonized;M;M
Physical Energy & Power Flows;2022;5;733;733;733;BG;RO;Value on 3rd Wed. at 11;Import;Harmonized;M;M
Physical Energy & Power Flows;2022;5;314;314;314;BG;RS;Value on 3rd Wed. at 11;Export;Harmonized;M;M
Physical Energy & Power Flows;2022;5;349;349;349;BG;TR;Value on 3rd Wed. at 11;Export;Harmonized;M;M
Physical Energy & Power Flows;2022;5;81;81;81;BY;LT;Value on 3rd Wed. at 11;Export;Harmonized;NaM;M
Physical Energy & Power Flows;2022;5;565;565;565;CH;AT;Value on 3rd Wed. at 11;Import;Harmonized;M;M
Physical Energy & Power Flows;2022;5;2174;2174;2174;CH;DE;Value on 3rd Wed. at 11;Import;Harmonized;M;M
Physical Energy & Power Flows;2022;5;661;661;661;CH;FR;Value on 3rd Wed. at 11;Export;Harmonized;M;M
Physical Energy & Power Flows;2022;5;2707;2707;2707;CH;IT;Value on 3rd Wed. at 11;Export;Harmonized;M;M
Physical Energy & Power Flows;2022;5;1127;1127;1127;CZ;AT;Value on 3rd Wed. at 11;Export;Harmonized;M;M
Physical Energy & Power Flows;2022;5;175;175;175;CZ;DE;Value on 3rd Wed. at 11;Export;Harmonized;M;M
Physical Energy & Power Flows;2022;5;1629;1629;1629;CZ;PL;Value on 3rd Wed. at 11;Import;Harmonized;M;M
Physical Energy & Power Flows;2022;5;340;340;340;CZ;SK;Value on 3rd Wed. at 11;Export;Harmonized;M;M
Physical Energy & Power Flows;2022;5;273;273;273;DE;AT;Value on 3rd Wed. at 11;Export;Harmonized;M;M
Physical Energy & Power Flows;2022;5;0;0;0;DE;BE;Value on 3rd Wed. at 11;Import;Harmonized;M;M
Physical Energy & Power Flows;2022;5;2174;2174;2174;DE;CH;Value on 3rd Wed. at 11;Export;Harmonized;M;M
Physical Energy & Power Flows;2022;5;175;175;175;DE;CZ;Value on 3rd Wed. at 11;Import;Harmonized;M;M
Physical Energy & Power Flows;2022;5;1632;1632;1632;DE;DK;Value on 3rd Wed. at 11;Import;Harmonized;M;M
Physical Energy & Power Flows;2022;5;1714;1714;1714;DE;FR;Value on 3rd Wed. at 11;Export;Harmonized;M;M
Physical Energy & Power Flows;2022;5;424;424;424;DE;LU;Value on 3rd Wed. at 11;Export;Harmonized;M;M
Physical Energy & Power Flows;2022;5;822;822;822;DE;NL;Value on 3rd Wed. at 11;Export;Harmonized;M;M
Physical Energy & Power Flows;2022;5;850;850;850;DE;NO;Value on 3rd Wed. at 11;Import;Harmonized;M;M
Physical Energy & Power Flows;2022;5;284;284;284;DE;PL;Value on 3rd Wed. at 11;Export;Harmonized;M;M
Physical Energy & Power Flows;2022;5;319;319;319;DE;SE;Value on 3rd Wed. at 11;Import;Harmonized;M;M
Physical Energy & Power Flows;2022;5;1632;1632;1632;DK;DE;Value on 3rd Wed. at 11;Export;Harmonized;M;M
Physical Energy & Power Flows;2022;5;291;291;291;DK;NL;Value on 3rd Wed. at 11;Import;Harmonized;M;M
Physical Energy & Power Flows;2022;6;363;363;363;CZ;SK;Value on 3rd Wed. at 03;Export;Harmonized;M;M
Physical Energy & Power Flows;2022;6;605;605;605;DE;AT;Value on 3rd Wed. at 03;Import;Harmonized;M;M
Physical Energy & Power Flows;2022;6;71;71;71;DE;BE;Value on 3rd Wed. at 03;Export;Harmonized;M;M
Physical Energy & Power Flows;2022;6;3088;3088;3088;DE;CH;Value on 3rd Wed. at 03;Export;Harmonized;M;M
Physical Energy & Power Flows;2022;6;1941;1941;1941;DE;CZ;Value on 3rd Wed. at 03;Import;Harmonized;M;M
Physical Energy & Power Flows;2022;6;2410;2410;2410;DE;DK;Value on 3rd Wed. at 03;Import;Harmonized;M;M
Physical Energy & Power Flows;2022;6;14;14;14;DE;FR;Value on 3rd Wed. at 03;Export;Harmonized;M;M
Physical Energy & Power Flows;2022;6;304;304;304;DE;LU;Value on 3rd Wed. at 03;Export;Harmonized;M;M
Physical Energy & Power Flows;2022;6;1566;1566;1566;DE;NL;Value on 3rd Wed. at 03;Import;Harmonized;M;M
Physical Energy & Power Flows;2022;6;1406;1406;1406;DE;NO;Value on 3rd Wed. at 03;Import;Harmonized;M;M
Physical Energy & Power Flows;2022;6;163;163;163;DE;PL;Value on 3rd Wed. at 03;Export;Harmonized;M;M
Physical Energy & Power Flows;2022;6;516;516;516;DE;SE;Value on 3rd Wed. at 03;Import;Harmonized;M;M
Physical Energy & Power Flows;2022;6;2410;2410;2410;DK;DE;Value on 3rd Wed. at 03;Export;Harmonized;M;M
Physical Energy & Power Flows;2022;6;1;1;1;DK;NL;Value on 3rd Wed. at 03;Import;Harmonized;M;M
Physical Energy & Power Flows;2022;6;1632;1632;1632;DK;NO;Value on 3rd Wed. at 03;Import;Harmonized;M;M
Physical Energy & Power Flows;2022;6;1916;1916;1916;DK;SE;Value on 3rd Wed. at 03;Import;Harmonized;M;M
Physical Energy & Power Flows;2022;6;1003;1003;1003;EE;FI;Value on 3rd Wed. at 03;Import;Harmonized;M;M
Physical Energy & Power Flows;2022;6;620;620;620;EE;LV;Value on 3rd Wed. at 03;Export;Harmonized;M;M
Physical Energy & Power Flows;2022;6;314;314;314;EE;RU;Value on 3rd Wed. at 03;Export;Harmonized;M;NaM
Physical Energy & Power Flows;2022;6;1182;1182;1182;ES;FR;Value on 3rd Wed. at 03;Export;Harmonized;M;M
Physical Energy & Power Flows;2022;6;1512;1512;1512;ES;PT;Value on 3rd Wed. at 03;Export;Harmonized;M;M
Physical Energy & Power Flows;2022;6;1003;1003;1003;FI;EE;Value on 3rd Wed. at 03;Export;Harmonized;M;M
Physical Energy & Power Flows;2022;6;48;48;48;FI;NO;Value on 3rd Wed. at 03;Import;Harmonized;M;M
Physical Energy & Power Flows;2022;6;0;0;0;FI;RU;Value on 3rd Wed. at 03;Export;Harmonized;M;NaM
Physical Energy & Power Flows;2022;6;2181;2181;2181;FI;SE;Value on 3rd Wed. at 03;Import;Harmonized;M;M
Physical Energy & Power Flows;2022;6;885;885;885;FR;BE;Value on 3rd Wed. at 03;Import;Harmonized;M;M
Physical Energy & Power Flows;2022;6;1572;1572;1572;FR;CH;Value on 3rd Wed. at 03;Export;Harmonized;M;M
Physical Energy & Power Flows;2022;6;14;14;14;FR;DE;Value on 3rd Wed. at 03;Import;Harmonized;M;M
Physical Energy & Power Flows;2022;6;1182;1182;1182;FR;ES;Value on 3rd Wed. at 03;Import;Harmonized;M;M
Physical Energy & Power Flows;2022;6;1654;1654;1654;FR;GB;Value on 3rd Wed. at 03;Import;Harmonized;M;M
Physical Energy & Power Flows;2022;6;2465;2465;2465;FR;IT;Value on 3rd Wed. at 03;Export;Harmonized;M;M
Physical Energy & Power Flows;2022;6;1001;1001;1001;GB;BE;Value on 3rd Wed. at 03;Export;Harmonized;M;M
Physical Energy & Power Flows;2022;6;1654;1654;1654;GB;FR;Value on 3rd Wed. at 03;Export;Harmonized;M;M
Physical Energy & Power Flows;2022;6;0;0;0;GB;IE;Value on 3rd Wed. at 03;Export;Harmonized;M;M
Physical Energy & Power Flows;2022;6;873;873;873;GB;NL;Value on 3rd Wed. at 03;Export;Harmonized;M;M
Physical Energy & Power Flows;2022;6;445;445;445;GB;NO;Value on 3rd Wed. at 03;Export;Harmonized;M;M
Physical Energy & Power Flows;2022;6;68;68;68;GE;AM;Value on 3rd Wed. at 03;Export;Harmonized;NaM;NaM
Physical Energy & Power Flows;2022;6;62;62;62;GE;AZ;Value on 3rd Wed. at 03;Import;Harmonized;NaM;NaM
Physical Energy & Power Flows;2022;6;12;12;12;GE;RU;Value on 3rd Wed. at 03;Import;Harmonized;NaM;NaM
Physical Energy & Power Flows;2022;6;530;530;530;GE;TR;Value on 3rd Wed. at 03;Export;Harmonized;NaM;M
Physical Energy & Power Flows;2022;6;149;149;149;GR;AL;Value on 3rd Wed. at 03;Export;Harmonized;M;M
Physical Energy & Power Flows;2022;6;403;403;403;GR;BG;Value on 3rd Wed. at 03;Import;Harmonized;M;M
Physical Energy & Power Flows;2022;6;0;0;0;GR;IT;Value on 3rd Wed. at 03;Import;Harmonized;M;M
Physical Energy & Power Flows;2022;6;324;324;324;GR;MK;Value on 3rd Wed. at 03;Import;Harmonized;M;M
Physical Energy & Power Flows;2022;6;506;506;506;GR;TR;Value on 3rd Wed. at 03;Import;Harmonized;M;M
Physical Energy & Power Flows;2022;6;586;586;586;HR;BA;Value on 3rd Wed. at 03;Import;Harmonized;M;M
Physical Energy & Power Flows;2022;6;296;296;296;HR;HU;Value on 3rd Wed. at 03;Import;Harmonized;M;M
Physical Energy & Power Flows;2022;6;205;205;205;HR;RS;Value on 3rd Wed. at 03;Import;Harmonized;M;M
Physical Energy & Power Flows;2022;6;787;787;787;HR;SI;Value on 3rd Wed. at 03;Export;Harmonized;M;M
Physical Energy & Power Flows;2022;6;512;512;512;HU;AT;Value on 3rd Wed. at 03;Export;Harmonized;M;M
Physical Energy & Power Flows;2022;6;296;296;296;HU;HR;Value on 3rd Wed. at 03;Export;Harmonized;M;M
Physical Energy & Power Flows;2022;6;169;169;169;HU;RO;Value on 3rd Wed. at 03;Import;Harmonized;M;M
Physical Energy & Power Flows;2022;6;219;219;219;HU;RS;Value on 3rd Wed. at 03;Import;Harmonized;M;M
Physical Energy & Power Flows;2022;6;517;517;517;BG;RS;Value on 3rd Wed. at 11;Export;Harmonized;M;M
Physical Energy & Power Flows;2022;6;270;270;270;BG;TR;Value on 3rd Wed. at 11;Export;Harmonized;M;M
Physical Energy & Power Flows;2022;6;122;122;122;BY;LT;Value on 3rd Wed. at 11;Import;Harmonized;NaM;M
Physical Energy & Power Flows;2022;6;81;81;81;CH;AT;Value on 3rd Wed. at 11;Import;Harmonized;M;M
Physical Energy & Power Flows;2022;6;2190;2190;2190;CH;DE;Value on 3rd Wed. at 11;Import;Harmonized;M;M
Physical Energy & Power Flows;2022;6;1840;1840;1840;CH;FR;Value on 3rd Wed. at 11;Export;Harmonized;M;M
Physical Energy & Power Flows;2022;6;1992;1992;1992;CH;IT;Value on 3rd Wed. at 11;Export;Harmonized;M;M
Physical Energy & Power Flows;2022;6;1305;1305;1305;CZ;AT;Value on 3rd Wed. at 11;Export;Harmonized;M;M
Physical Energy & Power Flows;2022;6;635;635;635;CZ;DE;Value on 3rd Wed. at 11;Import;Harmonized;M;M
Physical Energy & Power Flows;2022;6;592;592;592;CZ;PL;Value on 3rd Wed. at 11;Import;Harmonized;M;M
Physical Energy & Power Flows;2022;6;1145;1145;1145;CZ;SK;Value on 3rd Wed. at 11;Export;Harmonized;M;M
Physical Energy & Power Flows;2022;6;1116;1116;1116;DE;AT;Value on 3rd Wed. at 11;Export;Harmonized;M;M
Physical Energy & Power Flows;2022;6;49;49;49;DE;BE;Value on 3rd Wed. at 11;Import;Harmonized;M;M
Physical Energy & Power Flows;2022;6;2190;2190;2190;DE;CH;Value on 3rd Wed. at 11;Export;Harmonized;M;M
Physical Energy & Power Flows;2022;6;635;635;635;DE;CZ;Value on 3rd Wed. at 11;Export;Harmonized;M;M
Physical Energy & Power Flows;2022;6;1464;1464;1464;DE;DK;Value on 3rd Wed. at 11;Import;Harmonized;M;M
Physical Energy & Power Flows;2022;6;2753;2753;2753;DE;FR;Value on 3rd Wed. at 11;Export;Harmonized;M;M
Physical Energy & Power Flows;2022;6;432;432;432;DE;LU;Value on 3rd Wed. at 11;Export;Harmonized;M;M
Physical Energy & Power Flows;2022;6;309;309;309;DE;NL;Value on 3rd Wed. at 11;Import;Harmonized;M;M
Physical Energy & Power Flows;2022;6;529;529;529;DE;NO;Value on 3rd Wed. at 11;Import;Harmonized;M;M
Physical Energy & Power Flows;2022;6;1150;1150;1150;DE;PL;Value on 3rd Wed. at 11;Export;Harmonized;M;M
Physical Energy & Power Flows;2022;6;2;2;2;DE;SE;Value on 3rd Wed. at 11;Export;Harmonized;M;M
Physical Energy & Power Flows;2022;6;1464;1464;1464;DK;DE;Value on 3rd Wed. at 11;Export;Harmonized;M;M
Physical Energy & Power Flows;2022;6;675;675;675;DK;NL;Value on 3rd Wed. at 11;Import;Harmonized;M;M
Physical Energy & Power Flows;2022;6;1630;1630;1630;DK;NO;Value on 3rd Wed. at 11;Import;Harmonized;M;M
Physical Energy & Power Flows;2022;6;1026;1026;1026;DK;SE;Value on 3rd Wed. at 11;Import;Harmonized;M;M
Physical Energy & Power Flows;2022;6;390;390;390;EE;FI;Value on 3rd Wed. at 11;Import;Harmonized;M;M
Physical Energy & Power Flows;2022;6;375;375;375;EE;LV;Value on 3rd Wed. at 11;Export;Harmonized;M;M
Physical Energy & Power Flows;2022;6;64;64;64;EE;RU;Value on 3rd Wed. at 11;Export;Harmonized;M;NaM
Physical Energy & Power Flows;2022;6;418;418;418;ES;FR;Value on 3rd Wed. at 11;Export;Harmonized;M;M
Physical Energy & Power Flows;2022;6;2315;2315;2315;ES;PT;Value on 3rd Wed. at 11;Export;Harmonized;M;M
Physical Energy & Power Flows;2022;6;390;390;390;FI;EE;Value on 3rd Wed. at 11;Export;Harmonized;M;M
Physical Energy & Power Flows;2022;6;52;52;52;FI;NO;Value on 3rd Wed. at 11;Import;Harmonized;M;M
Physical Energy & Power Flows;2022;6;0;0;0;FI;RU;Value on 3rd Wed. at 11;Export;Harmonized;M;NaM
Physical Energy & Power Flows;2022;6;1338;1338;1338;FI;SE;Value on 3rd Wed. at 11;Import;Harmonized;M;M
Physical Energy & Power Flows;2022;6;1539;1539;1539;FR;BE;Value on 3rd Wed. at 11;Import;Harmonized;M;M
Physical Energy & Power Flows;2022;6;1840;1840;1840;FR;CH;Value on 3rd Wed. at 11;Import;Harmonized;M;M
Physical Energy & Power Flows;2022;6;2753;2753;2753;FR;DE;Value on 3rd Wed. at 11;Import;Harmonized;M;M
Physical Energy & Power Flows;2022;6;418;418;418;FR;ES;Value on 3rd Wed. at 11;Import;Harmonized;M;M
Physical Energy & Power Flows;2022;6;1876;1876;1876;FR;GB;Value on 3rd Wed. at 11;Import;Harmonized;M;M
Physical Energy & Power Flows;2022;6;1597;1597;1597;FR;IT;Value on 3rd Wed. at 11;Export;Harmonized;M;M
Physical Energy & Power Flows;2022;6;659;659;659;GB;BE;Value on 3rd Wed. at 11;Import;Harmonized;M;M
Physical Energy & Power Flows;2022;6;1876;1876;1876;GB;FR;Value on 3rd Wed. at 11;Export;Harmonized;M;M
Physical Energy & Power Flows;2022;6;113;113;113;GB;IE;Value on 3rd Wed. at 11;Export;Harmonized;M;M
Physical Energy & Power Flows;2022;6;1086;1086;1086;GB;NL;Value on 3rd Wed. at 11;Import;Harmonized;M;M
Physical Energy & Power Flows;2022;6;45;45;45;GB;NO;Value on 3rd Wed. at 11;Import;Harmonized;M;M
Physical Energy & Power Flows;2022;6;99;99;99;GE;AM;Value on 3rd Wed. at 11;Export;Harmonized;NaM;NaM
Physical Energy & Power Flows;2022;6;106;106;106;GE;AZ;Value on 3rd Wed. at 11;Import;Harmonized;NaM;NaM
Physical Energy & Power Flows;2022;6;12;12;12;GE;RU;Value on 3rd Wed. at 11;Import;Harmonized;NaM;NaM
Physical Energy & Power Flows;2022;6;530;530;530;GE;TR;Value on 3rd Wed. at 11;Export;Harmonized;NaM;M
Physical Energy & Power Flows;2022;6;412;412;412;GR;AL;Value on 3rd Wed. at 11;Export;Harmonized;M;M
Physical Energy & Power Flows;2022;6;211;211;211;GR;BG;Value on 3rd Wed. at 11;Import;Harmonized;M;M
Physical Energy & Power Flows;2022;6;0;0;0;GR;IT;Value on 3rd Wed. at 11;Import;Harmonized;M;M
Physical Energy & Power Flows;2022;7;600;600;600;AL;GR;Value on 3rd Wed. at 03;Import;Harmonized;M;M
Physical Energy & Power Flows;2022;7;408;408;408;AL;ME;Value on 3rd Wed. at 03;Export;Harmonized;M;M
Physical Energy & Power Flows;2022;7;257;257;257;AL;XK;Value on 3rd Wed. at 03;Import;Harmonized;M;M
Physical Energy & Power Flows;2022;7;0;0;0;AM;GE;Value on 3rd Wed. at 03;Import;Harmonized;NaM;NaM
Physical Energy & Power Flows;2022;7;97;97;97;AT;CH;Value on 3rd Wed. at 03;Export;Harmonized;M;M
Physical Energy & Power Flows;2022;7;1975;1975;1975;AT;CZ;Value on 3rd Wed. at 03;Import;Harmonized;M;M
Physical Energy & Power Flows;2022;7;1384;1384;1384;AT;DE;Value on 3rd Wed. at 03;Import;Harmonized;M;M
Physical Energy & Power Flows;2022;7;687;687;687;AT;HU;Value on 3rd Wed. at 03;Import;Harmonized;M;M
Physical Energy & Power Flows;2022;7;11;11;11;AT;IT;Value on 3rd Wed. at 03;Export;Harmonized;M;M
Physical Energy & Power Flows;2022;7;260;260;260;AT;SI;Value on 3rd Wed. at 03;Export;Harmonized;M;M
Physical Energy & Power Flows;2022;7;442;442;442;AZ;GE;Value on 3rd Wed. at 03;Export;Harmonized;NaM;NaM
Physical Energy & Power Flows;2022;7;868;868;868;BA;HR;Value on 3rd Wed. at 03;Export;Harmonized;M;M
Physical Energy & Power Flows;2022;7;227;227;227;BA;ME;Value on 3rd Wed. at 03;Import;Harmonized;M;M
Physical Energy & Power Flows;2022;7;0;0;0;SI;HU;Value on 3rd Wed. at 11;Import;Harmonized;M;M
Physical Energy & Power Flows;2022;7;770;770;770;SI;IT;Value on 3rd Wed. at 11;Export;Harmonized;M;M
Physical Energy & Power Flows;2022;7;886;886;886;SK;CZ;Value on 3rd Wed. at 11;Import;Harmonized;M;M
Physical Energy & Power Flows;2022;7;762;762;762;SK;HU;Value on 3rd Wed. at 11;Export;Harmonized;M;M
Physical Energy & Power Flows;2022;7;583;583;583;SK;PL;Value on 3rd Wed. at 11;Import;Harmonized;M;M
Physical Energy & Power Flows;2022;7;642;642;642;TR;GE;Value on 3rd Wed. at 11;Import;Harmonized;M;NaM
Physical Energy & Power Flows;2022;7;187;187;187;TR;GR;Value on 3rd Wed. at 11;Export;Harmonized;M;M
Physical Energy & Power Flows;2022;7;322;322;322;UA;HU;Value on 3rd Wed. at 11;Export;Harmonized;NaM;M
Physical Energy & Power Flows;2022;7;77;77;77;UA;MD;Value on 3rd Wed. at 11;Export;Harmonized;NaM;NaM
Physical Energy & Power Flows;2022;7;196;196;196;UA;PL;Value on 3rd Wed. at 11;Export;Harmonized;NaM;M
Physical Energy & Power Flows;2022;7;45;45;45;XK;AL;Value on 3rd Wed. at 11;Import;Harmonized;M;M
Physical Energy & Power Flows;2022;7;170;170;170;XK;ME;Value on 3rd Wed. at 11;Export;Harmonized;M;M
Physical Energy & Power Flows;2022;7;283;283;283;XK;MK;Value on 3rd Wed. at 11;Import;Harmonized;M;M
Physical Energy & Power Flows;2022;7;108;108;108;XK;RS;Value on 3rd Wed. at 11;Import;Harmonized;M;M
Physical Energy & Power Flows;2022;3;1873;1873;1873;AT;DE;Value on 3rd Wed. at 03;Import;Harmonized;M;M
Physical Energy & Power Flows;2022;3;98;98;98;AT;HU;Value on 3rd Wed. at 03;Export;Harmonized;M;M
Physical Energy & Power Flows;2022;3;174;174;174;AT;IT;Value on 3rd Wed. at 03;Export;Harmonized;M;M
Physical Energy & Power Flows;2022;3;718;718;718;AT;SI;Value on 3rd Wed. at 03;Export;Harmonized;M;M
Physical Energy & Power Flows;2022;3;0;0;0;AZ;GE;Value on 3rd Wed. at 03;Import;Harmonized;NaM;NaM
Physical Energy & Power Flows;2022;3;87;87;87;BA;HR;Value on 3rd Wed. at 03;Export;Harmonized;M;M
Physical Energy & Power Flows;2022;3;492;492;492;BA;ME;Value on 3rd Wed. at 03;Export;Harmonized;M;M
Physical Energy & Power Flows;2022;3;114;114;114;BA;RS;Value on 3rd Wed. at 03;Import;Harmonized;M;M
Physical Energy & Power Flows;2022;3;38;38;38;BE;DE;Value on 3rd Wed. at 03;Import;Harmonized;M;M
Physical Energy & Power Flows;2022;3;1481;1481;1481;BE;FR;Value on 3rd Wed. at 03;Export;Harmonized;M;M
Physical Energy & Power Flows;2022;3;14;14;14;BE;GB;Value on 3rd Wed. at 03;Import;Harmonized;M;M
Physical Energy & Power Flows;2022;3;6;6;6;BE;LU;Value on 3rd Wed. at 03;Export;Harmonized;M;M
Physical Energy & Power Flows;2022;3;1030;1030;1030;BE;NL;Value on 3rd Wed. at 03;Import;Harmonized;M;M
Physical Energy & Power Flows;2022;3;323;323;323;BG;GR;Value on 3rd Wed. at 03;Export;Harmonized;M;M
Physical Energy & Power Flows;2022;3;351;351;351;BG;MK;Value on 3rd Wed. at 03;Export;Harmonized;M;M
Physical Energy & Power Flows;2022;3;435;435;435;BG;RO;Value on 3rd Wed. at 03;Export;Harmonized;M;M
Physical Energy & Power Flows;2022;3;347;347;347;BG;RS;Value on 3rd Wed. at 03;Export;Harmonized;M;M
Physical Energy & Power Flows;2022;3;362;362;362;BG;TR;Value on 3rd Wed. at 03;Export;Harmonized;M;M
Physical Energy & Power Flows;2022;3;232;232;232;BY;LT;Value on 3rd Wed. at 03;Export;Harmonized;NaM;M
Physical Energy & Power Flows;2022;3;1278;1278;1278;CH;AT;Value on 3rd Wed. at 03;Import;Harmonized;M;M
Physical Energy & Power Flows;2022;3;3145;3145;3145;CH;DE;Value on 3rd Wed. at 03;Import;Harmonized;M;M
Physical Energy & Power Flows;2022;3;1579;1579;1579;CH;FR;Value on 3rd Wed. at 03;Import;Harmonized;M;M
Physical Energy & Power Flows;2022;3;3157;3157;3157;CH;IT;Value on 3rd Wed. at 03;Export;Harmonized;M;M
Physical Energy & Power Flows;2022;3;1728;1728;1728;CZ;AT;Value on 3rd Wed. at 03;Export;Harmonized;M;M
Physical Energy & Power Flows;2022;3;674;674;674;CZ;DE;Value on 3rd Wed. at 03;Export;Harmonized;M;M
Physical Energy & Power Flows;2022;3;1543;1543;1543;CZ;PL;Value on 3rd Wed. at 03;Import;Harmonized;M;M
Physical Energy & Power Flows;2022;3;1152;1152;1152;CZ;SK;Value on 3rd Wed. at 03;Export;Harmonized;M;M
Physical Energy & Power Flows;2022;3;1873;1873;1873;DE;AT;Value on 3rd Wed. at 03;Export;Harmonized;M;M
Physical Energy & Power Flows;2022;3;38;38;38;DE;BE;Value on 3rd Wed. at 03;Export;Harmonized;M;M
Physical Energy & Power Flows;2022;3;3145;3145;3145;DE;CH;Value on 3rd Wed. at 03;Export;Harmonized;M;M
Physical Energy & Power Flows;2022;3;674;674;674;DE;CZ;Value on 3rd Wed. at 03;Import;Harmonized;M;M
Physical Energy & Power Flows;2022;3;2364;2364;2364;DE;DK;Value on 3rd Wed. at 03;Import;Harmonized;M;M
Physical Energy & Power Flows;2022;3;286;286;286;DE;FR;Value on 3rd Wed. at 03;Import;Harmonized;M;M
Physical Energy & Power Flows;2022;3;427;427;427;DE;LU;Value on 3rd Wed. at 03;Export;Harmonized;M;M
Physical Energy & Power Flows;2022;3;209;209;209;DE;NL;Value on 3rd Wed. at 03;Export;Harmonized;M;M
Physical Energy & Power Flows;2022;3;1405;1405;1405;DE;NO;Value on 3rd Wed. at 03;Import;Harmonized;M;M
Physical Energy & Power Flows;2022;3;887;887;887;DE;PL;Value on 3rd Wed. at 03;Export;Harmonized;M;M
Physical Energy & Power Flows;2022;3;603;603;603;DE;SE;Value on 3rd Wed. at 03;Import;Harmonized;M;M
Physical Energy & Power Flows;2022;3;2364;2364;2364;DK;DE;Value on 3rd Wed. at 03;Export;Harmonized;M;M
Physical Energy & Power Flows;2022;3;87;87;87;DK;NL;Value on 3rd Wed. at 03;Export;Harmonized;M;M
Physical Energy & Power Flows;2022;3;1632;1632;1632;DK;NO;Value on 3rd Wed. at 03;Import;Harmonized;M;M
Physical Energy & Power Flows;2022;3;1332;1332;1332;DK;SE;Value on 3rd Wed. at 03;Import;Harmonized;M;M
Physical Energy & Power Flows;2022;3;1016;1016;1016;EE;FI;Value on 3rd Wed. at 03;Import;Harmonized;M;M
Physical Energy & Power Flows;2022;3;709;709;709;EE;LV;Value on 3rd Wed. at 03;Export;Harmonized;M;M
Physical Energy & Power Flows;2022;3;296;296;296;EE;RU;Value on 3rd Wed. at 03;Export;Harmonized;M;NaM
Physical Energy & Power Flows;2022;3;396;396;396;ES;FR;Value on 3rd Wed. at 03;Export;Harmonized;M;M
Physical Energy & Power Flows;2022;3;2156;2156;2156;ES;PT;Value on 3rd Wed. at 03;Export;Harmonized;M;M
Physical Energy & Power Flows;2022;3;1016;1016;1016;FI;EE;Value on 3rd Wed. at 03;Export;Harmonized;M;M
Physical Energy & Power Flows;2022;3;56;56;56;FI;NO;Value on 3rd Wed. at 03;Import;Harmonized;M;M
Physical Energy & Power Flows;2022;3;1430;1430;1430;FI;RU;Value on 3rd Wed. at 03;Import;Harmonized;M;NaM
Physical Energy & Power Flows;2022;3;1180;1180;1180;FI;SE;Value on 3rd Wed. at 03;Import;Harmonized;M;M
Physical Energy & Power Flows;2022;3;1481;1481;1481;FR;BE;Value on 3rd Wed. at 03;Import;Harmonized;M;M
Physical Energy & Power Flows;2022;3;1579;1579;1579;FR;CH;Value on 3rd Wed. at 03;Export;Harmonized;M;M
Physical Energy & Power Flows;2022;3;1806;1806;1806;SK;CZ;Value on 3rd Wed. at 11;Import;Harmonized;M;M
Physical Energy & Power Flows;2022;3;1574;1574;1574;SK;HU;Value on 3rd Wed. at 11;Export;Harmonized;M;M
Physical Energy & Power Flows;2022;3;865;865;865;SK;PL;Value on 3rd Wed. at 11;Import;Harmonized;M;M
Physical Energy & Power Flows;2022;3;34;34;34;TR;BG;Value on 3rd Wed. at 11;Export;Harmonized;M;M
Physical Energy & Power Flows;2022;3;112;112;112;TR;GE;Value on 3rd Wed. at 11;Import;Harmonized;M;NaM
Physical Energy & Power Flows;2022;3;161;161;161;TR;GR;Value on 3rd Wed. at 11;Export;Harmonized;M;M
Physical Energy & Power Flows;2022;3;157;157;157;UA;HU;Value on 3rd Wed. at 11;Export;Harmonized;NaM;M
Physical Energy & Power Flows;2022;3;47;47;47;UA;MD;Value on 3rd Wed. at 11;Import;Harmonized;NaM;NaM
Physical Energy & Power Flows;2022;3;0;0;0;UA;PL;Value on 3rd Wed. at 11;Import;Harmonized;NaM;M
Physical Energy & Power Flows;2022;3;294;294;294;UA;RO;Value on 3rd Wed. at 11;Export;Harmonized;NaM;M
Physical Energy & Power Flows;2022;3;191;191;191;XK;AL;Value on 3rd Wed. at 11;Import;Harmonized;M;M
Physical Energy & Power Flows;2022;3;60;60;60;XK;ME;Value on 3rd Wed. at 11;Import;Harmonized;M;M
Physical Energy & Power Flows;2022;3;148;148;148;XK;MK;Value on 3rd Wed. at 11;Import;Harmonized;M;M
Physical Energy & Power Flows;2022;3;119;119;119;XK;RS;Value on 3rd Wed. at 11;Export;Harmonized;M;M
Physical Energy & Power Flows;2022;4;100;100;100;AL;GR;Value on 3rd Wed. at 03;Export;Harmonized;M;M
Physical Energy & Power Flows;2022;4;8;8;8;AL;ME;Value on 3rd Wed. at 03;Import;Harmonized;M;M
Physical Energy & Power Flows;2022;4;51;51;51;AL;XK;Value on 3rd Wed. at 03;Import;Harmonized;M;M
Physical Energy & Power Flows;2022;4;36;36;36;AM;GE;Value on 3rd Wed. at 03;Export;Harmonized;NaM;NaM
Physical Energy & Power Flows;2022;4;0;0;0;GR;TR;Value on 3rd Wed. at 11;Import;Harmonized;M;M
Physical Energy & Power Flows;2022;4;60;60;60;AT;CH;Value on 3rd Wed. at 03;Import;Harmonized;M;M
Physical Energy & Power Flows;2022;4;1155;1155;1155;AT;CZ;Value on 3rd Wed. at 03;Import;Harmonized;M;M
Physical Energy & Power Flows;2022;4;701;701;701;AT;DE;Value on 3rd Wed. at 03;Import;Harmonized;M;M
Physical Energy & Power Flows;2022;4;692;692;692;AT;HU;Value on 3rd Wed. at 03;Export;Harmonized;M;M
Physical Energy & Power Flows;2022;4;195;195;195;AT;IT;Value on 3rd Wed. at 03;Export;Harmonized;M;M
Physical Energy & Power Flows;2022;4;941;941;941;AT;SI;Value on 3rd Wed. at 03;Export;Harmonized;M;M
Physical Energy & Power Flows;2022;4;0;0;0;AZ;GE;Value on 3rd Wed. at 03;Import;Harmonized;NaM;NaM
Physical Energy & Power Flows;2022;4;20;20;20;BA;HR;Value on 3rd Wed. at 03;Import;Harmonized;M;M
Physical Energy & Power Flows;2022;4;420;420;420;BA;ME;Value on 3rd Wed. at 03;Export;Harmonized;M;M
Physical Energy & Power Flows;2022;4;11;11;11;BA;RS;Value on 3rd Wed. at 03;Import;Harmonized;M;M
Physical Energy & Power Flows;2022;4;920;920;920;BE;DE;Value on 3rd Wed. at 03;Export;Harmonized;M;M
Physical Energy & Power Flows;2022;4;1099;1099;1099;BE;FR;Value on 3rd Wed. at 03;Import;Harmonized;M;M
Physical Energy & Power Flows;2022;4;863;863;863;BE;GB;Value on 3rd Wed. at 03;Import;Harmonized;M;M
Physical Energy & Power Flows;2022;4;415;415;415;ME;IT;Value on 3rd Wed. at 11;Export;Harmonized;M;M
Physical Energy & Power Flows;2022;4;258;258;258;ME;RS;Value on 3rd Wed. at 11;Import;Harmonized;M;M
Physical Energy & Power Flows;2022;4;157;157;157;ME;XK;Value on 3rd Wed. at 11;Export;Harmonized;M;M
Physical Energy & Power Flows;2022;4;329;329;329;MK;BG;Value on 3rd Wed. at 11;Import;Harmonized;M;M
Physical Energy & Power Flows;2022;4;152;152;152;MK;GR;Value on 3rd Wed. at 11;Export;Harmonized;M;M
Physical Energy & Power Flows;2022;4;30;30;30;MK;RS;Value on 3rd Wed. at 11;Export;Harmonized;M;M
Physical Energy & Power Flows;2022;4;126;126;126;MK;XK;Value on 3rd Wed. at 11;Import;Harmonized;M;M
Physical Energy & Power Flows;2022;4;102;102;102;MT;IT;Value on 3rd Wed. at 11;Import;Harmonized;NaM;M
Physical Energy & Power Flows;2022;4;608;608;608;NL;BE;Value on 3rd Wed. at 11;Export;Harmonized;M;M
Physical Energy & Power Flows;2022;4;71;71;71;NL;DE;Value on 3rd Wed. at 11;Import;Harmonized;M;M
Physical Energy & Power Flows;2022;4;690;690;690;NL;DK;Value on 3rd Wed. at 11;Export;Harmonized;M;M
Physical Energy & Power Flows;2022;4;533;533;533;NL;GB;Value on 3rd Wed. at 11;Export;Harmonized;M;M
Physical Energy & Power Flows;2022;4;431;431;431;NL;NO;Value on 3rd Wed. at 11;Export;Harmonized;M;M
Physical Energy & Power Flows;2022;4;96;96;96;NO;DE;Value on 3rd Wed. at 11;Import;Harmonized;M;M
Physical Energy & Power Flows;2022;4;159;159;159;NO;DK;Value on 3rd Wed. at 11;Export;Harmonized;M;M
Physical Energy & Power Flows;2022;4;30;30;30;NO;FI;Value on 3rd Wed. at 11;Export;Harmonized;M;M
Physical Energy & Power Flows;2022;4;2;2;2;NO;GB;Value on 3rd Wed. at 11;Export;Harmonized;M;M
Physical Energy & Power Flows;2022;4;431;431;431;NO;NL;Value on 3rd Wed. at 11;Import;Harmonized;M;M
Physical Energy & Power Flows;2022;4;1300;1300;1300;NO;SE;Value on 3rd Wed. at 11;Import;Harmonized;M;M
Physical Energy & Power Flows;2022;4;646;646;646;PL;CZ;Value on 3rd Wed. at 11;Export;Harmonized;M;M
Physical Energy & Power Flows;2022;4;904;904;904;PL;DE;Value on 3rd Wed. at 11;Import;Harmonized;M;M
Physical Energy & Power Flows;2022;4;331;331;331;HR;BA;Value on 3rd Wed. at 11;Export;Harmonized;M;M
Physical Energy & Power Flows;2022;4;849;849;849;HR;HU;Value on 3rd Wed. at 11;Import;Harmonized;M;M
Physical Energy & Power Flows;2022;4;138;138;138;HR;RS;Value on 3rd Wed. at 11;Export;Harmonized;M;M
Physical Energy & Power Flows;2022;4;218;218;218;HR;SI;Value on 3rd Wed. at 11;Import;Harmonized;M;M
Physical Energy & Power Flows;2022;4;960;960;960;HU;AT;Value on 3rd Wed. at 11;Import;Harmonized;M;M
Physical Energy & Power Flows;2022;4;849;849;849;HU;HR;Value on 3rd Wed. at 11;Export;Harmonized;M;M
Physical Energy & Power Flows;2022;4;424;424;424;HU;RO;Value on 3rd Wed. at 11;Export;Harmonized;M;M
Physical Energy & Power Flows;2022;4;278;278;278;HU;RS;Value on 3rd Wed. at 11;Export;Harmonized;M;M
Physical Energy & Power Flows;2022;4;955;955;955;HU;SK;Value on 3rd Wed. at 11;Import;Harmonized;M;M
Physical Energy & Power Flows;2022;4;7;7;7;HU;UA;Value on 3rd Wed. at 11;Export;Harmonized;M;NaM
Physical Energy & Power Flows;2022;4;227;227;227;IT;AT;Value on 3rd Wed. at 11;Import;Harmonized;M;M
Physical Energy & Power Flows;2022;4;3140;3140;3140;IT;CH;Value on 3rd Wed. at 11;Import;Harmonized;M;M
Physical Energy & Power Flows;2022;4;1230;1230;1230;IT;FR;Value on 3rd Wed. at 11;Import;Harmonized;M;M
Physical Energy & Power Flows;2022;4;109;109;109;IT;GR;Value on 3rd Wed. at 11;Export;Harmonized;M;M
Physical Energy & Power Flows;2022;4;415;415;415;IT;ME;Value on 3rd Wed. at 11;Import;Harmonized;M;M
Physical Energy & Power Flows;2022;4;102;102;102;IT;MT;Value on 3rd Wed. at 11;Export;Harmonized;M;NaM
Physical Energy & Power Flows;2022;4;862;862;862;IT;SI;Value on 3rd Wed. at 11;Import;Harmonized;M;M
Physical Energy & Power Flows;2022;4;200;200;200;LT;BY;Value on 3rd Wed. at 11;Import;Harmonized;M;NaM
Physical Energy & Power Flows;2022;4;629;629;629;LT;LV;Value on 3rd Wed. at 11;Import;Harmonized;M;M
Physical Energy & Power Flows;2022;4;486;486;486;LT;PL;Value on 3rd Wed. at 11;Export;Harmonized;M;M
Physical Energy & Power Flows;2022;4;192;192;192;LT;RU;Value on 3rd Wed. at 11;Import;Harmonized;M;NaM
Physical Energy & Power Flows;2022;4;393;393;393;LT;SE;Value on 3rd Wed. at 11;Import;Harmonized;M;M
Physical Energy & Power Flows;2022;4;64;64;64;LU;BE;Value on 3rd Wed. at 11;Import;Harmonized;M;M
Physical Energy & Power Flows;2022;4;343;343;343;LU;DE;Value on 3rd Wed. at 11;Import;Harmonized;M;M
Physical Energy & Power Flows;2022;4;271;271;271;LV;EE;Value on 3rd Wed. at 11;Import;Harmonized;M;M
Physical Energy & Power Flows;2022;4;629;629;629;LV;LT;Value on 3rd Wed. at 11;Export;Harmonized;M;M
Physical Energy & Power Flows;2022;4;15;15;15;LV;RU;Value on 3rd Wed. at 11;Export;Harmonized;M;NaM
Physical Energy & Power Flows;2022;4;0;0;0;MD;RO;Value on 3rd Wed. at 11;Import;Harmonized;NaM;M
Physical Energy & Power Flows;2022;4;12;12;12;MD;UA;Value on 3rd Wed. at 11;Export;Harmonized;NaM;NaM
Physical Energy & Power Flows;2022;4;114;114;114;ME;AL;Value on 3rd Wed. at 11;Export;Harmonized;M;M
Physical Energy & Power Flows;2022;4;537;537;537;ME;BA;Value on 3rd Wed. at 11;Import;Harmonized;M;M
Physical Energy & Power Flows;2022;5;11;11;11;RS;HU;Value on 3rd Wed. at 03;Export;Harmonized;M;M
Physical Energy & Power Flows;2022;5;31;31;31;LT;SE;Value on 3rd Wed. at 03;Import;Harmonized;M;M
Physical Energy & Power Flows;2022;5;227;227;227;LU;BE;Value on 3rd Wed. at 03;Import;Harmonized;M;M
Physical Energy & Power Flows;2022;5;134;134;134;LU;DE;Value on 3rd Wed. at 03;Import;Harmonized;M;M
Physical Energy & Power Flows;2022;5;708;708;708;LV;EE;Value on 3rd Wed. at 03;Import;Harmonized;M;M
Physical Energy & Power Flows;2022;5;385;385;385;LV;LT;Value on 3rd Wed. at 03;Export;Harmonized;M;M
Physical Energy & Power Flows;2022;5;155;155;155;LV;RU;Value on 3rd Wed. at 03;Import;Harmonized;M;NaM
Physical Energy & Power Flows;2022;5;442;442;442;MD;RO;Value on 3rd Wed. at 03;Import;Harmonized;NaM;M
Physical Energy & Power Flows;2022;5;380;380;380;MD;UA;Value on 3rd Wed. at 03;Export;Harmonized;NaM;NaM
Physical Energy & Power Flows;2022;5;54;54;54;ME;AL;Value on 3rd Wed. at 03;Import;Harmonized;M;M
Physical Energy & Power Flows;2022;5;277;277;277;ME;BA;Value on 3rd Wed. at 03;Import;Harmonized;M;M
Physical Energy & Power Flows;2022;5;551;551;551;ME;IT;Value on 3rd Wed. at 03;Export;Harmonized;M;M
Physical Energy & Power Flows;2022;5;130;130;130;ME;RS;Value on 3rd Wed. at 03;Export;Harmonized;M;M
Physical Energy & Power Flows;2022;5;222;222;222;ME;XK;Value on 3rd Wed. at 03;Import;Harmonized;M;M
Physical Energy & Power Flows;2022;5;369;369;369;MK;BG;Value on 3rd Wed. at 03;Import;Harmonized;M;M
Physical Energy & Power Flows;2022;5;489;489;489;MK;GR;Value on 3rd Wed. at 03;Export;Harmonized;M;M
Physical Energy & Power Flows;2022;5;28;28;28;MK;RS;Value on 3rd Wed. at 03;Export;Harmonized;M;M
Physical Energy & Power Flows;2022;5;86;86;86;MK;XK;Value on 3rd Wed. at 03;Import;Harmonized;M;M
Physical Energy & Power Flows;2022;5;39;39;39;MT;IT;Value on 3rd Wed. at 03;Import;Harmonized;NaM;M
Physical Energy & Power Flows;2022;5;1459;1459;1459;NL;BE;Value on 3rd Wed. at 03;Import;Harmonized;M;M
Physical Energy & Power Flows;2022;5;1367;1367;1367;NL;DE;Value on 3rd Wed. at 03;Import;Harmonized;M;M
Physical Energy & Power Flows;2022;5;700;700;700;NL;DK;Value on 3rd Wed. at 03;Import;Harmonized;M;M
Physical Energy & Power Flows;2022;5;0;0;0;NL;GB;Value on 3rd Wed. at 03;Export;Harmonized;M;M
Physical Energy & Power Flows;2022;5;0;0;0;NL;NO;Value on 3rd Wed. at 03;Import;Harmonized;M;M
Physical Energy & Power Flows;2022;5;955;955;955;NO;DE;Value on 3rd Wed. at 03;Export;Harmonized;M;M
Physical Energy & Power Flows;2022;5;22;22;22;NO;DK;Value on 3rd Wed. at 03;Import;Harmonized;M;M
Physical Energy & Power Flows;2022;5;46;46;46;NO;FI;Value on 3rd Wed. at 03;Export;Harmonized;M;M
Physical Energy & Power Flows;2022;5;694;694;694;NO;GB;Value on 3rd Wed. at 03;Import;Harmonized;M;M
Physical Energy & Power Flows;2022;5;0;0;0;NO;NL;Value on 3rd Wed. at 03;Import;Harmonized;M;M
Physical Energy & Power Flows;2022;5;878;878;878;NO;SE;Value on 3rd Wed. at 03;Import;Harmonized;M;M
Physical Energy & Power Flows;2022;5;1578;1578;1578;PL;CZ;Value on 3rd Wed. at 03;Export;Harmonized;M;M
Physical Energy & Power Flows;2022;5;427;427;427;PL;DE;Value on 3rd Wed. at 03;Import;Harmonized;M;M
Physical Energy & Power Flows;2022;5;0;0;0;PL;LT;Value on 3rd Wed. at 03;Import;Harmonized;M;M
Physical Energy & Power Flows;2022;5;598;598;598;PL;SE;Value on 3rd Wed. at 03;Import;Harmonized;M;M
Physical Energy & Power Flows;2022;5;900;900;900;PL;SK;Value on 3rd Wed. at 03;Export;Harmonized;M;M
Physical Energy & Power Flows;2022;5;218;218;218;PL;UA;Value on 3rd Wed. at 03;Import;Harmonized;M;NaM
Physical Energy & Power Flows;2022;5;1005;1005;1005;PT;ES;Value on 3rd Wed. at 03;Import;Harmonized;M;M
Physical Energy & Power Flows;2022;5;441;441;441;RO;BG;Value on 3rd Wed. at 03;Export;Harmonized;M;M
Physical Energy & Power Flows;2022;5;9;9;9;RO;HU;Value on 3rd Wed. at 03;Import;Harmonized;M;M
Physical Energy & Power Flows;2022;5;442;442;442;RO;MD;Value on 3rd Wed. at 03;Export;Harmonized;M;NaM
Physical Energy & Power Flows;2022;5;557;557;557;RO;RS;Value on 3rd Wed. at 03;Export;Harmonized;M;M
Physical Energy & Power Flows;2022;5;45;45;45;RO;UA;Value on 3rd Wed. at 03;Import;Harmonized;M;NaM
Physical Energy & Power Flows;2022;5;4;4;4;RS;BA;Value on 3rd Wed. at 03;Export;Harmonized;M;M
Physical Energy & Power Flows;2022;5;366;366;366;RS;BG;Value on 3rd Wed. at 03;Import;Harmonized;M;M
Physical Energy & Power Flows;2022;5;102;102;102;RS;HR;Value on 3rd Wed. at 03;Export;Harmonized;M;M
Physical Energy & Power Flows;2022;5;130;130;130;RS;ME;Value on 3rd Wed. at 03;Import;Harmonized;M;M
Physical Energy & Power Flows;2022;5;28;28;28;RS;MK;Value on 3rd Wed. at 03;Import;Harmonized;M;M
Physical Energy & Power Flows;2022;5;557;557;557;RS;RO;Value on 3rd Wed. at 03;Import;Harmonized;M;M
Physical Energy & Power Flows;2022;5;206;206;206;RS;XK;Value on 3rd Wed. at 03;Export;Harmonized;M;M
Physical Energy & Power Flows;2022;5;331;331;331;RU;EE;Value on 3rd Wed. at 03;Import;Harmonized;NaM;M
Physical Energy & Power Flows;2022;5;0;0;0;RU;FI;Value on 3rd Wed. at 03;Import;Harmonized;NaM;M
Physical Energy & Power Flows;2022;5;16;16;16;RU;GE;Value on 3rd Wed. at 03;Export;Harmonized;NaM;NaM
Physical Energy & Power Flows;2022;5;144;144;144;RU;LT;Value on 3rd Wed. at 03;Export;Harmonized;NaM;M
Physical Energy & Power Flows;2022;6;412;412;412;AL;GR;Value on 3rd Wed. at 11;Import;Harmonized;M;M
Physical Energy & Power Flows;2022;6;201;201;201;AL;ME;Value on 3rd Wed. at 11;Export;Harmonized;M;M
Physical Energy & Power Flows;2022;6;221;221;221;AL;XK;Value on 3rd Wed. at 11;Import;Harmonized;M;M
Physical Energy & Power Flows;2022;6;99;99;99;AM;GE;Value on 3rd Wed. at 11;Import;Harmonized;NaM;NaM
Physical Energy & Power Flows;2022;6;81;81;81;AT;CH;Value on 3rd Wed. at 11;Export;Harmonized;M;M
Physical Energy & Power Flows;2022;6;1305;1305;1305;AT;CZ;Value on 3rd Wed. at 11;Import;Harmonized;M;M
Physical Energy & Power Flows;2022;6;1116;1116;1116;AT;DE;Value on 3rd Wed. at 11;Import;Harmonized;M;M
Physical Energy & Power Flows;2022;6;200;200;200;AT;HU;Value on 3rd Wed. at 11;Export;Harmonized;M;M
Physical Energy & Power Flows;2022;6;231;231;231;AT;IT;Value on 3rd Wed. at 11;Export;Harmonized;M;M
Physical Energy & Power Flows;2022;6;946;946;946;AT;SI;Value on 3rd Wed. at 11;Export;Harmonized;M;M
Physical Energy & Power Flows;2022;6;106;106;106;AZ;GE;Value on 3rd Wed. at 11;Export;Harmonized;NaM;NaM
Physical Energy & Power Flows;2022;6;131;131;131;BA;HR;Value on 3rd Wed. at 11;Export;Harmonized;M;M
Physical Energy & Power Flows;2022;6;174;174;174;BA;ME;Value on 3rd Wed. at 11;Export;Harmonized;M;M
Physical Energy & Power Flows;2022;6;96;96;96;BA;RS;Value on 3rd Wed. at 11;Import;Harmonized;M;M
Physical Energy & Power Flows;2022;6;49;49;49;BE;DE;Value on 3rd Wed. at 11;Export;Harmonized;M;M
Physical Energy & Power Flows;2022;6;1539;1539;1539;BE;FR;Value on 3rd Wed. at 11;Export;Harmonized;M;M
Physical Energy & Power Flows;2022;6;659;659;659;BE;GB;Value on 3rd Wed. at 11;Export;Harmonized;M;M
Physical Energy & Power Flows;2022;6;43;43;43;BE;LU;Value on 3rd Wed. at 11;Export;Harmonized;M;M
Physical Energy & Power Flows;2022;6;1845;1845;1845;BE;NL;Value on 3rd Wed. at 11;Import;Harmonized;M;M
Physical Energy & Power Flows;2022;6;211;211;211;BG;GR;Value on 3rd Wed. at 11;Export;Harmonized;M;M
Physical Energy & Power Flows;2022;6;322;322;322;BG;MK;Value on 3rd Wed. at 11;Export;Harmonized;M;M
Physical Energy & Power Flows;2022;6;1053;1053;1053;BG;RO;Value on 3rd Wed. at 11;Export;Harmonized;M;M
Physical Energy & Power Flows;2022;2;1092;1092;1092;BE;NL;Value on 3rd Wed. at 03;Export;Harmonized;M;M
Physical Energy & Power Flows;2022;2;490;490;490;BG;GR;Value on 3rd Wed. at 03;Export;Harmonized;M;M
Physical Energy & Power Flows;2022;2;516;516;516;BG;MK;Value on 3rd Wed. at 03;Export;Harmonized;M;M
Physical Energy & Power Flows;2022;2;80;80;80;BG;RO;Value on 3rd Wed. at 03;Export;Harmonized;M;M
Physical Energy & Power Flows;2022;2;518;518;518;BG;RS;Value on 3rd Wed. at 03;Export;Harmonized;M;M
Physical Energy & Power Flows;2022;2;507;507;507;BG;TR;Value on 3rd Wed. at 03;Export;Harmonized;M;M
Physical Energy & Power Flows;2022;2;363;363;363;BY;LT;Value on 3rd Wed. at 03;Export;Harmonized;NaM;M
Physical Energy & Power Flows;2022;2;53;53;53;BY;UA;Value on 3rd Wed. at 03;Export;Harmonized;NaM;NaM
Physical Energy & Power Flows;2022;2;908;908;908;CH;AT;Value on 3rd Wed. at 03;Import;Harmonized;M;M
Physical Energy & Power Flows;2022;2;3926;3926;3926;CH;DE;Value on 3rd Wed. at 03;Import;Harmonized;M;M
Physical Energy & Power Flows;2022;2;1565;1565;1565;CH;FR;Value on 3rd Wed. at 03;Import;Harmonized;M;M
Physical Energy & Power Flows;2022;2;53;53;53;UA;BY;Value on 3rd Wed. at 03;Import;Harmonized;NaM;NaM
Physical Energy & Power Flows;2022;2;496;496;496;UA;HU;Value on 3rd Wed. at 03;Export;Harmonized;NaM;M
Physical Energy & Power Flows;2022;2;37;37;37;UA;MD;Value on 3rd Wed. at 03;Export;Harmonized;NaM;NaM
Physical Energy & Power Flows;2022;2;217;217;217;UA;PL;Value on 3rd Wed. at 03;Export;Harmonized;NaM;M
Physical Energy & Power Flows;2022;2;391;391;391;UA;RO;Value on 3rd Wed. at 03;Export;Harmonized;NaM;M
Physical Energy & Power Flows;2022;2;375;375;375;UA;RU;Value on 3rd Wed. at 03;Import;Harmonized;NaM;NaM
Physical Energy & Power Flows;2022;2;500;500;500;GB;IE;Value on 3rd Wed. at 03;Import;Harmonized;M;M
Physical Energy & Power Flows;2022;2;445;445;445;GB;NL;Value on 3rd Wed. at 03;Import;Harmonized;M;M
Physical Energy & Power Flows;2022;2;1050;1050;1050;GB;NO;Value on 3rd Wed. at 03;Import;Harmonized;M;M
Physical Energy & Power Flows;2022;2;107;107;107;GE;AM;Value on 3rd Wed. at 03;Import;Harmonized;NaM;NaM
Physical Energy & Power Flows;2022;2;345;345;345;GE;AZ;Value on 3rd Wed. at 03;Import;Harmonized;NaM;NaM
Physical Energy & Power Flows;2022;2;1150;1150;1150;NO;DK;Value on 3rd Wed. at 03;Import;Harmonized;M;M
Physical Energy & Power Flows;2022;2;49;49;49;NO;FI;Value on 3rd Wed. at 03;Export;Harmonized;M;M
Physical Energy & Power Flows;2022;2;1050;1050;1050;NO;GB;Value on 3rd Wed. at 03;Export;Harmonized;M;M
Physical Energy & Power Flows;2022;2;0;0;0;NO;NL;Value on 3rd Wed. at 03;Import;Harmonized;M;M
Physical Energy & Power Flows;2022;2;708;708;708;NO;SE;Value on 3rd Wed. at 03;Import;Harmonized;M;M
Physical Energy & Power Flows;2022;2;555;555;555;PL;CZ;Value on 3rd Wed. at 03;Export;Harmonized;M;M
Physical Energy & Power Flows;2022;2;967;967;967;PL;DE;Value on 3rd Wed. at 03;Import;Harmonized;M;M
Physical Energy & Power Flows;2022;2;227;227;227;PL;LT;Value on 3rd Wed. at 03;Export;Harmonized;M;M
Physical Energy & Power Flows;2022;2;417;417;417;PL;SE;Value on 3rd Wed. at 03;Import;Harmonized;M;M
Physical Energy & Power Flows;2022;2;849;849;849;PL;SK;Value on 3rd Wed. at 03;Export;Harmonized;M;M
Physical Energy & Power Flows;2022;2;217;217;217;PL;UA;Value on 3rd Wed. at 03;Import;Harmonized;M;NaM
Physical Energy & Power Flows;2022;2;3145;3145;3145;PT;ES;Value on 3rd Wed. at 03;Import;Harmonized;M;M
Physical Energy & Power Flows;2022;2;80;80;80;RO;BG;Value on 3rd Wed. at 03;Import;Harmonized;M;M
Physical Energy & Power Flows;2022;2;291;291;291;RO;HU;Value on 3rd Wed. at 03;Import;Harmonized;M;M
Physical Energy & Power Flows;2022;2;0;0;0;RO;MD;Value on 3rd Wed. at 03;Import;Harmonized;M;NaM
Physical Energy & Power Flows;2022;2;443;443;443;RO;RS;Value on 3rd Wed. at 03;Export;Harmonized;M;M
Physical Energy & Power Flows;2022;2;391;391;391;RO;UA;Value on 3rd Wed. at 03;Import;Harmonized;M;NaM
Physical Energy & Power Flows;2022;2;15;15;15;RS;BA;Value on 3rd Wed. at 03;Import;Harmonized;M;M
Physical Energy & Power Flows;2022;2;518;518;518;RS;BG;Value on 3rd Wed. at 03;Import;Harmonized;M;M
Physical Energy & Power Flows;2022;2;142;142;142;RS;HR;Value on 3rd Wed. at 03;Import;Harmonized;M;M
Physical Energy & Power Flows;2022;2;327;327;327;RS;HU;Value on 3rd Wed. at 03;Import;Harmonized;M;M
Physical Energy & Power Flows;2022;2;217;217;217;RS;ME;Value on 3rd Wed. at 03;Import;Harmonized;M;M
Physical Energy & Power Flows;2022;2;52;52;52;RS;MK;Value on 3rd Wed. at 03;Export;Harmonized;M;M
Physical Energy & Power Flows;2022;2;443;443;443;RS;RO;Value on 3rd Wed. at 03;Import;Harmonized;M;M
Physical Energy & Power Flows;2022;2;428;428;428;RS;XK;Value on 3rd Wed. at 03;Export;Harmonized;M;M
Physical Energy & Power Flows;2022;9;0;0;0;FI;NO;Monthly Value;Export;Harmonized;M;M
Physical Energy & Power Flows;2022;2;222;222;222;RU;EE;Value on 3rd Wed. at 03;Import;Harmonized;NaM;M
Physical Energy & Power Flows;2022;2;490;490;490;RU;FI;Value on 3rd Wed. at 03;Export;Harmonized;NaM;M
Physical Energy & Power Flows;2022;2;350;350;350;RU;GE;Value on 3rd Wed. at 03;Export;Harmonized;NaM;NaM
Physical Energy & Power Flows;2022;2;281;281;281;RU;LT;Value on 3rd Wed. at 03;Export;Harmonized;NaM;M
Physical Energy & Power Flows;2022;2;83;83;83;RU;LV;Value on 3rd Wed. at 03;Export;Harmonized;NaM;M
Physical Energy & Power Flows;2022;2;375;375;375;RU;UA;Value on 3rd Wed. at 03;Export;Harmonized;NaM;NaM
Physical Energy & Power Flows;2022;2;604;604;604;SE;DE;Value on 3rd Wed. at 03;Export;Harmonized;M;M
Physical Energy & Power Flows;2022;2;1377;1377;1377;SE;DK;Value on 3rd Wed. at 03;Export;Harmonized;M;M
Physical Energy & Power Flows;2022;2;1934;1934;1934;SE;FI;Value on 3rd Wed. at 03;Export;Harmonized;M;M
Physical Energy & Power Flows;2022;2;711;711;711;SE;LT;Value on 3rd Wed. at 03;Export;Harmonized;M;M
Physical Energy & Power Flows;2022;2;708;708;708;SE;NO;Value on 3rd Wed. at 03;Export;Harmonized;M;M
Physical Energy & Power Flows;2022;2;417;417;417;SE;PL;Value on 3rd Wed. at 03;Export;Harmonized;M;M
Physical Energy & Power Flows;2022;2;1129;1129;1129;SI;AT;Value on 3rd Wed. at 03;Import;Harmonized;M;M
Physical Energy & Power Flows;2022;2;273;273;273;SI;HR;Value on 3rd Wed. at 03;Import;Harmonized;M;M
Physical Energy & Power Flows;2022;2;1057;1057;1057;SI;IT;Value on 3rd Wed. at 03;Export;Harmonized;M;M
Physical Energy & Power Flows;2022;2;1406;1406;1406;SK;CZ;Value on 3rd Wed. at 03;Import;Harmonized;M;M
Physical Energy & Power Flows;2022;2;1872;1872;1872;SK;HU;Value on 3rd Wed. at 03;Export;Harmonized;M;M
Physical Energy & Power Flows;2022;2;849;849;849;SK;PL;Value on 3rd Wed. at 03;Import;Harmonized;M;M
Physical Energy & Power Flows;2022;2;316;316;316;SK;UA;Value on 3rd Wed. at 03;Export;Harmonized;M;NaM
Physical Energy & Power Flows;2022;2;507;507;507;TR;BG;Value on 3rd Wed. at 03;Import;Harmonized;M;M
Physical Energy & Power Flows;2022;2;351;351;351;TR;GE;Value on 3rd Wed. at 03;Import;Harmonized;M;NaM
Physical Energy & Power Flows;2022;2;671;671;671;TR;GR;Value on 3rd Wed. at 03;Export;Harmonized;M;M
Physical Energy & Power Flows;2022;2;3425;3425;3425;CH;IT;Value on 3rd Wed. at 03;Export;Harmonized;M;M
Physical Energy & Power Flows;2022;2;1741;1741;1741;CZ;AT;Value on 3rd Wed. at 03;Export;Harmonized;M;M
Physical Energy & Power Flows;2022;2;1953;1953;1953;CZ;DE;Value on 3rd Wed. at 03;Import;Harmonized;M;M
Physical Energy & Power Flows;2022;2;555;555;555;CZ;PL;Value on 3rd Wed. at 03;Import;Harmonized;M;M
Physical Energy & Power Flows;2022;2;1406;1406;1406;CZ;SK;Value on 3rd Wed. at 03;Export;Harmonized;M;M
Physical Energy & Power Flows;2022;2;2978;2978;2978;DE;AT;Value on 3rd Wed. at 03;Export;Harmonized;M;M
Physical Energy & Power Flows;2022;2;722;722;722;DE;BE;Value on 3rd Wed. at 03;Export;Harmonized;M;M
Physical Energy & Power Flows;2022;2;3926;3926;3926;DE;CH;Value on 3rd Wed. at 03;Export;Harmonized;M;M
Physical Energy & Power Flows;2022;2;1953;1953;1953;DE;CZ;Value on 3rd Wed. at 03;Export;Harmonized;M;M
Physical Energy & Power Flows;2022;2;239;239;239;DE;DK;Value on 3rd Wed. at 03;Export;Harmonized;M;M
Physical Energy & Power Flows;2022;2;572;572;572;DE;FR;Value on 3rd Wed. at 03;Import;Harmonized;M;M
Physical Energy & Power Flows;2022;2;195;195;195;DE;LU;Value on 3rd Wed. at 03;Export;Harmonized;M;M
Physical Energy & Power Flows;2022;2;622;622;622;DE;NL;Value on 3rd Wed. at 03;Import;Harmonized;M;M
Physical Energy & Power Flows;2022;2;41;41;41;DE;NO;Value on 3rd Wed. at 03;Import;Harmonized;M;M
Physical Energy & Power Flows;2022;2;967;967;967;DE;PL;Value on 3rd Wed. at 03;Export;Harmonized;M;M
Physical Energy & Power Flows;2022;2;604;604;604;DE;SE;Value on 3rd Wed. at 03;Import;Harmonized;M;M
Physical Energy & Power Flows;2022;2;239;239;239;DK;DE;Value on 3rd Wed. at 03;Import;Harmonized;M;M
Physical Energy & Power Flows;2022;2;515;515;515;DK;NL;Value on 3rd Wed. at 03;Export;Harmonized;M;M
Physical Energy & Power Flows;2022;2;1150;1150;1150;DK;NO;Value on 3rd Wed. at 03;Export;Harmonized;M;M
Physical Energy & Power Flows;2022;2;1377;1377;1377;DK;SE;Value on 3rd Wed. at 03;Import;Harmonized;M;M
Physical Energy & Power Flows;2022;2;963;963;963;EE;FI;Value on 3rd Wed. at 03;Import;Harmonized;M;M
Physical Energy & Power Flows;2022;2;410;410;410;EE;LV;Value on 3rd Wed. at 03;Export;Harmonized;M;M
Physical Energy & Power Flows;2022;2;222;222;222;EE;RU;Value on 3rd Wed. at 03;Export;Harmonized;M;NaM
Physical Energy & Power Flows;2022;2;2267;2267;2267;ES;FR;Value on 3rd Wed. at 03;Import;Harmonized;M;M
Physical Energy & Power Flows;2022;2;3145;3145;3145;ES;PT;Value on 3rd Wed. at 03;Export;Harmonized;M;M
Physical Energy & Power Flows;2022;2;963;963;963;FI;EE;Value on 3rd Wed. at 03;Export;Harmonized;M;M
Physical Energy & Power Flows;2022;2;49;49;49;FI;NO;Value on 3rd Wed. at 03;Import;Harmonized;M;M
Physical Energy & Power Flows;2022;2;490;490;490;FI;RU;Value on 3rd Wed. at 03;Import;Harmonized;M;NaM
Physical Energy & Power Flows;2022;2;1934;1934;1934;FI;SE;Value on 3rd Wed. at 03;Import;Harmonized;M;M
Physical Energy & Power Flows;2022;2;1152;1152;1152;FR;BE;Value on 3rd Wed. at 03;Import;Harmonized;M;M
Physical Energy & Power Flows;2022;2;1565;1565;1565;FR;CH;Value on 3rd Wed. at 03;Export;Harmonized;M;M
Physical Energy & Power Flows;2022;2;572;572;572;FR;DE;Value on 3rd Wed. at 03;Export;Harmonized;M;M
Physical Energy & Power Flows;2022;2;2267;2267;2267;FR;ES;Value on 3rd Wed. at 03;Export;Harmonized;M;M
Physical Energy & Power Flows;2022;2;142;142;142;FR;GB;Value on 3rd Wed. at 03;Export;Harmonized;M;M
Physical Energy & Power Flows;2022;2;1677;1677;1677;FR;IT;Value on 3rd Wed. at 03;Export;Harmonized;M;M
Physical Energy & Power Flows;2022;2;884;884;884;GB;BE;Value on 3rd Wed. at 03;Import;Harmonized;M;M
Physical Energy & Power Flows;2022;2;142;142;142;GB;FR;Value on 3rd Wed. at 03;Import;Harmonized;M;M
Physical Energy & Power Flows;2022;3;71;71;71;AL;GR;Value on 3rd Wed. at 03;Import;Harmonized;M;M
Physical Energy & Power Flows;2022;3;23;23;23;AL;ME;Value on 3rd Wed. at 03;Export;Harmonized;M;M
Physical Energy & Power Flows;2022;3;167;167;167;AL;XK;Value on 3rd Wed. at 03;Import;Harmonized;M;M
Physical Energy & Power Flows;2022;3;60;60;60;AM;GE;Value on 3rd Wed. at 03;Export;Harmonized;NaM;NaM
Physical Energy & Power Flows;2022;3;1278;1278;1278;AT;CH;Value on 3rd Wed. at 03;Export;Harmonized;M;M
Physical Energy & Power Flows;2022;3;1728;1728;1728;AT;CZ;Value on 3rd Wed. at 03;Import;Harmonized;M;M
Physical Energy & Power Flows;2022;4;252;252;252;BE;LU;Value on 3rd Wed. at 03;Export;Harmonized;M;M
Physical Energy & Power Flows;2022;3;51;51;51;FI;NO;Value on 3rd Wed. at 11;Import;Harmonized;M;M
Physical Energy & Power Flows;2022;3;1424;1424;1424;FI;RU;Value on 3rd Wed. at 11;Import;Harmonized;M;NaM
Physical Energy & Power Flows;2022;3;1016;1016;1016;FI;SE;Value on 3rd Wed. at 11;Import;Harmonized;M;M
Physical Energy & Power Flows;2022;3;2608;2608;2608;FR;BE;Value on 3rd Wed. at 11;Import;Harmonized;M;M
Physical Energy & Power Flows;2022;3;53;53;53;FR;CH;Value on 3rd Wed. at 11;Import;Harmonized;M;M
Physical Energy & Power Flows;2022;3;2439;2439;2439;FR;DE;Value on 3rd Wed. at 11;Import;Harmonized;M;M
Physical Energy & Power Flows;2022;3;110;110;110;FR;ES;Value on 3rd Wed. at 11;Export;Harmonized;M;M
Physical Energy & Power Flows;2022;3;728;728;728;FR;GB;Value on 3rd Wed. at 11;Export;Harmonized;M;M
Physical Energy & Power Flows;2022;3;904;904;904;FR;IT;Value on 3rd Wed. at 11;Export;Harmonized;M;M
Physical Energy & Power Flows;2022;3;720;720;720;GB;BE;Value on 3rd Wed. at 11;Import;Harmonized;M;M
Physical Energy & Power Flows;2022;3;728;728;728;GB;FR;Value on 3rd Wed. at 11;Import;Harmonized;M;M
Physical Energy & Power Flows;2022;3;3;3;3;GB;IE;Value on 3rd Wed. at 11;Export;Harmonized;M;M
Physical Energy & Power Flows;2022;3;1024;1024;1024;GB;NL;Value on 3rd Wed. at 11;Import;Harmonized;M;M
Physical Energy & Power Flows;2022;3;1260;1260;1260;GB;NO;Value on 3rd Wed. at 11;Import;Harmonized;M;M
Physical Energy & Power Flows;2022;3;72;72;72;GE;AM;Value on 3rd Wed. at 11;Import;Harmonized;NaM;NaM
Physical Energy & Power Flows;2022;3;0;0;0;GE;AZ;Value on 3rd Wed. at 11;Import;Harmonized;NaM;NaM
Physical Energy & Power Flows;2022;3;679;679;679;GE;RU;Value on 3rd Wed. at 11;Import;Harmonized;NaM;NaM
Physical Energy & Power Flows;2022;3;112;112;112;GE;TR;Value on 3rd Wed. at 11;Export;Harmonized;NaM;M
Physical Energy & Power Flows;2022;3;349;349;349;GR;AL;Value on 3rd Wed. at 11;Export;Harmonized;M;M
Physical Energy & Power Flows;2022;3;136;136;136;GR;BG;Value on 3rd Wed. at 11;Export;Harmonized;M;M
Physical Energy & Power Flows;2022;3;50;50;50;GR;IT;Value on 3rd Wed. at 11;Import;Harmonized;M;M
Physical Energy & Power Flows;2022;3;678;678;678;GR;MK;Value on 3rd Wed. at 11;Export;Harmonized;M;M
Physical Energy & Power Flows;2022;3;161;161;161;GR;TR;Value on 3rd Wed. at 11;Import;Harmonized;M;M
Physical Energy & Power Flows;2022;3;471;471;471;HR;BA;Value on 3rd Wed. at 11;Import;Harmonized;M;M
Physical Energy & Power Flows;2022;3;577;577;577;HR;HU;Value on 3rd Wed. at 11;Import;Harmonized;M;M
Physical Energy & Power Flows;2022;3;99;99;99;HR;RS;Value on 3rd Wed. at 11;Import;Harmonized;M;M
Physical Energy & Power Flows;2022;3;161;161;161;HR;SI;Value on 3rd Wed. at 11;Export;Harmonized;M;M
Physical Energy & Power Flows;2022;3;759;759;759;HU;AT;Value on 3rd Wed. at 11;Import;Harmonized;M;M
Physical Energy & Power Flows;2022;3;577;577;577;HU;HR;Value on 3rd Wed. at 11;Export;Harmonized;M;M
Physical Energy & Power Flows;2022;3;331;331;331;HU;RO;Value on 3rd Wed. at 11;Export;Harmonized;M;M
Physical Energy & Power Flows;2022;3;48;48;48;HU;RS;Value on 3rd Wed. at 11;Import;Harmonized;M;M
Physical Energy & Power Flows;2022;3;1574;1574;1574;HU;SK;Value on 3rd Wed. at 11;Import;Harmonized;M;M
Physical Energy & Power Flows;2022;3;157;157;157;HU;UA;Value on 3rd Wed. at 11;Import;Harmonized;M;NaM
Physical Energy & Power Flows;2022;3;3;3;3;IE;GB;Value on 3rd Wed. at 11;Import;Harmonized;M;M
Physical Energy & Power Flows;2022;3;187;187;187;IT;AT;Value on 3rd Wed. at 11;Import;Harmonized;M;M
Physical Energy & Power Flows;2022;3;2665;2665;2665;IT;CH;Value on 3rd Wed. at 11;Import;Harmonized;M;M
Physical Energy & Power Flows;2022;3;904;904;904;IT;FR;Value on 3rd Wed. at 11;Import;Harmonized;M;M
Physical Energy & Power Flows;2022;3;50;50;50;IT;GR;Value on 3rd Wed. at 11;Export;Harmonized;M;M
Physical Energy & Power Flows;2022;3;258;258;258;IT;ME;Value on 3rd Wed. at 11;Export;Harmonized;M;M
Physical Energy & Power Flows;2022;3;49;49;49;IT;MT;Value on 3rd Wed. at 11;Export;Harmonized;M;NaM
Physical Energy & Power Flows;2022;3;863;863;863;IT;SI;Value on 3rd Wed. at 11;Import;Harmonized;M;M
Physical Energy & Power Flows;2022;3;284;284;284;LT;BY;Value on 3rd Wed. at 11;Import;Harmonized;M;NaM
Physical Energy & Power Flows;2022;3;645;645;645;LT;LV;Value on 3rd Wed. at 11;Import;Harmonized;M;M
Physical Energy & Power Flows;2022;3;487;487;487;LT;PL;Value on 3rd Wed. at 11;Export;Harmonized;M;M
Physical Energy & Power Flows;2022;3;283;283;283;LT;RU;Value on 3rd Wed. at 11;Import;Harmonized;M;NaM
Physical Energy & Power Flows;2022;3;485;485;485;LT;SE;Value on 3rd Wed. at 11;Import;Harmonized;M;M
Physical Energy & Power Flows;2022;3;19;19;19;LU;BE;Value on 3rd Wed. at 11;Import;Harmonized;M;M
Physical Energy & Power Flows;2022;3;588;588;588;LU;DE;Value on 3rd Wed. at 11;Import;Harmonized;M;M
Physical Energy & Power Flows;2022;3;707;707;707;LV;EE;Value on 3rd Wed. at 11;Import;Harmonized;M;M
Physical Energy & Power Flows;2022;3;645;645;645;LV;LT;Value on 3rd Wed. at 11;Export;Harmonized;M;M
Physical Energy & Power Flows;2022;3;65;65;65;LV;RU;Value on 3rd Wed. at 11;Import;Harmonized;M;NaM
Physical Energy & Power Flows;2022;3;47;47;47;MD;UA;Value on 3rd Wed. at 11;Export;Harmonized;NaM;NaM
Physical Energy & Power Flows;2022;3;15;15;15;ME;AL;Value on 3rd Wed. at 11;Import;Harmonized;M;M
Physical Energy & Power Flows;2022;4;298;298;298;BG;RS;Value on 3rd Wed. at 03;Export;Harmonized;M;M
Physical Energy & Power Flows;2022;4;305;305;305;BG;TR;Value on 3rd Wed. at 03;Export;Harmonized;M;M
Physical Energy & Power Flows;2022;4;242;242;242;BY;LT;Value on 3rd Wed. at 03;Export;Harmonized;NaM;M
Physical Energy & Power Flows;2022;4;60;60;60;CH;AT;Value on 3rd Wed. at 03;Export;Harmonized;M;M
Physical Energy & Power Flows;2022;4;689;689;689;CH;DE;Value on 3rd Wed. at 03;Import;Harmonized;M;M
Physical Energy & Power Flows;2022;4;3110;3110;3110;CH;FR;Value on 3rd Wed. at 03;Import;Harmonized;M;M
Physical Energy & Power Flows;2022;4;2899;2899;2899;CH;IT;Value on 3rd Wed. at 03;Export;Harmonized;M;M
Physical Energy & Power Flows;2022;4;1155;1155;1155;CZ;AT;Value on 3rd Wed. at 03;Export;Harmonized;M;M
Physical Energy & Power Flows;2022;4;254;254;254;CZ;DE;Value on 3rd Wed. at 03;Import;Harmonized;M;M
Physical Energy & Power Flows;2022;4;1287;1287;1287;CZ;PL;Value on 3rd Wed. at 03;Import;Harmonized;M;M
Physical Energy & Power Flows;2022;4;1215;1215;1215;CZ;SK;Value on 3rd Wed. at 03;Export;Harmonized;M;M
Physical Energy & Power Flows;2022;4;701;701;701;DE;AT;Value on 3rd Wed. at 03;Export;Harmonized;M;M
Physical Energy & Power Flows;2022;4;920;920;920;DE;BE;Value on 3rd Wed. at 03;Import;Harmonized;M;M
Physical Energy & Power Flows;2022;4;689;689;689;DE;CH;Value on 3rd Wed. at 03;Export;Harmonized;M;M
Physical Energy & Power Flows;2022;4;254;254;254;DE;CZ;Value on 3rd Wed. at 03;Export;Harmonized;M;M
Physical Energy & Power Flows;2022;4;158;158;158;DE;DK;Value on 3rd Wed. at 03;Export;Harmonized;M;M
Physical Energy & Power Flows;2022;4;3060;3060;3060;DE;FR;Value on 3rd Wed. at 03;Import;Harmonized;M;M
Physical Energy & Power Flows;2022;4;118;118;118;DE;LU;Value on 3rd Wed. at 03;Export;Harmonized;M;M
Physical Energy & Power Flows;2022;4;1339;1339;1339;DE;NL;Value on 3rd Wed. at 03;Import;Harmonized;M;M
Physical Energy & Power Flows;2022;4;222;222;222;DE;NO;Value on 3rd Wed. at 03;Import;Harmonized;M;M
Physical Energy & Power Flows;2022;4;452;452;452;DE;PL;Value on 3rd Wed. at 03;Export;Harmonized;M;M
Physical Energy & Power Flows;2022;4;244;244;244;DE;SE;Value on 3rd Wed. at 03;Import;Harmonized;M;M
Physical Energy & Power Flows;2022;4;158;158;158;DK;DE;Value on 3rd Wed. at 03;Import;Harmonized;M;M
Physical Energy & Power Flows;2022;4;55;55;55;DK;NL;Value on 3rd Wed. at 03;Import;Harmonized;M;M
Physical Energy & Power Flows;2022;4;368;368;368;DK;NO;Value on 3rd Wed. at 03;Import;Harmonized;M;M
Physical Energy & Power Flows;2022;4;862;862;862;DK;SE;Value on 3rd Wed. at 03;Import;Harmonized;M;M
Physical Energy & Power Flows;2022;4;790;790;790;EE;FI;Value on 3rd Wed. at 03;Import;Harmonized;M;M
Physical Energy & Power Flows;2022;4;364;364;364;EE;LV;Value on 3rd Wed. at 03;Export;Harmonized;M;M
Physical Energy & Power Flows;2022;4;140;140;140;EE;RU;Value on 3rd Wed. at 03;Export;Harmonized;M;NaM
Physical Energy & Power Flows;2022;4;2456;2456;2456;ES;FR;Value on 3rd Wed. at 03;Export;Harmonized;M;M
Physical Energy & Power Flows;2022;4;106;106;106;ES;PT;Value on 3rd Wed. at 03;Export;Harmonized;M;M
Physical Energy & Power Flows;2022;4;790;790;790;FI;EE;Value on 3rd Wed. at 03;Export;Harmonized;M;M
Physical Energy & Power Flows;2022;4;48;48;48;FI;NO;Value on 3rd Wed. at 03;Import;Harmonized;M;M
Physical Energy & Power Flows;2022;4;1361;1361;1361;FI;RU;Value on 3rd Wed. at 03;Import;Harmonized;M;NaM
Physical Energy & Power Flows;2022;4;707;707;707;FI;SE;Value on 3rd Wed. at 03;Import;Harmonized;M;M
Physical Energy & Power Flows;2022;4;1099;1099;1099;FR;BE;Value on 3rd Wed. at 03;Export;Harmonized;M;M
Physical Energy & Power Flows;2022;4;3110;3110;3110;FR;CH;Value on 3rd Wed. at 03;Export;Harmonized;M;M
Physical Energy & Power Flows;2022;4;3060;3060;3060;FR;DE;Value on 3rd Wed. at 03;Export;Harmonized;M;M
Physical Energy & Power Flows;2022;4;2456;2456;2456;FR;ES;Value on 3rd Wed. at 03;Import;Harmonized;M;M
Physical Energy & Power Flows;2022;4;1956;1956;1956;FR;GB;Value on 3rd Wed. at 03;Import;Harmonized;M;M
Physical Energy & Power Flows;2022;4;3067;3067;3067;FR;IT;Value on 3rd Wed. at 03;Export;Harmonized;M;M
Physical Energy & Power Flows;2022;4;863;863;863;GB;BE;Value on 3rd Wed. at 03;Export;Harmonized;M;M
Physical Energy & Power Flows;2022;4;1956;1956;1956;GB;FR;Value on 3rd Wed. at 03;Export;Harmonized;M;M
Physical Energy & Power Flows;2022;4;909;909;909;GB;NL;Value on 3rd Wed. at 03;Export;Harmonized;M;M
Physical Energy & Power Flows;2022;4;539;539;539;GB;NO;Value on 3rd Wed. at 03;Export;Harmonized;M;M
Physical Energy & Power Flows;2022;4;36;36;36;GE;AM;Value on 3rd Wed. at 03;Import;Harmonized;NaM;NaM
Physical Energy & Power Flows;2022;4;0;0;0;GE;AZ;Value on 3rd Wed. at 03;Import;Harmonized;NaM;NaM
Physical Energy & Power Flows;2022;4;169;169;169;GE;RU;Value on 3rd Wed. at 03;Import;Harmonized;NaM;NaM
Physical Energy & Power Flows;2022;4;13;13;13;AL;GR;Value on 3rd Wed. at 11;Import;Harmonized;M;M
Physical Energy & Power Flows;2022;4;114;114;114;AL;ME;Value on 3rd Wed. at 11;Import;Harmonized;M;M
Physical Energy & Power Flows;2022;4;95;95;95;AL;XK;Value on 3rd Wed. at 11;Export;Harmonized;M;M
Physical Energy & Power Flows;2022;4;52;52;52;AM;GE;Value on 3rd Wed. at 11;Export;Harmonized;NaM;NaM
Physical Energy & Power Flows;2022;4;1481;1481;1481;AT;CH;Value on 3rd Wed. at 11;Export;Harmonized;M;M
Physical Energy & Power Flows;2022;4;705;705;705;AT;CZ;Value on 3rd Wed. at 11;Import;Harmonized;M;M
Physical Energy & Power Flows;2022;4;2766;2766;2766;AT;DE;Value on 3rd Wed. at 11;Import;Harmonized;M;M
Physical Energy & Power Flows;2022;4;960;960;960;AT;HU;Value on 3rd Wed. at 11;Export;Harmonized;M;M
Physical Energy & Power Flows;2022;4;227;227;227;AT;IT;Value on 3rd Wed. at 11;Export;Harmonized;M;M
Physical Energy & Power Flows;2022;4;1103;1103;1103;AT;SI;Value on 3rd Wed. at 11;Export;Harmonized;M;M
Physical Energy & Power Flows;2022;4;0;0;0;AZ;GE;Value on 3rd Wed. at 11;Import;Harmonized;NaM;NaM
Physical Energy & Power Flows;2022;4;331;331;331;BA;HR;Value on 3rd Wed. at 11;Import;Harmonized;M;M
Physical Energy & Power Flows;2022;4;537;537;537;BA;ME;Value on 3rd Wed. at 11;Export;Harmonized;M;M
Physical Energy & Power Flows;2022;4;184;184;184;BA;RS;Value on 3rd Wed. at 11;Export;Harmonized;M;M
Physical Energy & Power Flows;2022;4;948;948;948;BE;DE;Value on 3rd Wed. at 11;Export;Harmonized;M;M
Physical Energy & Power Flows;2022;4;1319;1319;1319;BE;FR;Value on 3rd Wed. at 11;Export;Harmonized;M;M
Physical Energy & Power Flows;2022;4;865;865;865;BE;GB;Value on 3rd Wed. at 11;Export;Harmonized;M;M
Physical Energy & Power Flows;2022;4;64;64;64;BE;LU;Value on 3rd Wed. at 11;Export;Harmonized;M;M
Physical Energy & Power Flows;2022;4;608;608;608;BE;NL;Value on 3rd Wed. at 11;Import;Harmonized;M;M
Physical Energy & Power Flows;2022;4;291;291;291;BG;GR;Value on 3rd Wed. at 11;Export;Harmonized;M;M
Physical Energy & Power Flows;2022;4;329;329;329;BG;MK;Value on 3rd Wed. at 11;Export;Harmonized;M;M
Physical Energy & Power Flows;2022;4;333;333;333;BG;RO;Value on 3rd Wed. at 11;Export;Harmonized;M;M
Physical Energy & Power Flows;2022;4;1975;1975;1975;BE;NL;Value on 3rd Wed. at 03;Export;Harmonized;M;M
Physical Energy & Power Flows;2022;4;330;330;330;BG;GR;Value on 3rd Wed. at 03;Export;Harmonized;M;M
Physical Energy & Power Flows;2022;4;337;337;337;BG;MK;Value on 3rd Wed. at 03;Export;Harmonized;M;M
Physical Energy & Power Flows;2022;4;232;232;232;BG;RO;Value on 3rd Wed. at 03;Export;Harmonized;M;M
Physical Energy & Power Flows;2022;5;1367;1367;1367;DE;NL;Value on 3rd Wed. at 03;Export;Harmonized;M;M
Physical Energy & Power Flows;2022;5;107;107;107;AL;GR;Value on 3rd Wed. at 03;Export;Harmonized;M;M
Physical Energy & Power Flows;2022;5;54;54;54;AL;ME;Value on 3rd Wed. at 03;Export;Harmonized;M;M
Physical Energy & Power Flows;2022;5;257;257;257;AL;XK;Value on 3rd Wed. at 03;Import;Harmonized;M;M
Physical Energy & Power Flows;2022;5;39;39;39;AM;GE;Value on 3rd Wed. at 03;Import;Harmonized;NaM;NaM
Physical Energy & Power Flows;2022;5;27;27;27;AT;CH;Value on 3rd Wed. at 03;Export;Harmonized;M;M
Physical Energy & Power Flows;2022;5;675;675;675;AT;CZ;Value on 3rd Wed. at 03;Import;Harmonized;M;M
Physical Energy & Power Flows;2022;5;726;726;726;AT;DE;Value on 3rd Wed. at 03;Export;Harmonized;M;M
Physical Energy & Power Flows;2022;5;138;138;138;AT;HU;Value on 3rd Wed. at 03;Export;Harmonized;M;M
Physical Energy & Power Flows;2022;5;230;230;230;AT;IT;Value on 3rd Wed. at 03;Export;Harmonized;M;M
Physical Energy & Power Flows;2022;5;395;395;395;AT;SI;Value on 3rd Wed. at 03;Export;Harmonized;M;M
Physical Energy & Power Flows;2022;5;18;18;18;AZ;GE;Value on 3rd Wed. at 03;Export;Harmonized;NaM;NaM
Physical Energy & Power Flows;2022;5;291;291;291;BA;HR;Value on 3rd Wed. at 03;Export;Harmonized;M;M
Physical Energy & Power Flows;2022;5;277;277;277;BA;ME;Value on 3rd Wed. at 03;Export;Harmonized;M;M
Physical Energy & Power Flows;2022;5;4;4;4;BA;RS;Value on 3rd Wed. at 03;Import;Harmonized;M;M
Physical Energy & Power Flows;2022;5;0;0;0;BE;DE;Value on 3rd Wed. at 03;Import;Harmonized;M;M
Physical Energy & Power Flows;2022;5;509;509;509;BE;FR;Value on 3rd Wed. at 03;Export;Harmonized;M;M
Physical Energy & Power Flows;2022;5;1000;1000;1000;BE;GB;Value on 3rd Wed. at 03;Import;Harmonized;M;M
Physical Energy & Power Flows;2022;5;227;227;227;BE;LU;Value on 3rd Wed. at 03;Export;Harmonized;M;M
Physical Energy & Power Flows;2022;5;1459;1459;1459;BE;NL;Value on 3rd Wed. at 03;Export;Harmonized;M;M
Physical Energy & Power Flows;2022;5;405;405;405;BG;GR;Value on 3rd Wed. at 03;Export;Harmonized;M;M
Physical Energy & Power Flows;2022;5;369;369;369;BG;MK;Value on 3rd Wed. at 03;Export;Harmonized;M;M
Physical Energy & Power Flows;2022;5;441;441;441;BG;RO;Value on 3rd Wed. at 03;Import;Harmonized;M;M
Physical Energy & Power Flows;2022;5;366;366;366;BG;RS;Value on 3rd Wed. at 03;Export;Harmonized;M;M
Physical Energy & Power Flows;2022;5;470;470;470;BG;TR;Value on 3rd Wed. at 03;Export;Harmonized;M;M
Physical Energy & Power Flows;2022;5;171;171;171;BY;LT;Value on 3rd Wed. at 03;Export;Harmonized;NaM;M
Physical Energy & Power Flows;2022;5;27;27;27;CH;AT;Value on 3rd Wed. at 03;Import;Harmonized;M;M
Physical Energy & Power Flows;2022;5;978;978;978;CH;DE;Value on 3rd Wed. at 03;Import;Harmonized;M;M
Physical Energy & Power Flows;2022;5;594;594;594;CH;FR;Value on 3rd Wed. at 03;Import;Harmonized;M;M
Physical Energy & Power Flows;2022;5;2246;2246;2246;CH;IT;Value on 3rd Wed. at 03;Export;Harmonized;M;M
Physical Energy & Power Flows;2022;5;675;675;675;CZ;AT;Value on 3rd Wed. at 03;Export;Harmonized;M;M
Physical Energy & Power Flows;2022;5;287;287;287;CZ;DE;Value on 3rd Wed. at 03;Export;Harmonized;M;M
Physical Energy & Power Flows;2022;5;1578;1578;1578;CZ;PL;Value on 3rd Wed. at 03;Import;Harmonized;M;M
Physical Energy & Power Flows;2022;5;658;658;658;CZ;SK;Value on 3rd Wed. at 03;Export;Harmonized;M;M
Physical Energy & Power Flows;2022;5;726;726;726;DE;AT;Value on 3rd Wed. at 03;Import;Harmonized;M;M
Physical Energy & Power Flows;2022;5;0;0;0;DE;BE;Value on 3rd Wed. at 03;Import;Harmonized;M;M
Physical Energy & Power Flows;2022;5;978;978;978;DE;CH;Value on 3rd Wed. at 03;Export;Harmonized;M;M
Physical Energy & Power Flows;2022;5;287;287;287;DE;CZ;Value on 3rd Wed. at 03;Import;Harmonized;M;M
Physical Energy & Power Flows;2022;5;1763;1763;1763;DE;DK;Value on 3rd Wed. at 03;Import;Harmonized;M;M
Physical Energy & Power Flows;2022;5;623;623;623;DE;FR;Value on 3rd Wed. at 03;Import;Harmonized;M;M
Physical Energy & Power Flows;2022;5;134;134;134;DE;LU;Value on 3rd Wed. at 03;Export;Harmonized;M;M
Physical Energy & Power Flows;2022;5;1564;1564;1564;SE;DK;Value on 3rd Wed. at 11;Export;Harmonized;M;M
Physical Energy & Power Flows;2022;5;1414;1414;1414;SE;FI;Value on 3rd Wed. at 11;Export;Harmonized;M;M
Physical Energy & Power Flows;2022;5;650;650;650;SE;LT;Value on 3rd Wed. at 11;Export;Harmonized;M;M
Physical Energy & Power Flows;2022;5;376;376;376;SE;NO;Value on 3rd Wed. at 11;Import;Harmonized;M;M
Physical Energy & Power Flows;2022;5;303;303;303;SE;PL;Value on 3rd Wed. at 11;Export;Harmonized;M;M
Physical Energy & Power Flows;2022;5;239;239;239;SI;AT;Value on 3rd Wed. at 11;Import;Harmonized;M;M
Physical Energy & Power Flows;2022;5;990;990;990;SI;HR;Value on 3rd Wed. at 11;Import;Harmonized;M;M
Physical Energy & Power Flows;2022;5;1092;1092;1092;SI;IT;Value on 3rd Wed. at 11;Export;Harmonized;M;M
Physical Energy & Power Flows;2022;5;340;340;340;SK;CZ;Value on 3rd Wed. at 11;Import;Harmonized;M;M
Physical Energy & Power Flows;2022;5;588;588;588;SK;HU;Value on 3rd Wed. at 11;Export;Harmonized;M;M
Physical Energy & Power Flows;2022;5;782;782;782;SK;PL;Value on 3rd Wed. at 11;Import;Harmonized;M;M
Physical Energy & Power Flows;2022;5;0;0;0;SK;UA;Value on 3rd Wed. at 11;Import;Harmonized;M;NaM
Physical Energy & Power Flows;2022;5;349;349;349;TR;BG;Value on 3rd Wed. at 11;Import;Harmonized;M;M
Physical Energy & Power Flows;2022;5;325;325;325;TR;GE;Value on 3rd Wed. at 11;Import;Harmonized;M;NaM
Physical Energy & Power Flows;2022;5;512;512;512;TR;GR;Value on 3rd Wed. at 11;Export;Harmonized;M;M
Physical Energy & Power Flows;2022;5;370;370;370;UA;HU;Value on 3rd Wed. at 11;Export;Harmonized;NaM;M
Physical Energy & Power Flows;2022;5;211;211;211;UA;MD;Value on 3rd Wed. at 11;Import;Harmonized;NaM;NaM
Physical Energy & Power Flows;2022;5;217;217;217;UA;PL;Value on 3rd Wed. at 11;Export;Harmonized;NaM;M
Physical Energy & Power Flows;2022;5;23;23;23;UA;RO;Value on 3rd Wed. at 11;Import;Harmonized;NaM;M
Physical Energy & Power Flows;2022;5;0;0;0;UA;SK;Value on 3rd Wed. at 11;Import;Harmonized;NaM;M
Physical Energy & Power Flows;2022;5;157;157;157;XK;AL;Value on 3rd Wed. at 11;Export;Harmonized;M;M
Physical Energy & Power Flows;2022;5;235;235;235;XK;ME;Value on 3rd Wed. at 11;Export;Harmonized;M;M
Physical Energy & Power Flows;2022;5;33;33;33;XK;MK;Value on 3rd Wed. at 11;Export;Harmonized;M;M
Physical Energy & Power Flows;2022;5;280;280;280;XK;RS;Value on 3rd Wed. at 11;Import;Harmonized;M;M
Physical Energy & Power Flows;2022;5;955;955;955;DE;NO;Value on 3rd Wed. at 03;Import;Harmonized;M;M
Physical Energy & Power Flows;2022;5;427;427;427;DE;PL;Value on 3rd Wed. at 03;Export;Harmonized;M;M
Physical Energy & Power Flows;2022;5;351;351;351;DE;SE;Value on 3rd Wed. at 03;Import;Harmonized;M;M
Physical Energy & Power Flows;2022;6;2020;2020;2020;CH;IT;Value on 3rd Wed. at 03;Export;Harmonized;M;M
Physical Energy & Power Flows;2022;6;149;149;149;AL;GR;Value on 3rd Wed. at 03;Import;Harmonized;M;M
Physical Energy & Power Flows;2022;6;220;220;220;AL;ME;Value on 3rd Wed. at 03;Export;Harmonized;M;M
Physical Energy & Power Flows;2022;6;348;348;348;AL;XK;Value on 3rd Wed. at 03;Import;Harmonized;M;M
Physical Energy & Power Flows;2022;6;68;68;68;AM;GE;Value on 3rd Wed. at 03;Import;Harmonized;NaM;NaM
Physical Energy & Power Flows;2022;6;90;90;90;AT;CH;Value on 3rd Wed. at 03;Export;Harmonized;M;M
Physical Energy & Power Flows;2022;6;1476;1476;1476;AT;CZ;Value on 3rd Wed. at 03;Import;Harmonized;M;M
Physical Energy & Power Flows;2022;6;605;605;605;AT;DE;Value on 3rd Wed. at 03;Export;Harmonized;M;M
Physical Energy & Power Flows;2022;6;512;512;512;AT;HU;Value on 3rd Wed. at 03;Import;Harmonized;M;M
Physical Energy & Power Flows;2022;6;244;244;244;AT;IT;Value on 3rd Wed. at 03;Export;Harmonized;M;M
Physical Energy & Power Flows;2022;6;139;139;139;AT;SI;Value on 3rd Wed. at 03;Export;Harmonized;M;M
Physical Energy & Power Flows;2022;6;62;62;62;AZ;GE;Value on 3rd Wed. at 03;Export;Harmonized;NaM;NaM
Physical Energy & Power Flows;2022;6;586;586;586;BA;HR;Value on 3rd Wed. at 03;Export;Harmonized;M;M
Physical Energy & Power Flows;2022;6;88;88;88;BA;ME;Value on 3rd Wed. at 03;Export;Harmonized;M;M
Physical Energy & Power Flows;2022;6;192;192;192;BA;RS;Value on 3rd Wed. at 03;Import;Harmonized;M;M
Physical Energy & Power Flows;2022;6;71;71;71;BE;DE;Value on 3rd Wed. at 03;Import;Harmonized;M;M
Physical Energy & Power Flows;2022;6;885;885;885;BE;FR;Value on 3rd Wed. at 03;Export;Harmonized;M;M
Physical Energy & Power Flows;2022;6;1001;1001;1001;BE;GB;Value on 3rd Wed. at 03;Import;Harmonized;M;M
Physical Energy & Power Flows;2022;6;77;77;77;BE;LU;Value on 3rd Wed. at 03;Export;Harmonized;M;M
Physical Energy & Power Flows;2022;6;292;292;292;BE;NL;Value on 3rd Wed. at 03;Import;Harmonized;M;M
Physical Energy & Power Flows;2022;6;403;403;403;BG;GR;Value on 3rd Wed. at 03;Export;Harmonized;M;M
Physical Energy & Power Flows;2022;6;430;430;430;BG;MK;Value on 3rd Wed. at 03;Export;Harmonized;M;M
Physical Energy & Power Flows;2022;6;568;568;568;BG;RO;Value on 3rd Wed. at 03;Export;Harmonized;M;M
Physical Energy & Power Flows;2022;6;595;595;595;BG;RS;Value on 3rd Wed. at 03;Export;Harmonized;M;M
Physical Energy & Power Flows;2022;6;345;345;345;BG;TR;Value on 3rd Wed. at 03;Export;Harmonized;M;M
Physical Energy & Power Flows;2022;6;32;32;32;BY;LT;Value on 3rd Wed. at 03;Export;Harmonized;NaM;M
Physical Energy & Power Flows;2022;6;90;90;90;CH;AT;Value on 3rd Wed. at 03;Import;Harmonized;M;M
Physical Energy & Power Flows;2022;6;3088;3088;3088;CH;DE;Value on 3rd Wed. at 03;Import;Harmonized;M;M
Physical Energy & Power Flows;2022;6;1572;1572;1572;CH;FR;Value on 3rd Wed. at 03;Import;Harmonized;M;M
Physical Energy & Power Flows;2022;6;1476;1476;1476;CZ;AT;Value on 3rd Wed. at 03;Export;Harmonized;M;M
Physical Energy & Power Flows;2022;6;1941;1941;1941;CZ;DE;Value on 3rd Wed. at 03;Export;Harmonized;M;M
Physical Energy & Power Flows;2022;6;868;868;868;CZ;PL;Value on 3rd Wed. at 03;Import;Harmonized;M;M
Physical Energy & Power Flows;2022;6;431;431;431;RO;RS;Value on 3rd Wed. at 03;Export;Harmonized;M;M
Physical Energy & Power Flows;2022;6;175;175;175;RO;UA;Value on 3rd Wed. at 03;Export;Harmonized;M;NaM
Physical Energy & Power Flows;2022;6;192;192;192;RS;BA;Value on 3rd Wed. at 03;Export;Harmonized;M;M
Physical Energy & Power Flows;2022;6;595;595;595;RS;BG;Value on 3rd Wed. at 03;Import;Harmonized;M;M
Physical Energy & Power Flows;2022;6;205;205;205;RS;HR;Value on 3rd Wed. at 03;Export;Harmonized;M;M
Physical Energy & Power Flows;2022;6;219;219;219;RS;HU;Value on 3rd Wed. at 03;Export;Harmonized;M;M
Physical Energy & Power Flows;2022;6;371;371;371;RS;ME;Value on 3rd Wed. at 03;Import;Harmonized;M;M
Physical Energy & Power Flows;2022;6;32;32;32;RS;MK;Value on 3rd Wed. at 03;Import;Harmonized;M;M
Physical Energy & Power Flows;2022;6;431;431;431;RS;RO;Value on 3rd Wed. at 03;Import;Harmonized;M;M
Physical Energy & Power Flows;2022;6;270;270;270;RS;XK;Value on 3rd Wed. at 03;Export;Harmonized;M;M
Physical Energy & Power Flows;2022;6;314;314;314;RU;EE;Value on 3rd Wed. at 03;Import;Harmonized;NaM;M
Physical Energy & Power Flows;2022;6;0;0;0;RU;FI;Value on 3rd Wed. at 03;Import;Harmonized;NaM;M
Physical Energy & Power Flows;2022;6;12;12;12;RU;GE;Value on 3rd Wed. at 03;Export;Harmonized;NaM;NaM
Physical Energy & Power Flows;2022;6;1;1;1;RU;LT;Value on 3rd Wed. at 03;Export;Harmonized;NaM;M
Physical Energy & Power Flows;2022;6;221;221;221;RU;LV;Value on 3rd Wed. at 03;Export;Harmonized;NaM;M
Physical Energy & Power Flows;2022;6;516;516;516;SE;DE;Value on 3rd Wed. at 03;Export;Harmonized;M;M
Physical Energy & Power Flows;2022;6;1916;1916;1916;SE;DK;Value on 3rd Wed. at 03;Export;Harmonized;M;M
Physical Energy & Power Flows;2022;6;2181;2181;2181;SE;FI;Value on 3rd Wed. at 03;Export;Harmonized;M;M
Physical Energy & Power Flows;2022;6;733;733;733;SE;LT;Value on 3rd Wed. at 03;Export;Harmonized;M;M
Physical Energy & Power Flows;2022;6;562;562;562;SE;NO;Value on 3rd Wed. at 03;Import;Harmonized;M;M
Physical Energy & Power Flows;2022;6;0;0;0;SE;PL;Value on 3rd Wed. at 03;Import;Harmonized;M;M
Physical Energy & Power Flows;2022;6;139;139;139;SI;AT;Value on 3rd Wed. at 03;Import;Harmonized;M;M
Physical Energy & Power Flows;2022;6;787;787;787;SI;HR;Value on 3rd Wed. at 03;Import;Harmonized;M;M
Physical Energy & Power Flows;2022;6;752;752;752;SI;IT;Value on 3rd Wed. at 03;Export;Harmonized;M;M
Physical Energy & Power Flows;2022;6;363;363;363;SK;CZ;Value on 3rd Wed. at 03;Import;Harmonized;M;M
Physical Energy & Power Flows;2022;6;1122;1122;1122;SK;HU;Value on 3rd Wed. at 03;Export;Harmonized;M;M
Physical Energy & Power Flows;2022;6;641;641;641;SK;PL;Value on 3rd Wed. at 03;Import;Harmonized;M;M
Physical Energy & Power Flows;2022;6;59;59;59;SK;UA;Value on 3rd Wed. at 03;Export;Harmonized;M;NaM
Physical Energy & Power Flows;2022;6;345;345;345;TR;BG;Value on 3rd Wed. at 03;Import;Harmonized;M;M
Physical Energy & Power Flows;2022;6;530;530;530;TR;GE;Value on 3rd Wed. at 03;Import;Harmonized;M;NaM
Physical Energy & Power Flows;2022;6;506;506;506;TR;GR;Value on 3rd Wed. at 03;Export;Harmonized;M;M
Physical Energy & Power Flows;2022;6;475;475;475;UA;HU;Value on 3rd Wed. at 03;Export;Harmonized;NaM;M
Physical Energy & Power Flows;2022;6;137;137;137;UA;MD;Value on 3rd Wed. at 03;Import;Harmonized;NaM;NaM
Physical Energy & Power Flows;2022;6;219;219;219;UA;PL;Value on 3rd Wed. at 03;Export;Harmonized;NaM;M
Physical Energy & Power Flows;2022;6;175;175;175;UA;RO;Value on 3rd Wed. at 03;Import;Harmonized;NaM;M
Physical Energy & Power Flows;2022;6;59;59;59;UA;SK;Value on 3rd Wed. at 03;Import;Harmonized;NaM;M
Physical Energy & Power Flows;2022;6;348;348;348;XK;AL;Value on 3rd Wed. at 03;Export;Harmonized;M;M
Physical Energy & Power Flows;2022;6;396;396;396;XK;ME;Value on 3rd Wed. at 03;Export;Harmonized;M;M
Physical Energy & Power Flows;2022;6;4;4;4;XK;MK;Value on 3rd Wed. at 03;Import;Harmonized;M;M
Physical Energy & Power Flows;2022;6;270;270;270;XK;RS;Value on 3rd Wed. at 03;Import;Harmonized;M;M
Physical Energy & Power Flows;2022;8;262;262;262;HR;RS;Value on 3rd Wed. at 11;Import;Harmonized;M;M
Physical Energy & Power Flows;2022;8;75;75;75;SI;HR;Value on 3rd Wed. at 11;Export;Harmonized;M;M
Physical Energy & Power Flows;2022;8;246;246;246;SI;HU;Value on 3rd Wed. at 11;Import;Harmonized;M;M
Physical Energy & Power Flows;2022;8;49;49;49;SI;IT;Value on 3rd Wed. at 11;Import;Harmonized;M;M
Physical Energy & Power Flows;2022;8;1116;1116;1116;SK;CZ;Value on 3rd Wed. at 11;Import;Harmonized;M;M
Physical Energy & Power Flows;2022;8;824;824;824;SK;HU;Value on 3rd Wed. at 11;Export;Harmonized;M;M
Physical Energy & Power Flows;2022;8;397;397;397;SK;PL;Value on 3rd Wed. at 11;Import;Harmonized;M;M
Physical Energy & Power Flows;2022;8;79;79;79;TR;BG;Value on 3rd Wed. at 11;Import;Harmonized;M;M
Physical Energy & Power Flows;2022;8;418;418;418;TR;GE;Value on 3rd Wed. at 11;Import;Harmonized;M;NaM
Physical Energy & Power Flows;2022;8;250;250;250;TR;GR;Value on 3rd Wed. at 11;Export;Harmonized;M;M
Physical Energy & Power Flows;2022;8;385;385;385;UA;HU;Value on 3rd Wed. at 11;Export;Harmonized;NaM;M
Physical Energy & Power Flows;2022;8;54;54;54;UA;MD;Value on 3rd Wed. at 11;Import;Harmonized;NaM;NaM
Physical Energy & Power Flows;2022;8;218;218;218;UA;PL;Value on 3rd Wed. at 11;Export;Harmonized;NaM;M
Physical Energy & Power Flows;2022;8;39;39;39;UA;RO;Value on 3rd Wed. at 11;Export;Harmonized;NaM;M
Physical Energy & Power Flows;2022;8;41;41;41;XK;AL;Value on 3rd Wed. at 11;Import;Harmonized;M;M
Physical Energy & Power Flows;2022;8;256;256;256;XK;ME;Value on 3rd Wed. at 11;Export;Harmonized;M;M
Physical Energy & Power Flows;2022;8;382;382;382;XK;MK;Value on 3rd Wed. at 11;Import;Harmonized;M;M
Physical Energy & Power Flows;2022;8;43;43;43;XK;RS;Value on 3rd Wed. at 11;Export;Harmonized;M;M
Physical Energy & Power Flows;2022;8;936;936;936;CH;IT;Value on 3rd Wed. at 03;Export;Harmonized;M;M
Physical Energy & Power Flows;2022;8;1583;1583;1583;CZ;AT;Value on 3rd Wed. at 03;Export;Harmonized;M;M
Physical Energy & Power Flows;2022;8;633;633;633;CZ;DE;Value on 3rd Wed. at 03;Export;Harmonized;M;M
Physical Energy & Power Flows;2022;8;853;853;853;CZ;PL;Value on 3rd Wed. at 03;Import;Harmonized;M;M
Physical Energy & Power Flows;2022;8;953;953;953;CZ;SK;Value on 3rd Wed. at 03;Export;Harmonized;M;M
Physical Energy & Power Flows;2022;8;857;857;857;DE;AT;Value on 3rd Wed. at 03;Export;Harmonized;M;M
Physical Energy & Power Flows;2022;8;783;783;783;DE;BE;Value on 3rd Wed. at 03;Import;Harmonized;M;M
Physical Energy & Power Flows;2022;8;202;202;202;DE;CH;Value on 3rd Wed. at 03;Export;Harmonized;M;M
Physical Energy & Power Flows;2022;8;633;633;633;DE;CZ;Value on 3rd Wed. at 03;Import;Harmonized;M;M
Physical Energy & Power Flows;2022;8;1293;1293;1293;DE;DK;Value on 3rd Wed. at 03;Import;Harmonized;M;M
Physical Energy & Power Flows;2022;8;1764;1764;1764;DE;FR;Value on 3rd Wed. at 03;Import;Harmonized;M;M
Physical Energy & Power Flows;2022;8;261;261;261;DE;LU;Value on 3rd Wed. at 03;Export;Harmonized;M;M
Physical Energy & Power Flows;2022;8;2427;2427;2427;DE;NL;Value on 3rd Wed. at 03;Import;Harmonized;M;M
Physical Energy & Power Flows;2022;8;879;879;879;DE;NO;Value on 3rd Wed. at 03;Import;Harmonized;M;M
Physical Energy & Power Flows;2022;8;634;634;634;DE;PL;Value on 3rd Wed. at 03;Export;Harmonized;M;M
Physical Energy & Power Flows;2022;8;463;463;463;DE;SE;Value on 3rd Wed. at 03;Import;Harmonized;M;M
Physical Energy & Power Flows;2022;8;1293;1293;1293;DK;DE;Value on 3rd Wed. at 03;Export;Harmonized;M;M
Physical Energy & Power Flows;2022;8;700;700;700;DK;NL;Value on 3rd Wed. at 03;Import;Harmonized;M;M
Physical Energy & Power Flows;2022;8;1631;1631;1631;DK;NO;Value on 3rd Wed. at 03;Import;Harmonized;M;M
Physical Energy & Power Flows;2022;8;687;687;687;DK;SE;Value on 3rd Wed. at 03;Import;Harmonized;M;M
Physical Energy & Power Flows;2022;8;956;956;956;EE;FI;Value on 3rd Wed. at 03;Import;Harmonized;M;M
Physical Energy & Power Flows;2022;8;616;616;616;EE;LV;Value on 3rd Wed. at 03;Export;Harmonized;M;M
Physical Energy & Power Flows;2022;7;10;10;10;NO;DK;Value on 3rd Wed. at 03;Export;Harmonized;M;M
Physical Energy & Power Flows;2022;7;57;57;57;NO;FI;Value on 3rd Wed. at 03;Export;Harmonized;M;M
Physical Energy & Power Flows;2022;7;301;301;301;NO;GB;Value on 3rd Wed. at 03;Import;Harmonized;M;M
Physical Energy & Power Flows;2022;7;0;0;0;NO;NL;Value on 3rd Wed. at 03;Import;Harmonized;M;M
Physical Energy & Power Flows;2022;7;550;550;550;NO;SE;Value on 3rd Wed. at 03;Export;Harmonized;M;M
Physical Energy & Power Flows;2022;7;1413;1413;1413;PL;CZ;Value on 3rd Wed. at 03;Export;Harmonized;M;M
Physical Energy & Power Flows;2022;7;1258;1258;1258;PL;DE;Value on 3rd Wed. at 03;Import;Harmonized;M;M
Physical Energy & Power Flows;2022;7;483;483;483;PL;LT;Value on 3rd Wed. at 03;Import;Harmonized;M;M
Physical Energy & Power Flows;2022;7;598;598;598;PL;SE;Value on 3rd Wed. at 03;Import;Harmonized;M;M
Physical Energy & Power Flows;2022;7;909;909;909;PL;SK;Value on 3rd Wed. at 03;Export;Harmonized;M;M
Physical Energy & Power Flows;2022;7;211;211;211;PL;UA;Value on 3rd Wed. at 03;Import;Harmonized;M;NaM
Physical Energy & Power Flows;2022;7;654;654;654;PT;ES;Value on 3rd Wed. at 03;Import;Harmonized;M;M
Physical Energy & Power Flows;2022;7;971;971;971;RO;BG;Value on 3rd Wed. at 03;Import;Harmonized;M;M
Physical Energy & Power Flows;2022;7;110;110;110;RO;HU;Value on 3rd Wed. at 03;Export;Harmonized;M;M
Physical Energy & Power Flows;2022;7;419;419;419;RO;MD;Value on 3rd Wed. at 03;Export;Harmonized;M;NaM
Physical Energy & Power Flows;2022;7;348;348;348;RO;RS;Value on 3rd Wed. at 03;Export;Harmonized;M;M
Physical Energy & Power Flows;2022;7;34;34;34;RO;UA;Value on 3rd Wed. at 03;Import;Harmonized;M;NaM
Physical Energy & Power Flows;2022;7;343;343;343;RS;BA;Value on 3rd Wed. at 03;Export;Harmonized;M;M
Physical Energy & Power Flows;2022;7;596;596;596;RS;BG;Value on 3rd Wed. at 03;Import;Harmonized;M;M
Physical Energy & Power Flows;2022;7;390;390;390;RS;HR;Value on 3rd Wed. at 03;Export;Harmonized;M;M
Physical Energy & Power Flows;2022;7;0;0;0;RS;HU;Value on 3rd Wed. at 03;Import;Harmonized;M;M
Physical Energy & Power Flows;2022;7;374;374;374;RS;ME;Value on 3rd Wed. at 03;Import;Harmonized;M;M
Physical Energy & Power Flows;2022;7;176;176;176;RS;MK;Value on 3rd Wed. at 03;Export;Harmonized;M;M
Physical Energy & Power Flows;2022;7;348;348;348;RS;RO;Value on 3rd Wed. at 03;Import;Harmonized;M;M
Physical Energy & Power Flows;2022;7;225;225;225;RS;XK;Value on 3rd Wed. at 03;Export;Harmonized;M;M
Physical Energy & Power Flows;2022;7;347;347;347;RU;EE;Value on 3rd Wed. at 03;Import;Harmonized;NaM;M
Physical Energy & Power Flows;2022;7;0;0;0;RU;FI;Value on 3rd Wed. at 03;Import;Harmonized;NaM;M
Physical Energy & Power Flows;2022;7;11;11;11;RU;GE;Value on 3rd Wed. at 03;Export;Harmonized;NaM;NaM
Physical Energy & Power Flows;2022;7;1;1;1;RU;LT;Value on 3rd Wed. at 03;Export;Harmonized;NaM;M
Physical Energy & Power Flows;2022;7;176;176;176;RU;LV;Value on 3rd Wed. at 03;Export;Harmonized;NaM;M
Physical Energy & Power Flows;2022;7;352;352;352;SE;DE;Value on 3rd Wed. at 03;Export;Harmonized;M;M
Physical Energy & Power Flows;2022;7;1582;1582;1582;SE;DK;Value on 3rd Wed. at 03;Export;Harmonized;M;M
Physical Energy & Power Flows;2022;7;1962;1962;1962;SE;FI;Value on 3rd Wed. at 03;Export;Harmonized;M;M
Physical Energy & Power Flows;2022;8;491;491;491;AL;GR;Value on 3rd Wed. at 03;Import;Harmonized;M;M
Physical Energy & Power Flows;2022;8;450;450;450;AL;ME;Value on 3rd Wed. at 03;Export;Harmonized;M;M
Physical Energy & Power Flows;2022;8;182;182;182;AL;XK;Value on 3rd Wed. at 03;Import;Harmonized;M;M
Physical Energy & Power Flows;2022;8;0;0;0;AM;GE;Value on 3rd Wed. at 03;Import;Harmonized;NaM;NaM
Physical Energy & Power Flows;2022;8;261;261;261;AT;CH;Value on 3rd Wed. at 03;Import;Harmonized;M;M
Physical Energy & Power Flows;2022;8;1583;1583;1583;AT;CZ;Value on 3rd Wed. at 03;Import;Harmonized;M;M
Physical Energy & Power Flows;2022;8;857;857;857;AT;DE;Value on 3rd Wed. at 03;Import;Harmonized;M;M
Physical Energy & Power Flows;2022;8;263;263;263;AT;HU;Value on 3rd Wed. at 03;Import;Harmonized;M;M
Physical Energy & Power Flows;2022;8;188;188;188;AT;IT;Value on 3rd Wed. at 03;Export;Harmonized;M;M
Physical Energy & Power Flows;2022;8;349;349;349;AT;SI;Value on 3rd Wed. at 03;Import;Harmonized;M;M
Physical Energy & Power Flows;2022;8;485;485;485;AZ;GE;Value on 3rd Wed. at 03;Export;Harmonized;NaM;NaM
Physical Energy & Power Flows;2022;8;666;666;666;BA;HR;Value on 3rd Wed. at 03;Export;Harmonized;M;M
Physical Energy & Power Flows;2022;8;135;135;135;BA;ME;Value on 3rd Wed. at 03;Import;Harmonized;M;M
Physical Energy & Power Flows;2022;8;207;207;207;BA;RS;Value on 3rd Wed. at 03;Import;Harmonized;M;M
Physical Energy & Power Flows;2022;8;783;783;783;BE;DE;Value on 3rd Wed. at 03;Export;Harmonized;M;M
Physical Energy & Power Flows;2022;8;239;239;239;BE;FR;Value on 3rd Wed. at 03;Export;Harmonized;M;M
Physical Energy & Power Flows;2022;8;1001;1001;1001;BE;GB;Value on 3rd Wed. at 03;Import;Harmonized;M;M
Physical Energy & Power Flows;2022;8;117;117;117;BE;LU;Value on 3rd Wed. at 03;Export;Harmonized;M;M
Physical Energy & Power Flows;2022;8;864;864;864;BE;NL;Value on 3rd Wed. at 03;Export;Harmonized;M;M
Physical Energy & Power Flows;2022;8;48;48;48;BG;GR;Value on 3rd Wed. at 03;Export;Harmonized;M;M
Physical Energy & Power Flows;2022;8;174;174;174;BG;MK;Value on 3rd Wed. at 03;Export;Harmonized;M;M
Physical Energy & Power Flows;2022;8;1092;1092;1092;BG;RO;Value on 3rd Wed. at 03;Export;Harmonized;M;M
Physical Energy & Power Flows;2022;8;495;495;495;BG;RS;Value on 3rd Wed. at 03;Export;Harmonized;M;M
Physical Energy & Power Flows;2022;8;71;71;71;BG;TR;Value on 3rd Wed. at 03;Export;Harmonized;M;M
Physical Energy & Power Flows;2022;8;23;23;23;BY;LT;Value on 3rd Wed. at 03;Import;Harmonized;NaM;M
Physical Energy & Power Flows;2022;8;261;261;261;CH;AT;Value on 3rd Wed. at 03;Export;Harmonized;M;M
Physical Energy & Power Flows;2022;8;202;202;202;CH;DE;Value on 3rd Wed. at 03;Import;Harmonized;M;M
Physical Energy & Power Flows;2022;8;1538;1538;1538;CH;FR;Value on 3rd Wed. at 03;Import;Harmonized;M;M
Physical Energy & Power Flows;2022;8;812;812;812;FI;EE;Value on 3rd Wed. at 11;Export;Harmonized;M;M
Physical Energy & Power Flows;2022;8;57;57;57;FI;NO;Value on 3rd Wed. at 11;Import;Harmonized;M;M
Physical Energy & Power Flows;2022;8;0;0;0;FI;RU;Value on 3rd Wed. at 11;Export;Harmonized;M;NaM
Physical Energy & Power Flows;2022;8;2076;2076;2076;FI;SE;Value on 3rd Wed. at 11;Import;Harmonized;M;M
Physical Energy & Power Flows;2022;8;1008;1008;1008;FR;BE;Value on 3rd Wed. at 11;Import;Harmonized;M;M
Physical Energy & Power Flows;2022;8;2344;2344;2344;FR;CH;Value on 3rd Wed. at 11;Import;Harmonized;M;M
Physical Energy & Power Flows;2022;8;2206;2206;2206;FR;DE;Value on 3rd Wed. at 11;Import;Harmonized;M;M
Physical Energy & Power Flows;2022;8;622;622;622;FR;ES;Value on 3rd Wed. at 11;Import;Harmonized;M;M
Physical Energy & Power Flows;2022;8;1942;1942;1942;FR;GB;Value on 3rd Wed. at 11;Import;Harmonized;M;M
Physical Energy & Power Flows;2022;8;616;616;616;FR;IT;Value on 3rd Wed. at 11;Import;Harmonized;M;M
Physical Energy & Power Flows;2022;8;256;256;256;GB;BE;Value on 3rd Wed. at 11;Import;Harmonized;M;M
Physical Energy & Power Flows;2022;8;1942;1942;1942;GB;FR;Value on 3rd Wed. at 11;Export;Harmonized;M;M
Physical Energy & Power Flows;2022;8;320;320;320;GB;NL;Value on 3rd Wed. at 11;Import;Harmonized;M;M
Physical Energy & Power Flows;2022;8;486;486;486;GB;NO;Value on 3rd Wed. at 11;Import;Harmonized;M;M
Physical Energy & Power Flows;2022;8;0;0;0;GE;AM;Value on 3rd Wed. at 11;Import;Harmonized;NaM;NaM
Physical Energy & Power Flows;2022;8;480;480;480;GE;AZ;Value on 3rd Wed. at 11;Import;Harmonized;NaM;NaM
Physical Energy & Power Flows;2022;8;12;12;12;GE;RU;Value on 3rd Wed. at 11;Import;Harmonized;NaM;NaM
Physical Energy & Power Flows;2022;8;418;418;418;GE;TR;Value on 3rd Wed. at 11;Export;Harmonized;NaM;M
Physical Energy & Power Flows;2022;8;481;481;481;GR;AL;Value on 3rd Wed. at 11;Export;Harmonized;M;M
Physical Energy & Power Flows;2022;8;31;31;31;GR;BG;Value on 3rd Wed. at 11;Export;Harmonized;M;M
Physical Energy & Power Flows;2022;8;0;0;0;GR;IT;Value on 3rd Wed. at 11;Import;Harmonized;M;M
Physical Energy & Power Flows;2022;8;462;462;462;GR;MK;Value on 3rd Wed. at 11;Export;Harmonized;M;M
Physical Energy & Power Flows;2022;8;250;250;250;GR;TR;Value on 3rd Wed. at 11;Import;Harmonized;M;M
Physical Energy & Power Flows;2022;8;769;769;769;HR;BA;Value on 3rd Wed. at 11;Import;Harmonized;M;M
Physical Energy & Power Flows;2022;8;232;232;232;HR;HU;Value on 3rd Wed. at 11;Import;Harmonized;M;M
Physical Energy & Power Flows;2022;7;734;734;734;SE;LT;Value on 3rd Wed. at 03;Export;Harmonized;M;M
Physical Energy & Power Flows;2022;7;550;550;550;SE;NO;Value on 3rd Wed. at 03;Import;Harmonized;M;M
Physical Energy & Power Flows;2022;7;598;598;598;SE;PL;Value on 3rd Wed. at 03;Export;Harmonized;M;M
Physical Energy & Power Flows;2022;7;260;260;260;SI;AT;Value on 3rd Wed. at 03;Import;Harmonized;M;M
Physical Energy & Power Flows;2022;7;1004;1004;1004;SI;HR;Value on 3rd Wed. at 03;Import;Harmonized;M;M
Physical Energy & Power Flows;2022;7;0;0;0;SI;HU;Value on 3rd Wed. at 03;Import;Harmonized;M;M
Physical Energy & Power Flows;2022;7;919;919;919;SI;IT;Value on 3rd Wed. at 03;Export;Harmonized;M;M
Physical Energy & Power Flows;2022;7;896;896;896;SK;CZ;Value on 3rd Wed. at 03;Import;Harmonized;M;M
Physical Energy & Power Flows;2022;7;1427;1427;1427;SK;HU;Value on 3rd Wed. at 03;Export;Harmonized;M;M
Physical Energy & Power Flows;2022;7;909;909;909;SK;PL;Value on 3rd Wed. at 03;Import;Harmonized;M;M
Physical Energy & Power Flows;2022;7;583;583;583;TR;GE;Value on 3rd Wed. at 03;Import;Harmonized;M;NaM
Physical Energy & Power Flows;2022;7;293;293;293;TR;GR;Value on 3rd Wed. at 03;Export;Harmonized;M;M
Physical Energy & Power Flows;2022;7;653;653;653;UA;HU;Value on 3rd Wed. at 03;Export;Harmonized;NaM;M
Physical Energy & Power Flows;2022;7;301;301;301;UA;MD;Value on 3rd Wed. at 03;Import;Harmonized;NaM;NaM
Physical Energy & Power Flows;2022;7;211;211;211;UA;PL;Value on 3rd Wed. at 03;Export;Harmonized;NaM;M
Physical Energy & Power Flows;2022;7;34;34;34;UA;RO;Value on 3rd Wed. at 03;Export;Harmonized;NaM;M
Physical Energy & Power Flows;2022;7;257;257;257;XK;AL;Value on 3rd Wed. at 03;Export;Harmonized;M;M
Physical Energy & Power Flows;2022;7;397;397;397;XK;ME;Value on 3rd Wed. at 03;Export;Harmonized;M;M
Physical Energy & Power Flows;2022;7;347;347;347;XK;MK;Value on 3rd Wed. at 03;Import;Harmonized;M;M
Physical Energy & Power Flows;2022;7;225;225;225;XK;RS;Value on 3rd Wed. at 03;Import;Harmonized;M;M
Physical Energy & Power Flows;2022;8;75;75;75;HR;SI;Value on 3rd Wed. at 11;Import;Harmonized;M;M
Physical Energy & Power Flows;2022;8;219;219;219;HU;AT;Value on 3rd Wed. at 11;Export;Harmonized;M;M
Physical Energy & Power Flows;2022;8;232;232;232;HU;HR;Value on 3rd Wed. at 11;Export;Harmonized;M;M
Physical Energy & Power Flows;2022;8;240;240;240;HU;RO;Value on 3rd Wed. at 11;Import;Harmonized;M;M
Physical Energy & Power Flows;2022;8;32;32;32;HU;RS;Value on 3rd Wed. at 11;Export;Harmonized;M;M
Physical Energy & Power Flows;2022;8;246;246;246;HU;SI;Value on 3rd Wed. at 11;Export;Harmonized;M;M
Physical Energy & Power Flows;2022;8;824;824;824;HU;SK;Value on 3rd Wed. at 11;Import;Harmonized;M;M
Physical Energy & Power Flows;2022;8;385;385;385;HU;UA;Value on 3rd Wed. at 11;Import;Harmonized;M;NaM
Physical Energy & Power Flows;2022;8;196;196;196;IT;AT;Value on 3rd Wed. at 11;Import;Harmonized;M;M
Physical Energy & Power Flows;2022;8;213;213;213;IT;CH;Value on 3rd Wed. at 11;Export;Harmonized;M;M
Physical Energy & Power Flows;2022;8;616;616;616;IT;FR;Value on 3rd Wed. at 11;Export;Harmonized;M;M
Physical Energy & Power Flows;2022;8;0;0;0;IT;GR;Value on 3rd Wed. at 11;Import;Harmonized;M;M
Physical Energy & Power Flows;2022;8;166;166;166;IT;ME;Value on 3rd Wed. at 11;Import;Harmonized;M;M
Physical Energy & Power Flows;2022;8;121;121;121;IT;MT;Value on 3rd Wed. at 11;Export;Harmonized;M;NaM
Physical Energy & Power Flows;2022;8;49;49;49;IT;SI;Value on 3rd Wed. at 11;Export;Harmonized;M;M
Physical Energy & Power Flows;2022;8;172;172;172;LT;BY;Value on 3rd Wed. at 11;Export;Harmonized;M;NaM
Physical Energy & Power Flows;2022;8;90;90;90;LT;LV;Value on 3rd Wed. at 11;Export;Harmonized;M;M
Physical Energy & Power Flows;2022;8;492;492;492;LT;PL;Value on 3rd Wed. at 11;Import;Harmonized;M;M
Physical Energy & Power Flows;2022;8;4;4;4;LT;RU;Value on 3rd Wed. at 11;Export;Harmonized;M;NaM
Physical Energy & Power Flows;2022;8;691;691;691;LT;SE;Value on 3rd Wed. at 11;Import;Harmonized;M;M
Physical Energy & Power Flows;2022;8;74;74;74;LU;BE;Value on 3rd Wed. at 11;Import;Harmonized;M;M
Physical Energy & Power Flows;2022;8;431;431;431;LU;DE;Value on 3rd Wed. at 11;Import;Harmonized;M;M
Physical Energy & Power Flows;2022;8;609;609;609;LV;EE;Value on 3rd Wed. at 11;Import;Harmonized;M;M
Physical Energy & Power Flows;2022;8;90;90;90;LV;LT;Value on 3rd Wed. at 11;Import;Harmonized;M;M
Physical Energy & Power Flows;2022;8;131;131;131;LV;RU;Value on 3rd Wed. at 11;Import;Harmonized;M;NaM
Physical Energy & Power Flows;2022;8;234;234;234;MD;RO;Value on 3rd Wed. at 11;Import;Harmonized;NaM;M
Physical Energy & Power Flows;2022;8;54;54;54;MD;UA;Value on 3rd Wed. at 11;Export;Harmonized;NaM;NaM
Physical Energy & Power Flows;2022;6;1122;1122;1122;HU;SK;Value on 3rd Wed. at 03;Import;Harmonized;M;M
Physical Energy & Power Flows;2022;6;752;752;752;IT;SI;Value on 3rd Wed. at 03;Import;Harmonized;M;M
Physical Energy & Power Flows;2022;6;32;32;32;LT;BY;Value on 3rd Wed. at 03;Import;Harmonized;M;NaM
Physical Energy & Power Flows;2022;6;374;374;374;LT;LV;Value on 3rd Wed. at 03;Import;Harmonized;M;M
Physical Energy & Power Flows;2022;6;47;47;47;LT;PL;Value on 3rd Wed. at 03;Import;Harmonized;M;M
Physical Energy & Power Flows;2022;6;1;1;1;LT;RU;Value on 3rd Wed. at 03;Import;Harmonized;M;NaM
Physical Energy & Power Flows;2022;6;733;733;733;LT;SE;Value on 3rd Wed. at 03;Import;Harmonized;M;M
Physical Energy & Power Flows;2022;6;77;77;77;LU;BE;Value on 3rd Wed. at 03;Import;Harmonized;M;M
Physical Energy & Power Flows;2022;6;304;304;304;LU;DE;Value on 3rd Wed. at 03;Import;Harmonized;M;M
Physical Energy & Power Flows;2022;6;620;620;620;LV;EE;Value on 3rd Wed. at 03;Import;Harmonized;M;M
Physical Energy & Power Flows;2022;6;374;374;374;LV;LT;Value on 3rd Wed. at 03;Export;Harmonized;M;M
Physical Energy & Power Flows;2022;6;221;221;221;LV;RU;Value on 3rd Wed. at 03;Import;Harmonized;M;NaM
Physical Energy & Power Flows;2022;6;251;251;251;MD;RO;Value on 3rd Wed. at 03;Import;Harmonized;NaM;M
Physical Energy & Power Flows;2022;6;137;137;137;MD;UA;Value on 3rd Wed. at 03;Export;Harmonized;NaM;NaM
Physical Energy & Power Flows;2022;6;220;220;220;ME;AL;Value on 3rd Wed. at 03;Import;Harmonized;M;M
Physical Energy & Power Flows;2022;6;88;88;88;ME;BA;Value on 3rd Wed. at 03;Import;Harmonized;M;M
Physical Energy & Power Flows;2022;6;600;600;600;ME;IT;Value on 3rd Wed. at 03;Export;Harmonized;M;M
Physical Energy & Power Flows;2022;6;371;371;371;ME;RS;Value on 3rd Wed. at 03;Export;Harmonized;M;M
Physical Energy & Power Flows;2022;6;396;396;396;ME;XK;Value on 3rd Wed. at 03;Import;Harmonized;M;M
Physical Energy & Power Flows;2022;6;430;430;430;MK;BG;Value on 3rd Wed. at 03;Import;Harmonized;M;M
Physical Energy & Power Flows;2022;6;324;324;324;MK;GR;Value on 3rd Wed. at 03;Export;Harmonized;M;M
Physical Energy & Power Flows;2022;6;32;32;32;MK;RS;Value on 3rd Wed. at 03;Export;Harmonized;M;M
Physical Energy & Power Flows;2022;6;4;4;4;MK;XK;Value on 3rd Wed. at 03;Export;Harmonized;M;M
Physical Energy & Power Flows;2022;6;97;97;97;MT;IT;Value on 3rd Wed. at 03;Import;Harmonized;NaM;M
Physical Energy & Power Flows;2022;6;292;292;292;NL;BE;Value on 3rd Wed. at 03;Export;Harmonized;M;M
Physical Energy & Power Flows;2022;6;1566;1566;1566;NL;DE;Value on 3rd Wed. at 03;Export;Harmonized;M;M
Physical Energy & Power Flows;2022;6;1;1;1;NL;DK;Value on 3rd Wed. at 03;Export;Harmonized;M;M
Physical Energy & Power Flows;2022;6;873;873;873;NL;GB;Value on 3rd Wed. at 03;Import;Harmonized;M;M
Physical Energy & Power Flows;2022;6;0;0;0;NL;NO;Value on 3rd Wed. at 03;Import;Harmonized;M;M
Physical Energy & Power Flows;2022;6;1406;1406;1406;NO;DE;Value on 3rd Wed. at 03;Export;Harmonized;M;M
Physical Energy & Power Flows;2022;6;1632;1632;1632;NO;DK;Value on 3rd Wed. at 03;Export;Harmonized;M;M
Physical Energy & Power Flows;2022;6;48;48;48;NO;FI;Value on 3rd Wed. at 03;Export;Harmonized;M;M
Physical Energy & Power Flows;2022;6;445;445;445;NO;GB;Value on 3rd Wed. at 03;Import;Harmonized;M;M
Physical Energy & Power Flows;2022;6;0;0;0;NO;NL;Value on 3rd Wed. at 03;Import;Harmonized;M;M
Physical Energy & Power Flows;2022;6;562;562;562;NO;SE;Value on 3rd Wed. at 03;Export;Harmonized;M;M
Physical Energy & Power Flows;2022;6;868;868;868;PL;CZ;Value on 3rd Wed. at 03;Export;Harmonized;M;M
Physical Energy & Power Flows;2022;6;163;163;163;PL;DE;Value on 3rd Wed. at 03;Import;Harmonized;M;M
Physical Energy & Power Flows;2022;6;47;47;47;PL;LT;Value on 3rd Wed. at 03;Export;Harmonized;M;M
Physical Energy & Power Flows;2022;6;0;0;0;PL;SE;Value on 3rd Wed. at 03;Import;Harmonized;M;M
Physical Energy & Power Flows;2022;6;641;641;641;PL;SK;Value on 3rd Wed. at 03;Export;Harmonized;M;M
Physical Energy & Power Flows;2022;6;219;219;219;PL;UA;Value on 3rd Wed. at 03;Import;Harmonized;M;NaM
Physical Energy & Power Flows;2022;6;1512;1512;1512;PT;ES;Value on 3rd Wed. at 03;Import;Harmonized;M;M
Physical Energy & Power Flows;2022;6;568;568;568;RO;BG;Value on 3rd Wed. at 03;Import;Harmonized;M;M
Physical Energy & Power Flows;2022;6;169;169;169;RO;HU;Value on 3rd Wed. at 03;Export;Harmonized;M;M
Physical Energy & Power Flows;2022;6;251;251;251;RO;MD;Value on 3rd Wed. at 03;Export;Harmonized;M;NaM
Physical Energy & Power Flows;2022;6;57;57;57;HR;RS;Value on 3rd Wed. at 11;Import;Harmonized;M;M
Physical Energy & Power Flows;2022;6;168;168;168;HR;SI;Value on 3rd Wed. at 11;Export;Harmonized;M;M
Physical Energy & Power Flows;2022;6;200;200;200;HU;AT;Value on 3rd Wed. at 11;Import;Harmonized;M;M
Physical Energy & Power Flows;2022;6;839;839;839;HU;HR;Value on 3rd Wed. at 11;Export;Harmonized;M;M
Physical Energy & Power Flows;2022;6;86;86;86;HU;RO;Value on 3rd Wed. at 11;Export;Harmonized;M;M
Physical Energy & Power Flows;2022;6;124;124;124;HU;RS;Value on 3rd Wed. at 11;Export;Harmonized;M;M
Physical Energy & Power Flows;2022;6;1090;1090;1090;HU;SK;Value on 3rd Wed. at 11;Import;Harmonized;M;M
Physical Energy & Power Flows;2022;6;108;108;108;HU;UA;Value on 3rd Wed. at 11;Import;Harmonized;M;NaM
Physical Energy & Power Flows;2022;6;113;113;113;IE;GB;Value on 3rd Wed. at 11;Import;Harmonized;M;M
Physical Energy & Power Flows;2022;6;231;231;231;IT;AT;Value on 3rd Wed. at 11;Import;Harmonized;M;M
Physical Energy & Power Flows;2022;6;1992;1992;1992;IT;CH;Value on 3rd Wed. at 11;Import;Harmonized;M;M
Physical Energy & Power Flows;2022;6;1597;1597;1597;IT;FR;Value on 3rd Wed. at 11;Import;Harmonized;M;M
Physical Energy & Power Flows;2022;6;0;0;0;IT;GR;Value on 3rd Wed. at 11;Import;Harmonized;M;M
Physical Energy & Power Flows;2022;6;490;490;490;IT;ME;Value on 3rd Wed. at 11;Import;Harmonized;M;M
Physical Energy & Power Flows;2022;6;61;61;61;IT;MT;Value on 3rd Wed. at 11;Export;Harmonized;M;NaM
Physical Energy & Power Flows;2022;6;757;757;757;IT;SI;Value on 3rd Wed. at 11;Import;Harmonized;M;M
Physical Energy & Power Flows;2022;6;122;122;122;LT;BY;Value on 3rd Wed. at 11;Export;Harmonized;M;NaM
Physical Energy & Power Flows;2022;6;338;338;338;LT;LV;Value on 3rd Wed. at 11;Import;Harmonized;M;M
Physical Energy & Power Flows;2022;6;53;53;53;LT;PL;Value on 3rd Wed. at 11;Import;Harmonized;M;M
Physical Energy & Power Flows;2022;6;2;2;2;LT;RU;Value on 3rd Wed. at 11;Export;Harmonized;M;NaM
Physical Energy & Power Flows;2022;6;725;725;725;LT;SE;Value on 3rd Wed. at 11;Import;Harmonized;M;M
Physical Energy & Power Flows;2022;6;43;43;43;LU;BE;Value on 3rd Wed. at 11;Import;Harmonized;M;M
Physical Energy & Power Flows;2022;6;432;432;432;LU;DE;Value on 3rd Wed. at 11;Import;Harmonized;M;M
Physical Energy & Power Flows;2022;6;375;375;375;LV;EE;Value on 3rd Wed. at 11;Import;Harmonized;M;M
Physical Energy & Power Flows;2022;6;338;338;338;LV;LT;Value on 3rd Wed. at 11;Export;Harmonized;M;M
Physical Energy & Power Flows;2022;6;151;151;151;LV;RU;Value on 3rd Wed. at 11;Import;Harmonized;M;NaM
Physical Energy & Power Flows;2022;6;66;66;66;MD;RO;Value on 3rd Wed. at 11;Import;Harmonized;NaM;M
Physical Energy & Power Flows;2022;6;76;76;76;MD;UA;Value on 3rd Wed. at 11;Import;Harmonized;NaM;NaM
Physical Energy & Power Flows;2022;6;201;201;201;ME;AL;Value on 3rd Wed. at 11;Import;Harmonized;M;M
Physical Energy & Power Flows;2022;6;174;174;174;ME;BA;Value on 3rd Wed. at 11;Import;Harmonized;M;M
Physical Energy & Power Flows;2022;6;490;490;490;ME;IT;Value on 3rd Wed. at 11;Export;Harmonized;M;M
Physical Energy & Power Flows;2022;6;266;266;266;ME;RS;Value on 3rd Wed. at 11;Export;Harmonized;M;M
Physical Energy & Power Flows;2022;6;319;319;319;ME;XK;Value on 3rd Wed. at 11;Import;Harmonized;M;M
Physical Energy & Power Flows;2022;6;322;322;322;MK;BG;Value on 3rd Wed. at 11;Import;Harmonized;M;M
Physical Energy & Power Flows;2022;6;47;47;47;MK;GR;Value on 3rd Wed. at 11;Import;Harmonized;M;M
Physical Energy & Power Flows;2022;6;23;23;23;MK;RS;Value on 3rd Wed. at 11;Import;Harmonized;M;M
Physical Energy & Power Flows;2022;6;112;112;112;MK;XK;Value on 3rd Wed. at 11;Export;Harmonized;M;M
Physical Energy & Power Flows;2022;6;61;61;61;MT;IT;Value on 3rd Wed. at 11;Import;Harmonized;NaM;M
Physical Energy & Power Flows;2022;6;1845;1845;1845;NL;BE;Value on 3rd Wed. at 11;Export;Harmonized;M;M
Physical Energy & Power Flows;2022;6;309;309;309;NL;DE;Value on 3rd Wed. at 11;Export;Harmonized;M;M
Physical Energy & Power Flows;2022;6;675;675;675;NL;DK;Value on 3rd Wed. at 11;Export;Harmonized;M;M
Physical Energy & Power Flows;2022;6;1086;1086;1086;NL;GB;Value on 3rd Wed. at 11;Export;Harmonized;M;M
Physical Energy & Power Flows;2022;6;0;0;0;NL;NO;Value on 3rd Wed. at 11;Import;Harmonized;M;M
Physical Energy & Power Flows;2022;6;529;529;529;NO;DE;Value on 3rd Wed. at 11;Export;Harmonized;M;M
Physical Energy & Power Flows;2022;6;1630;1630;1630;NO;DK;Value on 3rd Wed. at 11;Export;Harmonized;M;M
Physical Energy & Power Flows;2022;6;52;52;52;NO;FI;Value on 3rd Wed. at 11;Export;Harmonized;M;M
Physical Energy & Power Flows;2022;6;45;45;45;NO;GB;Value on 3rd Wed. at 11;Export;Harmonized;M;M
Physical Energy & Power Flows;2022;6;0;0;0;NO;NL;Value on 3rd Wed. at 11;Import;Harmonized;M;M
Physical Energy & Power Flows;2022;6;1357;1357;1357;NO;SE;Value on 3rd Wed. at 11;Export;Harmonized;M;M
Physical Energy & Power Flows;2022;6;47;47;47;GR;MK;Value on 3rd Wed. at 11;Export;Harmonized;M;M
Physical Energy & Power Flows;2022;6;423;423;423;GR;TR;Value on 3rd Wed. at 11;Import;Harmonized;M;M
Physical Energy & Power Flows;2022;6;131;131;131;HR;BA;Value on 3rd Wed. at 11;Import;Harmonized;M;M
Physical Energy & Power Flows;2022;6;839;839;839;HR;HU;Value on 3rd Wed. at 11;Import;Harmonized;M;M
Physical Energy & Power Flows;2022;6;475;475;475;HU;UA;Value on 3rd Wed. at 03;Import;Harmonized;M;NaM
Physical Energy & Power Flows;2022;6;0;0;0;IE;GB;Value on 3rd Wed. at 03;Import;Harmonized;M;M
Physical Energy & Power Flows;2022;6;244;244;244;IT;AT;Value on 3rd Wed. at 03;Import;Harmonized;M;M
Physical Energy & Power Flows;2022;6;2020;2020;2020;IT;CH;Value on 3rd Wed. at 03;Import;Harmonized;M;M
Physical Energy & Power Flows;2022;6;2465;2465;2465;IT;FR;Value on 3rd Wed. at 03;Import;Harmonized;M;M
Physical Energy & Power Flows;2022;6;0;0;0;IT;GR;Value on 3rd Wed. at 03;Import;Harmonized;M;M
Physical Energy & Power Flows;2022;6;600;600;600;IT;ME;Value on 3rd Wed. at 03;Import;Harmonized;M;M
Physical Energy & Power Flows;2022;6;97;97;97;IT;MT;Value on 3rd Wed. at 03;Export;Harmonized;M;NaM
Physical Energy & Power Flows;2022;7;585;585;585;LV;EE;Value on 3rd Wed. at 03;Import;Harmonized;M;M
Physical Energy & Power Flows;2022;7;401;401;401;LV;LT;Value on 3rd Wed. at 03;Export;Harmonized;M;M
Physical Energy & Power Flows;2022;7;176;176;176;LV;RU;Value on 3rd Wed. at 03;Import;Harmonized;M;NaM
Physical Energy & Power Flows;2022;7;419;419;419;MD;RO;Value on 3rd Wed. at 03;Import;Harmonized;NaM;M
Physical Energy & Power Flows;2022;7;442;442;442;GE;AZ;Value on 3rd Wed. at 03;Import;Harmonized;NaM;NaM
Physical Energy & Power Flows;2022;7;11;11;11;GE;RU;Value on 3rd Wed. at 03;Import;Harmonized;NaM;NaM
Physical Energy & Power Flows;2022;7;583;583;583;GE;TR;Value on 3rd Wed. at 03;Export;Harmonized;NaM;M
Physical Energy & Power Flows;2022;7;600;600;600;GR;AL;Value on 3rd Wed. at 03;Export;Harmonized;M;M
Physical Energy & Power Flows;2022;7;106;106;106;GR;BG;Value on 3rd Wed. at 03;Import;Harmonized;M;M
Physical Energy & Power Flows;2022;7;509;509;509;GR;IT;Value on 3rd Wed. at 03;Export;Harmonized;M;M
Physical Energy & Power Flows;2022;7;363;363;363;GR;MK;Value on 3rd Wed. at 03;Export;Harmonized;M;M
Physical Energy & Power Flows;2022;7;293;293;293;GR;TR;Value on 3rd Wed. at 03;Import;Harmonized;M;M
Physical Energy & Power Flows;2022;7;868;868;868;HR;BA;Value on 3rd Wed. at 03;Import;Harmonized;M;M
Physical Energy & Power Flows;2022;7;577;577;577;HR;HU;Value on 3rd Wed. at 03;Import;Harmonized;M;M
Physical Energy & Power Flows;2022;7;390;390;390;HR;RS;Value on 3rd Wed. at 03;Import;Harmonized;M;M
Physical Energy & Power Flows;2022;7;1004;1004;1004;HR;SI;Value on 3rd Wed. at 03;Export;Harmonized;M;M
Physical Energy & Power Flows;2022;7;687;687;687;HU;AT;Value on 3rd Wed. at 03;Export;Harmonized;M;M
Physical Energy & Power Flows;2022;7;577;577;577;HU;HR;Value on 3rd Wed. at 03;Export;Harmonized;M;M
Physical Energy & Power Flows;2022;7;110;110;110;HU;RO;Value on 3rd Wed. at 03;Import;Harmonized;M;M
Physical Energy & Power Flows;2022;7;0;0;0;HU;RS;Value on 3rd Wed. at 03;Import;Harmonized;M;M
Physical Energy & Power Flows;2022;7;0;0;0;HU;SI;Value on 3rd Wed. at 03;Import;Harmonized;M;M
Physical Energy & Power Flows;2022;7;1427;1427;1427;HU;SK;Value on 3rd Wed. at 03;Import;Harmonized;M;M
Physical Energy & Power Flows;2022;7;653;653;653;HU;UA;Value on 3rd Wed. at 03;Import;Harmonized;M;NaM
Physical Energy & Power Flows;2022;7;11;11;11;IT;AT;Value on 3rd Wed. at 03;Import;Harmonized;M;M
Physical Energy & Power Flows;2022;7;2630;2630;2630;IT;CH;Value on 3rd Wed. at 03;Import;Harmonized;M;M
Physical Energy & Power Flows;2022;7;1526;1526;1526;IT;FR;Value on 3rd Wed. at 03;Import;Harmonized;M;M
Physical Energy & Power Flows;2022;7;509;509;509;IT;GR;Value on 3rd Wed. at 03;Import;Harmonized;M;M
Physical Energy & Power Flows;2022;7;600;600;600;IT;ME;Value on 3rd Wed. at 03;Import;Harmonized;M;M
Physical Energy & Power Flows;2022;7;114;114;114;IT;MT;Value on 3rd Wed. at 03;Export;Harmonized;M;NaM
Physical Energy & Power Flows;2022;7;919;919;919;IT;SI;Value on 3rd Wed. at 03;Import;Harmonized;M;M
Physical Energy & Power Flows;2022;7;175;175;175;LT;BY;Value on 3rd Wed. at 03;Import;Harmonized;M;NaM
Physical Energy & Power Flows;2022;7;401;401;401;LT;LV;Value on 3rd Wed. at 03;Import;Harmonized;M;M
Physical Energy & Power Flows;2022;7;483;483;483;LT;PL;Value on 3rd Wed. at 03;Export;Harmonized;M;M
Physical Energy & Power Flows;2022;7;1;1;1;LT;RU;Value on 3rd Wed. at 03;Import;Harmonized;M;NaM
Physical Energy & Power Flows;2022;7;734;734;734;LT;SE;Value on 3rd Wed. at 03;Import;Harmonized;M;M
Physical Energy & Power Flows;2022;7;79;79;79;LU;BE;Value on 3rd Wed. at 03;Import;Harmonized;M;M
Physical Energy & Power Flows;2022;7;338;338;338;LU;DE;Value on 3rd Wed. at 03;Import;Harmonized;M;M
Physical Energy & Power Flows;2022;7;536;536;536;AL;GR;Value on 3rd Wed. at 11;Import;Harmonized;M;M
Physical Energy & Power Flows;2022;7;303;303;303;AL;ME;Value on 3rd Wed. at 11;Export;Harmonized;M;M
Physical Energy & Power Flows;2022;7;45;45;45;AL;XK;Value on 3rd Wed. at 11;Export;Harmonized;M;M
Physical Energy & Power Flows;2022;7;0;0;0;AM;GE;Value on 3rd Wed. at 11;Import;Harmonized;NaM;NaM
Physical Energy & Power Flows;2022;7;290;290;290;AT;CH;Value on 3rd Wed. at 11;Export;Harmonized;M;M
Physical Energy & Power Flows;2022;7;1430;1430;1430;AT;CZ;Value on 3rd Wed. at 11;Import;Harmonized;M;M
Physical Energy & Power Flows;2022;7;1720;1720;1720;AT;DE;Value on 3rd Wed. at 11;Import;Harmonized;M;M
Physical Energy & Power Flows;2022;7;140;140;140;AT;HU;Value on 3rd Wed. at 11;Import;Harmonized;M;M
Physical Energy & Power Flows;2022;7;25;25;25;AT;IT;Value on 3rd Wed. at 11;Export;Harmonized;M;M
Physical Energy & Power Flows;2022;7;526;526;526;AT;SI;Value on 3rd Wed. at 11;Export;Harmonized;M;M
Physical Energy & Power Flows;2022;7;442;442;442;AZ;GE;Value on 3rd Wed. at 11;Export;Harmonized;NaM;NaM
Physical Energy & Power Flows;2022;7;965;965;965;BA;HR;Value on 3rd Wed. at 11;Export;Harmonized;M;M
Physical Energy & Power Flows;2022;7;449;449;449;BA;ME;Value on 3rd Wed. at 11;Import;Harmonized;M;M
Physical Energy & Power Flows;2022;7;310;310;310;BA;RS;Value on 3rd Wed. at 11;Import;Harmonized;M;M
Physical Energy & Power Flows;2022;7;0;0;0;BE;DE;Value on 3rd Wed. at 11;Import;Harmonized;M;M
Physical Energy & Power Flows;2022;7;1280;1280;1280;BE;FR;Value on 3rd Wed. at 11;Export;Harmonized;M;M
Physical Energy & Power Flows;2022;7;132;132;132;BE;GB;Value on 3rd Wed. at 11;Export;Harmonized;M;M
Physical Energy & Power Flows;2022;7;149;149;149;BE;LU;Value on 3rd Wed. at 11;Export;Harmonized;M;M
Physical Energy & Power Flows;2022;7;110;110;110;BE;NL;Value on 3rd Wed. at 11;Import;Harmonized;M;M
Physical Energy & Power Flows;2022;7;1;1;1;BG;GR;Value on 3rd Wed. at 11;Export;Harmonized;M;M
Physical Energy & Power Flows;2022;7;474;474;474;BG;RS;Value on 3rd Wed. at 11;Export;Harmonized;M;M
Physical Energy & Power Flows;2022;7;66;66;66;BY;LT;Value on 3rd Wed. at 11;Import;Harmonized;NaM;M
Physical Energy & Power Flows;2022;7;290;290;290;CH;AT;Value on 3rd Wed. at 11;Import;Harmonized;M;M
Physical Energy & Power Flows;2022;7;876;876;876;CH;DE;Value on 3rd Wed. at 11;Export;Harmonized;M;M
Physical Energy & Power Flows;2022;7;2397;2397;2397;CH;FR;Value on 3rd Wed. at 11;Export;Harmonized;M;M
Physical Energy & Power Flows;2022;7;689;689;689;CH;IT;Value on 3rd Wed. at 11;Export;Harmonized;M;M
Physical Energy & Power Flows;2022;7;1430;1430;1430;CZ;AT;Value on 3rd Wed. at 11;Export;Harmonized;M;M
Physical Energy & Power Flows;2022;7;613;613;613;CZ;DE;Value on 3rd Wed. at 11;Import;Harmonized;M;M
Physical Energy & Power Flows;2022;7;706;706;706;CZ;PL;Value on 3rd Wed. at 11;Import;Harmonized;M;M
Physical Energy & Power Flows;2022;7;886;886;886;CZ;SK;Value on 3rd Wed. at 11;Export;Harmonized;M;M
Physical Energy & Power Flows;2022;7;1720;1720;1720;DE;AT;Value on 3rd Wed. at 11;Export;Harmonized;M;M
Physical Energy & Power Flows;2022;7;0;0;0;DE;BE;Value on 3rd Wed. at 11;Import;Harmonized;M;M
Physical Energy & Power Flows;2022;7;876;876;876;DE;CH;Value on 3rd Wed. at 11;Import;Harmonized;M;M
Physical Energy & Power Flows;2022;7;613;613;613;DE;CZ;Value on 3rd Wed. at 11;Export;Harmonized;M;M
Physical Energy & Power Flows;2022;7;577;577;577;DE;DK;Value on 3rd Wed. at 11;Import;Harmonized;M;M
Physical Energy & Power Flows;2022;7;2065;2065;2065;DE;FR;Value on 3rd Wed. at 11;Export;Harmonized;M;M
Physical Energy & Power Flows;2022;7;333;333;333;DE;LU;Value on 3rd Wed. at 11;Export;Harmonized;M;M
Physical Energy & Power Flows;2022;7;206;206;206;DE;NL;Value on 3rd Wed. at 11;Import;Harmonized;M;M
Physical Energy & Power Flows;2022;7;347;347;347;DE;NO;Value on 3rd Wed. at 11;Import;Harmonized;M;M
Physical Energy & Power Flows;2022;7;1453;1453;1453;DE;PL;Value on 3rd Wed. at 11;Export;Harmonized;M;M
Physical Energy & Power Flows;2022;7;352;352;352;DE;SE;Value on 3rd Wed. at 11;Import;Harmonized;M;M
Physical Energy & Power Flows;2022;7;577;577;577;DK;DE;Value on 3rd Wed. at 11;Export;Harmonized;M;M
Physical Energy & Power Flows;2022;7;213;213;213;DK;NL;Value on 3rd Wed. at 11;Export;Harmonized;M;M
Physical Energy & Power Flows;2022;7;969;969;969;DK;NO;Value on 3rd Wed. at 11;Export;Harmonized;M;M
Physical Energy & Power Flows;2022;7;1009;1009;1009;DK;SE;Value on 3rd Wed. at 11;Import;Harmonized;M;M
Physical Energy & Power Flows;2022;7;669;669;669;EE;FI;Value on 3rd Wed. at 11;Import;Harmonized;M;M
Physical Energy & Power Flows;2022;7;726;726;726;EE;LV;Value on 3rd Wed. at 11;Export;Harmonized;M;M
Physical Energy & Power Flows;2022;7;124;124;124;EE;RU;Value on 3rd Wed. at 11;Export;Harmonized;M;NaM
Physical Energy & Power Flows;2022;7;301;301;301;MD;UA;Value on 3rd Wed. at 03;Export;Harmonized;NaM;NaM
Physical Energy & Power Flows;2022;7;408;408;408;ME;AL;Value on 3rd Wed. at 03;Import;Harmonized;M;M
Physical Energy & Power Flows;2022;7;227;227;227;ME;BA;Value on 3rd Wed. at 03;Export;Harmonized;M;M
Physical Energy & Power Flows;2022;7;600;600;600;ME;IT;Value on 3rd Wed. at 03;Export;Harmonized;M;M
Physical Energy & Power Flows;2022;7;374;374;374;ME;RS;Value on 3rd Wed. at 03;Export;Harmonized;M;M
Physical Energy & Power Flows;2022;7;397;397;397;ME;XK;Value on 3rd Wed. at 03;Import;Harmonized;M;M
Physical Energy & Power Flows;2022;7;363;363;363;MK;GR;Value on 3rd Wed. at 03;Import;Harmonized;M;M
Physical Energy & Power Flows;2022;7;176;176;176;MK;RS;Value on 3rd Wed. at 03;Import;Harmonized;M;M
Physical Energy & Power Flows;2022;7;347;347;347;MK;XK;Value on 3rd Wed. at 03;Export;Harmonized;M;M
Physical Energy & Power Flows;2022;7;114;114;114;MT;IT;Value on 3rd Wed. at 03;Import;Harmonized;NaM;M
Physical Energy & Power Flows;2022;7;581;581;581;NL;BE;Value on 3rd Wed. at 03;Export;Harmonized;M;M
Physical Energy & Power Flows;2022;7;755;755;755;NL;DE;Value on 3rd Wed. at 03;Import;Harmonized;M;M
Physical Energy & Power Flows;2022;7;605;605;605;NL;DK;Value on 3rd Wed. at 03;Import;Harmonized;M;M
Physical Energy & Power Flows;2022;7;802;802;802;NL;GB;Value on 3rd Wed. at 03;Import;Harmonized;M;M
Physical Energy & Power Flows;2022;7;0;0;0;NL;NO;Value on 3rd Wed. at 03;Import;Harmonized;M;M
Physical Energy & Power Flows;2022;7;722;722;722;NO;DE;Value on 3rd Wed. at 03;Export;Harmonized;M;M
Physical Energy & Power Flows;2022;8;381;381;381;MK;XK;Value on 3rd Wed. at 03;Export;Harmonized;M;M
Physical Energy & Power Flows;2022;8;153;153;153;MT;IT;Value on 3rd Wed. at 03;Import;Harmonized;NaM;M
Physical Energy & Power Flows;2022;8;864;864;864;NL;BE;Value on 3rd Wed. at 03;Import;Harmonized;M;M
Physical Energy & Power Flows;2022;8;2427;2427;2427;NL;DE;Value on 3rd Wed. at 03;Export;Harmonized;M;M
Physical Energy & Power Flows;2022;8;700;700;700;NL;DK;Value on 3rd Wed. at 03;Export;Harmonized;M;M
Physical Energy & Power Flows;2022;8;995;995;995;NL;GB;Value on 3rd Wed. at 03;Import;Harmonized;M;M
Physical Energy & Power Flows;2022;8;0;0;0;NL;NO;Value on 3rd Wed. at 03;Import;Harmonized;M;M
Physical Energy & Power Flows;2022;8;879;879;879;NO;DE;Value on 3rd Wed. at 03;Export;Harmonized;M;M
Physical Energy & Power Flows;2022;8;1631;1631;1631;NO;DK;Value on 3rd Wed. at 03;Export;Harmonized;M;M
Physical Energy & Power Flows;2022;8;57;57;57;NO;FI;Value on 3rd Wed. at 03;Export;Harmonized;M;M
Physical Energy & Power Flows;2022;8;188;188;188;LV;RU;Value on 3rd Wed. at 03;Import;Harmonized;M;NaM
Physical Energy & Power Flows;2022;8;306;306;306;MD;RO;Value on 3rd Wed. at 03;Import;Harmonized;NaM;M
Physical Energy & Power Flows;2022;8;269;269;269;MD;UA;Value on 3rd Wed. at 03;Export;Harmonized;NaM;NaM
Physical Energy & Power Flows;2022;8;450;450;450;ME;AL;Value on 3rd Wed. at 03;Import;Harmonized;M;M
Physical Energy & Power Flows;2022;8;135;135;135;ME;BA;Value on 3rd Wed. at 03;Export;Harmonized;M;M
Physical Energy & Power Flows;2022;8;581;581;581;ME;IT;Value on 3rd Wed. at 03;Export;Harmonized;M;M
Physical Energy & Power Flows;2022;8;584;584;584;ME;RS;Value on 3rd Wed. at 03;Export;Harmonized;M;M
Physical Energy & Power Flows;2022;8;444;444;444;ME;XK;Value on 3rd Wed. at 03;Import;Harmonized;M;M
Physical Energy & Power Flows;2022;8;174;174;174;MK;BG;Value on 3rd Wed. at 03;Import;Harmonized;M;M
Physical Energy & Power Flows;2022;8;244;244;244;MK;GR;Value on 3rd Wed. at 03;Import;Harmonized;M;M
Physical Energy & Power Flows;2022;8;171;171;171;MK;RS;Value on 3rd Wed. at 03;Import;Harmonized;M;M
Physical Energy & Power Flows;2022;8;699;699;699;NO;GB;Value on 3rd Wed. at 03;Import;Harmonized;M;M
Physical Energy & Power Flows;2022;8;0;0;0;NO;NL;Value on 3rd Wed. at 03;Import;Harmonized;M;M
Physical Energy & Power Flows;2022;8;105;105;105;NO;SE;Value on 3rd Wed. at 03;Export;Harmonized;M;M
Physical Energy & Power Flows;2022;8;853;853;853;PL;CZ;Value on 3rd Wed. at 03;Export;Harmonized;M;M
Physical Energy & Power Flows;2022;8;634;634;634;PL;DE;Value on 3rd Wed. at 03;Import;Harmonized;M;M
Physical Energy & Power Flows;2022;8;246;246;246;PL;LT;Value on 3rd Wed. at 03;Import;Harmonized;M;M
Physical Energy & Power Flows;2022;8;598;598;598;PL;SE;Value on 3rd Wed. at 03;Import;Harmonized;M;M
Physical Energy & Power Flows;2022;8;496;496;496;PL;SK;Value on 3rd Wed. at 03;Export;Harmonized;M;M
Physical Energy & Power Flows;2022;8;216;216;216;PL;UA;Value on 3rd Wed. at 03;Import;Harmonized;M;NaM
Physical Energy & Power Flows;2022;8;259;259;259;PT;ES;Value on 3rd Wed. at 03;Export;Harmonized;M;M
Physical Energy & Power Flows;2022;8;1092;1092;1092;RO;BG;Value on 3rd Wed. at 03;Import;Harmonized;M;M
Physical Energy & Power Flows;2022;8;61;61;61;RO;HU;Value on 3rd Wed. at 03;Export;Harmonized;M;M
Physical Energy & Power Flows;2022;8;306;306;306;RO;MD;Value on 3rd Wed. at 03;Export;Harmonized;M;NaM
Physical Energy & Power Flows;2022;8;211;211;211;RO;RS;Value on 3rd Wed. at 03;Export;Harmonized;M;M
Physical Energy & Power Flows;2022;8;60;60;60;RO;UA;Value on 3rd Wed. at 03;Export;Harmonized;M;NaM
Physical Energy & Power Flows;2022;8;207;207;207;RS;BA;Value on 3rd Wed. at 03;Export;Harmonized;M;M
Physical Energy & Power Flows;2022;8;495;495;495;RS;BG;Value on 3rd Wed. at 03;Import;Harmonized;M;M
Physical Energy & Power Flows;2022;8;305;305;305;RS;HR;Value on 3rd Wed. at 03;Export;Harmonized;M;M
Physical Energy & Power Flows;2022;8;264;264;264;RS;HU;Value on 3rd Wed. at 03;Export;Harmonized;M;M
Physical Energy & Power Flows;2022;8;584;584;584;RS;ME;Value on 3rd Wed. at 03;Import;Harmonized;M;M
Physical Energy & Power Flows;2022;8;171;171;171;RS;MK;Value on 3rd Wed. at 03;Export;Harmonized;M;M
Physical Energy & Power Flows;2022;8;211;211;211;RS;RO;Value on 3rd Wed. at 03;Import;Harmonized;M;M
Physical Energy & Power Flows;2022;8;70;70;70;RS;XK;Value on 3rd Wed. at 03;Export;Harmonized;M;M
Physical Energy & Power Flows;2022;8;190;190;190;RU;EE;Value on 3rd Wed. at 03;Import;Harmonized;NaM;M
Physical Energy & Power Flows;2022;8;0;0;0;RU;FI;Value on 3rd Wed. at 03;Import;Harmonized;NaM;M
Physical Energy & Power Flows;2022;8;12;12;12;RU;GE;Value on 3rd Wed. at 03;Export;Harmonized;NaM;NaM
Physical Energy & Power Flows;2022;8;11;11;11;RU;LT;Value on 3rd Wed. at 03;Export;Harmonized;NaM;M
Physical Energy & Power Flows;2022;8;188;188;188;RU;LV;Value on 3rd Wed. at 03;Export;Harmonized;NaM;M
Physical Energy & Power Flows;2022;8;463;463;463;SE;DE;Value on 3rd Wed. at 03;Export;Harmonized;M;M
Physical Energy & Power Flows;2022;8;687;687;687;SE;DK;Value on 3rd Wed. at 03;Export;Harmonized;M;M
Physical Energy & Power Flows;2022;8;983;983;983;SE;FI;Value on 3rd Wed. at 03;Export;Harmonized;M;M
Physical Energy & Power Flows;2022;8;734;734;734;SE;LT;Value on 3rd Wed. at 03;Export;Harmonized;M;M
Physical Energy & Power Flows;2022;10;577;577;577;LV;EE;Value on 3rd Wed. at 11;Import;Harmonized;M;M
Physical Energy & Power Flows;2022;10;110;110;110;MK;RS;Value on 3rd Wed. at 03;Export;Harmonized;M;M
Physical Energy & Power Flows;2022;10;298;298;298;MK;XK;Value on 3rd Wed. at 03;Import;Harmonized;M;M
Physical Energy & Power Flows;2022;10;47;47;47;MT;IT;Value on 3rd Wed. at 03;Import;Harmonized;NaM;M
Physical Energy & Power Flows;2022;10;2507;2507;2507;NL;BE;Value on 3rd Wed. at 03;Import;Harmonized;M;M
Physical Energy & Power Flows;2022;10;2319;2319;2319;NL;DE;Value on 3rd Wed. at 03;Export;Harmonized;M;M
Physical Energy & Power Flows;2022;10;657;657;657;NL;DK;Value on 3rd Wed. at 03;Export;Harmonized;M;M
Physical Energy & Power Flows;2022;10;1029;1029;1029;NL;GB;Value on 3rd Wed. at 03;Import;Harmonized;M;M
Physical Energy & Power Flows;2022;10;648;648;648;NL;NO;Value on 3rd Wed. at 03;Export;Harmonized;M;M
Physical Energy & Power Flows;2022;10;774;774;774;NO;DE;Value on 3rd Wed. at 03;Export;Harmonized;M;M
Physical Energy & Power Flows;2022;10;1106;1106;1106;NO;DK;Value on 3rd Wed. at 03;Export;Harmonized;M;M
Physical Energy & Power Flows;2022;10;39;39;39;NO;FI;Value on 3rd Wed. at 03;Export;Harmonized;M;M
Physical Energy & Power Flows;2022;10;1099;1099;1099;NO;GB;Value on 3rd Wed. at 03;Import;Harmonized;M;M
Physical Energy & Power Flows;2022;10;648;648;648;NO;NL;Value on 3rd Wed. at 03;Import;Harmonized;M;M
Physical Energy & Power Flows;2022;10;915;915;915;NO;SE;Value on 3rd Wed. at 03;Import;Harmonized;M;M
Physical Energy & Power Flows;2022;10;1126;1126;1126;PL;CZ;Value on 3rd Wed. at 03;Export;Harmonized;M;M
Physical Energy & Power Flows;2022;10;683;683;683;PL;DE;Value on 3rd Wed. at 03;Import;Harmonized;M;M
Physical Energy & Power Flows;2022;10;166;166;166;PL;LT;Value on 3rd Wed. at 03;Import;Harmonized;M;M
Physical Energy & Power Flows;2022;10;597;597;597;PL;SE;Value on 3rd Wed. at 03;Import;Harmonized;M;M
Physical Energy & Power Flows;2022;10;820;820;820;PL;SK;Value on 3rd Wed. at 03;Export;Harmonized;M;M
Physical Energy & Power Flows;2022;10;0;0;0;PL;UA;Value on 3rd Wed. at 03;Import;Harmonized;M;NaM
Physical Energy & Power Flows;2022;10;164;164;164;IT;ME;Value on 3rd Wed. at 11;Export;Harmonized;M;M
Physical Energy & Power Flows;2022;10;48;48;48;IT;MT;Value on 3rd Wed. at 11;Export;Harmonized;M;NaM
Physical Energy & Power Flows;2022;10;532;532;532;IT;SI;Value on 3rd Wed. at 11;Import;Harmonized;M;M
Physical Energy & Power Flows;2022;10;177;177;177;LT;BY;Value on 3rd Wed. at 11;Export;Harmonized;M;NaM
Physical Energy & Power Flows;2022;10;82;82;82;LT;LV;Value on 3rd Wed. at 11;Import;Harmonized;M;M
Physical Energy & Power Flows;2022;10;491;491;491;LT;PL;Value on 3rd Wed. at 11;Import;Harmonized;M;M
Physical Energy & Power Flows;2022;10;13;13;13;LT;RU;Value on 3rd Wed. at 11;Import;Harmonized;M;NaM
Physical Energy & Power Flows;2022;10;308;308;308;LT;SE;Value on 3rd Wed. at 11;Import;Harmonized;M;M
Physical Energy & Power Flows;2022;10;69;69;69;LU;BE;Value on 3rd Wed. at 11;Import;Harmonized;M;M
Physical Energy & Power Flows;2022;10;465;465;465;LU;DE;Value on 3rd Wed. at 11;Import;Harmonized;M;M
Physical Energy & Power Flows;2022;10;929;929;929;PT;ES;Value on 3rd Wed. at 03;Export;Harmonized;M;M
Physical Energy & Power Flows;2022;10;536;536;536;RO;BG;Value on 3rd Wed. at 03;Export;Harmonized;M;M
Physical Energy & Power Flows;2022;10;445;445;445;RO;HU;Value on 3rd Wed. at 03;Import;Harmonized;M;M
Physical Energy & Power Flows;2022;10;466;466;466;RO;MD;Value on 3rd Wed. at 03;Export;Harmonized;M;NaM
Physical Energy & Power Flows;2022;10;229;229;229;RO;RS;Value on 3rd Wed. at 03;Export;Harmonized;M;M
Physical Energy & Power Flows;2022;10;578;578;578;RO;UA;Value on 3rd Wed. at 03;Import;Harmonized;M;NaM
Physical Energy & Power Flows;2022;10;100;100;100;RS;BA;Value on 3rd Wed. at 03;Export;Harmonized;M;M
Physical Energy & Power Flows;2022;10;92;92;92;RS;BG;Value on 3rd Wed. at 03;Export;Harmonized;M;M
Physical Energy & Power Flows;2022;10;109;109;109;RS;HR;Value on 3rd Wed. at 03;Import;Harmonized;M;M
Physical Energy & Power Flows;2022;10;191;191;191;RS;HU;Value on 3rd Wed. at 03;Import;Harmonized;M;M
Physical Energy & Power Flows;2022;10;82;82;82;RS;ME;Value on 3rd Wed. at 03;Export;Harmonized;M;M
Physical Energy & Power Flows;2022;10;110;110;110;RS;MK;Value on 3rd Wed. at 03;Import;Harmonized;M;M
Physical Energy & Power Flows;2022;10;229;229;229;RS;RO;Value on 3rd Wed. at 03;Import;Harmonized;M;M
Physical Energy & Power Flows;2022;10;175;175;175;RS;XK;Value on 3rd Wed. at 03;Export;Harmonized;M;M
Physical Energy & Power Flows;2022;10;250;250;250;RU;EE;Value on 3rd Wed. at 03;Import;Harmonized;NaM;M
Physical Energy & Power Flows;2022;10;0;0;0;RU;FI;Value on 3rd Wed. at 03;Import;Harmonized;NaM;M
Physical Energy & Power Flows;2022;10;194;194;194;RU;GE;Value on 3rd Wed. at 03;Export;Harmonized;NaM;NaM
Physical Energy & Power Flows;2022;10;5;5;5;RU;LT;Value on 3rd Wed. at 03;Export;Harmonized;NaM;M
Physical Energy & Power Flows;2022;10;180;180;180;RU;LV;Value on 3rd Wed. at 03;Export;Harmonized;NaM;M
Physical Energy & Power Flows;2022;10;617;617;617;SE;DE;Value on 3rd Wed. at 03;Export;Harmonized;M;M
Physical Energy & Power Flows;2022;10;926;926;926;SE;DK;Value on 3rd Wed. at 03;Export;Harmonized;M;M
Physical Energy & Power Flows;2022;10;1910;1910;1910;SE;FI;Value on 3rd Wed. at 03;Export;Harmonized;M;M
Physical Energy & Power Flows;2022;10;308;308;308;SE;LT;Value on 3rd Wed. at 03;Export;Harmonized;M;M
Physical Energy & Power Flows;2022;10;915;915;915;SE;NO;Value on 3rd Wed. at 03;Export;Harmonized;M;M
Physical Energy & Power Flows;2022;10;597;597;597;SE;PL;Value on 3rd Wed. at 03;Export;Harmonized;M;M
Physical Energy & Power Flows;2022;10;969;969;969;SI;AT;Value on 3rd Wed. at 03;Import;Harmonized;M;M
Physical Energy & Power Flows;2022;10;501;501;501;SI;HR;Value on 3rd Wed. at 03;Import;Harmonized;M;M
Physical Energy & Power Flows;2022;10;512;512;512;SI;HU;Value on 3rd Wed. at 03;Import;Harmonized;M;M
Physical Energy & Power Flows;2022;10;801;801;801;SI;IT;Value on 3rd Wed. at 03;Export;Harmonized;M;M
Physical Energy & Power Flows;2022;10;1063;1063;1063;SK;CZ;Value on 3rd Wed. at 03;Import;Harmonized;M;M
Physical Energy & Power Flows;2022;10;1908;1908;1908;SK;HU;Value on 3rd Wed. at 03;Export;Harmonized;M;M
Physical Energy & Power Flows;2022;10;820;820;820;SK;PL;Value on 3rd Wed. at 03;Import;Harmonized;M;M
Physical Energy & Power Flows;2022;10;358;358;358;SK;UA;Value on 3rd Wed. at 03;Export;Harmonized;M;NaM
Physical Energy & Power Flows;2022;10;82;82;82;LV;LT;Value on 3rd Wed. at 11;Export;Harmonized;M;M
Physical Energy & Power Flows;2022;10;122;122;122;LV;RU;Value on 3rd Wed. at 11;Import;Harmonized;M;NaM
Physical Energy & Power Flows;2022;10;548;548;548;MD;RO;Value on 3rd Wed. at 11;Import;Harmonized;NaM;M
Physical Energy & Power Flows;2022;10;495;495;495;MD;UA;Value on 3rd Wed. at 11;Export;Harmonized;NaM;NaM
Physical Energy & Power Flows;2022;10;61;61;61;ME;AL;Value on 3rd Wed. at 11;Export;Harmonized;M;M
Physical Energy & Power Flows;2022;10;2;2;2;ME;BA;Value on 3rd Wed. at 11;Export;Harmonized;M;M
Physical Energy & Power Flows;2022;10;164;164;164;ME;IT;Value on 3rd Wed. at 11;Import;Harmonized;M;M
Physical Energy & Power Flows;2022;10;17;17;17;ME;RS;Value on 3rd Wed. at 11;Import;Harmonized;M;M
Physical Energy & Power Flows;2022;10;39;39;39;ME;XK;Value on 3rd Wed. at 11;Export;Harmonized;M;M
Physical Energy & Power Flows;2022;10;2;2;2;MK;BG;Value on 3rd Wed. at 11;Import;Harmonized;M;M
Physical Energy & Power Flows;2022;10;114;114;114;MK;GR;Value on 3rd Wed. at 11;Export;Harmonized;M;M
Physical Energy & Power Flows;2022;10;16;16;16;MK;RS;Value on 3rd Wed. at 11;Import;Harmonized;M;M
Physical Energy & Power Flows;2022;10;102;102;102;MK;XK;Value on 3rd Wed. at 11;Import;Harmonized;M;M
Physical Energy & Power Flows;2022;10;48;48;48;MT;IT;Value on 3rd Wed. at 11;Import;Harmonized;NaM;M
Physical Energy & Power Flows;2022;10;1055;1055;1055;NL;BE;Value on 3rd Wed. at 11;Import;Harmonized;M;M
Physical Energy & Power Flows;2022;10;3270;3270;3270;NL;DE;Value on 3rd Wed. at 11;Export;Harmonized;M;M
Physical Energy & Power Flows;2022;10;698;698;698;NL;DK;Value on 3rd Wed. at 11;Export;Harmonized;M;M
Physical Energy & Power Flows;2022;10;1029;1029;1029;NL;GB;Value on 3rd Wed. at 11;Import;Harmonized;M;M
Physical Energy & Power Flows;2022;10;648;648;648;NL;NO;Value on 3rd Wed. at 11;Export;Harmonized;M;M
Physical Energy & Power Flows;2022;10;322;322;322;NO;DE;Value on 3rd Wed. at 11;Export;Harmonized;M;M
Physical Energy & Power Flows;2022;10;293;293;293;NO;DK;Value on 3rd Wed. at 11;Export;Harmonized;M;M
Physical Energy & Power Flows;2022;10;39;39;39;NO;FI;Value on 3rd Wed. at 11;Export;Harmonized;M;M
Physical Energy & Power Flows;2022;10;1049;1049;1049;NO;GB;Value on 3rd Wed. at 11;Import;Harmonized;M;M
Physical Energy & Power Flows;2022;10;648;648;648;NO;NL;Value on 3rd Wed. at 11;Import;Harmonized;M;M
Physical Energy & Power Flows;2022;10;328;328;328;NO;SE;Value on 3rd Wed. at 11;Export;Harmonized;M;M
Physical Energy & Power Flows;2022;10;630;630;630;PL;CZ;Value on 3rd Wed. at 11;Export;Harmonized;M;M
Physical Energy & Power Flows;2022;10;866;866;866;PL;DE;Value on 3rd Wed. at 11;Import;Harmonized;M;M
Physical Energy & Power Flows;2022;10;491;491;491;PL;LT;Value on 3rd Wed. at 11;Export;Harmonized;M;M
Physical Energy & Power Flows;2022;10;596;596;596;PL;SE;Value on 3rd Wed. at 11;Import;Harmonized;M;M
Physical Energy & Power Flows;2022;10;237;237;237;PL;SK;Value on 3rd Wed. at 11;Export;Harmonized;M;M
Physical Energy & Power Flows;2022;10;0;0;0;PL;UA;Value on 3rd Wed. at 11;Import;Harmonized;M;NaM
Physical Energy & Power Flows;2022;10;540;540;540;PT;ES;Value on 3rd Wed. at 11;Import;Harmonized;M;M
Physical Energy & Power Flows;2022;10;75;75;75;RO;BG;Value on 3rd Wed. at 11;Export;Harmonized;M;M
Physical Energy & Power Flows;2022;10;178;178;178;RO;HU;Value on 3rd Wed. at 11;Import;Harmonized;M;M
Physical Energy & Power Flows;2022;10;548;548;548;RO;MD;Value on 3rd Wed. at 11;Export;Harmonized;M;NaM
Physical Energy & Power Flows;2022;10;102;102;102;RO;RS;Value on 3rd Wed. at 11;Export;Harmonized;M;M
Physical Energy & Power Flows;2022;10;236;236;236;RO;UA;Value on 3rd Wed. at 11;Import;Harmonized;M;NaM
Physical Energy & Power Flows;2022;10;250;250;250;RS;BA;Value on 3rd Wed. at 11;Export;Harmonized;M;M
Physical Energy & Power Flows;2022;10;317;317;317;RS;BG;Value on 3rd Wed. at 11;Import;Harmonized;M;M
Physical Energy & Power Flows;2022;10;113;113;113;RS;HR;Value on 3rd Wed. at 11;Export;Harmonized;M;M
Physical Energy & Power Flows;2022;10;178;178;178;RS;HU;Value on 3rd Wed. at 11;Import;Harmonized;M;M
Physical Energy & Power Flows;2022;10;17;17;17;RS;ME;Value on 3rd Wed. at 11;Export;Harmonized;M;M
Physical Energy & Power Flows;2022;11;0;0;0;MT;IT;Value on 3rd Wed. at 03;Import;Harmonized;NaM;M
Physical Energy & Power Flows;2022;11;681;681;681;NL;BE;Value on 3rd Wed. at 03;Export;Harmonized;M;M
Physical Energy & Power Flows;2022;7;276;276;276;MD;RO;Value on 3rd Wed. at 11;Import;Harmonized;NaM;M
Physical Energy & Power Flows;2022;11;1665;1665;1665;GB;FR;Value on 3rd Wed. at 03;Export;Harmonized;M;M
Physical Energy & Power Flows;2022;11;212;212;212;GB;NL;Value on 3rd Wed. at 03;Export;Harmonized;M;M
Physical Energy & Power Flows;2022;11;1260;1260;1260;GB;NO;Value on 3rd Wed. at 03;Import;Harmonized;M;M
Physical Energy & Power Flows;2022;11;75;75;75;GE;AM;Value on 3rd Wed. at 03;Import;Harmonized;NaM;NaM
Physical Energy & Power Flows;2022;11;600;600;600;GE;AZ;Value on 3rd Wed. at 03;Import;Harmonized;NaM;NaM
Physical Energy & Power Flows;2022;11;21;21;21;GE;RU;Value on 3rd Wed. at 03;Import;Harmonized;NaM;NaM
Physical Energy & Power Flows;2022;11;702;702;702;GE;TR;Value on 3rd Wed. at 03;Export;Harmonized;NaM;M
Physical Energy & Power Flows;2022;11;15;15;15;GR;AL;Value on 3rd Wed. at 03;Import;Harmonized;M;M
Physical Energy & Power Flows;2022;11;441;441;441;GR;BG;Value on 3rd Wed. at 03;Import;Harmonized;M;M
Physical Energy & Power Flows;2022;11;36;36;36;GR;IT;Value on 3rd Wed. at 03;Export;Harmonized;M;M
Physical Energy & Power Flows;2022;11;475;475;475;GR;MK;Value on 3rd Wed. at 03;Import;Harmonized;M;M
Physical Energy & Power Flows;2022;11;446;446;446;GR;TR;Value on 3rd Wed. at 03;Import;Harmonized;M;M
Physical Energy & Power Flows;2022;11;151;151;151;HR;BA;Value on 3rd Wed. at 03;Import;Harmonized;M;M
Physical Energy & Power Flows;2022;11;501;501;501;HR;HU;Value on 3rd Wed. at 03;Import;Harmonized;M;M
Physical Energy & Power Flows;2022;11;149;149;149;HR;RS;Value on 3rd Wed. at 03;Import;Harmonized;M;M
Physical Energy & Power Flows;2022;11;635;635;635;HR;SI;Value on 3rd Wed. at 03;Export;Harmonized;M;M
Physical Energy & Power Flows;2022;11;227;227;227;HU;AT;Value on 3rd Wed. at 03;Export;Harmonized;M;M
Physical Energy & Power Flows;2022;11;501;501;501;HU;HR;Value on 3rd Wed. at 03;Export;Harmonized;M;M
Physical Energy & Power Flows;2022;11;109;109;109;HU;RO;Value on 3rd Wed. at 03;Export;Harmonized;M;M
Physical Energy & Power Flows;2022;11;25;25;25;HU;RS;Value on 3rd Wed. at 03;Import;Harmonized;M;M
Physical Energy & Power Flows;2022;11;419;419;419;HU;SI;Value on 3rd Wed. at 03;Export;Harmonized;M;M
Physical Energy & Power Flows;2022;11;1863;1863;1863;HU;SK;Value on 3rd Wed. at 03;Import;Harmonized;M;M
Physical Energy & Power Flows;2022;11;217;217;217;HU;UA;Value on 3rd Wed. at 03;Import;Harmonized;M;NaM
Physical Energy & Power Flows;2022;11;170;170;170;IT;AT;Value on 3rd Wed. at 03;Import;Harmonized;M;M
Physical Energy & Power Flows;2022;11;3413;3413;3413;IT;CH;Value on 3rd Wed. at 03;Import;Harmonized;M;M
Physical Energy & Power Flows;2022;11;1736;1736;1736;IT;FR;Value on 3rd Wed. at 03;Import;Harmonized;M;M
Physical Energy & Power Flows;2022;11;36;36;36;IT;GR;Value on 3rd Wed. at 03;Import;Harmonized;M;M
Physical Energy & Power Flows;2022;11;581;581;581;IT;ME;Value on 3rd Wed. at 03;Import;Harmonized;M;M
Physical Energy & Power Flows;2022;11;0;0;0;IT;MT;Value on 3rd Wed. at 03;Import;Harmonized;M;NaM
Physical Energy & Power Flows;2022;11;639;639;639;IT;SI;Value on 3rd Wed. at 03;Import;Harmonized;M;M
Physical Energy & Power Flows;2022;11;219;219;219;LT;BY;Value on 3rd Wed. at 03;Import;Harmonized;M;NaM
Physical Energy & Power Flows;2022;11;76;76;76;LT;LV;Value on 3rd Wed. at 03;Import;Harmonized;M;M
Physical Energy & Power Flows;2022;11;441;441;441;LT;PL;Value on 3rd Wed. at 03;Import;Harmonized;M;M
Physical Energy & Power Flows;2022;11;12;12;12;LT;RU;Value on 3rd Wed. at 03;Import;Harmonized;M;NaM
Physical Energy & Power Flows;2022;11;734;734;734;LT;SE;Value on 3rd Wed. at 03;Import;Harmonized;M;M
Physical Energy & Power Flows;2022;11;94;94;94;LU;BE;Value on 3rd Wed. at 03;Import;Harmonized;M;M
Physical Energy & Power Flows;2022;11;221;221;221;LU;DE;Value on 3rd Wed. at 03;Import;Harmonized;M;M
Physical Energy & Power Flows;2022;11;345;345;345;LV;EE;Value on 3rd Wed. at 03;Import;Harmonized;M;M
Physical Energy & Power Flows;2022;11;76;76;76;LV;LT;Value on 3rd Wed. at 03;Export;Harmonized;M;M
Physical Energy & Power Flows;2022;11;55;55;55;LV;RU;Value on 3rd Wed. at 03;Import;Harmonized;M;NaM
Physical Energy & Power Flows;2022;11;385;385;385;MD;RO;Value on 3rd Wed. at 03;Import;Harmonized;NaM;M
Physical Energy & Power Flows;2022;11;145;145;145;MD;UA;Value on 3rd Wed. at 03;Export;Harmonized;NaM;NaM
Physical Energy & Power Flows;2022;11;8;8;8;ME;AL;Value on 3rd Wed. at 03;Export;Harmonized;M;M
Physical Energy & Power Flows;2022;11;354;354;354;ME;BA;Value on 3rd Wed. at 03;Import;Harmonized;M;M
Physical Energy & Power Flows;2022;11;581;581;581;ME;IT;Value on 3rd Wed. at 03;Export;Harmonized;M;M
Physical Energy & Power Flows;2022;11;157;157;157;ME;RS;Value on 3rd Wed. at 03;Export;Harmonized;M;M
Physical Energy & Power Flows;2022;11;184;184;184;ME;XK;Value on 3rd Wed. at 03;Import;Harmonized;M;M
Physical Energy & Power Flows;2022;11;438;438;438;MK;BG;Value on 3rd Wed. at 03;Import;Harmonized;M;M
Physical Energy & Power Flows;2022;11;475;475;475;MK;GR;Value on 3rd Wed. at 03;Export;Harmonized;M;M
Physical Energy & Power Flows;2022;11;10;10;10;MK;RS;Value on 3rd Wed. at 03;Export;Harmonized;M;M
Physical Energy & Power Flows;2022;11;121;121;121;MK;XK;Value on 3rd Wed. at 03;Import;Harmonized;M;M
Physical Energy & Power Flows;2022;11;588;588;588;RO;MD;Value on 3rd Wed. at 11;Export;Harmonized;M;NaM
Physical Energy & Power Flows;2022;11;165;165;165;RO;RS;Value on 3rd Wed. at 11;Export;Harmonized;M;M
Physical Energy & Power Flows;2022;11;16;16;16;RO;UA;Value on 3rd Wed. at 11;Export;Harmonized;M;NaM
Physical Energy & Power Flows;2022;11;182;182;182;RS;BA;Value on 3rd Wed. at 11;Export;Harmonized;M;M
Physical Energy & Power Flows;2022;11;398;398;398;RS;BG;Value on 3rd Wed. at 11;Import;Harmonized;M;M
Physical Energy & Power Flows;2022;11;443;443;443;RS;HR;Value on 3rd Wed. at 11;Export;Harmonized;M;M
Physical Energy & Power Flows;2022;11;404;404;404;RS;HU;Value on 3rd Wed. at 11;Export;Harmonized;M;M
Physical Energy & Power Flows;2022;11;211;211;211;RS;ME;Value on 3rd Wed. at 11;Import;Harmonized;M;M
Physical Energy & Power Flows;2022;12;21;21;21;UA;SK;Value on 3rd Wed. at 03;Import;Harmonized;NaM;M
Physical Energy & Power Flows;2022;12;193;193;193;XK;AL;Value on 3rd Wed. at 03;Import;Harmonized;M;M
Physical Energy & Power Flows;2022;12;156;156;156;XK;ME;Value on 3rd Wed. at 03;Export;Harmonized;M;M
Physical Energy & Power Flows;2022;12;117;117;117;XK;MK;Value on 3rd Wed. at 03;Export;Harmonized;M;M
Physical Energy & Power Flows;2022;12;88;88;88;XK;RS;Value on 3rd Wed. at 03;Import;Harmonized;M;M
Physical Energy & Power Flows;2022;12;637;637;637;MD;UA;Value on 3rd Wed. at 11;Export;Harmonized;NaM;NaM
Physical Energy & Power Flows;2022;12;253;253;253;ME;AL;Value on 3rd Wed. at 11;Import;Harmonized;M;M
Physical Energy & Power Flows;2022;12;292;292;292;ME;BA;Value on 3rd Wed. at 11;Export;Harmonized;M;M
Physical Energy & Power Flows;2022;12;0;0;0;ME;IT;Value on 3rd Wed. at 11;Import;Harmonized;M;M
Physical Energy & Power Flows;2022;12;117;117;117;ME;RS;Value on 3rd Wed. at 11;Export;Harmonized;M;M
Physical Energy & Power Flows;2022;12;92;92;92;ME;XK;Value on 3rd Wed. at 11;Export;Harmonized;M;M
Physical Energy & Power Flows;2022;12;106;106;106;MK;BG;Value on 3rd Wed. at 11;Import;Harmonized;M;M
Physical Energy & Power Flows;2022;12;19;19;19;MK;GR;Value on 3rd Wed. at 11;Import;Harmonized;M;M
Physical Energy & Power Flows;2022;12;88;88;88;MK;RS;Value on 3rd Wed. at 11;Export;Harmonized;M;M
Physical Energy & Power Flows;2022;12;41;41;41;MK;XK;Value on 3rd Wed. at 11;Export;Harmonized;M;M
Physical Energy & Power Flows;2022;12;38;38;38;MT;IT;Value on 3rd Wed. at 11;Import;Harmonized;NaM;M
Physical Energy & Power Flows;2022;12;17;17;17;NL;BE;Value on 3rd Wed. at 11;Export;Harmonized;M;M
Physical Energy & Power Flows;2022;12;1764;1764;1764;NL;DE;Value on 3rd Wed. at 11;Export;Harmonized;M;M
Physical Energy & Power Flows;2022;12;697;697;697;NL;DK;Value on 3rd Wed. at 11;Export;Harmonized;M;M
Physical Energy & Power Flows;2022;12;386;386;386;NL;GB;Value on 3rd Wed. at 11;Export;Harmonized;M;M
Physical Energy & Power Flows;2022;12;0;0;0;NL;NO;Value on 3rd Wed. at 11;Import;Harmonized;M;M
Physical Energy & Power Flows;2022;12;684;684;684;NO;DE;Value on 3rd Wed. at 11;Export;Harmonized;M;M
Physical Energy & Power Flows;2022;12;783;783;783;NO;DK;Value on 3rd Wed. at 11;Export;Harmonized;M;M
Physical Energy & Power Flows;2022;12;43;43;43;NO;FI;Value on 3rd Wed. at 11;Export;Harmonized;M;M
Physical Energy & Power Flows;2022;12;482;482;482;NO;GB;Value on 3rd Wed. at 11;Import;Harmonized;M;M
Physical Energy & Power Flows;2022;12;0;0;0;NO;NL;Value on 3rd Wed. at 11;Import;Harmonized;M;M
Physical Energy & Power Flows;2022;12;1867;1867;1867;NO;SE;Value on 3rd Wed. at 11;Export;Harmonized;M;M
Physical Energy & Power Flows;2022;12;1122;1122;1122;PL;CZ;Value on 3rd Wed. at 11;Export;Harmonized;M;M
Physical Energy & Power Flows;2022;12;1451;1451;1451;PL;DE;Value on 3rd Wed. at 11;Import;Harmonized;M;M
Physical Energy & Power Flows;2022;12;415;415;415;PL;LT;Value on 3rd Wed. at 11;Export;Harmonized;M;M
Physical Energy & Power Flows;2022;12;598;598;598;PL;SE;Value on 3rd Wed. at 11;Import;Harmonized;M;M
Physical Energy & Power Flows;2022;12;414;414;414;PL;SK;Value on 3rd Wed. at 11;Export;Harmonized;M;M
Physical Energy & Power Flows;2022;12;0;0;0;PL;UA;Value on 3rd Wed. at 11;Import;Harmonized;M;NaM
Physical Energy & Power Flows;2022;12;945;945;945;PT;ES;Value on 3rd Wed. at 11;Export;Harmonized;M;M
Physical Energy & Power Flows;2022;12;913;913;913;RO;BG;Value on 3rd Wed. at 11;Import;Harmonized;M;M
Physical Energy & Power Flows;2022;12;257;257;257;RO;HU;Value on 3rd Wed. at 11;Export;Harmonized;M;M
Physical Energy & Power Flows;2022;12;797;797;797;RO;MD;Value on 3rd Wed. at 11;Export;Harmonized;M;NaM
Physical Energy & Power Flows;2022;12;81;81;81;RO;RS;Value on 3rd Wed. at 11;Import;Harmonized;M;M
Physical Energy & Power Flows;2022;12;21;21;21;RO;UA;Value on 3rd Wed. at 11;Export;Harmonized;M;NaM
Physical Energy & Power Flows;2022;12;59;59;59;RS;BA;Value on 3rd Wed. at 11;Export;Harmonized;M;M
Physical Energy & Power Flows;2022;12;239;239;239;RS;BG;Value on 3rd Wed. at 11;Import;Harmonized;M;M
Physical Energy & Power Flows;2022;12;396;396;396;RS;HR;Value on 3rd Wed. at 11;Export;Harmonized;M;M
Physical Energy & Power Flows;2022;12;291;291;291;RS;HU;Value on 3rd Wed. at 11;Export;Harmonized;M;M
Physical Energy & Power Flows;2022;12;117;117;117;RS;ME;Value on 3rd Wed. at 11;Import;Harmonized;M;M
Physical Energy & Power Flows;2022;12;88;88;88;RS;MK;Value on 3rd Wed. at 11;Import;Harmonized;M;M
Physical Energy & Power Flows;2022;12;81;81;81;RS;RO;Value on 3rd Wed. at 11;Export;Harmonized;M;M
Physical Energy & Power Flows;2022;12;218;218;218;RS;XK;Value on 3rd Wed. at 11;Import;Harmonized;M;M
Physical Energy & Power Flows;2022;12;17;17;17;RU;EE;Value on 3rd Wed. at 11;Import;Harmonized;NaM;M
Physical Energy & Power Flows;2022;12;0;0;0;RU;FI;Value on 3rd Wed. at 11;Import;Harmonized;NaM;M
Physical Energy & Power Flows;2022;12;343;343;343;RU;GE;Value on 3rd Wed. at 11;Export;Harmonized;NaM;NaM
Physical Energy & Power Flows;2022;11;272;272;272;IT;ME;Value on 3rd Wed. at 11;Export;Harmonized;M;M
Physical Energy & Power Flows;2022;11;0;0;0;IT;MT;Value on 3rd Wed. at 11;Import;Harmonized;M;NaM
Physical Energy & Power Flows;2022;11;1002;1002;1002;IT;SI;Value on 3rd Wed. at 11;Import;Harmonized;M;M
Physical Energy & Power Flows;2022;11;85;85;85;LT;BY;Value on 3rd Wed. at 11;Import;Harmonized;M;NaM
Physical Energy & Power Flows;2022;11;247;247;247;LT;LV;Value on 3rd Wed. at 11;Export;Harmonized;M;M
Physical Energy & Power Flows;2022;11;491;491;491;LT;PL;Value on 3rd Wed. at 11;Import;Harmonized;M;M
Physical Energy & Power Flows;2022;11;2;2;2;LT;RU;Value on 3rd Wed. at 11;Import;Harmonized;M;NaM
Physical Energy & Power Flows;2022;11;734;734;734;LT;SE;Value on 3rd Wed. at 11;Import;Harmonized;M;M
Physical Energy & Power Flows;2022;11;230;230;230;LU;BE;Value on 3rd Wed. at 11;Import;Harmonized;M;M
Physical Energy & Power Flows;2022;11;339;339;339;LU;DE;Value on 3rd Wed. at 11;Import;Harmonized;M;M
Physical Energy & Power Flows;2022;11;138;138;138;LV;EE;Value on 3rd Wed. at 11;Export;Harmonized;M;M
Physical Energy & Power Flows;2022;11;247;247;247;LV;LT;Value on 3rd Wed. at 11;Import;Harmonized;M;M
Physical Energy & Power Flows;2022;11;75;75;75;LV;RU;Value on 3rd Wed. at 11;Export;Harmonized;M;NaM
Physical Energy & Power Flows;2022;11;588;588;588;MD;RO;Value on 3rd Wed. at 11;Import;Harmonized;NaM;M
Physical Energy & Power Flows;2022;11;49;49;49;MD;UA;Value on 3rd Wed. at 11;Export;Harmonized;NaM;NaM
Physical Energy & Power Flows;2022;11;126;126;126;ME;AL;Value on 3rd Wed. at 11;Import;Harmonized;M;M
Physical Energy & Power Flows;2022;11;329;329;329;ME;BA;Value on 3rd Wed. at 11;Export;Harmonized;M;M
Physical Energy & Power Flows;2022;11;272;272;272;ME;IT;Value on 3rd Wed. at 11;Import;Harmonized;M;M
Physical Energy & Power Flows;2022;11;211;211;211;ME;RS;Value on 3rd Wed. at 11;Export;Harmonized;M;M
Physical Energy & Power Flows;2022;11;114;114;114;ME;XK;Value on 3rd Wed. at 11;Import;Harmonized;M;M
Physical Energy & Power Flows;2022;11;147;147;147;MK;BG;Value on 3rd Wed. at 11;Import;Harmonized;M;M
Physical Energy & Power Flows;2022;11;369;369;369;MK;GR;Value on 3rd Wed. at 11;Import;Harmonized;M;M
Physical Energy & Power Flows;2022;11;26;26;26;MK;RS;Value on 3rd Wed. at 11;Import;Harmonized;M;M
Physical Energy & Power Flows;2022;11;224;224;224;MK;XK;Value on 3rd Wed. at 11;Export;Harmonized;M;M
Physical Energy & Power Flows;2022;11;0;0;0;MT;IT;Value on 3rd Wed. at 11;Import;Harmonized;NaM;M
Physical Energy & Power Flows;2022;11;889;889;889;NL;BE;Value on 3rd Wed. at 11;Import;Harmonized;M;M
Physical Energy & Power Flows;2022;11;1427;1427;1427;NL;DE;Value on 3rd Wed. at 11;Export;Harmonized;M;M
Physical Energy & Power Flows;2022;11;0;0;0;NL;DK;Value on 3rd Wed. at 11;Import;Harmonized;M;M
Physical Energy & Power Flows;2022;11;184;184;184;NL;GB;Value on 3rd Wed. at 11;Export;Harmonized;M;M
Physical Energy & Power Flows;2022;11;619;619;619;NL;NO;Value on 3rd Wed. at 11;Import;Harmonized;M;M
Physical Energy & Power Flows;2022;11;451;451;451;NO;DE;Value on 3rd Wed. at 11;Export;Harmonized;M;M
Physical Energy & Power Flows;2022;11;298;298;298;NO;DK;Value on 3rd Wed. at 11;Import;Harmonized;M;M
Physical Energy & Power Flows;2022;11;66;66;66;NO;FI;Value on 3rd Wed. at 11;Export;Harmonized;M;M
Physical Energy & Power Flows;2022;11;1253;1253;1253;NO;GB;Value on 3rd Wed. at 11;Export;Harmonized;M;M
Physical Energy & Power Flows;2022;11;619;619;619;NO;NL;Value on 3rd Wed. at 11;Export;Harmonized;M;M
Physical Energy & Power Flows;2022;11;617;617;617;NO;SE;Value on 3rd Wed. at 11;Export;Harmonized;M;M
Physical Energy & Power Flows;2022;11;1117;1117;1117;PL;CZ;Value on 3rd Wed. at 11;Export;Harmonized;M;M
Physical Energy & Power Flows;2022;11;1677;1677;1677;PL;DE;Value on 3rd Wed. at 11;Import;Harmonized;M;M
Physical Energy & Power Flows;2022;11;491;491;491;PL;LT;Value on 3rd Wed. at 11;Export;Harmonized;M;M
Physical Energy & Power Flows;2022;11;597;597;597;PL;SE;Value on 3rd Wed. at 11;Import;Harmonized;M;M
Physical Energy & Power Flows;2022;11;561;561;561;PL;SK;Value on 3rd Wed. at 11;Export;Harmonized;M;M
Physical Energy & Power Flows;2022;11;0;0;0;PL;UA;Value on 3rd Wed. at 11;Import;Harmonized;M;NaM
Physical Energy & Power Flows;2022;11;316;316;316;PT;ES;Value on 3rd Wed. at 11;Import;Harmonized;M;M
Physical Energy & Power Flows;2022;11;1343;1343;1343;RO;BG;Value on 3rd Wed. at 11;Import;Harmonized;M;M
Physical Energy & Power Flows;2022;11;14;14;14;RO;HU;Value on 3rd Wed. at 11;Export;Harmonized;M;M
Physical Energy & Power Flows;2022;12;5;5;5;LT;RU;Value on 3rd Wed. at 11;Export;Harmonized;M;NaM
Physical Energy & Power Flows;2022;12;732;732;732;LT;SE;Value on 3rd Wed. at 11;Import;Harmonized;M;M
Physical Energy & Power Flows;2022;12;75;75;75;LU;BE;Value on 3rd Wed. at 11;Import;Harmonized;M;M
Physical Energy & Power Flows;2022;12;427;427;427;LU;DE;Value on 3rd Wed. at 11;Import;Harmonized;M;M
Physical Energy & Power Flows;2022;12;256;256;256;LV;EE;Value on 3rd Wed. at 11;Export;Harmonized;M;M
Physical Energy & Power Flows;2022;12;166;166;166;LV;LT;Value on 3rd Wed. at 11;Import;Harmonized;M;M
Physical Energy & Power Flows;2022;12;104;104;104;LV;RU;Value on 3rd Wed. at 11;Export;Harmonized;M;NaM
Physical Energy & Power Flows;2022;12;797;797;797;MD;RO;Value on 3rd Wed. at 11;Import;Harmonized;NaM;M
Physical Energy & Power Flows;2022;7;248;248;248;RS;ME;Value on 3rd Wed. at 11;Import;Harmonized;M;M
Physical Energy & Power Flows;2022;7;86;86;86;RS;MK;Value on 3rd Wed. at 11;Export;Harmonized;M;M
Physical Energy & Power Flows;2022;7;150;150;150;RS;RO;Value on 3rd Wed. at 11;Import;Harmonized;M;M
Physical Energy & Power Flows;2022;7;108;108;108;RS;XK;Value on 3rd Wed. at 11;Export;Harmonized;M;M
Physical Energy & Power Flows;2022;7;124;124;124;RU;EE;Value on 3rd Wed. at 11;Import;Harmonized;NaM;M
Physical Energy & Power Flows;2022;7;0;0;0;RU;FI;Value on 3rd Wed. at 11;Import;Harmonized;NaM;M
Physical Energy & Power Flows;2022;7;11;11;11;RU;GE;Value on 3rd Wed. at 11;Export;Harmonized;NaM;NaM
Physical Energy & Power Flows;2022;7;3;3;3;RU;LT;Value on 3rd Wed. at 11;Export;Harmonized;NaM;M
Physical Energy & Power Flows;2022;7;176;176;176;RU;LV;Value on 3rd Wed. at 11;Export;Harmonized;NaM;M
Physical Energy & Power Flows;2022;7;352;352;352;SE;DE;Value on 3rd Wed. at 11;Export;Harmonized;M;M
Physical Energy & Power Flows;2022;7;1009;1009;1009;SE;DK;Value on 3rd Wed. at 11;Export;Harmonized;M;M
Physical Energy & Power Flows;2022;7;2352;2352;2352;SE;FI;Value on 3rd Wed. at 11;Export;Harmonized;M;M
Physical Energy & Power Flows;2022;7;423;423;423;SE;LT;Value on 3rd Wed. at 11;Export;Harmonized;M;M
Physical Energy & Power Flows;2022;7;1254;1254;1254;SE;NO;Value on 3rd Wed. at 11;Import;Harmonized;M;M
Physical Energy & Power Flows;2022;7;530;530;530;SE;PL;Value on 3rd Wed. at 11;Export;Harmonized;M;M
Physical Energy & Power Flows;2022;7;526;526;526;SI;AT;Value on 3rd Wed. at 11;Import;Harmonized;M;M
Physical Energy & Power Flows;2022;7;424;424;424;SI;HR;Value on 3rd Wed. at 11;Import;Harmonized;M;M
Physical Energy & Power Flows;2022;7;77;77;77;MD;UA;Value on 3rd Wed. at 11;Import;Harmonized;NaM;NaM
Physical Energy & Power Flows;2022;7;303;303;303;ME;AL;Value on 3rd Wed. at 11;Import;Harmonized;M;M
Physical Energy & Power Flows;2022;7;449;449;449;ME;BA;Value on 3rd Wed. at 11;Export;Harmonized;M;M
Physical Energy & Power Flows;2022;7;123;123;123;ME;IT;Value on 3rd Wed. at 11;Import;Harmonized;M;M
Physical Energy & Power Flows;2022;7;248;248;248;ME;RS;Value on 3rd Wed. at 11;Export;Harmonized;M;M
Physical Energy & Power Flows;2022;7;170;170;170;ME;XK;Value on 3rd Wed. at 11;Import;Harmonized;M;M
Physical Energy & Power Flows;2022;7;500;500;500;MK;GR;Value on 3rd Wed. at 11;Import;Harmonized;M;M
Physical Energy & Power Flows;2022;7;86;86;86;MK;RS;Value on 3rd Wed. at 11;Import;Harmonized;M;M
Physical Energy & Power Flows;2022;7;283;283;283;MK;XK;Value on 3rd Wed. at 11;Export;Harmonized;M;M
Physical Energy & Power Flows;2022;7;59;59;59;MT;IT;Value on 3rd Wed. at 11;Import;Harmonized;NaM;M
Physical Energy & Power Flows;2022;7;110;110;110;NL;BE;Value on 3rd Wed. at 11;Export;Harmonized;M;M
Physical Energy & Power Flows;2022;7;206;206;206;NL;DE;Value on 3rd Wed. at 11;Export;Harmonized;M;M
Physical Energy & Power Flows;2022;7;213;213;213;NL;DK;Value on 3rd Wed. at 11;Import;Harmonized;M;M
Physical Energy & Power Flows;2022;7;489;489;489;NL;GB;Value on 3rd Wed. at 11;Export;Harmonized;M;M
Physical Energy & Power Flows;2022;7;0;0;0;NL;NO;Value on 3rd Wed. at 11;Import;Harmonized;M;M
Physical Energy & Power Flows;2022;7;347;347;347;NO;DE;Value on 3rd Wed. at 11;Export;Harmonized;M;M
Physical Energy & Power Flows;2022;7;969;969;969;NO;DK;Value on 3rd Wed. at 11;Import;Harmonized;M;M
Physical Energy & Power Flows;2022;7;58;58;58;NO;FI;Value on 3rd Wed. at 11;Export;Harmonized;M;M
Physical Energy & Power Flows;2022;7;877;877;877;NO;GB;Value on 3rd Wed. at 11;Export;Harmonized;M;M
Physical Energy & Power Flows;2022;7;0;0;0;NO;NL;Value on 3rd Wed. at 11;Import;Harmonized;M;M
Physical Energy & Power Flows;2022;7;1254;1254;1254;NO;SE;Value on 3rd Wed. at 11;Export;Harmonized;M;M
Physical Energy & Power Flows;2022;7;706;706;706;PL;CZ;Value on 3rd Wed. at 11;Export;Harmonized;M;M
Physical Energy & Power Flows;2022;7;1453;1453;1453;PL;DE;Value on 3rd Wed. at 11;Import;Harmonized;M;M
Physical Energy & Power Flows;2022;7;432;432;432;PL;LT;Value on 3rd Wed. at 11;Export;Harmonized;M;M
Physical Energy & Power Flows;2022;7;530;530;530;PL;SE;Value on 3rd Wed. at 11;Import;Harmonized;M;M
Physical Energy & Power Flows;2022;7;583;583;583;PL;SK;Value on 3rd Wed. at 11;Export;Harmonized;M;M
Physical Energy & Power Flows;2022;7;196;196;196;PL;UA;Value on 3rd Wed. at 11;Import;Harmonized;M;NaM
Physical Energy & Power Flows;2022;7;1829;1829;1829;PT;ES;Value on 3rd Wed. at 11;Import;Harmonized;M;M
Physical Energy & Power Flows;2022;7;24;24;24;RO;HU;Value on 3rd Wed. at 11;Import;Harmonized;M;M
Physical Energy & Power Flows;2022;7;276;276;276;RO;MD;Value on 3rd Wed. at 11;Export;Harmonized;M;NaM
Physical Energy & Power Flows;2022;7;150;150;150;RO;RS;Value on 3rd Wed. at 11;Export;Harmonized;M;M
Physical Energy & Power Flows;2022;7;310;310;310;RS;BA;Value on 3rd Wed. at 11;Export;Harmonized;M;M
Physical Energy & Power Flows;2022;7;474;474;474;RS;BG;Value on 3rd Wed. at 11;Import;Harmonized;M;M
Physical Energy & Power Flows;2022;7;259;259;259;RS;HR;Value on 3rd Wed. at 11;Export;Harmonized;M;M
Physical Energy & Power Flows;2022;7;0;0;0;RS;HU;Value on 3rd Wed. at 11;Import;Harmonized;M;M
Physical Energy & Power Flows;2022;9;587;587;587;DE;NO;Value on 3rd Wed. at 11;Export;Harmonized;M;M
Physical Energy & Power Flows;2022;8;716;716;716;DE;CH;Value on 3rd Wed. at 11;Import;Harmonized;M;M
Physical Energy & Power Flows;2022;8;113;113;113;DE;CZ;Value on 3rd Wed. at 11;Export;Harmonized;M;M
Physical Energy & Power Flows;2022;8;10;10;10;DE;DK;Value on 3rd Wed. at 11;Export;Harmonized;M;M
Physical Energy & Power Flows;2022;8;2206;2206;2206;DE;FR;Value on 3rd Wed. at 11;Export;Harmonized;M;M
Physical Energy & Power Flows;2022;8;431;431;431;DE;LU;Value on 3rd Wed. at 11;Export;Harmonized;M;M
Physical Energy & Power Flows;2022;8;1529;1529;1529;DE;NL;Value on 3rd Wed. at 11;Import;Harmonized;M;M
Physical Energy & Power Flows;2022;8;674;674;674;DE;NO;Value on 3rd Wed. at 11;Import;Harmonized;M;M
Physical Energy & Power Flows;2022;8;909;909;909;DE;PL;Value on 3rd Wed. at 11;Export;Harmonized;M;M
Physical Energy & Power Flows;2022;8;120;120;120;DE;SE;Value on 3rd Wed. at 11;Import;Harmonized;M;M
Physical Energy & Power Flows;2022;8;10;10;10;DK;DE;Value on 3rd Wed. at 11;Import;Harmonized;M;M
Physical Energy & Power Flows;2022;8;334;334;334;DK;NL;Value on 3rd Wed. at 11;Import;Harmonized;M;M
Physical Energy & Power Flows;2022;8;1631;1631;1631;DK;NO;Value on 3rd Wed. at 11;Import;Harmonized;M;M
Physical Energy & Power Flows;2022;8;332;332;332;DK;SE;Value on 3rd Wed. at 11;Import;Harmonized;M;M
Physical Energy & Power Flows;2022;8;812;812;812;EE;FI;Value on 3rd Wed. at 11;Import;Harmonized;M;M
Physical Energy & Power Flows;2022;8;609;609;609;EE;LV;Value on 3rd Wed. at 11;Export;Harmonized;M;M
Physical Energy & Power Flows;2022;8;51;51;51;EE;RU;Value on 3rd Wed. at 11;Import;Harmonized;M;NaM
Physical Energy & Power Flows;2022;8;622;622;622;ES;FR;Value on 3rd Wed. at 11;Export;Harmonized;M;M
Physical Energy & Power Flows;2022;8;1846;1846;1846;ES;PT;Value on 3rd Wed. at 11;Export;Harmonized;M;M
Physical Energy & Power Flows;2022;9;35;35;35;AL;GR;Value on 3rd Wed. at 03;Export;Harmonized;M;M
Physical Energy & Power Flows;2022;9;2;2;2;AL;ME;Value on 3rd Wed. at 03;Import;Harmonized;M;M
Physical Energy & Power Flows;2022;9;244;244;244;AL;XK;Value on 3rd Wed. at 03;Import;Harmonized;M;M
Physical Energy & Power Flows;2022;9;0;0;0;AM;GE;Value on 3rd Wed. at 03;Import;Harmonized;NaM;NaM
Physical Energy & Power Flows;2022;9;311;311;311;AT;CH;Value on 3rd Wed. at 03;Export;Harmonized;M;M
Physical Energy & Power Flows;2022;9;633;633;633;AT;CZ;Value on 3rd Wed. at 03;Import;Harmonized;M;M
Physical Energy & Power Flows;2022;9;257;257;257;AT;DE;Value on 3rd Wed. at 03;Export;Harmonized;M;M
Physical Energy & Power Flows;2022;9;727;727;727;AT;HU;Value on 3rd Wed. at 03;Export;Harmonized;M;M
Physical Energy & Power Flows;2022;9;136;136;136;AT;IT;Value on 3rd Wed. at 03;Export;Harmonized;M;M
Physical Energy & Power Flows;2022;9;472;472;472;AT;SI;Value on 3rd Wed. at 03;Export;Harmonized;M;M
Physical Energy & Power Flows;2022;9;561;561;561;AZ;GE;Value on 3rd Wed. at 03;Export;Harmonized;NaM;NaM
Physical Energy & Power Flows;2022;9;3;3;3;BA;HR;Value on 3rd Wed. at 03;Import;Harmonized;M;M
Physical Energy & Power Flows;2022;9;271;271;271;BA;ME;Value on 3rd Wed. at 03;Export;Harmonized;M;M
Physical Energy & Power Flows;2022;9;126;126;126;BA;RS;Value on 3rd Wed. at 03;Import;Harmonized;M;M
Physical Energy & Power Flows;2022;9;625;625;625;BE;DE;Value on 3rd Wed. at 03;Export;Harmonized;M;M
Physical Energy & Power Flows;2022;9;371;371;371;BE;FR;Value on 3rd Wed. at 03;Import;Harmonized;M;M
Physical Energy & Power Flows;2022;9;0;0;0;BE;GB;Value on 3rd Wed. at 03;Import;Harmonized;M;M
Physical Energy & Power Flows;2022;8;105;105;105;SE;NO;Value on 3rd Wed. at 03;Import;Harmonized;M;M
Physical Energy & Power Flows;2022;8;598;598;598;SE;PL;Value on 3rd Wed. at 03;Export;Harmonized;M;M
Physical Energy & Power Flows;2022;8;349;349;349;SI;AT;Value on 3rd Wed. at 03;Export;Harmonized;M;M
Physical Energy & Power Flows;2022;8;313;313;313;SI;HR;Value on 3rd Wed. at 03;Import;Harmonized;M;M
Physical Energy & Power Flows;2022;8;288;288;288;SI;HU;Value on 3rd Wed. at 03;Import;Harmonized;M;M
Physical Energy & Power Flows;2022;8;64;64;64;SI;IT;Value on 3rd Wed. at 03;Import;Harmonized;M;M
Physical Energy & Power Flows;2022;8;953;953;953;SK;CZ;Value on 3rd Wed. at 03;Import;Harmonized;M;M
Physical Energy & Power Flows;2022;8;1217;1217;1217;SK;HU;Value on 3rd Wed. at 03;Export;Harmonized;M;M
Physical Energy & Power Flows;2022;8;496;496;496;SK;PL;Value on 3rd Wed. at 03;Import;Harmonized;M;M
Physical Energy & Power Flows;2022;8;71;71;71;TR;BG;Value on 3rd Wed. at 03;Import;Harmonized;M;M
Physical Energy & Power Flows;2022;8;699;699;699;TR;GE;Value on 3rd Wed. at 03;Import;Harmonized;M;NaM
Physical Energy & Power Flows;2022;8;220;220;220;TR;GR;Value on 3rd Wed. at 03;Export;Harmonized;M;M
Physical Energy & Power Flows;2022;8;619;619;619;UA;HU;Value on 3rd Wed. at 03;Export;Harmonized;NaM;M
Physical Energy & Power Flows;2022;8;269;269;269;UA;MD;Value on 3rd Wed. at 03;Import;Harmonized;NaM;NaM
Physical Energy & Power Flows;2022;8;216;216;216;UA;PL;Value on 3rd Wed. at 03;Export;Harmonized;NaM;M
Physical Energy & Power Flows;2022;8;60;60;60;UA;RO;Value on 3rd Wed. at 03;Import;Harmonized;NaM;M
Physical Energy & Power Flows;2022;8;182;182;182;XK;AL;Value on 3rd Wed. at 03;Export;Harmonized;M;M
Physical Energy & Power Flows;2022;8;444;444;444;XK;ME;Value on 3rd Wed. at 03;Export;Harmonized;M;M
Physical Energy & Power Flows;2022;8;381;381;381;XK;MK;Value on 3rd Wed. at 03;Import;Harmonized;M;M
Physical Energy & Power Flows;2022;8;70;70;70;XK;RS;Value on 3rd Wed. at 03;Import;Harmonized;M;M
Physical Energy & Power Flows;2022;9;126;126;126;BG;TR;Value on 3rd Wed. at 11;Import;Harmonized;M;M
Physical Energy & Power Flows;2022;9;57;57;57;BY;LT;Value on 3rd Wed. at 11;Import;Harmonized;NaM;M
Physical Energy & Power Flows;2022;9;515;515;515;CH;AT;Value on 3rd Wed. at 11;Import;Harmonized;M;M
Physical Energy & Power Flows;2022;9;2090;2090;2090;CH;DE;Value on 3rd Wed. at 11;Import;Harmonized;M;M
Physical Energy & Power Flows;2022;9;457;457;457;CH;FR;Value on 3rd Wed. at 11;Import;Harmonized;M;M
Physical Energy & Power Flows;2022;9;2427;2427;2427;CH;IT;Value on 3rd Wed. at 11;Export;Harmonized;M;M
Physical Energy & Power Flows;2022;9;907;907;907;CZ;AT;Value on 3rd Wed. at 11;Export;Harmonized;M;M
Physical Energy & Power Flows;2022;9;61;61;61;CZ;DE;Value on 3rd Wed. at 11;Import;Harmonized;M;M
Physical Energy & Power Flows;2022;9;519;519;519;CZ;PL;Value on 3rd Wed. at 11;Import;Harmonized;M;M
Physical Energy & Power Flows;2022;9;1375;1375;1375;CZ;SK;Value on 3rd Wed. at 11;Export;Harmonized;M;M
Physical Energy & Power Flows;2022;9;1360;1360;1360;DE;AT;Value on 3rd Wed. at 11;Export;Harmonized;M;M
Physical Energy & Power Flows;2022;9;982;982;982;DE;BE;Value on 3rd Wed. at 11;Import;Harmonized;M;M
Physical Energy & Power Flows;2022;9;2090;2090;2090;DE;CH;Value on 3rd Wed. at 11;Export;Harmonized;M;M
Physical Energy & Power Flows;2022;9;61;61;61;DE;CZ;Value on 3rd Wed. at 11;Export;Harmonized;M;M
Physical Energy & Power Flows;2022;9;2306;2306;2306;DE;DK;Value on 3rd Wed. at 11;Export;Harmonized;M;M
Physical Energy & Power Flows;2022;9;1577;1577;1577;DE;FR;Value on 3rd Wed. at 11;Export;Harmonized;M;M
Physical Energy & Power Flows;2022;9;517;517;517;DE;LU;Value on 3rd Wed. at 11;Export;Harmonized;M;M
Physical Energy & Power Flows;2022;9;2249;2249;2249;DE;NL;Value on 3rd Wed. at 11;Import;Harmonized;M;M
Physical Energy & Power Flows;2022;8;481;481;481;AL;GR;Value on 3rd Wed. at 11;Import;Harmonized;M;M
Physical Energy & Power Flows;2022;8;454;454;454;AL;ME;Value on 3rd Wed. at 11;Export;Harmonized;M;M
Physical Energy & Power Flows;2022;8;41;41;41;AL;XK;Value on 3rd Wed. at 11;Export;Harmonized;M;M
Physical Energy & Power Flows;2022;8;0;0;0;AM;GE;Value on 3rd Wed. at 11;Import;Harmonized;NaM;NaM
Physical Energy & Power Flows;2022;8;1293;1293;1293;AT;CH;Value on 3rd Wed. at 11;Export;Harmonized;M;M
Physical Energy & Power Flows;2022;8;1405;1405;1405;AT;CZ;Value on 3rd Wed. at 11;Import;Harmonized;M;M
Physical Energy & Power Flows;2022;8;2350;2350;2350;AT;DE;Value on 3rd Wed. at 11;Import;Harmonized;M;M
Physical Energy & Power Flows;2022;8;219;219;219;AT;HU;Value on 3rd Wed. at 11;Import;Harmonized;M;M
Physical Energy & Power Flows;2022;8;196;196;196;AT;IT;Value on 3rd Wed. at 11;Export;Harmonized;M;M
Physical Energy & Power Flows;2022;8;18;18;18;AT;SI;Value on 3rd Wed. at 11;Export;Harmonized;M;M
Physical Energy & Power Flows;2022;8;480;480;480;AZ;GE;Value on 3rd Wed. at 11;Export;Harmonized;NaM;NaM
Physical Energy & Power Flows;2022;8;769;769;769;BA;HR;Value on 3rd Wed. at 11;Export;Harmonized;M;M
Physical Energy & Power Flows;2022;8;440;440;440;BA;ME;Value on 3rd Wed. at 11;Import;Harmonized;M;M
Physical Energy & Power Flows;2022;8;165;165;165;BA;RS;Value on 3rd Wed. at 11;Import;Harmonized;M;M
Physical Energy & Power Flows;2022;8;250;250;250;BE;DE;Value on 3rd Wed. at 11;Import;Harmonized;M;M
Physical Energy & Power Flows;2022;8;1008;1008;1008;BE;FR;Value on 3rd Wed. at 11;Export;Harmonized;M;M
Physical Energy & Power Flows;2022;8;256;256;256;BE;GB;Value on 3rd Wed. at 11;Export;Harmonized;M;M
Physical Energy & Power Flows;2022;8;74;74;74;BE;LU;Value on 3rd Wed. at 11;Export;Harmonized;M;M
Physical Energy & Power Flows;2022;8;707;707;707;BE;NL;Value on 3rd Wed. at 11;Import;Harmonized;M;M
Physical Energy & Power Flows;2022;8;31;31;31;BG;GR;Value on 3rd Wed. at 11;Import;Harmonized;M;M
Physical Energy & Power Flows;2022;8;141;141;141;BG;MK;Value on 3rd Wed. at 11;Export;Harmonized;M;M
Physical Energy & Power Flows;2022;8;1034;1034;1034;BG;RO;Value on 3rd Wed. at 11;Export;Harmonized;M;M
Physical Energy & Power Flows;2022;8;515;515;515;BG;RS;Value on 3rd Wed. at 11;Export;Harmonized;M;M
Physical Energy & Power Flows;2022;8;79;79;79;BG;TR;Value on 3rd Wed. at 11;Export;Harmonized;M;M
Physical Energy & Power Flows;2022;8;172;172;172;BY;LT;Value on 3rd Wed. at 11;Import;Harmonized;NaM;M
Physical Energy & Power Flows;2022;8;1293;1293;1293;CH;AT;Value on 3rd Wed. at 11;Import;Harmonized;M;M
Physical Energy & Power Flows;2022;8;716;716;716;CH;DE;Value on 3rd Wed. at 11;Export;Harmonized;M;M
Physical Energy & Power Flows;2022;8;2344;2344;2344;CH;FR;Value on 3rd Wed. at 11;Export;Harmonized;M;M
Physical Energy & Power Flows;2022;8;213;213;213;CH;IT;Value on 3rd Wed. at 11;Import;Harmonized;M;M
Physical Energy & Power Flows;2022;8;1405;1405;1405;CZ;AT;Value on 3rd Wed. at 11;Export;Harmonized;M;M
Physical Energy & Power Flows;2022;8;113;113;113;CZ;DE;Value on 3rd Wed. at 11;Import;Harmonized;M;M
Physical Energy & Power Flows;2022;8;678;678;678;CZ;PL;Value on 3rd Wed. at 11;Import;Harmonized;M;M
Physical Energy & Power Flows;2022;8;1116;1116;1116;CZ;SK;Value on 3rd Wed. at 11;Export;Harmonized;M;M
Physical Energy & Power Flows;2022;8;2350;2350;2350;DE;AT;Value on 3rd Wed. at 11;Export;Harmonized;M;M
Physical Energy & Power Flows;2022;8;250;250;250;DE;BE;Value on 3rd Wed. at 11;Export;Harmonized;M;M
Physical Energy & Power Flows;2022;9;894;894;894;DE;PL;Value on 3rd Wed. at 11;Export;Harmonized;M;M
Physical Energy & Power Flows;2022;9;2;2;2;DE;SE;Value on 3rd Wed. at 11;Export;Harmonized;M;M
Physical Energy & Power Flows;2022;9;2306;2306;2306;DK;DE;Value on 3rd Wed. at 11;Import;Harmonized;M;M
Physical Energy & Power Flows;2022;9;698;698;698;DK;NL;Value on 3rd Wed. at 11;Import;Harmonized;M;M
Physical Energy & Power Flows;2022;9;1033;1033;1033;DK;NO;Value on 3rd Wed. at 11;Export;Harmonized;M;M
Physical Energy & Power Flows;2022;9;411;411;411;DK;SE;Value on 3rd Wed. at 11;Export;Harmonized;M;M
Physical Energy & Power Flows;2022;9;693;693;693;EE;FI;Value on 3rd Wed. at 11;Import;Harmonized;M;M
Physical Energy & Power Flows;2022;9;797;797;797;EE;LV;Value on 3rd Wed. at 11;Export;Harmonized;M;M
Physical Energy & Power Flows;2022;9;234;234;234;EE;RU;Value on 3rd Wed. at 11;Export;Harmonized;M;NaM
Physical Energy & Power Flows;2022;9;2272;2272;2272;ES;FR;Value on 3rd Wed. at 11;Export;Harmonized;M;M
Physical Energy & Power Flows;2022;9;2377;2377;2377;ES;PT;Value on 3rd Wed. at 11;Export;Harmonized;M;M
Physical Energy & Power Flows;2022;9;693;693;693;FI;EE;Value on 3rd Wed. at 11;Export;Harmonized;M;M
Physical Energy & Power Flows;2022;9;45;45;45;FI;NO;Value on 3rd Wed. at 11;Import;Harmonized;M;M
Physical Energy & Power Flows;2022;9;0;0;0;FI;RU;Value on 3rd Wed. at 11;Export;Harmonized;M;NaM
Physical Energy & Power Flows;2022;9;1507;1507;1507;FI;SE;Value on 3rd Wed. at 11;Import;Harmonized;M;M
Physical Energy & Power Flows;2022;9;1061;1061;1061;FR;BE;Value on 3rd Wed. at 11;Import;Harmonized;M;M
Physical Energy & Power Flows;2022;9;457;457;457;FR;CH;Value on 3rd Wed. at 11;Export;Harmonized;M;M
Physical Energy & Power Flows;2022;9;1577;1577;1577;FR;DE;Value on 3rd Wed. at 11;Import;Harmonized;M;M
Physical Energy & Power Flows;2022;9;2272;2272;2272;FR;ES;Value on 3rd Wed. at 11;Import;Harmonized;M;M
Physical Energy & Power Flows;2022;9;1957;1957;1957;FR;GB;Value on 3rd Wed. at 11;Import;Harmonized;M;M
Physical Energy & Power Flows;2022;9;710;710;710;FR;IT;Value on 3rd Wed. at 11;Export;Harmonized;M;M
Physical Energy & Power Flows;2022;9;0;0;0;GB;BE;Value on 3rd Wed. at 11;Import;Harmonized;M;M
Physical Energy & Power Flows;2022;9;1957;1957;1957;GB;FR;Value on 3rd Wed. at 11;Export;Harmonized;M;M
Physical Energy & Power Flows;2022;9;1;1;1;GB;NL;Value on 3rd Wed. at 11;Export;Harmonized;M;M
Physical Energy & Power Flows;2022;9;1084;1084;1084;GB;NO;Value on 3rd Wed. at 11;Export;Harmonized;M;M
Physical Energy & Power Flows;2022;9;0;0;0;GE;AM;Value on 3rd Wed. at 11;Import;Harmonized;NaM;NaM
Physical Energy & Power Flows;2022;9;559;559;559;GE;AZ;Value on 3rd Wed. at 11;Import;Harmonized;NaM;NaM
Physical Energy & Power Flows;2022;9;11;11;11;GE;RU;Value on 3rd Wed. at 11;Import;Harmonized;NaM;NaM
Physical Energy & Power Flows;2022;9;701;701;701;GE;TR;Value on 3rd Wed. at 11;Export;Harmonized;NaM;M
Physical Energy & Power Flows;2022;9;87;87;87;GR;AL;Value on 3rd Wed. at 11;Import;Harmonized;M;M
Physical Energy & Power Flows;2022;9;491;491;491;GR;BG;Value on 3rd Wed. at 11;Import;Harmonized;M;M
Physical Energy & Power Flows;2022;9;192;192;192;GR;IT;Value on 3rd Wed. at 11;Import;Harmonized;M;M
Physical Energy & Power Flows;2022;9;629;629;629;GR;MK;Value on 3rd Wed. at 11;Import;Harmonized;M;M
Physical Energy & Power Flows;2022;9;0;0;0;GR;TR;Value on 3rd Wed. at 11;Import;Harmonized;M;M
Physical Energy & Power Flows;2022;11;746;746;746;DE;BE;Value on 3rd Wed. at 03;Export;Harmonized;M;M
Physical Energy & Power Flows;2022;10;16;16;16;RS;MK;Value on 3rd Wed. at 11;Export;Harmonized;M;M
Physical Energy & Power Flows;2022;10;102;102;102;RS;RO;Value on 3rd Wed. at 11;Import;Harmonized;M;M
Physical Energy & Power Flows;2022;10;160;160;160;RS;XK;Value on 3rd Wed. at 11;Export;Harmonized;M;M
Physical Energy & Power Flows;2022;10;34;34;34;RU;EE;Value on 3rd Wed. at 11;Export;Harmonized;NaM;M
Physical Energy & Power Flows;2022;10;0;0;0;RU;FI;Value on 3rd Wed. at 11;Import;Harmonized;NaM;M
Physical Energy & Power Flows;2022;10;222;222;222;RU;GE;Value on 3rd Wed. at 11;Export;Harmonized;NaM;NaM
Physical Energy & Power Flows;2022;10;13;13;13;RU;LT;Value on 3rd Wed. at 11;Export;Harmonized;NaM;M
Physical Energy & Power Flows;2022;10;122;122;122;RU;LV;Value on 3rd Wed. at 11;Export;Harmonized;NaM;M
Physical Energy & Power Flows;2022;10;110;110;110;SE;DE;Value on 3rd Wed. at 11;Export;Harmonized;M;M
Physical Energy & Power Flows;2022;10;644;644;644;SE;DK;Value on 3rd Wed. at 11;Export;Harmonized;M;M
Physical Energy & Power Flows;2022;10;2191;2191;2191;SE;FI;Value on 3rd Wed. at 11;Export;Harmonized;M;M
Physical Energy & Power Flows;2022;10;308;308;308;SE;LT;Value on 3rd Wed. at 11;Export;Harmonized;M;M
Physical Energy & Power Flows;2022;10;328;328;328;SE;NO;Value on 3rd Wed. at 11;Import;Harmonized;M;M
Physical Energy & Power Flows;2022;10;596;596;596;SE;PL;Value on 3rd Wed. at 11;Export;Harmonized;M;M
Physical Energy & Power Flows;2022;10;644;644;644;SI;AT;Value on 3rd Wed. at 11;Import;Harmonized;M;M
Physical Energy & Power Flows;2022;10;773;773;773;SI;HR;Value on 3rd Wed. at 11;Import;Harmonized;M;M
Physical Energy & Power Flows;2022;11;151;151;151;BA;HR;Value on 3rd Wed. at 03;Export;Harmonized;M;M
Physical Energy & Power Flows;2022;11;354;354;354;BA;ME;Value on 3rd Wed. at 03;Export;Harmonized;M;M
Physical Energy & Power Flows;2022;11;160;160;160;BA;RS;Value on 3rd Wed. at 03;Import;Harmonized;M;M
Physical Energy & Power Flows;2022;11;746;746;746;BE;DE;Value on 3rd Wed. at 03;Import;Harmonized;M;M
Physical Energy & Power Flows;2022;11;1218;1218;1218;BE;FR;Value on 3rd Wed. at 03;Export;Harmonized;M;M
Physical Energy & Power Flows;2022;11;491;491;491;BE;GB;Value on 3rd Wed. at 03;Export;Harmonized;M;M
Physical Energy & Power Flows;2022;11;94;94;94;BE;LU;Value on 3rd Wed. at 03;Export;Harmonized;M;M
Physical Energy & Power Flows;2022;11;681;681;681;BE;NL;Value on 3rd Wed. at 03;Import;Harmonized;M;M
Physical Energy & Power Flows;2022;11;441;441;441;BG;GR;Value on 3rd Wed. at 03;Export;Harmonized;M;M
Physical Energy & Power Flows;2022;11;438;438;438;BG;MK;Value on 3rd Wed. at 03;Export;Harmonized;M;M
Physical Energy & Power Flows;2022;11;146;146;146;BG;RO;Value on 3rd Wed. at 03;Import;Harmonized;M;M
Physical Energy & Power Flows;2022;11;376;376;376;BG;RS;Value on 3rd Wed. at 03;Export;Harmonized;M;M
Physical Energy & Power Flows;2022;11;696;696;696;BG;TR;Value on 3rd Wed. at 03;Export;Harmonized;M;M
Physical Energy & Power Flows;2022;11;219;219;219;BY;LT;Value on 3rd Wed. at 03;Export;Harmonized;NaM;M
Physical Energy & Power Flows;2022;11;824;824;824;CH;AT;Value on 3rd Wed. at 03;Import;Harmonized;M;M
Physical Energy & Power Flows;2022;11;3143;3143;3143;CH;DE;Value on 3rd Wed. at 03;Import;Harmonized;M;M
Physical Energy & Power Flows;2022;11;2201;2201;2201;CH;FR;Value on 3rd Wed. at 03;Import;Harmonized;M;M
Physical Energy & Power Flows;2022;11;3413;3413;3413;CH;IT;Value on 3rd Wed. at 03;Export;Harmonized;M;M
Physical Energy & Power Flows;2022;11;1856;1856;1856;CZ;AT;Value on 3rd Wed. at 03;Export;Harmonized;M;M
Physical Energy & Power Flows;2022;11;805;805;805;CZ;DE;Value on 3rd Wed. at 03;Import;Harmonized;M;M
Physical Energy & Power Flows;2022;11;1287;1287;1287;CZ;PL;Value on 3rd Wed. at 03;Import;Harmonized;M;M
Physical Energy & Power Flows;2022;11;1193;1193;1193;CZ;SK;Value on 3rd Wed. at 03;Export;Harmonized;M;M
Physical Energy & Power Flows;2022;11;2308;2308;2308;DE;AT;Value on 3rd Wed. at 03;Export;Harmonized;M;M
Physical Energy & Power Flows;2022;10;445;445;445;HU;RO;Value on 3rd Wed. at 03;Export;Harmonized;M;M
Physical Energy & Power Flows;2022;10;191;191;191;HU;RS;Value on 3rd Wed. at 03;Export;Harmonized;M;M
Physical Energy & Power Flows;2022;10;512;512;512;HU;SI;Value on 3rd Wed. at 03;Export;Harmonized;M;M
Physical Energy & Power Flows;2022;10;1908;1908;1908;HU;SK;Value on 3rd Wed. at 03;Import;Harmonized;M;M
Physical Energy & Power Flows;2022;10;144;144;144;HU;UA;Value on 3rd Wed. at 03;Import;Harmonized;M;NaM
Physical Energy & Power Flows;2022;10;200;200;200;IE;GB;Value on 3rd Wed. at 03;Export;Harmonized;M;M
Physical Energy & Power Flows;2022;10;55;55;55;IT;AT;Value on 3rd Wed. at 03;Import;Harmonized;M;M
Physical Energy & Power Flows;2022;10;1625;1625;1625;IT;CH;Value on 3rd Wed. at 03;Import;Harmonized;M;M
Physical Energy & Power Flows;2022;10;2953;2953;2953;IT;FR;Value on 3rd Wed. at 03;Import;Harmonized;M;M
Physical Energy & Power Flows;2022;10;180;180;180;IT;GR;Value on 3rd Wed. at 03;Export;Harmonized;M;M
Physical Energy & Power Flows;2022;10;401;401;401;IT;ME;Value on 3rd Wed. at 03;Import;Harmonized;M;M
Physical Energy & Power Flows;2022;10;47;47;47;IT;MT;Value on 3rd Wed. at 03;Export;Harmonized;M;NaM
Physical Energy & Power Flows;2022;10;801;801;801;IT;SI;Value on 3rd Wed. at 03;Import;Harmonized;M;M
Physical Energy & Power Flows;2022;10;63;63;63;LT;BY;Value on 3rd Wed. at 03;Import;Harmonized;M;NaM
Physical Energy & Power Flows;2022;10;369;369;369;LT;LV;Value on 3rd Wed. at 03;Import;Harmonized;M;M
Physical Energy & Power Flows;2022;10;166;166;166;LT;PL;Value on 3rd Wed. at 03;Export;Harmonized;M;M
Physical Energy & Power Flows;2022;10;5;5;5;LT;RU;Value on 3rd Wed. at 03;Import;Harmonized;M;NaM
Physical Energy & Power Flows;2022;10;308;308;308;LT;SE;Value on 3rd Wed. at 03;Import;Harmonized;M;M
Physical Energy & Power Flows;2022;10;114;114;114;LU;BE;Value on 3rd Wed. at 03;Import;Harmonized;M;M
Physical Energy & Power Flows;2022;10;242;242;242;LU;DE;Value on 3rd Wed. at 03;Import;Harmonized;M;M
Physical Energy & Power Flows;2022;10;696;696;696;LV;EE;Value on 3rd Wed. at 03;Import;Harmonized;M;M
Physical Energy & Power Flows;2022;10;369;369;369;LV;LT;Value on 3rd Wed. at 03;Export;Harmonized;M;M
Physical Energy & Power Flows;2022;10;180;180;180;LV;RU;Value on 3rd Wed. at 03;Import;Harmonized;M;NaM
Physical Energy & Power Flows;2022;10;466;466;466;MD;RO;Value on 3rd Wed. at 03;Import;Harmonized;NaM;M
Physical Energy & Power Flows;2022;10;383;383;383;MD;UA;Value on 3rd Wed. at 03;Export;Harmonized;NaM;NaM
Physical Energy & Power Flows;2022;10;40;40;40;ME;AL;Value on 3rd Wed. at 03;Export;Harmonized;M;M
Physical Energy & Power Flows;2022;10;541;541;541;ME;BA;Value on 3rd Wed. at 03;Import;Harmonized;M;M
Physical Energy & Power Flows;2022;10;401;401;401;ME;IT;Value on 3rd Wed. at 03;Export;Harmonized;M;M
Physical Energy & Power Flows;2022;10;82;82;82;ME;RS;Value on 3rd Wed. at 03;Import;Harmonized;M;M
Physical Energy & Power Flows;2022;10;99;99;99;ME;XK;Value on 3rd Wed. at 03;Export;Harmonized;M;M
Physical Energy & Power Flows;2022;10;145;145;145;MK;BG;Value on 3rd Wed. at 03;Import;Harmonized;M;M
Physical Energy & Power Flows;2022;10;492;492;492;MK;GR;Value on 3rd Wed. at 03;Export;Harmonized;M;M
Physical Energy & Power Flows;2022;10;2953;2953;2953;FR;IT;Value on 3rd Wed. at 03;Export;Harmonized;M;M
Physical Energy & Power Flows;2022;10;1001;1001;1001;GB;BE;Value on 3rd Wed. at 03;Export;Harmonized;M;M
Physical Energy & Power Flows;2022;10;2490;2490;2490;GB;FR;Value on 3rd Wed. at 03;Export;Harmonized;M;M
Physical Energy & Power Flows;2022;10;200;200;200;GB;IE;Value on 3rd Wed. at 03;Import;Harmonized;M;M
Physical Energy & Power Flows;2022;10;1029;1029;1029;GB;NL;Value on 3rd Wed. at 03;Export;Harmonized;M;M
Physical Energy & Power Flows;2022;10;1099;1099;1099;GB;NO;Value on 3rd Wed. at 03;Export;Harmonized;M;M
Physical Energy & Power Flows;2022;10;0;0;0;GE;AM;Value on 3rd Wed. at 03;Import;Harmonized;NaM;NaM
Physical Energy & Power Flows;2022;10;449;449;449;GE;AZ;Value on 3rd Wed. at 03;Import;Harmonized;NaM;NaM
Physical Energy & Power Flows;2022;10;194;194;194;GE;RU;Value on 3rd Wed. at 03;Import;Harmonized;NaM;NaM
Physical Energy & Power Flows;2022;10;699;699;699;GE;TR;Value on 3rd Wed. at 03;Export;Harmonized;NaM;M
Physical Energy & Power Flows;2022;10;120;120;120;GR;AL;Value on 3rd Wed. at 03;Import;Harmonized;M;M
Physical Energy & Power Flows;2022;10;236;236;236;GR;BG;Value on 3rd Wed. at 03;Import;Harmonized;M;M
Physical Energy & Power Flows;2022;10;180;180;180;GR;IT;Value on 3rd Wed. at 03;Import;Harmonized;M;M
Physical Energy & Power Flows;2022;10;492;492;492;GR;MK;Value on 3rd Wed. at 03;Import;Harmonized;M;M
Physical Energy & Power Flows;2022;10;75;75;75;GR;TR;Value on 3rd Wed. at 03;Import;Harmonized;M;M
Physical Energy & Power Flows;2022;10;216;216;216;HR;BA;Value on 3rd Wed. at 03;Export;Harmonized;M;M
Physical Energy & Power Flows;2022;10;1121;1121;1121;HR;HU;Value on 3rd Wed. at 03;Import;Harmonized;M;M
Physical Energy & Power Flows;2022;10;109;109;109;HR;RS;Value on 3rd Wed. at 03;Export;Harmonized;M;M
Physical Energy & Power Flows;2022;10;501;501;501;HR;SI;Value on 3rd Wed. at 03;Export;Harmonized;M;M
Physical Energy & Power Flows;2022;10;522;522;522;HU;AT;Value on 3rd Wed. at 03;Import;Harmonized;M;M
Physical Energy & Power Flows;2022;10;1121;1121;1121;HU;HR;Value on 3rd Wed. at 03;Export;Harmonized;M;M
Physical Energy & Power Flows;2022;10;595;595;595;SI;HU;Value on 3rd Wed. at 11;Import;Harmonized;M;M
Physical Energy & Power Flows;2022;10;532;532;532;SI;IT;Value on 3rd Wed. at 11;Export;Harmonized;M;M
Physical Energy & Power Flows;2022;10;770;770;770;SK;CZ;Value on 3rd Wed. at 11;Import;Harmonized;M;M
Physical Energy & Power Flows;2022;10;937;937;937;SK;HU;Value on 3rd Wed. at 11;Export;Harmonized;M;M
Physical Energy & Power Flows;2022;10;237;237;237;SK;PL;Value on 3rd Wed. at 11;Import;Harmonized;M;M
Physical Energy & Power Flows;2022;10;59;59;59;SK;UA;Value on 3rd Wed. at 11;Import;Harmonized;M;NaM
Physical Energy & Power Flows;2022;10;670;670;670;TR;BG;Value on 3rd Wed. at 11;Import;Harmonized;M;M
Physical Energy & Power Flows;2022;10;700;700;700;TR;GE;Value on 3rd Wed. at 11;Import;Harmonized;M;NaM
Physical Energy & Power Flows;2022;10;111;111;111;TR;GR;Value on 3rd Wed. at 11;Export;Harmonized;M;M
Physical Energy & Power Flows;2022;10;136;136;136;UA;HU;Value on 3rd Wed. at 11;Export;Harmonized;NaM;M
Physical Energy & Power Flows;2022;10;495;495;495;UA;MD;Value on 3rd Wed. at 11;Import;Harmonized;NaM;NaM
Physical Energy & Power Flows;2022;10;0;0;0;UA;PL;Value on 3rd Wed. at 11;Import;Harmonized;NaM;M
Physical Energy & Power Flows;2022;10;236;236;236;UA;RO;Value on 3rd Wed. at 11;Export;Harmonized;NaM;M
Physical Energy & Power Flows;2022;10;59;59;59;UA;SK;Value on 3rd Wed. at 11;Export;Harmonized;NaM;M
Physical Energy & Power Flows;2022;10;25;25;25;XK;AL;Value on 3rd Wed. at 11;Export;Harmonized;M;M
Physical Energy & Power Flows;2022;10;39;39;39;XK;ME;Value on 3rd Wed. at 11;Import;Harmonized;M;M
Physical Energy & Power Flows;2022;10;102;102;102;XK;MK;Value on 3rd Wed. at 11;Export;Harmonized;M;M
Physical Energy & Power Flows;2022;10;160;160;160;XK;RS;Value on 3rd Wed. at 11;Import;Harmonized;M;M
Physical Energy & Power Flows;2022;11;3143;3143;3143;DE;CH;Value on 3rd Wed. at 03;Export;Harmonized;M;M
Physical Energy & Power Flows;2022;11;805;805;805;DE;CZ;Value on 3rd Wed. at 03;Export;Harmonized;M;M
Physical Energy & Power Flows;2022;11;644;644;644;DE;DK;Value on 3rd Wed. at 03;Import;Harmonized;M;M
Physical Energy & Power Flows;2022;11;72;72;72;DE;FR;Value on 3rd Wed. at 03;Import;Harmonized;M;M
Physical Energy & Power Flows;2022;11;221;221;221;DE;LU;Value on 3rd Wed. at 03;Export;Harmonized;M;M
Physical Energy & Power Flows;2022;11;884;884;884;DE;NL;Value on 3rd Wed. at 03;Export;Harmonized;M;M
Physical Energy & Power Flows;2022;11;501;501;501;DE;NO;Value on 3rd Wed. at 03;Import;Harmonized;M;M
Physical Energy & Power Flows;2022;11;1341;1341;1341;DE;PL;Value on 3rd Wed. at 03;Export;Harmonized;M;M
Physical Energy & Power Flows;2022;11;317;317;317;DE;SE;Value on 3rd Wed. at 03;Import;Harmonized;M;M
Physical Energy & Power Flows;2022;11;644;644;644;DK;DE;Value on 3rd Wed. at 03;Export;Harmonized;M;M
Physical Energy & Power Flows;2022;11;0;0;0;DK;NL;Value on 3rd Wed. at 03;Export;Harmonized;M;M
Physical Energy & Power Flows;2022;11;115;115;115;DK;NO;Value on 3rd Wed. at 03;Export;Harmonized;M;M
Physical Energy & Power Flows;2022;11;922;922;922;DK;SE;Value on 3rd Wed. at 03;Export;Harmonized;M;M
Physical Energy & Power Flows;2022;11;675;675;675;EE;FI;Value on 3rd Wed. at 03;Import;Harmonized;M;M
Physical Energy & Power Flows;2022;11;345;345;345;EE;LV;Value on 3rd Wed. at 03;Export;Harmonized;M;M
Physical Energy & Power Flows;2022;11;318;318;318;EE;RU;Value on 3rd Wed. at 03;Export;Harmonized;M;NaM
Physical Energy & Power Flows;2022;11;2916;2916;2916;ES;FR;Value on 3rd Wed. at 03;Export;Harmonized;M;M
Physical Energy & Power Flows;2022;11;896;896;896;ES;PT;Value on 3rd Wed. at 03;Export;Harmonized;M;M
Physical Energy & Power Flows;2022;11;675;675;675;FI;EE;Value on 3rd Wed. at 03;Export;Harmonized;M;M
Physical Energy & Power Flows;2022;11;80;80;80;FI;NO;Value on 3rd Wed. at 03;Import;Harmonized;M;M
Physical Energy & Power Flows;2022;11;0;0;0;FI;RU;Value on 3rd Wed. at 03;Export;Harmonized;M;NaM
Physical Energy & Power Flows;2022;11;2606;2606;2606;FI;SE;Value on 3rd Wed. at 03;Import;Harmonized;M;M
Physical Energy & Power Flows;2022;11;1218;1218;1218;FR;BE;Value on 3rd Wed. at 03;Import;Harmonized;M;M
Physical Energy & Power Flows;2022;11;2201;2201;2201;FR;CH;Value on 3rd Wed. at 03;Export;Harmonized;M;M
Physical Energy & Power Flows;2022;11;72;72;72;FR;DE;Value on 3rd Wed. at 03;Export;Harmonized;M;M
Physical Energy & Power Flows;2022;11;2916;2916;2916;FR;ES;Value on 3rd Wed. at 03;Import;Harmonized;M;M
Physical Energy & Power Flows;2022;11;1665;1665;1665;FR;GB;Value on 3rd Wed. at 03;Import;Harmonized;M;M
Physical Energy & Power Flows;2022;11;1736;1736;1736;FR;IT;Value on 3rd Wed. at 03;Export;Harmonized;M;M
Physical Energy & Power Flows;2022;11;491;491;491;GB;BE;Value on 3rd Wed. at 03;Import;Harmonized;M;M
Physical Energy & Power Flows;2022;12;175;175;175;AL;GR;Value on 3rd Wed. at 03;Export;Harmonized;M;M
Physical Energy & Power Flows;2022;12;402;402;402;AL;ME;Value on 3rd Wed. at 03;Export;Harmonized;M;M
Physical Energy & Power Flows;2022;12;193;193;193;AL;XK;Value on 3rd Wed. at 03;Export;Harmonized;M;M
Physical Energy & Power Flows;2022;12;78;78;78;AM;GE;Value on 3rd Wed. at 03;Export;Harmonized;NaM;NaM
Physical Energy & Power Flows;2022;12;1113;1113;1113;AT;CH;Value on 3rd Wed. at 03;Export;Harmonized;M;M
Physical Energy & Power Flows;2022;12;2173;2173;2173;AT;CZ;Value on 3rd Wed. at 03;Import;Harmonized;M;M
Physical Energy & Power Flows;2022;12;1551;1551;1551;AT;DE;Value on 3rd Wed. at 03;Import;Harmonized;M;M
Physical Energy & Power Flows;2022;12;863;863;863;AT;HU;Value on 3rd Wed. at 03;Import;Harmonized;M;M
Physical Energy & Power Flows;2022;12;150;150;150;AT;IT;Value on 3rd Wed. at 03;Export;Harmonized;M;M
Physical Energy & Power Flows;2022;12;632;632;632;AT;SI;Value on 3rd Wed. at 03;Import;Harmonized;M;M
Physical Energy & Power Flows;2022;12;601;601;601;AZ;GE;Value on 3rd Wed. at 03;Export;Harmonized;NaM;NaM
Physical Energy & Power Flows;2022;12;992;992;992;BA;HR;Value on 3rd Wed. at 03;Export;Harmonized;M;M
Physical Energy & Power Flows;2022;12;256;256;256;BA;ME;Value on 3rd Wed. at 03;Import;Harmonized;M;M
Physical Energy & Power Flows;2022;12;169;169;169;BA;RS;Value on 3rd Wed. at 03;Import;Harmonized;M;M
Physical Energy & Power Flows;2022;9;87;87;87;AL;GR;Value on 3rd Wed. at 11;Export;Harmonized;M;M
Physical Energy & Power Flows;2022;9;701;701;701;GE;TR;Value on 3rd Wed. at 03;Export;Harmonized;NaM;M
Physical Energy & Power Flows;2022;9;35;35;35;GR;AL;Value on 3rd Wed. at 03;Import;Harmonized;M;M
Physical Energy & Power Flows;2022;9;351;351;351;GR;BG;Value on 3rd Wed. at 03;Import;Harmonized;M;M
Physical Energy & Power Flows;2022;9;213;213;213;GR;IT;Value on 3rd Wed. at 03;Export;Harmonized;M;M
Physical Energy & Power Flows;2022;9;477;477;477;GR;MK;Value on 3rd Wed. at 03;Import;Harmonized;M;M
Physical Energy & Power Flows;2022;9;450;450;450;GR;TR;Value on 3rd Wed. at 03;Import;Harmonized;M;M
Physical Energy & Power Flows;2022;9;3;3;3;HR;BA;Value on 3rd Wed. at 03;Export;Harmonized;M;M
Physical Energy & Power Flows;2022;9;504;504;504;HR;HU;Value on 3rd Wed. at 03;Import;Harmonized;M;M
Physical Energy & Power Flows;2022;9;62;62;62;HR;RS;Value on 3rd Wed. at 03;Import;Harmonized;M;M
Physical Energy & Power Flows;2022;9;421;421;421;HR;SI;Value on 3rd Wed. at 03;Export;Harmonized;M;M
Physical Energy & Power Flows;2022;9;727;727;727;HU;AT;Value on 3rd Wed. at 03;Import;Harmonized;M;M
Physical Energy & Power Flows;2022;9;504;504;504;HU;HR;Value on 3rd Wed. at 03;Export;Harmonized;M;M
Physical Energy & Power Flows;2022;9;212;212;212;HU;RO;Value on 3rd Wed. at 03;Export;Harmonized;M;M
Physical Energy & Power Flows;2022;9;225;225;225;HU;RS;Value on 3rd Wed. at 03;Import;Harmonized;M;M
Physical Energy & Power Flows;2022;9;300;300;300;HU;SI;Value on 3rd Wed. at 03;Export;Harmonized;M;M
Physical Energy & Power Flows;2022;9;870;870;870;HU;SK;Value on 3rd Wed. at 03;Import;Harmonized;M;M
Physical Energy & Power Flows;2022;9;457;457;457;HU;UA;Value on 3rd Wed. at 03;Import;Harmonized;M;NaM
Physical Energy & Power Flows;2022;9;136;136;136;IT;AT;Value on 3rd Wed. at 03;Import;Harmonized;M;M
Physical Energy & Power Flows;2022;9;2562;2562;2562;IT;CH;Value on 3rd Wed. at 03;Import;Harmonized;M;M
Physical Energy & Power Flows;2022;9;1387;1387;1387;IT;FR;Value on 3rd Wed. at 03;Import;Harmonized;M;M
Physical Energy & Power Flows;2022;9;213;213;213;IT;GR;Value on 3rd Wed. at 03;Import;Harmonized;M;M
Physical Energy & Power Flows;2022;9;445;445;445;IT;ME;Value on 3rd Wed. at 03;Import;Harmonized;M;M
Physical Energy & Power Flows;2022;9;125;125;125;IT;MT;Value on 3rd Wed. at 03;Export;Harmonized;M;NaM
Physical Energy & Power Flows;2022;9;804;804;804;IT;SI;Value on 3rd Wed. at 03;Import;Harmonized;M;M
Physical Energy & Power Flows;2022;9;61;61;61;LT;BY;Value on 3rd Wed. at 03;Import;Harmonized;M;NaM
Physical Energy & Power Flows;2022;9;584;584;584;LT;LV;Value on 3rd Wed. at 03;Import;Harmonized;M;M
Physical Energy & Power Flows;2022;9;205;205;205;LT;PL;Value on 3rd Wed. at 03;Export;Harmonized;M;M
Physical Energy & Power Flows;2022;9;1;1;1;LT;RU;Value on 3rd Wed. at 03;Import;Harmonized;M;NaM
Physical Energy & Power Flows;2022;9;646;646;646;LT;SE;Value on 3rd Wed. at 03;Import;Harmonized;M;M
Physical Energy & Power Flows;2022;9;81;81;81;LU;BE;Value on 3rd Wed. at 03;Import;Harmonized;M;M
Physical Energy & Power Flows;2022;9;317;317;317;LU;DE;Value on 3rd Wed. at 03;Import;Harmonized;M;M
Physical Energy & Power Flows;2022;9;744;744;744;LV;EE;Value on 3rd Wed. at 03;Import;Harmonized;M;M
Physical Energy & Power Flows;2022;9;584;584;584;LV;LT;Value on 3rd Wed. at 03;Export;Harmonized;M;M
Physical Energy & Power Flows;2022;9;226;226;226;LV;RU;Value on 3rd Wed. at 03;Import;Harmonized;M;NaM
Physical Energy & Power Flows;2022;9;232;232;232;MD;RO;Value on 3rd Wed. at 03;Import;Harmonized;NaM;M
Physical Energy & Power Flows;2022;9;133;133;133;MD;UA;Value on 3rd Wed. at 03;Export;Harmonized;NaM;NaM
Physical Energy & Power Flows;2022;9;2;2;2;ME;AL;Value on 3rd Wed. at 03;Export;Harmonized;M;M
Physical Energy & Power Flows;2022;9;271;271;271;ME;BA;Value on 3rd Wed. at 03;Import;Harmonized;M;M
Physical Energy & Power Flows;2022;9;445;445;445;ME;IT;Value on 3rd Wed. at 03;Export;Harmonized;M;M
Physical Energy & Power Flows;2022;9;227;227;227;ME;RS;Value on 3rd Wed. at 03;Export;Harmonized;M;M
Physical Energy & Power Flows;2022;9;158;158;158;ME;XK;Value on 3rd Wed. at 03;Import;Harmonized;M;M
Physical Energy & Power Flows;2022;9;322;322;322;MK;BG;Value on 3rd Wed. at 03;Import;Harmonized;M;M
Physical Energy & Power Flows;2022;9;477;477;477;MK;GR;Value on 3rd Wed. at 03;Export;Harmonized;M;M
Physical Energy & Power Flows;2022;9;20;20;20;MK;RS;Value on 3rd Wed. at 03;Import;Harmonized;M;M
Physical Energy & Power Flows;2022;9;46;46;46;MK;XK;Value on 3rd Wed. at 03;Import;Harmonized;M;M
Physical Energy & Power Flows;2022;9;125;125;125;MT;IT;Value on 3rd Wed. at 03;Import;Harmonized;NaM;M
Physical Energy & Power Flows;2022;9;1575;1575;1575;NL;BE;Value on 3rd Wed. at 03;Import;Harmonized;M;M
Physical Energy & Power Flows;2022;9;2406;2406;2406;NL;DE;Value on 3rd Wed. at 03;Export;Harmonized;M;M
Physical Energy & Power Flows;2022;9;699;699;699;NL;DK;Value on 3rd Wed. at 03;Export;Harmonized;M;M
Physical Energy & Power Flows;2022;9;0;0;0;NL;GB;Value on 3rd Wed. at 03;Import;Harmonized;M;M
Physical Energy & Power Flows;2022;9;0;0;0;NL;NO;Value on 3rd Wed. at 03;Import;Harmonized;M;M
Physical Energy & Power Flows;2022;9;311;311;311;NO;DE;Value on 3rd Wed. at 03;Import;Harmonized;M;M
Physical Energy & Power Flows;2022;9;133;133;133;NO;DK;Value on 3rd Wed. at 03;Import;Harmonized;M;M
Physical Energy & Power Flows;2022;9;176;176;176;AL;ME;Value on 3rd Wed. at 11;Import;Harmonized;M;M
Physical Energy & Power Flows;2022;9;64;64;64;AL;XK;Value on 3rd Wed. at 11;Import;Harmonized;M;M
Physical Energy & Power Flows;2022;9;0;0;0;AM;GE;Value on 3rd Wed. at 11;Import;Harmonized;NaM;NaM
Physical Energy & Power Flows;2022;9;515;515;515;AT;CH;Value on 3rd Wed. at 11;Export;Harmonized;M;M
Physical Energy & Power Flows;2022;9;907;907;907;AT;CZ;Value on 3rd Wed. at 11;Import;Harmonized;M;M
Physical Energy & Power Flows;2022;9;1360;1360;1360;AT;DE;Value on 3rd Wed. at 11;Import;Harmonized;M;M
Physical Energy & Power Flows;2022;9;776;776;776;AT;HU;Value on 3rd Wed. at 11;Export;Harmonized;M;M
Physical Energy & Power Flows;2022;9;46;46;46;AT;IT;Value on 3rd Wed. at 11;Export;Harmonized;M;M
Physical Energy & Power Flows;2022;9;727;727;727;AT;SI;Value on 3rd Wed. at 11;Export;Harmonized;M;M
Physical Energy & Power Flows;2022;9;559;559;559;AZ;GE;Value on 3rd Wed. at 11;Export;Harmonized;NaM;NaM
Physical Energy & Power Flows;2022;9;334;334;334;BA;HR;Value on 3rd Wed. at 11;Import;Harmonized;M;M
Physical Energy & Power Flows;2022;9;195;195;195;BA;ME;Value on 3rd Wed. at 11;Export;Harmonized;M;M
Physical Energy & Power Flows;2022;9;103;103;103;BA;RS;Value on 3rd Wed. at 11;Import;Harmonized;M;M
Physical Energy & Power Flows;2022;9;982;982;982;BE;DE;Value on 3rd Wed. at 11;Export;Harmonized;M;M
Physical Energy & Power Flows;2022;9;1061;1061;1061;BE;FR;Value on 3rd Wed. at 11;Export;Harmonized;M;M
Physical Energy & Power Flows;2022;9;0;0;0;BE;GB;Value on 3rd Wed. at 11;Import;Harmonized;M;M
Physical Energy & Power Flows;2022;9;50;50;50;BE;LU;Value on 3rd Wed. at 11;Import;Harmonized;M;M
Physical Energy & Power Flows;2022;9;62;62;62;BE;NL;Value on 3rd Wed. at 11;Import;Harmonized;M;M
Physical Energy & Power Flows;2022;9;491;491;491;BG;GR;Value on 3rd Wed. at 11;Export;Harmonized;M;M
Physical Energy & Power Flows;2022;9;457;457;457;BG;MK;Value on 3rd Wed. at 11;Export;Harmonized;M;M
Physical Energy & Power Flows;2022;9;378;378;378;BG;RO;Value on 3rd Wed. at 11;Export;Harmonized;M;M
Physical Energy & Power Flows;2022;9;345;345;345;BG;RS;Value on 3rd Wed. at 11;Export;Harmonized;M;M
Physical Energy & Power Flows;2022;10;5;5;5;AL;GR;Value on 3rd Wed. at 11;Export;Harmonized;M;M
Physical Energy & Power Flows;2022;10;518;518;518;TR;BG;Value on 3rd Wed. at 03;Import;Harmonized;M;M
Physical Energy & Power Flows;2022;10;699;699;699;TR;GE;Value on 3rd Wed. at 03;Import;Harmonized;M;NaM
Physical Energy & Power Flows;2022;10;75;75;75;TR;GR;Value on 3rd Wed. at 03;Export;Harmonized;M;M
Physical Energy & Power Flows;2022;10;144;144;144;UA;HU;Value on 3rd Wed. at 03;Export;Harmonized;NaM;M
Physical Energy & Power Flows;2022;10;383;383;383;UA;MD;Value on 3rd Wed. at 03;Import;Harmonized;NaM;NaM
Physical Energy & Power Flows;2022;10;0;0;0;UA;PL;Value on 3rd Wed. at 03;Import;Harmonized;NaM;M
Physical Energy & Power Flows;2022;10;578;578;578;UA;RO;Value on 3rd Wed. at 03;Export;Harmonized;NaM;M
Physical Energy & Power Flows;2022;10;358;358;358;UA;SK;Value on 3rd Wed. at 03;Import;Harmonized;NaM;M
Physical Energy & Power Flows;2022;10;178;178;178;XK;AL;Value on 3rd Wed. at 03;Export;Harmonized;M;M
Physical Energy & Power Flows;2022;10;99;99;99;XK;ME;Value on 3rd Wed. at 03;Import;Harmonized;M;M
Physical Energy & Power Flows;2022;10;298;298;298;XK;MK;Value on 3rd Wed. at 03;Export;Harmonized;M;M
Physical Energy & Power Flows;2022;10;175;175;175;XK;RS;Value on 3rd Wed. at 03;Import;Harmonized;M;M
Physical Energy & Power Flows;2022;10;2;2;2;BG;MK;Value on 3rd Wed. at 11;Export;Harmonized;M;M
Physical Energy & Power Flows;2022;10;75;75;75;BG;RO;Value on 3rd Wed. at 11;Import;Harmonized;M;M
Physical Energy & Power Flows;2022;10;317;317;317;BG;RS;Value on 3rd Wed. at 11;Export;Harmonized;M;M
Physical Energy & Power Flows;2022;10;670;670;670;BG;TR;Value on 3rd Wed. at 11;Export;Harmonized;M;M
Physical Energy & Power Flows;2022;10;177;177;177;BY;LT;Value on 3rd Wed. at 11;Import;Harmonized;NaM;M
Physical Energy & Power Flows;2022;10;334;334;334;CH;AT;Value on 3rd Wed. at 11;Export;Harmonized;M;M
Physical Energy & Power Flows;2022;10;688;688;688;CH;DE;Value on 3rd Wed. at 11;Import;Harmonized;M;M
Physical Energy & Power Flows;2022;10;1848;1848;1848;CH;FR;Value on 3rd Wed. at 11;Import;Harmonized;M;M
Physical Energy & Power Flows;2022;10;413;413;413;CH;IT;Value on 3rd Wed. at 11;Export;Harmonized;M;M
Physical Energy & Power Flows;2022;10;1281;1281;1281;CZ;AT;Value on 3rd Wed. at 11;Export;Harmonized;M;M
Physical Energy & Power Flows;2022;10;390;390;390;CZ;DE;Value on 3rd Wed. at 11;Export;Harmonized;M;M
Physical Energy & Power Flows;2022;10;630;630;630;CZ;PL;Value on 3rd Wed. at 11;Import;Harmonized;M;M
Physical Energy & Power Flows;2022;10;770;770;770;CZ;SK;Value on 3rd Wed. at 11;Export;Harmonized;M;M
Physical Energy & Power Flows;2022;10;1302;1302;1302;DE;AT;Value on 3rd Wed. at 11;Export;Harmonized;M;M
Physical Energy & Power Flows;2022;10;1002;1002;1002;DE;BE;Value on 3rd Wed. at 11;Import;Harmonized;M;M
Physical Energy & Power Flows;2022;10;688;688;688;DE;CH;Value on 3rd Wed. at 11;Export;Harmonized;M;M
Physical Energy & Power Flows;2022;10;390;390;390;DE;CZ;Value on 3rd Wed. at 11;Import;Harmonized;M;M
Physical Energy & Power Flows;2022;10;77;77;77;DE;DK;Value on 3rd Wed. at 11;Import;Harmonized;M;M
Physical Energy & Power Flows;2022;10;1803;1803;1803;DE;FR;Value on 3rd Wed. at 11;Import;Harmonized;M;M
Physical Energy & Power Flows;2022;10;465;465;465;DE;LU;Value on 3rd Wed. at 11;Export;Harmonized;M;M
Physical Energy & Power Flows;2022;10;61;61;61;AL;ME;Value on 3rd Wed. at 11;Import;Harmonized;M;M
Physical Energy & Power Flows;2022;10;25;25;25;AL;XK;Value on 3rd Wed. at 11;Import;Harmonized;M;M
Physical Energy & Power Flows;2022;10;0;0;0;AM;GE;Value on 3rd Wed. at 11;Import;Harmonized;NaM;NaM
Physical Energy & Power Flows;2022;10;334;334;334;AT;CH;Value on 3rd Wed. at 11;Import;Harmonized;M;M
Physical Energy & Power Flows;2022;10;1281;1281;1281;AT;CZ;Value on 3rd Wed. at 11;Import;Harmonized;M;M
Physical Energy & Power Flows;2022;10;1302;1302;1302;AT;DE;Value on 3rd Wed. at 11;Import;Harmonized;M;M
Physical Energy & Power Flows;2022;10;75;75;75;AT;HU;Value on 3rd Wed. at 11;Import;Harmonized;M;M
Physical Energy & Power Flows;2022;10;50;50;50;AT;IT;Value on 3rd Wed. at 11;Export;Harmonized;M;M
Physical Energy & Power Flows;2022;10;644;644;644;AT;SI;Value on 3rd Wed. at 11;Export;Harmonized;M;M
Physical Energy & Power Flows;2022;10;450;450;450;AZ;GE;Value on 3rd Wed. at 11;Export;Harmonized;NaM;NaM
Physical Energy & Power Flows;2022;10;211;211;211;BA;HR;Value on 3rd Wed. at 11;Export;Harmonized;M;M
Physical Energy & Power Flows;2022;10;2;2;2;BA;ME;Value on 3rd Wed. at 11;Import;Harmonized;M;M
Physical Energy & Power Flows;2022;10;250;250;250;BA;RS;Value on 3rd Wed. at 11;Import;Harmonized;M;M
Physical Energy & Power Flows;2022;10;1002;1002;1002;BE;DE;Value on 3rd Wed. at 11;Export;Harmonized;M;M
Physical Energy & Power Flows;2022;10;2221;2221;2221;BE;FR;Value on 3rd Wed. at 11;Export;Harmonized;M;M
Physical Energy & Power Flows;2022;10;600;600;600;BE;GB;Value on 3rd Wed. at 11;Import;Harmonized;M;M
Physical Energy & Power Flows;2022;10;69;69;69;BE;LU;Value on 3rd Wed. at 11;Export;Harmonized;M;M
Physical Energy & Power Flows;2022;10;1055;1055;1055;BE;NL;Value on 3rd Wed. at 11;Export;Harmonized;M;M
Physical Energy & Power Flows;2022;10;190;190;190;BG;GR;Value on 3rd Wed. at 11;Export;Harmonized;M;M
Physical Energy & Power Flows;2022;11;26;26;26;RS;MK;Value on 3rd Wed. at 11;Export;Harmonized;M;M
Physical Energy & Power Flows;2022;11;145;145;145;UA;MD;Value on 3rd Wed. at 03;Import;Harmonized;NaM;NaM
Physical Energy & Power Flows;2022;11;0;0;0;UA;PL;Value on 3rd Wed. at 03;Import;Harmonized;NaM;M
Physical Energy & Power Flows;2022;11;78;78;78;UA;RO;Value on 3rd Wed. at 03;Export;Harmonized;NaM;M
Physical Energy & Power Flows;2022;11;137;137;137;UA;SK;Value on 3rd Wed. at 03;Import;Harmonized;NaM;M
Physical Energy & Power Flows;2022;11;302;302;302;XK;AL;Value on 3rd Wed. at 03;Export;Harmonized;M;M
Physical Energy & Power Flows;2022;11;184;184;184;XK;ME;Value on 3rd Wed. at 03;Export;Harmonized;M;M
Physical Energy & Power Flows;2022;11;121;121;121;XK;MK;Value on 3rd Wed. at 03;Export;Harmonized;M;M
Physical Energy & Power Flows;2022;11;316;316;316;XK;RS;Value on 3rd Wed. at 03;Import;Harmonized;M;M
Physical Energy & Power Flows;2022;11;165;165;165;RS;RO;Value on 3rd Wed. at 11;Import;Harmonized;M;M
Physical Energy & Power Flows;2022;11;110;110;110;RS;XK;Value on 3rd Wed. at 11;Import;Harmonized;M;M
Physical Energy & Power Flows;2022;11;4;4;4;RU;EE;Value on 3rd Wed. at 11;Import;Harmonized;NaM;M
Physical Energy & Power Flows;2022;11;0;0;0;RU;FI;Value on 3rd Wed. at 11;Import;Harmonized;NaM;M
Physical Energy & Power Flows;2022;11;21;21;21;RU;GE;Value on 3rd Wed. at 11;Export;Harmonized;NaM;NaM
Physical Energy & Power Flows;2022;11;2;2;2;RU;LT;Value on 3rd Wed. at 11;Export;Harmonized;NaM;M
Physical Energy & Power Flows;2022;11;75;75;75;RU;LV;Value on 3rd Wed. at 11;Import;Harmonized;NaM;M
Physical Energy & Power Flows;2022;11;317;317;317;SE;DE;Value on 3rd Wed. at 11;Export;Harmonized;M;M
Physical Energy & Power Flows;2022;11;851;851;851;SE;DK;Value on 3rd Wed. at 11;Import;Harmonized;M;M
Physical Energy & Power Flows;2022;11;2532;2532;2532;SE;FI;Value on 3rd Wed. at 11;Export;Harmonized;M;M
Physical Energy & Power Flows;2022;11;734;734;734;SE;LT;Value on 3rd Wed. at 11;Export;Harmonized;M;M
Physical Energy & Power Flows;2022;11;617;617;617;SE;NO;Value on 3rd Wed. at 11;Import;Harmonized;M;M
Physical Energy & Power Flows;2022;11;597;597;597;SE;PL;Value on 3rd Wed. at 11;Export;Harmonized;M;M
Physical Energy & Power Flows;2022;11;512;512;512;SI;AT;Value on 3rd Wed. at 11;Import;Harmonized;M;M
Physical Energy & Power Flows;2022;11;767;767;767;SI;HR;Value on 3rd Wed. at 11;Import;Harmonized;M;M
Physical Energy & Power Flows;2022;11;276;276;276;SI;HU;Value on 3rd Wed. at 11;Import;Harmonized;M;M
Physical Energy & Power Flows;2022;11;1002;1002;1002;SI;IT;Value on 3rd Wed. at 11;Export;Harmonized;M;M
Physical Energy & Power Flows;2022;11;1911;1911;1911;SK;CZ;Value on 3rd Wed. at 11;Import;Harmonized;M;M
Physical Energy & Power Flows;2022;11;1702;1702;1702;SK;HU;Value on 3rd Wed. at 11;Export;Harmonized;M;M
Physical Energy & Power Flows;2022;11;561;561;561;SK;PL;Value on 3rd Wed. at 11;Import;Harmonized;M;M
Physical Energy & Power Flows;2022;11;191;191;191;SK;UA;Value on 3rd Wed. at 11;Export;Harmonized;M;NaM
Physical Energy & Power Flows;2022;11;57;57;57;TR;BG;Value on 3rd Wed. at 11;Import;Harmonized;M;M
Physical Energy & Power Flows;2022;11;703;703;703;TR;GE;Value on 3rd Wed. at 11;Import;Harmonized;M;NaM
Physical Energy & Power Flows;2022;11;247;247;247;TR;GR;Value on 3rd Wed. at 11;Export;Harmonized;M;M
Physical Energy & Power Flows;2022;11;193;193;193;UA;HU;Value on 3rd Wed. at 11;Export;Harmonized;NaM;M
Physical Energy & Power Flows;2022;11;49;49;49;UA;MD;Value on 3rd Wed. at 11;Import;Harmonized;NaM;NaM
Physical Energy & Power Flows;2022;11;0;0;0;UA;PL;Value on 3rd Wed. at 11;Import;Harmonized;NaM;M
Physical Energy & Power Flows;2022;11;16;16;16;UA;RO;Value on 3rd Wed. at 11;Import;Harmonized;NaM;M
Physical Energy & Power Flows;2022;11;191;191;191;UA;SK;Value on 3rd Wed. at 11;Import;Harmonized;NaM;M
Physical Energy & Power Flows;2022;11;0;0;0;XK;AL;Value on 3rd Wed. at 11;Import;Harmonized;M;M
Physical Energy & Power Flows;2022;11;114;114;114;XK;ME;Value on 3rd Wed. at 11;Export;Harmonized;M;M
Physical Energy & Power Flows;2022;11;224;224;224;XK;MK;Value on 3rd Wed. at 11;Import;Harmonized;M;M
Physical Energy & Power Flows;2022;11;110;110;110;XK;RS;Value on 3rd Wed. at 11;Export;Harmonized;M;M
Physical Energy & Power Flows;2022;12;104;104;104;AL;GR;Value on 3rd Wed. at 11;Export;Harmonized;M;M
Physical Energy & Power Flows;2022;12;1298;1298;1298;DE;CZ;Value on 3rd Wed. at 03;Import;Harmonized;M;M
Physical Energy & Power Flows;2022;12;428;428;428;DE;DK;Value on 3rd Wed. at 03;Import;Harmonized;M;M
Physical Energy & Power Flows;2022;12;521;521;521;DE;FR;Value on 3rd Wed. at 03;Export;Harmonized;M;M
Physical Energy & Power Flows;2022;12;278;278;278;DE;LU;Value on 3rd Wed. at 03;Export;Harmonized;M;M
Physical Energy & Power Flows;2022;12;939;939;939;DE;NL;Value on 3rd Wed. at 03;Export;Harmonized;M;M
Physical Energy & Power Flows;2022;12;45;45;45;DE;NO;Value on 3rd Wed. at 03;Import;Harmonized;M;M
Physical Energy & Power Flows;2022;12;74;74;74;DE;PL;Value on 3rd Wed. at 03;Import;Harmonized;M;M
Physical Energy & Power Flows;2022;12;0;0;0;DE;SE;Value on 3rd Wed. at 03;Import;Harmonized;M;M
Physical Energy & Power Flows;2022;12;428;428;428;DK;DE;Value on 3rd Wed. at 03;Export;Harmonized;M;M
Physical Energy & Power Flows;2022;12;376;376;376;DK;NL;Value on 3rd Wed. at 03;Export;Harmonized;M;M
Physical Energy & Power Flows;2022;12;34;34;34;DK;NO;Value on 3rd Wed. at 03;Export;Harmonized;M;M
Physical Energy & Power Flows;2022;12;702;702;702;DK;SE;Value on 3rd Wed. at 03;Import;Harmonized;M;M
Physical Energy & Power Flows;2022;12;745;745;745;EE;FI;Value on 3rd Wed. at 03;Import;Harmonized;M;M
Physical Energy & Power Flows;2022;12;422;422;422;EE;LV;Value on 3rd Wed. at 03;Export;Harmonized;M;M
Physical Energy & Power Flows;2022;12;403;403;403;EE;RU;Value on 3rd Wed. at 03;Export;Harmonized;M;NaM
Physical Energy & Power Flows;2022;12;3097;3097;3097;ES;FR;Value on 3rd Wed. at 03;Export;Harmonized;M;M
Physical Energy & Power Flows;2022;12;609;609;609;ES;PT;Value on 3rd Wed. at 03;Import;Harmonized;M;M
Physical Energy & Power Flows;2022;12;745;745;745;FI;EE;Value on 3rd Wed. at 03;Export;Harmonized;M;M
Physical Energy & Power Flows;2022;12;72;72;72;FI;NO;Value on 3rd Wed. at 03;Import;Harmonized;M;M
Physical Energy & Power Flows;2022;12;0;0;0;FI;RU;Value on 3rd Wed. at 03;Export;Harmonized;M;NaM
Physical Energy & Power Flows;2022;12;2160;2160;2160;FI;SE;Value on 3rd Wed. at 03;Import;Harmonized;M;M
Physical Energy & Power Flows;2022;12;1037;1037;1037;FR;BE;Value on 3rd Wed. at 03;Export;Harmonized;M;M
Physical Energy & Power Flows;2022;12;2419;2419;2419;FR;CH;Value on 3rd Wed. at 03;Export;Harmonized;M;M
Physical Energy & Power Flows;2022;12;521;521;521;FR;DE;Value on 3rd Wed. at 03;Import;Harmonized;M;M
Physical Energy & Power Flows;2022;12;3097;3097;3097;FR;ES;Value on 3rd Wed. at 03;Import;Harmonized;M;M
Physical Energy & Power Flows;2022;12;1047;1047;1047;FR;GB;Value on 3rd Wed. at 03;Import;Harmonized;M;M
Physical Energy & Power Flows;2022;12;1969;1969;1969;FR;IT;Value on 3rd Wed. at 03;Export;Harmonized;M;M
Physical Energy & Power Flows;2022;12;16;16;16;GB;BE;Value on 3rd Wed. at 03;Export;Harmonized;M;M
Physical Energy & Power Flows;2022;12;1047;1047;1047;GB;FR;Value on 3rd Wed. at 03;Export;Harmonized;M;M
Physical Energy & Power Flows;2022;12;101;101;101;GB;NL;Value on 3rd Wed. at 03;Export;Harmonized;M;M
Physical Energy & Power Flows;2022;12;137;137;137;GB;NO;Value on 3rd Wed. at 03;Export;Harmonized;M;M
Physical Energy & Power Flows;2022;12;755;755;755;BE;DE;Value on 3rd Wed. at 03;Import;Harmonized;M;M
Physical Energy & Power Flows;2022;12;1037;1037;1037;BE;FR;Value on 3rd Wed. at 03;Import;Harmonized;M;M
Physical Energy & Power Flows;2022;12;16;16;16;BE;GB;Value on 3rd Wed. at 03;Import;Harmonized;M;M
Physical Energy & Power Flows;2022;12;73;73;73;BE;LU;Value on 3rd Wed. at 03;Export;Harmonized;M;M
Physical Energy & Power Flows;2022;12;390;390;390;BE;NL;Value on 3rd Wed. at 03;Export;Harmonized;M;M
Physical Energy & Power Flows;2022;12;322;322;322;BG;GR;Value on 3rd Wed. at 03;Export;Harmonized;M;M
Physical Energy & Power Flows;2022;12;305;305;305;BG;MK;Value on 3rd Wed. at 03;Export;Harmonized;M;M
Physical Energy & Power Flows;2022;12;14;14;14;BG;RO;Value on 3rd Wed. at 03;Import;Harmonized;M;M
Physical Energy & Power Flows;2022;12;323;323;323;BG;RS;Value on 3rd Wed. at 03;Export;Harmonized;M;M
Physical Energy & Power Flows;2022;12;546;546;546;BG;TR;Value on 3rd Wed. at 03;Export;Harmonized;M;M
Physical Energy & Power Flows;2022;12;426;426;426;BY;LT;Value on 3rd Wed. at 03;Export;Harmonized;NaM;M
Physical Energy & Power Flows;2022;12;1113;1113;1113;CH;AT;Value on 3rd Wed. at 03;Import;Harmonized;M;M
Physical Energy & Power Flows;2022;12;3063;3063;3063;CH;DE;Value on 3rd Wed. at 03;Import;Harmonized;M;M
Physical Energy & Power Flows;2022;12;2419;2419;2419;CH;FR;Value on 3rd Wed. at 03;Import;Harmonized;M;M
Physical Energy & Power Flows;2022;12;2489;2489;2489;CH;IT;Value on 3rd Wed. at 03;Export;Harmonized;M;M
Physical Energy & Power Flows;2022;12;2173;2173;2173;CZ;AT;Value on 3rd Wed. at 03;Export;Harmonized;M;M
Physical Energy & Power Flows;2022;12;1298;1298;1298;CZ;DE;Value on 3rd Wed. at 03;Export;Harmonized;M;M
Physical Energy & Power Flows;2022;12;1818;1818;1818;CZ;PL;Value on 3rd Wed. at 03;Import;Harmonized;M;M
Physical Energy & Power Flows;2022;12;809;809;809;CZ;SK;Value on 3rd Wed. at 03;Export;Harmonized;M;M
Physical Energy & Power Flows;2022;12;1551;1551;1551;DE;AT;Value on 3rd Wed. at 03;Export;Harmonized;M;M
Physical Energy & Power Flows;2022;12;755;755;755;DE;BE;Value on 3rd Wed. at 03;Export;Harmonized;M;M
Physical Energy & Power Flows;2022;12;3063;3063;3063;DE;CH;Value on 3rd Wed. at 03;Export;Harmonized;M;M
Physical Energy & Power Flows;2022;12;86;86;86;TR;BG;Value on 3rd Wed. at 11;Import;Harmonized;M;M
Physical Energy & Power Flows;2022;12;703;703;703;TR;GE;Value on 3rd Wed. at 11;Import;Harmonized;M;NaM
Physical Energy & Power Flows;2022;12;217;217;217;TR;GR;Value on 3rd Wed. at 11;Export;Harmonized;M;M
Physical Energy & Power Flows;2022;12;711;711;711;UA;HU;Value on 3rd Wed. at 11;Export;Harmonized;NaM;M
Physical Energy & Power Flows;2022;12;637;637;637;UA;MD;Value on 3rd Wed. at 11;Import;Harmonized;NaM;NaM
Physical Energy & Power Flows;2022;12;0;0;0;UA;PL;Value on 3rd Wed. at 11;Import;Harmonized;NaM;M
Physical Energy & Power Flows;2022;12;21;21;21;UA;RO;Value on 3rd Wed. at 11;Import;Harmonized;NaM;M
Physical Energy & Power Flows;2022;12;36;36;36;UA;SK;Value on 3rd Wed. at 11;Export;Harmonized;NaM;M
Physical Energy & Power Flows;2022;12;431;431;431;XK;AL;Value on 3rd Wed. at 11;Import;Harmonized;M;M
Physical Energy & Power Flows;2022;12;92;92;92;XK;ME;Value on 3rd Wed. at 11;Import;Harmonized;M;M
Physical Energy & Power Flows;2022;12;41;41;41;XK;MK;Value on 3rd Wed. at 11;Import;Harmonized;M;M
Physical Energy & Power Flows;2022;12;218;218;218;XK;RS;Value on 3rd Wed. at 11;Export;Harmonized;M;M
Physical Energy & Power Flows;2022;12;601;601;601;AZ;GE;Value on 3rd Wed. at 11;Export;Harmonized;NaM;NaM
Physical Energy & Power Flows;2022;12;1104;1104;1104;BA;HR;Value on 3rd Wed. at 11;Export;Harmonized;M;M
Physical Energy & Power Flows;2022;12;292;292;292;BA;ME;Value on 3rd Wed. at 11;Import;Harmonized;M;M
Physical Energy & Power Flows;2022;12;59;59;59;BA;RS;Value on 3rd Wed. at 11;Import;Harmonized;M;M
Physical Energy & Power Flows;2022;12;845;845;845;BE;DE;Value on 3rd Wed. at 11;Export;Harmonized;M;M
Physical Energy & Power Flows;2022;12;507;507;507;BE;FR;Value on 3rd Wed. at 11;Import;Harmonized;M;M
Physical Energy & Power Flows;2022;12;362;362;362;BE;GB;Value on 3rd Wed. at 11;Export;Harmonized;M;M
Physical Energy & Power Flows;2022;12;75;75;75;BE;LU;Value on 3rd Wed. at 11;Export;Harmonized;M;M
Physical Energy & Power Flows;2022;12;17;17;17;BE;NL;Value on 3rd Wed. at 11;Import;Harmonized;M;M
Physical Energy & Power Flows;2022;12;40;40;40;BG;GR;Value on 3rd Wed. at 11;Export;Harmonized;M;M
Physical Energy & Power Flows;2022;12;106;106;106;BG;MK;Value on 3rd Wed. at 11;Export;Harmonized;M;M
Physical Energy & Power Flows;2022;12;913;913;913;BG;RO;Value on 3rd Wed. at 11;Export;Harmonized;M;M
Physical Energy & Power Flows;2022;12;239;239;239;BG;RS;Value on 3rd Wed. at 11;Export;Harmonized;M;M
Physical Energy & Power Flows;2022;12;86;86;86;BG;TR;Value on 3rd Wed. at 11;Export;Harmonized;M;M
Physical Energy & Power Flows;2022;12;156;156;156;BY;LT;Value on 3rd Wed. at 11;Export;Harmonized;NaM;M
Physical Energy & Power Flows;2022;12;255;255;255;CH;AT;Value on 3rd Wed. at 11;Import;Harmonized;M;M
Physical Energy & Power Flows;2022;12;1966;1966;1966;CH;DE;Value on 3rd Wed. at 11;Import;Harmonized;M;M
Physical Energy & Power Flows;2022;12;3120;3120;3120;CH;FR;Value on 3rd Wed. at 11;Import;Harmonized;M;M
Physical Energy & Power Flows;2022;12;2570;2570;2570;CH;IT;Value on 3rd Wed. at 11;Export;Harmonized;M;M
Physical Energy & Power Flows;2022;12;2201;2201;2201;CZ;AT;Value on 3rd Wed. at 11;Export;Harmonized;M;M
Physical Energy & Power Flows;2022;12;164;164;164;CZ;DE;Value on 3rd Wed. at 11;Export;Harmonized;M;M
Physical Energy & Power Flows;2022;12;1122;1122;1122;CZ;PL;Value on 3rd Wed. at 11;Import;Harmonized;M;M
Physical Energy & Power Flows;2022;12;1588;1588;1588;CZ;SK;Value on 3rd Wed. at 11;Export;Harmonized;M;M
Physical Energy & Power Flows;2022;12;1618;1618;1618;DE;AT;Value on 3rd Wed. at 11;Export;Harmonized;M;M
Physical Energy & Power Flows;2022;12;845;845;845;DE;BE;Value on 3rd Wed. at 11;Import;Harmonized;M;M
Physical Energy & Power Flows;2022;12;1966;1966;1966;DE;CH;Value on 3rd Wed. at 11;Export;Harmonized;M;M
Physical Energy & Power Flows;2022;12;164;164;164;DE;CZ;Value on 3rd Wed. at 11;Import;Harmonized;M;M
Physical Energy & Power Flows;2022;12;2771;2771;2771;DE;DK;Value on 3rd Wed. at 11;Import;Harmonized;M;M
Physical Energy & Power Flows;2022;12;1403;1403;1403;DE;FR;Value on 3rd Wed. at 11;Import;Harmonized;M;M
Physical Energy & Power Flows;2022;12;427;427;427;DE;LU;Value on 3rd Wed. at 11;Export;Harmonized;M;M
Physical Energy & Power Flows;2022;12;1764;1764;1764;DE;NL;Value on 3rd Wed. at 11;Import;Harmonized;M;M
Physical Energy & Power Flows;2022;12;684;684;684;DE;NO;Value on 3rd Wed. at 11;Import;Harmonized;M;M
Physical Energy & Power Flows;2022;12;1451;1451;1451;DE;PL;Value on 3rd Wed. at 11;Export;Harmonized;M;M
Physical Energy & Power Flows;2022;12;0;0;0;DE;SE;Value on 3rd Wed. at 11;Import;Harmonized;M;M
Physical Energy & Power Flows;2022;12;2771;2771;2771;DK;DE;Value on 3rd Wed. at 11;Export;Harmonized;M;M
Physical Energy & Power Flows;2022;12;697;697;697;DK;NL;Value on 3rd Wed. at 11;Import;Harmonized;M;M
Physical Energy & Power Flows;2022;12;5;5;5;RU;LT;Value on 3rd Wed. at 11;Import;Harmonized;NaM;M
Physical Energy & Power Flows;2022;12;104;104;104;RU;LV;Value on 3rd Wed. at 11;Import;Harmonized;NaM;M
Physical Energy & Power Flows;2022;12;0;0;0;SE;DE;Value on 3rd Wed. at 11;Import;Harmonized;M;M
Physical Energy & Power Flows;2022;12;1666;1666;1666;SE;DK;Value on 3rd Wed. at 11;Export;Harmonized;M;M
Physical Energy & Power Flows;2022;12;1037;1037;1037;SE;FI;Value on 3rd Wed. at 11;Export;Harmonized;M;M
Physical Energy & Power Flows;2022;12;732;732;732;SE;LT;Value on 3rd Wed. at 11;Export;Harmonized;M;M
Physical Energy & Power Flows;2022;12;1867;1867;1867;SE;NO;Value on 3rd Wed. at 11;Import;Harmonized;M;M
Physical Energy & Power Flows;2022;12;598;598;598;SE;PL;Value on 3rd Wed. at 11;Export;Harmonized;M;M
Physical Energy & Power Flows;2022;12;321;321;321;SI;AT;Value on 3rd Wed. at 11;Export;Harmonized;M;M
Physical Energy & Power Flows;2022;12;831;831;831;SI;HR;Value on 3rd Wed. at 11;Import;Harmonized;M;M
Physical Energy & Power Flows;2022;12;255;255;255;SI;HU;Value on 3rd Wed. at 11;Import;Harmonized;M;M
Physical Energy & Power Flows;2022;12;779;779;779;SI;IT;Value on 3rd Wed. at 11;Export;Harmonized;M;M
Physical Energy & Power Flows;2022;12;1588;1588;1588;SK;CZ;Value on 3rd Wed. at 11;Import;Harmonized;M;M
Physical Energy & Power Flows;2022;12;1435;1435;1435;SK;HU;Value on 3rd Wed. at 11;Export;Harmonized;M;M
Physical Energy & Power Flows;2022;12;414;414;414;SK;PL;Value on 3rd Wed. at 11;Import;Harmonized;M;M
Physical Energy & Power Flows;2022;12;36;36;36;SK;UA;Value on 3rd Wed. at 11;Import;Harmonized;M;NaM
Physical Energy & Power Flows;2022;12;253;253;253;AL;ME;Value on 3rd Wed. at 11;Export;Harmonized;M;M
Physical Energy & Power Flows;2022;12;431;431;431;AL;XK;Value on 3rd Wed. at 11;Export;Harmonized;M;M
Physical Energy & Power Flows;2022;12;127;127;127;AM;GE;Value on 3rd Wed. at 11;Export;Harmonized;NaM;NaM
Physical Energy & Power Flows;2022;12;255;255;255;AT;CH;Value on 3rd Wed. at 11;Export;Harmonized;M;M
Physical Energy & Power Flows;2022;12;2201;2201;2201;AT;CZ;Value on 3rd Wed. at 11;Import;Harmonized;M;M
Physical Energy & Power Flows;2022;12;1618;1618;1618;AT;DE;Value on 3rd Wed. at 11;Import;Harmonized;M;M
Physical Energy & Power Flows;2022;12;300;300;300;AT;HU;Value on 3rd Wed. at 11;Import;Harmonized;M;M
Physical Energy & Power Flows;2022;12;154;154;154;AT;IT;Value on 3rd Wed. at 11;Export;Harmonized;M;M
Physical Energy & Power Flows;2022;12;321;321;321;AT;SI;Value on 3rd Wed. at 11;Import;Harmonized;M;M
Physical Energy & Power Flows;2022;9;334;334;334;HR;BA;Value on 3rd Wed. at 11;Export;Harmonized;M;M
Physical Energy & Power Flows;2022;9;52;52;52;NO;FI;Value on 3rd Wed. at 03;Export;Harmonized;M;M
Physical Energy & Power Flows;2022;9;1150;1150;1150;NO;GB;Value on 3rd Wed. at 03;Import;Harmonized;M;M
Physical Energy & Power Flows;2022;9;0;0;0;NO;NL;Value on 3rd Wed. at 03;Import;Harmonized;M;M
Physical Energy & Power Flows;2022;9;2;2;2;NO;SE;Value on 3rd Wed. at 03;Export;Harmonized;M;M
Physical Energy & Power Flows;2022;9;296;296;296;PL;CZ;Value on 3rd Wed. at 03;Export;Harmonized;M;M
Physical Energy & Power Flows;2022;9;450;450;450;PL;DE;Value on 3rd Wed. at 03;Import;Harmonized;M;M
Physical Energy & Power Flows;2022;9;205;205;205;PL;LT;Value on 3rd Wed. at 03;Import;Harmonized;M;M
Physical Energy & Power Flows;2022;9;0;0;0;PL;SE;Value on 3rd Wed. at 03;Import;Harmonized;M;M
Physical Energy & Power Flows;2022;9;233;233;233;PL;SK;Value on 3rd Wed. at 03;Export;Harmonized;M;M
Physical Energy & Power Flows;2022;9;216;216;216;PL;UA;Value on 3rd Wed. at 03;Import;Harmonized;M;NaM
Physical Energy & Power Flows;2022;9;2005;2005;2005;PT;ES;Value on 3rd Wed. at 03;Import;Harmonized;M;M
Physical Energy & Power Flows;2022;9;301;301;301;RO;BG;Value on 3rd Wed. at 03;Import;Harmonized;M;M
Physical Energy & Power Flows;2022;9;212;212;212;RO;HU;Value on 3rd Wed. at 03;Import;Harmonized;M;M
Physical Energy & Power Flows;2022;9;232;232;232;RO;MD;Value on 3rd Wed. at 03;Export;Harmonized;M;NaM
Physical Energy & Power Flows;2022;9;301;301;301;RO;RS;Value on 3rd Wed. at 03;Export;Harmonized;M;M
Physical Energy & Power Flows;2022;9;0;0;0;RO;UA;Value on 3rd Wed. at 03;Import;Harmonized;M;NaM
Physical Energy & Power Flows;2022;9;126;126;126;RS;BA;Value on 3rd Wed. at 03;Export;Harmonized;M;M
Physical Energy & Power Flows;2022;9;310;310;310;RS;BG;Value on 3rd Wed. at 03;Import;Harmonized;M;M
Physical Energy & Power Flows;2022;9;62;62;62;RS;HR;Value on 3rd Wed. at 03;Export;Harmonized;M;M
Physical Energy & Power Flows;2022;9;225;225;225;RS;HU;Value on 3rd Wed. at 03;Export;Harmonized;M;M
Physical Energy & Power Flows;2022;9;227;227;227;RS;ME;Value on 3rd Wed. at 03;Import;Harmonized;M;M
Physical Energy & Power Flows;2022;9;20;20;20;RS;MK;Value on 3rd Wed. at 03;Export;Harmonized;M;M
Physical Energy & Power Flows;2022;9;301;301;301;RS;RO;Value on 3rd Wed. at 03;Import;Harmonized;M;M
Physical Energy & Power Flows;2022;9;175;175;175;RS;XK;Value on 3rd Wed. at 03;Export;Harmonized;M;M
Physical Energy & Power Flows;2022;9;338;338;338;RU;EE;Value on 3rd Wed. at 03;Import;Harmonized;NaM;M
Physical Energy & Power Flows;2022;9;0;0;0;RU;FI;Value on 3rd Wed. at 03;Import;Harmonized;NaM;M
Physical Energy & Power Flows;2022;9;12;12;12;RU;GE;Value on 3rd Wed. at 03;Export;Harmonized;NaM;NaM
Physical Energy & Power Flows;2022;9;1;1;1;RU;LT;Value on 3rd Wed. at 03;Export;Harmonized;NaM;M
Physical Energy & Power Flows;2022;9;226;226;226;RU;LV;Value on 3rd Wed. at 03;Export;Harmonized;NaM;M
Physical Energy & Power Flows;2022;9;607;607;607;SE;DE;Value on 3rd Wed. at 03;Export;Harmonized;M;M
Physical Energy & Power Flows;2022;9;1054;1054;1054;SE;DK;Value on 3rd Wed. at 03;Export;Harmonized;M;M
Physical Energy & Power Flows;2022;9;1320;1320;1320;SE;FI;Value on 3rd Wed. at 03;Export;Harmonized;M;M
Physical Energy & Power Flows;2022;9;646;646;646;SE;LT;Value on 3rd Wed. at 03;Export;Harmonized;M;M
Physical Energy & Power Flows;2022;9;2;2;2;SE;NO;Value on 3rd Wed. at 03;Import;Harmonized;M;M
Physical Energy & Power Flows;2022;9;0;0;0;SE;PL;Value on 3rd Wed. at 03;Import;Harmonized;M;M
Physical Energy & Power Flows;2022;9;472;472;472;SI;AT;Value on 3rd Wed. at 03;Import;Harmonized;M;M
Physical Energy & Power Flows;2022;9;421;421;421;SI;HR;Value on 3rd Wed. at 03;Import;Harmonized;M;M
Physical Energy & Power Flows;2022;9;300;300;300;SI;HU;Value on 3rd Wed. at 03;Import;Harmonized;M;M
Physical Energy & Power Flows;2022;9;804;804;804;SI;IT;Value on 3rd Wed. at 03;Export;Harmonized;M;M
Physical Energy & Power Flows;2022;9;774;774;774;SK;CZ;Value on 3rd Wed. at 03;Import;Harmonized;M;M
Physical Energy & Power Flows;2022;9;870;870;870;SK;HU;Value on 3rd Wed. at 03;Export;Harmonized;M;M
Physical Energy & Power Flows;2022;9;233;233;233;SK;PL;Value on 3rd Wed. at 03;Import;Harmonized;M;M
Physical Energy & Power Flows;2022;9;355;355;355;TR;BG;Value on 3rd Wed. at 03;Import;Harmonized;M;M
Physical Energy & Power Flows;2022;9;701;701;701;TR;GE;Value on 3rd Wed. at 03;Import;Harmonized;M;NaM
Physical Energy & Power Flows;2022;9;450;450;450;TR;GR;Value on 3rd Wed. at 03;Export;Harmonized;M;M
Physical Energy & Power Flows;2022;9;457;457;457;UA;HU;Value on 3rd Wed. at 03;Export;Harmonized;NaM;M
Physical Energy & Power Flows;2022;9;133;133;133;UA;MD;Value on 3rd Wed. at 03;Import;Harmonized;NaM;NaM
Physical Energy & Power Flows;2022;9;216;216;216;UA;PL;Value on 3rd Wed. at 03;Export;Harmonized;NaM;M
Physical Energy & Power Flows;2022;9;0;0;0;UA;RO;Value on 3rd Wed. at 03;Import;Harmonized;NaM;M
Physical Energy & Power Flows;2022;9;244;244;244;XK;AL;Value on 3rd Wed. at 03;Export;Harmonized;M;M
Physical Energy & Power Flows;2022;9;158;158;158;XK;ME;Value on 3rd Wed. at 03;Export;Harmonized;M;M
Physical Energy & Power Flows;2022;9;46;46;46;XK;MK;Value on 3rd Wed. at 03;Export;Harmonized;M;M
Physical Energy & Power Flows;2022;9;175;175;175;XK;RS;Value on 3rd Wed. at 03;Import;Harmonized;M;M
Physical Energy & Power Flows;2022;9;616;616;616;LT;SE;Value on 3rd Wed. at 11;Import;Harmonized;M;M
Physical Energy & Power Flows;2022;9;50;50;50;LU;BE;Value on 3rd Wed. at 11;Export;Harmonized;M;M
Physical Energy & Power Flows;2022;9;517;517;517;LU;DE;Value on 3rd Wed. at 11;Import;Harmonized;M;M
Physical Energy & Power Flows;2022;9;797;797;797;LV;EE;Value on 3rd Wed. at 11;Import;Harmonized;M;M
Physical Energy & Power Flows;2022;9;408;408;408;LV;LT;Value on 3rd Wed. at 11;Export;Harmonized;M;M
Physical Energy & Power Flows;2022;9;227;227;227;LV;RU;Value on 3rd Wed. at 11;Import;Harmonized;M;NaM
Physical Energy & Power Flows;2022;9;44;44;44;MD;RO;Value on 3rd Wed. at 11;Export;Harmonized;NaM;M
Physical Energy & Power Flows;2022;9;186;186;186;MD;UA;Value on 3rd Wed. at 11;Import;Harmonized;NaM;NaM
Physical Energy & Power Flows;2022;9;176;176;176;ME;AL;Value on 3rd Wed. at 11;Export;Harmonized;M;M
Physical Energy & Power Flows;2022;9;195;195;195;ME;BA;Value on 3rd Wed. at 11;Import;Harmonized;M;M
Physical Energy & Power Flows;2022;9;52;52;52;ME;IT;Value on 3rd Wed. at 11;Export;Harmonized;M;M
Physical Energy & Power Flows;2022;9;264;264;264;ME;RS;Value on 3rd Wed. at 11;Import;Harmonized;M;M
Physical Energy & Power Flows;2022;9;94;94;94;ME;XK;Value on 3rd Wed. at 11;Export;Harmonized;M;M
Physical Energy & Power Flows;2022;9;457;457;457;MK;BG;Value on 3rd Wed. at 11;Import;Harmonized;M;M
Physical Energy & Power Flows;2022;9;629;629;629;MK;GR;Value on 3rd Wed. at 11;Export;Harmonized;M;M
Physical Energy & Power Flows;2022;9;102;102;102;MK;RS;Value on 3rd Wed. at 11;Export;Harmonized;M;M
Physical Energy & Power Flows;2022;9;102;102;102;MK;XK;Value on 3rd Wed. at 11;Import;Harmonized;M;M
Physical Energy & Power Flows;2022;9;90;90;90;MT;IT;Value on 3rd Wed. at 11;Import;Harmonized;NaM;M
Physical Energy & Power Flows;2022;9;62;62;62;NL;BE;Value on 3rd Wed. at 11;Export;Harmonized;M;M
Physical Energy & Power Flows;2022;9;2249;2249;2249;NL;DE;Value on 3rd Wed. at 11;Export;Harmonized;M;M
Physical Energy & Power Flows;2022;9;698;698;698;NL;DK;Value on 3rd Wed. at 11;Export;Harmonized;M;M
Physical Energy & Power Flows;2022;9;1;1;1;NL;GB;Value on 3rd Wed. at 11;Import;Harmonized;M;M
Physical Energy & Power Flows;2022;9;0;0;0;NL;NO;Value on 3rd Wed. at 11;Import;Harmonized;M;M
Physical Energy & Power Flows;2022;9;587;587;587;NO;DE;Value on 3rd Wed. at 11;Import;Harmonized;M;M
Physical Energy & Power Flows;2022;9;1033;1033;1033;NO;DK;Value on 3rd Wed. at 11;Import;Harmonized;M;M
Physical Energy & Power Flows;2022;9;45;45;45;NO;FI;Value on 3rd Wed. at 11;Export;Harmonized;M;M
Physical Energy & Power Flows;2022;9;1084;1084;1084;NO;GB;Value on 3rd Wed. at 11;Import;Harmonized;M;M
Physical Energy & Power Flows;2022;9;0;0;0;NO;NL;Value on 3rd Wed. at 11;Import;Harmonized;M;M
Physical Energy & Power Flows;2022;9;283;283;283;NO;SE;Value on 3rd Wed. at 11;Import;Harmonized;M;M
Physical Energy & Power Flows;2022;9;519;519;519;PL;CZ;Value on 3rd Wed. at 11;Export;Harmonized;M;M
Physical Energy & Power Flows;2022;9;894;894;894;PL;DE;Value on 3rd Wed. at 11;Import;Harmonized;M;M
Physical Energy & Power Flows;2022;9;1125;1125;1125;HR;HU;Value on 3rd Wed. at 11;Import;Harmonized;M;M
Physical Energy & Power Flows;2022;9;155;155;155;HR;RS;Value on 3rd Wed. at 11;Export;Harmonized;M;M
Physical Energy & Power Flows;2022;9;139;139;139;HR;SI;Value on 3rd Wed. at 11;Export;Harmonized;M;M
Physical Energy & Power Flows;2022;9;776;776;776;HU;AT;Value on 3rd Wed. at 11;Import;Harmonized;M;M
Physical Energy & Power Flows;2022;9;1125;1125;1125;HU;HR;Value on 3rd Wed. at 11;Export;Harmonized;M;M
Physical Energy & Power Flows;2022;9;424;424;424;HU;RO;Value on 3rd Wed. at 11;Export;Harmonized;M;M
Physical Energy & Power Flows;2022;9;27;27;27;HU;RS;Value on 3rd Wed. at 11;Export;Harmonized;M;M
Physical Energy & Power Flows;2022;9;358;358;358;HU;SI;Value on 3rd Wed. at 11;Export;Harmonized;M;M
Physical Energy & Power Flows;2022;9;1006;1006;1006;HU;SK;Value on 3rd Wed. at 11;Import;Harmonized;M;M
Physical Energy & Power Flows;2022;9;266;266;266;HU;UA;Value on 3rd Wed. at 11;Import;Harmonized;M;NaM
Physical Energy & Power Flows;2022;9;46;46;46;IT;AT;Value on 3rd Wed. at 11;Import;Harmonized;M;M
Physical Energy & Power Flows;2022;9;2427;2427;2427;IT;CH;Value on 3rd Wed. at 11;Import;Harmonized;M;M
Physical Energy & Power Flows;2022;9;710;710;710;IT;FR;Value on 3rd Wed. at 11;Import;Harmonized;M;M
Physical Energy & Power Flows;2022;9;192;192;192;IT;GR;Value on 3rd Wed. at 11;Export;Harmonized;M;M
Physical Energy & Power Flows;2022;9;52;52;52;IT;ME;Value on 3rd Wed. at 11;Import;Harmonized;M;M
Physical Energy & Power Flows;2022;9;90;90;90;IT;MT;Value on 3rd Wed. at 11;Export;Harmonized;M;NaM
Physical Energy & Power Flows;2022;9;740;740;740;IT;SI;Value on 3rd Wed. at 11;Import;Harmonized;M;M
Physical Energy & Power Flows;2022;9;57;57;57;LT;BY;Value on 3rd Wed. at 11;Export;Harmonized;M;NaM
Physical Energy & Power Flows;2022;9;408;408;408;LT;LV;Value on 3rd Wed. at 11;Import;Harmonized;M;M
Physical Energy & Power Flows;2022;9;152;152;152;LT;PL;Value on 3rd Wed. at 11;Import;Harmonized;M;M
Physical Energy & Power Flows;2022;9;10;10;10;LT;RU;Value on 3rd Wed. at 11;Import;Harmonized;M;NaM
Physical Energy & Power Flows;2022;10;120;120;120;AL;GR;Value on 3rd Wed. at 03;Export;Harmonized;M;M
Physical Energy & Power Flows;2022;10;40;40;40;AL;ME;Value on 3rd Wed. at 03;Import;Harmonized;M;M
Physical Energy & Power Flows;2022;10;178;178;178;AL;XK;Value on 3rd Wed. at 03;Import;Harmonized;M;M
Physical Energy & Power Flows;2022;10;0;0;0;AM;GE;Value on 3rd Wed. at 03;Import;Harmonized;NaM;NaM
Physical Energy & Power Flows;2022;10;433;433;433;AT;CH;Value on 3rd Wed. at 03;Import;Harmonized;M;M
Physical Energy & Power Flows;2022;10;1327;1327;1327;AT;CZ;Value on 3rd Wed. at 03;Import;Harmonized;M;M
Physical Energy & Power Flows;2022;10;984;984;984;AT;DE;Value on 3rd Wed. at 03;Import;Harmonized;M;M
Physical Energy & Power Flows;2022;10;522;522;522;AT;HU;Value on 3rd Wed. at 03;Export;Harmonized;M;M
Physical Energy & Power Flows;2022;10;55;55;55;AT;IT;Value on 3rd Wed. at 03;Export;Harmonized;M;M
Physical Energy & Power Flows;2022;11;294;294;294;AL;GR;Value on 3rd Wed. at 11;Import;Harmonized;M;M
Physical Energy & Power Flows;2022;11;230;230;230;BE;LU;Value on 3rd Wed. at 11;Export;Harmonized;M;M
Physical Energy & Power Flows;2022;11;889;889;889;BE;NL;Value on 3rd Wed. at 11;Export;Harmonized;M;M
Physical Energy & Power Flows;2022;11;27;27;27;BG;GR;Value on 3rd Wed. at 11;Import;Harmonized;M;M
Physical Energy & Power Flows;2022;11;147;147;147;BG;MK;Value on 3rd Wed. at 11;Export;Harmonized;M;M
Physical Energy & Power Flows;2022;11;1343;1343;1343;BG;RO;Value on 3rd Wed. at 11;Export;Harmonized;M;M
Physical Energy & Power Flows;2022;11;398;398;398;BG;RS;Value on 3rd Wed. at 11;Export;Harmonized;M;M
Physical Energy & Power Flows;2022;11;57;57;57;BG;TR;Value on 3rd Wed. at 11;Export;Harmonized;M;M
Physical Energy & Power Flows;2022;11;85;85;85;BY;LT;Value on 3rd Wed. at 11;Export;Harmonized;NaM;M
Physical Energy & Power Flows;2022;11;409;409;409;CH;AT;Value on 3rd Wed. at 11;Import;Harmonized;M;M
Physical Energy & Power Flows;2022;11;1819;1819;1819;CH;DE;Value on 3rd Wed. at 11;Import;Harmonized;M;M
Physical Energy & Power Flows;2022;11;1524;1524;1524;CH;FR;Value on 3rd Wed. at 11;Import;Harmonized;M;M
Physical Energy & Power Flows;2022;11;3867;3867;3867;CH;IT;Value on 3rd Wed. at 11;Export;Harmonized;M;M
Physical Energy & Power Flows;2022;11;1821;1821;1821;CZ;AT;Value on 3rd Wed. at 11;Export;Harmonized;M;M
Physical Energy & Power Flows;2022;11;1454;1454;1454;CZ;DE;Value on 3rd Wed. at 11;Import;Harmonized;M;M
Physical Energy & Power Flows;2022;11;1117;1117;1117;CZ;PL;Value on 3rd Wed. at 11;Import;Harmonized;M;M
Physical Energy & Power Flows;2022;11;1911;1911;1911;CZ;SK;Value on 3rd Wed. at 11;Export;Harmonized;M;M
Physical Energy & Power Flows;2022;11;2011;2011;2011;DE;AT;Value on 3rd Wed. at 11;Export;Harmonized;M;M
Physical Energy & Power Flows;2022;11;341;341;341;DE;BE;Value on 3rd Wed. at 11;Export;Harmonized;M;M
Physical Energy & Power Flows;2022;11;1819;1819;1819;DE;CH;Value on 3rd Wed. at 11;Export;Harmonized;M;M
Physical Energy & Power Flows;2022;11;1454;1454;1454;DE;CZ;Value on 3rd Wed. at 11;Export;Harmonized;M;M
Physical Energy & Power Flows;2022;11;583;583;583;DE;DK;Value on 3rd Wed. at 11;Import;Harmonized;M;M
Physical Energy & Power Flows;2022;11;869;869;869;DE;FR;Value on 3rd Wed. at 11;Import;Harmonized;M;M
Physical Energy & Power Flows;2022;11;339;339;339;DE;LU;Value on 3rd Wed. at 11;Export;Harmonized;M;M
Physical Energy & Power Flows;2022;11;126;126;126;AL;ME;Value on 3rd Wed. at 11;Export;Harmonized;M;M
Physical Energy & Power Flows;2022;11;0;0;0;AL;XK;Value on 3rd Wed. at 11;Import;Harmonized;M;M
Physical Energy & Power Flows;2022;11;114;114;114;AM;GE;Value on 3rd Wed. at 11;Export;Harmonized;NaM;NaM
Physical Energy & Power Flows;2022;11;409;409;409;AT;CH;Value on 3rd Wed. at 11;Export;Harmonized;M;M
Physical Energy & Power Flows;2022;11;1821;1821;1821;AT;CZ;Value on 3rd Wed. at 11;Import;Harmonized;M;M
Physical Energy & Power Flows;2022;11;2011;2011;2011;AT;DE;Value on 3rd Wed. at 11;Import;Harmonized;M;M
Physical Energy & Power Flows;2022;11;55;55;55;AT;HU;Value on 3rd Wed. at 11;Export;Harmonized;M;M
Physical Energy & Power Flows;2022;11;218;218;218;AT;IT;Value on 3rd Wed. at 11;Export;Harmonized;M;M
Physical Energy & Power Flows;2022;11;512;512;512;AT;SI;Value on 3rd Wed. at 11;Export;Harmonized;M;M
Physical Energy & Power Flows;2022;11;600;600;600;AZ;GE;Value on 3rd Wed. at 11;Export;Harmonized;NaM;NaM
Physical Energy & Power Flows;2022;11;804;804;804;BA;HR;Value on 3rd Wed. at 11;Export;Harmonized;M;M
Physical Energy & Power Flows;2022;11;329;329;329;BA;ME;Value on 3rd Wed. at 11;Import;Harmonized;M;M
Physical Energy & Power Flows;2022;11;182;182;182;BA;RS;Value on 3rd Wed. at 11;Import;Harmonized;M;M
Physical Energy & Power Flows;2022;11;341;341;341;BE;DE;Value on 3rd Wed. at 11;Import;Harmonized;M;M
Physical Energy & Power Flows;2022;11;741;741;741;BE;FR;Value on 3rd Wed. at 11;Export;Harmonized;M;M
Physical Energy & Power Flows;2022;11;548;548;548;BE;GB;Value on 3rd Wed. at 11;Import;Harmonized;M;M
Physical Energy & Power Flows;2022;1;341;341;341;RS;HU;Value on 3rd Wed. at 03;Import;Harmonized;M;M
Physical Energy & Power Flows;2022;12;78;78;78;GE;AM;Value on 3rd Wed. at 03;Import;Harmonized;NaM;NaM
Physical Energy & Power Flows;2022;12;601;601;601;GE;AZ;Value on 3rd Wed. at 03;Import;Harmonized;NaM;NaM
Physical Energy & Power Flows;2022;12;318;318;318;GE;RU;Value on 3rd Wed. at 03;Import;Harmonized;NaM;NaM
Physical Energy & Power Flows;2022;12;703;703;703;GE;TR;Value on 3rd Wed. at 03;Export;Harmonized;NaM;M
Physical Energy & Power Flows;2022;12;175;175;175;GR;AL;Value on 3rd Wed. at 03;Import;Harmonized;M;M
Physical Energy & Power Flows;2022;12;322;322;322;GR;BG;Value on 3rd Wed. at 03;Import;Harmonized;M;M
Physical Energy & Power Flows;2022;12;503;503;503;GR;IT;Value on 3rd Wed. at 03;Export;Harmonized;M;M
Physical Energy & Power Flows;2022;12;361;361;361;GR;MK;Value on 3rd Wed. at 03;Import;Harmonized;M;M
Physical Energy & Power Flows;2022;12;346;346;346;GR;TR;Value on 3rd Wed. at 03;Import;Harmonized;M;M
Physical Energy & Power Flows;2022;12;992;992;992;HR;BA;Value on 3rd Wed. at 03;Import;Harmonized;M;M
Physical Energy & Power Flows;2022;12;280;280;280;HR;HU;Value on 3rd Wed. at 03;Import;Harmonized;M;M
Physical Energy & Power Flows;2022;12;353;353;353;HR;RS;Value on 3rd Wed. at 03;Import;Harmonized;M;M
Physical Energy & Power Flows;2022;12;1193;1193;1193;HR;SI;Value on 3rd Wed. at 03;Export;Harmonized;M;M
Physical Energy & Power Flows;2022;12;863;863;863;HU;AT;Value on 3rd Wed. at 03;Export;Harmonized;M;M
Physical Energy & Power Flows;2022;12;280;280;280;HU;HR;Value on 3rd Wed. at 03;Export;Harmonized;M;M
Physical Energy & Power Flows;2022;12;269;269;269;HU;RO;Value on 3rd Wed. at 03;Import;Harmonized;M;M
Physical Energy & Power Flows;2022;12;167;167;167;HU;RS;Value on 3rd Wed. at 03;Import;Harmonized;M;M
Physical Energy & Power Flows;2022;12;542;542;542;HU;SI;Value on 3rd Wed. at 03;Export;Harmonized;M;M
Physical Energy & Power Flows;2022;12;1510;1510;1510;HU;SK;Value on 3rd Wed. at 03;Import;Harmonized;M;M
Physical Energy & Power Flows;2022;12;737;737;737;HU;UA;Value on 3rd Wed. at 03;Import;Harmonized;M;NaM
Physical Energy & Power Flows;2022;1;508;508;508;IT;GR;Value on 3rd Wed. at 03;Import;Harmonized;M;M
Physical Energy & Power Flows;2022;1;458;458;458;IT;ME;Value on 3rd Wed. at 03;Import;Harmonized;M;M
Physical Energy & Power Flows;2022;1;45;45;45;IT;MT;Value on 3rd Wed. at 03;Export;Harmonized;M;NaM
Physical Energy & Power Flows;2022;1;873;873;873;IT;SI;Value on 3rd Wed. at 03;Import;Harmonized;M;M
Physical Energy & Power Flows;2022;1;679;679;679;LT;BY;Value on 3rd Wed. at 03;Import;Harmonized;M;NaM
Physical Energy & Power Flows;2022;1;174;174;174;LT;LV;Value on 3rd Wed. at 03;Export;Harmonized;M;M
Physical Energy & Power Flows;2022;1;364;364;364;LT;PL;Value on 3rd Wed. at 03;Export;Harmonized;M;M
Physical Energy & Power Flows;2022;1;438;438;438;LT;RU;Value on 3rd Wed. at 03;Import;Harmonized;M;NaM
Physical Energy & Power Flows;2022;1;734;734;734;LT;SE;Value on 3rd Wed. at 03;Import;Harmonized;M;M
Physical Energy & Power Flows;2022;1;41;41;41;LU;BE;Value on 3rd Wed. at 03;Import;Harmonized;M;M
Physical Energy & Power Flows;2022;2;0;0;0;UA;SK;Monthly Value;Export;Harmonized;NaM;M
Physical Energy & Power Flows;2022;1;417;417;417;LU;DE;Value on 3rd Wed. at 03;Import;Harmonized;M;M
Physical Energy & Power Flows;2022;1;142;142;142;LV;EE;Value on 3rd Wed. at 03;Import;Harmonized;M;M
Physical Energy & Power Flows;2022;1;174;174;174;LV;LT;Value on 3rd Wed. at 03;Import;Harmonized;M;M
Physical Energy & Power Flows;2022;1;18;18;18;LV;RU;Value on 3rd Wed. at 03;Import;Harmonized;M;NaM
Physical Energy & Power Flows;2022;1;0;0;0;MD;RO;Value on 3rd Wed. at 03;Import;Harmonized;NaM;M
Physical Energy & Power Flows;2022;1;16;16;16;MD;UA;Value on 3rd Wed. at 03;Export;Harmonized;NaM;NaM
Physical Energy & Power Flows;2022;1;38;38;38;ME;AL;Value on 3rd Wed. at 03;Export;Harmonized;M;M
Physical Energy & Power Flows;2022;1;579;579;579;ME;BA;Value on 3rd Wed. at 03;Import;Harmonized;M;M
Physical Energy & Power Flows;2022;1;458;458;458;ME;IT;Value on 3rd Wed. at 03;Export;Harmonized;M;M
Physical Energy & Power Flows;2022;1;117;117;117;ME;RS;Value on 3rd Wed. at 03;Export;Harmonized;M;M
Physical Energy & Power Flows;2022;1;8;8;8;ME;XK;Value on 3rd Wed. at 03;Import;Harmonized;M;M
Physical Energy & Power Flows;2022;1;510;510;510;MK;BG;Value on 3rd Wed. at 03;Import;Harmonized;M;M
Physical Energy & Power Flows;2022;1;28;28;28;MK;GR;Value on 3rd Wed. at 03;Export;Harmonized;M;M
Physical Energy & Power Flows;2022;1;98;98;98;MK;RS;Value on 3rd Wed. at 03;Import;Harmonized;M;M
Physical Energy & Power Flows;2022;1;93;93;93;MK;XK;Value on 3rd Wed. at 03;Export;Harmonized;M;M
Physical Energy & Power Flows;2022;1;45;45;45;MT;IT;Value on 3rd Wed. at 03;Import;Harmonized;NaM;M
Physical Energy & Power Flows;2022;1;2390;2390;2390;NL;BE;Value on 3rd Wed. at 03;Export;Harmonized;M;M
Physical Energy & Power Flows;2022;1;1371;1371;1371;NL;DE;Value on 3rd Wed. at 03;Import;Harmonized;M;M
Physical Energy & Power Flows;2022;1;700;700;700;NL;DK;Value on 3rd Wed. at 03;Import;Harmonized;M;M
Physical Energy & Power Flows;2022;1;769;769;769;NL;GB;Value on 3rd Wed. at 03;Export;Harmonized;M;M
Physical Energy & Power Flows;2022;1;704;704;704;NL;NO;Value on 3rd Wed. at 03;Import;Harmonized;M;M
Physical Energy & Power Flows;2022;1;956;956;956;NO;DE;Value on 3rd Wed. at 03;Export;Harmonized;M;M
Physical Energy & Power Flows;2022;1;1089;1089;1089;NO;DK;Value on 3rd Wed. at 03;Import;Harmonized;M;M
Physical Energy & Power Flows;2022;1;27;27;27;NO;FI;Value on 3rd Wed. at 03;Export;Harmonized;M;M
Physical Energy & Power Flows;2022;1;694;694;694;NO;GB;Value on 3rd Wed. at 03;Export;Harmonized;M;M
Physical Energy & Power Flows;2022;1;704;704;704;NO;NL;Value on 3rd Wed. at 03;Export;Harmonized;M;M
Physical Energy & Power Flows;2022;1;1073;1073;1073;NO;SE;Value on 3rd Wed. at 03;Import;Harmonized;M;M
Physical Energy & Power Flows;2022;1;2169;2169;2169;PL;CZ;Value on 3rd Wed. at 03;Export;Harmonized;M;M
Physical Energy & Power Flows;2022;1;1060;1060;1060;PL;DE;Value on 3rd Wed. at 03;Import;Harmonized;M;M
Physical Energy & Power Flows;2022;1;364;364;364;PL;LT;Value on 3rd Wed. at 03;Import;Harmonized;M;M
Physical Energy & Power Flows;2022;1;598;598;598;PL;SE;Value on 3rd Wed. at 03;Import;Harmonized;M;M
Physical Energy & Power Flows;2022;1;1386;1386;1386;PL;SK;Value on 3rd Wed. at 03;Export;Harmonized;M;M
Physical Energy & Power Flows;2022;1;142;142;142;PL;UA;Value on 3rd Wed. at 03;Import;Harmonized;M;NaM
Physical Energy & Power Flows;2022;1;1440;1440;1440;PT;ES;Value on 3rd Wed. at 03;Import;Harmonized;M;M
Physical Energy & Power Flows;2022;1;613;613;613;RO;BG;Value on 3rd Wed. at 03;Export;Harmonized;M;M
Physical Energy & Power Flows;2022;1;147;147;147;RO;HU;Value on 3rd Wed. at 03;Import;Harmonized;M;M
Physical Energy & Power Flows;2022;1;0;0;0;RO;MD;Value on 3rd Wed. at 03;Import;Harmonized;M;NaM
Physical Energy & Power Flows;2022;1;763;763;763;RO;RS;Value on 3rd Wed. at 03;Export;Harmonized;M;M
Physical Energy & Power Flows;2022;1;309;309;309;RO;UA;Value on 3rd Wed. at 03;Import;Harmonized;M;NaM
Physical Energy & Power Flows;2022;1;47;47;47;RS;BA;Value on 3rd Wed. at 03;Import;Harmonized;M;M
Physical Energy & Power Flows;2022;1;644;644;644;RS;BG;Value on 3rd Wed. at 03;Import;Harmonized;M;M
Physical Energy & Power Flows;2022;1;96;96;96;RS;HR;Value on 3rd Wed. at 03;Import;Harmonized;M;M
Physical Energy & Power Flows;2022;1;107;107;107;AL;GR;Value on 3rd Wed. at 03;Import;Harmonized;M;M
Physical Energy & Power Flows;2022;1;38;38;38;AL;ME;Value on 3rd Wed. at 03;Import;Harmonized;M;M
Physical Energy & Power Flows;2022;1;46;46;46;AL;XK;Value on 3rd Wed. at 03;Import;Harmonized;M;M
Physical Energy & Power Flows;2022;1;98;98;98;AM;GE;Value on 3rd Wed. at 03;Export;Harmonized;NaM;NaM
Physical Energy & Power Flows;2022;1;868;868;868;AT;CH;Value on 3rd Wed. at 03;Export;Harmonized;M;M
Physical Energy & Power Flows;2022;1;1935;1935;1935;AT;CZ;Value on 3rd Wed. at 03;Import;Harmonized;M;M
Physical Energy & Power Flows;2022;1;1974;1974;1974;AT;DE;Value on 3rd Wed. at 03;Import;Harmonized;M;M
Physical Energy & Power Flows;2022;1;26;26;26;AT;HU;Value on 3rd Wed. at 03;Export;Harmonized;M;M
Physical Energy & Power Flows;2022;1;207;207;207;AT;IT;Value on 3rd Wed. at 03;Export;Harmonized;M;M
Physical Energy & Power Flows;2022;1;708;708;708;AT;SI;Value on 3rd Wed. at 03;Export;Harmonized;M;M
Physical Energy & Power Flows;2022;1;368;368;368;AZ;GE;Value on 3rd Wed. at 03;Export;Harmonized;NaM;NaM
Physical Energy & Power Flows;2022;1;56;56;56;BA;HR;Value on 3rd Wed. at 03;Import;Harmonized;M;M
Physical Energy & Power Flows;2022;1;579;579;579;BA;ME;Value on 3rd Wed. at 03;Export;Harmonized;M;M
Physical Energy & Power Flows;2022;1;47;47;47;BA;RS;Value on 3rd Wed. at 03;Export;Harmonized;M;M
Physical Energy & Power Flows;2022;1;143;143;143;BE;DE;Value on 3rd Wed. at 03;Import;Harmonized;M;M
Physical Energy & Power Flows;2022;1;2556;2556;2556;BE;FR;Value on 3rd Wed. at 03;Export;Harmonized;M;M
Physical Energy & Power Flows;2022;1;775;775;775;BE;GB;Value on 3rd Wed. at 03;Export;Harmonized;M;M
Physical Energy & Power Flows;2022;1;41;41;41;BE;LU;Value on 3rd Wed. at 03;Export;Harmonized;M;M
Physical Energy & Power Flows;2022;1;2390;2390;2390;BE;NL;Value on 3rd Wed. at 03;Import;Harmonized;M;M
Physical Energy & Power Flows;2022;1;412;412;412;BG;GR;Value on 3rd Wed. at 03;Export;Harmonized;M;M
Physical Energy & Power Flows;2022;1;510;510;510;BG;MK;Value on 3rd Wed. at 03;Export;Harmonized;M;M
Physical Energy & Power Flows;2022;1;613;613;613;BG;RO;Value on 3rd Wed. at 03;Import;Harmonized;M;M
Physical Energy & Power Flows;2022;1;644;644;644;BG;RS;Value on 3rd Wed. at 03;Export;Harmonized;M;M
Physical Energy & Power Flows;2022;1;520;520;520;BG;TR;Value on 3rd Wed. at 03;Export;Harmonized;M;M
Physical Energy & Power Flows;2022;1;679;679;679;BY;LT;Value on 3rd Wed. at 03;Export;Harmonized;NaM;M
Physical Energy & Power Flows;2022;1;220;220;220;BY;UA;Value on 3rd Wed. at 03;Export;Harmonized;NaM;NaM
Physical Energy & Power Flows;2022;1;868;868;868;CH;AT;Value on 3rd Wed. at 03;Import;Harmonized;M;M
Physical Energy & Power Flows;2022;1;3372;3372;3372;CH;DE;Value on 3rd Wed. at 03;Import;Harmonized;M;M
Physical Energy & Power Flows;2022;1;388;388;388;CH;FR;Value on 3rd Wed. at 03;Import;Harmonized;M;M
Physical Energy & Power Flows;2022;1;1055;1055;1055;CH;IT;Value on 3rd Wed. at 03;Export;Harmonized;M;M
Physical Energy & Power Flows;2022;1;1935;1935;1935;CZ;AT;Value on 3rd Wed. at 03;Export;Harmonized;M;M
Physical Energy & Power Flows;2022;1;106;106;106;CZ;DE;Value on 3rd Wed. at 03;Import;Harmonized;M;M
Physical Energy & Power Flows;2022;1;2169;2169;2169;CZ;PL;Value on 3rd Wed. at 03;Import;Harmonized;M;M
Physical Energy & Power Flows;2022;1;1455;1455;1455;CZ;SK;Value on 3rd Wed. at 03;Export;Harmonized;M;M
Physical Energy & Power Flows;2022;1;1974;1974;1974;DE;AT;Value on 3rd Wed. at 03;Export;Harmonized;M;M
Physical Energy & Power Flows;2022;1;143;143;143;DE;BE;Value on 3rd Wed. at 03;Export;Harmonized;M;M
Physical Energy & Power Flows;2022;1;3372;3372;3372;DE;CH;Value on 3rd Wed. at 03;Export;Harmonized;M;M
Physical Energy & Power Flows;2022;1;106;106;106;DE;CZ;Value on 3rd Wed. at 03;Export;Harmonized;M;M
Physical Energy & Power Flows;2022;1;273;273;273;DE;DK;Value on 3rd Wed. at 03;Import;Harmonized;M;M
Physical Energy & Power Flows;2022;1;1256;1256;1256;DE;FR;Value on 3rd Wed. at 03;Export;Harmonized;M;M
Physical Energy & Power Flows;2022;1;155;155;155;GR;AL;Value on 3rd Wed. at 11;Export;Harmonized;M;M
Physical Energy & Power Flows;2022;1;278;278;278;GR;BG;Value on 3rd Wed. at 11;Import;Harmonized;M;M
Physical Energy & Power Flows;2022;1;490;490;490;GR;IT;Value on 3rd Wed. at 11;Import;Harmonized;M;M
Physical Energy & Power Flows;2022;1;86;86;86;GR;MK;Value on 3rd Wed. at 11;Export;Harmonized;M;M
Physical Energy & Power Flows;2022;1;583;583;583;GR;TR;Value on 3rd Wed. at 11;Import;Harmonized;M;M
Physical Energy & Power Flows;2022;1;696;696;696;HR;BA;Value on 3rd Wed. at 11;Import;Harmonized;M;M
Physical Energy & Power Flows;2022;1;620;620;620;HR;HU;Value on 3rd Wed. at 11;Import;Harmonized;M;M
Physical Energy & Power Flows;2022;1;143;143;143;HR;RS;Value on 3rd Wed. at 11;Import;Harmonized;M;M
Physical Energy & Power Flows;2022;1;495;495;495;HR;SI;Value on 3rd Wed. at 11;Export;Harmonized;M;M
Physical Energy & Power Flows;2022;1;12;12;12;HU;AT;Value on 3rd Wed. at 11;Import;Harmonized;M;M
Physical Energy & Power Flows;2022;1;620;620;620;HU;HR;Value on 3rd Wed. at 11;Export;Harmonized;M;M
Physical Energy & Power Flows;2022;1;29;29;29;HU;RO;Value on 3rd Wed. at 11;Import;Harmonized;M;M
Physical Energy & Power Flows;2022;1;221;221;221;HU;RS;Value on 3rd Wed. at 11;Export;Harmonized;M;M
Physical Energy & Power Flows;2022;1;1321;1321;1321;HU;SK;Value on 3rd Wed. at 11;Import;Harmonized;M;M
Physical Energy & Power Flows;2022;1;393;393;393;HU;UA;Value on 3rd Wed. at 11;Import;Harmonized;M;NaM
Physical Energy & Power Flows;2022;1;60;60;60;IE;GB;Value on 3rd Wed. at 11;Export;Harmonized;M;M
Physical Energy & Power Flows;2022;1;210;210;210;IT;AT;Value on 3rd Wed. at 11;Import;Harmonized;M;M
Physical Energy & Power Flows;2022;1;2453;2453;2453;IT;CH;Value on 3rd Wed. at 11;Import;Harmonized;M;M
Physical Energy & Power Flows;2022;1;236;236;236;IT;FR;Value on 3rd Wed. at 11;Import;Harmonized;M;M
Physical Energy & Power Flows;2022;1;490;490;490;IT;GR;Value on 3rd Wed. at 11;Export;Harmonized;M;M
Physical Energy & Power Flows;2022;1;106;106;106;IT;ME;Value on 3rd Wed. at 11;Import;Harmonized;M;M
Physical Energy & Power Flows;2022;1;97;97;97;IT;MT;Value on 3rd Wed. at 11;Export;Harmonized;M;NaM
Physical Energy & Power Flows;2022;1;667;667;667;IT;SI;Value on 3rd Wed. at 11;Import;Harmonized;M;M
Physical Energy & Power Flows;2022;1;672;672;672;LT;BY;Value on 3rd Wed. at 11;Import;Harmonized;M;NaM
Physical Energy & Power Flows;2022;1;82;82;82;LT;LV;Value on 3rd Wed. at 11;Import;Harmonized;M;M
Physical Energy & Power Flows;2022;1;398;398;398;LT;PL;Value on 3rd Wed. at 11;Export;Harmonized;M;M
Physical Energy & Power Flows;2022;1;251;251;251;LT;RU;Value on 3rd Wed. at 11;Import;Harmonized;M;NaM
Physical Energy & Power Flows;2022;1;734;734;734;LT;SE;Value on 3rd Wed. at 11;Import;Harmonized;M;M
Physical Energy & Power Flows;2022;1;5;5;5;LU;BE;Value on 3rd Wed. at 11;Export;Harmonized;M;M
Physical Energy & Power Flows;2022;1;689;689;689;LU;DE;Value on 3rd Wed. at 11;Import;Harmonized;M;M
Physical Energy & Power Flows;2022;1;120;120;120;LV;EE;Value on 3rd Wed. at 11;Import;Harmonized;M;M
Physical Energy & Power Flows;2022;1;82;82;82;LV;LT;Value on 3rd Wed. at 11;Export;Harmonized;M;M
Physical Energy & Power Flows;2022;1;24;24;24;LV;RU;Value on 3rd Wed. at 11;Import;Harmonized;M;NaM
Physical Energy & Power Flows;2022;1;0;0;0;MD;RO;Value on 3rd Wed. at 11;Import;Harmonized;NaM;M
Physical Energy & Power Flows;2022;1;4;4;4;MD;UA;Value on 3rd Wed. at 11;Export;Harmonized;NaM;NaM
Physical Energy & Power Flows;2022;1;71;71;71;ME;AL;Value on 3rd Wed. at 11;Import;Harmonized;M;M
Physical Energy & Power Flows;2022;1;7;7;7;ME;BA;Value on 3rd Wed. at 11;Import;Harmonized;M;M
Physical Energy & Power Flows;2022;1;106;106;106;ME;IT;Value on 3rd Wed. at 11;Export;Harmonized;M;M
Physical Energy & Power Flows;2022;1;46;46;46;ME;RS;Value on 3rd Wed. at 11;Export;Harmonized;M;M
Physical Energy & Power Flows;2022;1;16;16;16;ME;XK;Value on 3rd Wed. at 11;Export;Harmonized;M;M
Physical Energy & Power Flows;2022;1;411;411;411;MK;BG;Value on 3rd Wed. at 11;Import;Harmonized;M;M
Physical Energy & Power Flows;2022;1;86;86;86;MK;GR;Value on 3rd Wed. at 11;Import;Harmonized;M;M
Physical Energy & Power Flows;2022;1;92;92;92;MK;RS;Value on 3rd Wed. at 11;Import;Harmonized;M;M
Physical Energy & Power Flows;2022;1;142;142;142;MK;XK;Value on 3rd Wed. at 11;Export;Harmonized;M;M
Physical Energy & Power Flows;2022;1;97;97;97;MT;IT;Value on 3rd Wed. at 11;Import;Harmonized;NaM;M
Physical Energy & Power Flows;2022;1;1416;1416;1416;NL;BE;Value on 3rd Wed. at 11;Export;Harmonized;M;M
Physical Energy & Power Flows;2022;1;1206;1206;1206;NL;DE;Value on 3rd Wed. at 11;Import;Harmonized;M;M
Physical Energy & Power Flows;2022;1;491;491;491;NL;DK;Value on 3rd Wed. at 11;Import;Harmonized;M;M
Physical Energy & Power Flows;2022;1;1078;1078;1078;NL;GB;Value on 3rd Wed. at 11;Export;Harmonized;M;M
Physical Energy & Power Flows;2022;1;494;494;494;NL;NO;Value on 3rd Wed. at 11;Import;Harmonized;M;M
Physical Energy & Power Flows;2022;1;573;573;573;NO;DE;Value on 3rd Wed. at 11;Export;Harmonized;M;M
Physical Energy & Power Flows;2022;1;1089;1089;1089;NO;DK;Value on 3rd Wed. at 11;Import;Harmonized;M;M
Physical Energy & Power Flows;2022;12;150;150;150;IT;AT;Value on 3rd Wed. at 03;Import;Harmonized;M;M
Physical Energy & Power Flows;2022;12;2489;2489;2489;IT;CH;Value on 3rd Wed. at 03;Import;Harmonized;M;M
Physical Energy & Power Flows;2022;12;1969;1969;1969;IT;FR;Value on 3rd Wed. at 03;Import;Harmonized;M;M
Physical Energy & Power Flows;2022;12;503;503;503;IT;GR;Value on 3rd Wed. at 03;Import;Harmonized;M;M
Physical Energy & Power Flows;2022;12;600;600;600;IT;ME;Value on 3rd Wed. at 03;Import;Harmonized;M;M
Physical Energy & Power Flows;2022;12;29;29;29;IT;MT;Value on 3rd Wed. at 03;Export;Harmonized;M;NaM
Physical Energy & Power Flows;2022;12;815;815;815;IT;SI;Value on 3rd Wed. at 03;Import;Harmonized;M;M
Physical Energy & Power Flows;2022;12;426;426;426;LT;BY;Value on 3rd Wed. at 03;Import;Harmonized;M;NaM
Physical Energy & Power Flows;2022;12;267;267;267;LT;LV;Value on 3rd Wed. at 03;Import;Harmonized;M;M
Physical Energy & Power Flows;2022;12;390;390;390;LT;PL;Value on 3rd Wed. at 03;Import;Harmonized;M;M
Physical Energy & Power Flows;2022;12;1;1;1;LT;RU;Value on 3rd Wed. at 03;Import;Harmonized;M;NaM
Physical Energy & Power Flows;2022;12;626;626;626;LT;SE;Value on 3rd Wed. at 03;Import;Harmonized;M;M
Physical Energy & Power Flows;2022;12;73;73;73;LU;BE;Value on 3rd Wed. at 03;Import;Harmonized;M;M
Physical Energy & Power Flows;2022;12;278;278;278;LU;DE;Value on 3rd Wed. at 03;Import;Harmonized;M;M
Physical Energy & Power Flows;2022;12;422;422;422;LV;EE;Value on 3rd Wed. at 03;Import;Harmonized;M;M
Physical Energy & Power Flows;2022;12;267;267;267;LV;LT;Value on 3rd Wed. at 03;Export;Harmonized;M;M
Physical Energy & Power Flows;2022;12;25;25;25;LV;RU;Value on 3rd Wed. at 03;Import;Harmonized;M;NaM
Physical Energy & Power Flows;2022;12;785;785;785;MD;RO;Value on 3rd Wed. at 03;Import;Harmonized;NaM;M
Physical Energy & Power Flows;2022;12;744;744;744;MD;UA;Value on 3rd Wed. at 03;Export;Harmonized;NaM;NaM
Physical Energy & Power Flows;2022;12;402;402;402;ME;AL;Value on 3rd Wed. at 03;Import;Harmonized;M;M
Physical Energy & Power Flows;2022;12;256;256;256;ME;BA;Value on 3rd Wed. at 03;Export;Harmonized;M;M
Physical Energy & Power Flows;2022;12;600;600;600;ME;IT;Value on 3rd Wed. at 03;Export;Harmonized;M;M
Physical Energy & Power Flows;2022;12;215;215;215;ME;RS;Value on 3rd Wed. at 03;Export;Harmonized;M;M
Physical Energy & Power Flows;2022;12;156;156;156;ME;XK;Value on 3rd Wed. at 03;Import;Harmonized;M;M
Physical Energy & Power Flows;2022;12;305;305;305;MK;BG;Value on 3rd Wed. at 03;Import;Harmonized;M;M
Physical Energy & Power Flows;2022;12;361;361;361;MK;GR;Value on 3rd Wed. at 03;Export;Harmonized;M;M
Physical Energy & Power Flows;2022;12;88;88;88;MK;RS;Value on 3rd Wed. at 03;Export;Harmonized;M;M
Physical Energy & Power Flows;2022;12;117;117;117;MK;XK;Value on 3rd Wed. at 03;Import;Harmonized;M;M
Physical Energy & Power Flows;2022;12;29;29;29;MT;IT;Value on 3rd Wed. at 03;Import;Harmonized;NaM;M
Physical Energy & Power Flows;2022;12;390;390;390;NL;BE;Value on 3rd Wed. at 03;Import;Harmonized;M;M
Physical Energy & Power Flows;2022;12;939;939;939;NL;DE;Value on 3rd Wed. at 03;Import;Harmonized;M;M
Physical Energy & Power Flows;2022;12;376;376;376;NL;DK;Value on 3rd Wed. at 03;Import;Harmonized;M;M
Physical Energy & Power Flows;2022;12;101;101;101;NL;GB;Value on 3rd Wed. at 03;Import;Harmonized;M;M
Physical Energy & Power Flows;2022;1;417;417;417;DE;LU;Value on 3rd Wed. at 03;Export;Harmonized;M;M
Physical Energy & Power Flows;2022;1;1371;1371;1371;DE;NL;Value on 3rd Wed. at 03;Export;Harmonized;M;M
Physical Energy & Power Flows;2022;1;956;956;956;DE;NO;Value on 3rd Wed. at 03;Import;Harmonized;M;M
Physical Energy & Power Flows;2022;1;1060;1060;1060;DE;PL;Value on 3rd Wed. at 03;Export;Harmonized;M;M
Physical Energy & Power Flows;2022;1;604;604;604;DE;SE;Value on 3rd Wed. at 03;Import;Harmonized;M;M
Physical Energy & Power Flows;2022;1;273;273;273;DK;DE;Value on 3rd Wed. at 03;Export;Harmonized;M;M
Physical Energy & Power Flows;2022;1;700;700;700;DK;NL;Value on 3rd Wed. at 03;Export;Harmonized;M;M
Physical Energy & Power Flows;2022;1;1089;1089;1089;DK;NO;Value on 3rd Wed. at 03;Export;Harmonized;M;M
Physical Energy & Power Flows;2022;1;1424;1424;1424;DK;SE;Value on 3rd Wed. at 03;Import;Harmonized;M;M
Physical Energy & Power Flows;2022;1;1017;1017;1017;EE;FI;Value on 3rd Wed. at 03;Import;Harmonized;M;M
Physical Energy & Power Flows;2022;1;142;142;142;EE;LV;Value on 3rd Wed. at 03;Export;Harmonized;M;M
Physical Energy & Power Flows;2022;1;705;705;705;EE;RU;Value on 3rd Wed. at 03;Export;Harmonized;M;NaM
Physical Energy & Power Flows;2022;1;1886;1886;1886;ES;FR;Value on 3rd Wed. at 03;Import;Harmonized;M;M
Physical Energy & Power Flows;2022;1;1440;1440;1440;ES;PT;Value on 3rd Wed. at 03;Export;Harmonized;M;M
Physical Energy & Power Flows;2022;1;1017;1017;1017;FI;EE;Value on 3rd Wed. at 03;Export;Harmonized;M;M
Physical Energy & Power Flows;2022;1;27;27;27;FI;NO;Value on 3rd Wed. at 03;Import;Harmonized;M;M
Physical Energy & Power Flows;2022;1;514;514;514;FI;RU;Value on 3rd Wed. at 03;Import;Harmonized;M;NaM
Physical Energy & Power Flows;2022;1;2365;2365;2365;FI;SE;Value on 3rd Wed. at 03;Import;Harmonized;M;M
Physical Energy & Power Flows;2022;1;2556;2556;2556;FR;BE;Value on 3rd Wed. at 03;Import;Harmonized;M;M
Physical Energy & Power Flows;2022;1;388;388;388;FR;CH;Value on 3rd Wed. at 03;Export;Harmonized;M;M
Physical Energy & Power Flows;2022;1;1256;1256;1256;FR;DE;Value on 3rd Wed. at 03;Import;Harmonized;M;M
Physical Energy & Power Flows;2022;1;1886;1886;1886;FR;ES;Value on 3rd Wed. at 03;Export;Harmonized;M;M
Physical Energy & Power Flows;2022;1;1308;1308;1308;FR;GB;Value on 3rd Wed. at 03;Import;Harmonized;M;M
Physical Energy & Power Flows;2022;1;856;856;856;FR;IT;Value on 3rd Wed. at 03;Import;Harmonized;M;M
Physical Energy & Power Flows;2022;1;775;775;775;GB;BE;Value on 3rd Wed. at 03;Import;Harmonized;M;M
Physical Energy & Power Flows;2022;1;1308;1308;1308;GB;FR;Value on 3rd Wed. at 03;Export;Harmonized;M;M
Physical Energy & Power Flows;2022;1;128;128;128;GB;IE;Value on 3rd Wed. at 03;Import;Harmonized;M;M
Physical Energy & Power Flows;2022;1;769;769;769;GB;NL;Value on 3rd Wed. at 03;Import;Harmonized;M;M
Physical Energy & Power Flows;2022;1;694;694;694;GB;NO;Value on 3rd Wed. at 03;Import;Harmonized;M;M
Physical Energy & Power Flows;2022;1;98;98;98;GE;AM;Value on 3rd Wed. at 03;Import;Harmonized;NaM;NaM
Physical Energy & Power Flows;2022;1;368;368;368;GE;AZ;Value on 3rd Wed. at 03;Import;Harmonized;NaM;NaM
Physical Energy & Power Flows;2022;1;344;344;344;GE;RU;Value on 3rd Wed. at 03;Import;Harmonized;NaM;NaM
Physical Energy & Power Flows;2022;1;360;360;360;GE;TR;Value on 3rd Wed. at 03;Export;Harmonized;NaM;M
Physical Energy & Power Flows;2022;1;107;107;107;GR;AL;Value on 3rd Wed. at 03;Export;Harmonized;M;M
Physical Energy & Power Flows;2022;1;412;412;412;GR;BG;Value on 3rd Wed. at 03;Import;Harmonized;M;M
Physical Energy & Power Flows;2022;1;508;508;508;GR;IT;Value on 3rd Wed. at 03;Export;Harmonized;M;M
Physical Energy & Power Flows;2022;1;28;28;28;GR;MK;Value on 3rd Wed. at 03;Import;Harmonized;M;M
Physical Energy & Power Flows;2022;1;664;664;664;GR;TR;Value on 3rd Wed. at 03;Import;Harmonized;M;M
Physical Energy & Power Flows;2022;1;56;56;56;HR;BA;Value on 3rd Wed. at 03;Export;Harmonized;M;M
Physical Energy & Power Flows;2022;1;1024;1024;1024;HR;HU;Value on 3rd Wed. at 03;Import;Harmonized;M;M
Physical Energy & Power Flows;2022;1;96;96;96;HR;RS;Value on 3rd Wed. at 03;Export;Harmonized;M;M
Physical Energy & Power Flows;2022;1;633;633;633;HR;SI;Value on 3rd Wed. at 03;Export;Harmonized;M;M
Physical Energy & Power Flows;2022;1;26;26;26;HU;AT;Value on 3rd Wed. at 03;Import;Harmonized;M;M
Physical Energy & Power Flows;2022;1;1024;1024;1024;HU;HR;Value on 3rd Wed. at 03;Export;Harmonized;M;M
Physical Energy & Power Flows;2022;1;147;147;147;HU;RO;Value on 3rd Wed. at 03;Export;Harmonized;M;M
Physical Energy & Power Flows;2022;1;341;341;341;HU;RS;Value on 3rd Wed. at 03;Export;Harmonized;M;M
Physical Energy & Power Flows;2022;1;1903;1903;1903;HU;SK;Value on 3rd Wed. at 03;Import;Harmonized;M;M
Physical Energy & Power Flows;2022;1;584;584;584;HU;UA;Value on 3rd Wed. at 03;Import;Harmonized;M;NaM
Physical Energy & Power Flows;2022;1;128;128;128;IE;GB;Value on 3rd Wed. at 03;Export;Harmonized;M;M
Physical Energy & Power Flows;2022;1;207;207;207;IT;AT;Value on 3rd Wed. at 03;Import;Harmonized;M;M
Physical Energy & Power Flows;2022;1;1055;1055;1055;IT;CH;Value on 3rd Wed. at 03;Import;Harmonized;M;M
Physical Energy & Power Flows;2022;1;856;856;856;IT;FR;Value on 3rd Wed. at 03;Export;Harmonized;M;M
Physical Energy & Power Flows;2022;1;155;155;155;AL;GR;Value on 3rd Wed. at 11;Import;Harmonized;M;M
Physical Energy & Power Flows;2022;1;71;71;71;AL;ME;Value on 3rd Wed. at 11;Export;Harmonized;M;M
Physical Energy & Power Flows;2022;1;114;114;114;AL;XK;Value on 3rd Wed. at 11;Export;Harmonized;M;M
Physical Energy & Power Flows;2022;1;117;117;117;AM;GE;Value on 3rd Wed. at 11;Export;Harmonized;NaM;NaM
Physical Energy & Power Flows;2022;1;552;552;552;AT;CH;Value on 3rd Wed. at 11;Export;Harmonized;M;M
Physical Energy & Power Flows;2022;1;1877;1877;1877;AT;CZ;Value on 3rd Wed. at 11;Import;Harmonized;M;M
Physical Energy & Power Flows;2022;1;2389;2389;2389;AT;DE;Value on 3rd Wed. at 11;Import;Harmonized;M;M
Physical Energy & Power Flows;2022;1;12;12;12;AT;HU;Value on 3rd Wed. at 11;Export;Harmonized;M;M
Physical Energy & Power Flows;2022;1;210;210;210;AT;IT;Value on 3rd Wed. at 11;Export;Harmonized;M;M
Physical Energy & Power Flows;2022;1;379;379;379;AT;SI;Value on 3rd Wed. at 11;Export;Harmonized;M;M
Physical Energy & Power Flows;2022;1;368;368;368;AZ;GE;Value on 3rd Wed. at 11;Export;Harmonized;NaM;NaM
Physical Energy & Power Flows;2022;1;696;696;696;BA;HR;Value on 3rd Wed. at 11;Export;Harmonized;M;M
Physical Energy & Power Flows;2022;1;7;7;7;BA;ME;Value on 3rd Wed. at 11;Export;Harmonized;M;M
Physical Energy & Power Flows;2022;1;124;124;124;BA;RS;Value on 3rd Wed. at 11;Import;Harmonized;M;M
Physical Energy & Power Flows;2022;1;990;990;990;BE;DE;Value on 3rd Wed. at 11;Import;Harmonized;M;M
Physical Energy & Power Flows;2022;1;2165;2165;2165;BE;FR;Value on 3rd Wed. at 11;Export;Harmonized;M;M
Physical Energy & Power Flows;2022;1;882;882;882;BE;GB;Value on 3rd Wed. at 11;Export;Harmonized;M;M
Physical Energy & Power Flows;2022;1;5;5;5;BE;LU;Value on 3rd Wed. at 11;Import;Harmonized;M;M
Physical Energy & Power Flows;2022;1;1416;1416;1416;BE;NL;Value on 3rd Wed. at 11;Import;Harmonized;M;M
Physical Energy & Power Flows;2022;1;278;278;278;BG;GR;Value on 3rd Wed. at 11;Export;Harmonized;M;M
Physical Energy & Power Flows;2022;1;411;411;411;BG;MK;Value on 3rd Wed. at 11;Export;Harmonized;M;M
Physical Energy & Power Flows;2022;1;220;220;220;UA;SK;Value on 3rd Wed. at 11;Import;Harmonized;NaM;M
Physical Energy & Power Flows;2022;1;114;114;114;XK;AL;Value on 3rd Wed. at 11;Import;Harmonized;M;M
Physical Energy & Power Flows;2022;1;16;16;16;XK;ME;Value on 3rd Wed. at 11;Import;Harmonized;M;M
Physical Energy & Power Flows;2022;1;142;142;142;XK;MK;Value on 3rd Wed. at 11;Import;Harmonized;M;M
Physical Energy & Power Flows;2022;1;224;224;224;XK;RS;Value on 3rd Wed. at 11;Import;Harmonized;M;M
Physical Energy & Power Flows;2022;1;97;97;97;BG;RO;Value on 3rd Wed. at 11;Export;Harmonized;M;M
Physical Energy & Power Flows;2022;1;600;600;600;BG;RS;Value on 3rd Wed. at 11;Export;Harmonized;M;M
Physical Energy & Power Flows;2022;1;465;465;465;BG;TR;Value on 3rd Wed. at 11;Export;Harmonized;M;M
Physical Energy & Power Flows;2022;1;672;672;672;BY;LT;Value on 3rd Wed. at 11;Export;Harmonized;NaM;M
Physical Energy & Power Flows;2022;1;392;392;392;BY;UA;Value on 3rd Wed. at 11;Export;Harmonized;NaM;NaM
Physical Energy & Power Flows;2022;1;552;552;552;CH;AT;Value on 3rd Wed. at 11;Import;Harmonized;M;M
Physical Energy & Power Flows;2022;1;2610;2610;2610;CH;DE;Value on 3rd Wed. at 11;Import;Harmonized;M;M
Physical Energy & Power Flows;2022;1;500;500;500;CH;FR;Value on 3rd Wed. at 11;Export;Harmonized;M;M
Physical Energy & Power Flows;2022;1;2453;2453;2453;CH;IT;Value on 3rd Wed. at 11;Export;Harmonized;M;M
Physical Energy & Power Flows;2022;1;1877;1877;1877;CZ;AT;Value on 3rd Wed. at 11;Export;Harmonized;M;M
Physical Energy & Power Flows;2022;1;426;426;426;CZ;DE;Value on 3rd Wed. at 11;Import;Harmonized;M;M
Physical Energy & Power Flows;2022;1;1081;1081;1081;CZ;PL;Value on 3rd Wed. at 11;Import;Harmonized;M;M
Physical Energy & Power Flows;2022;1;964;964;964;CZ;SK;Value on 3rd Wed. at 11;Export;Harmonized;M;M
Physical Energy & Power Flows;2022;1;2389;2389;2389;DE;AT;Value on 3rd Wed. at 11;Export;Harmonized;M;M
Physical Energy & Power Flows;2022;1;990;990;990;DE;BE;Value on 3rd Wed. at 11;Export;Harmonized;M;M
Physical Energy & Power Flows;2022;1;2610;2610;2610;DE;CH;Value on 3rd Wed. at 11;Export;Harmonized;M;M
Physical Energy & Power Flows;2022;1;426;426;426;DE;CZ;Value on 3rd Wed. at 11;Export;Harmonized;M;M
Physical Energy & Power Flows;2022;1;333;333;333;DE;DK;Value on 3rd Wed. at 11;Import;Harmonized;M;M
Physical Energy & Power Flows;2022;1;1182;1182;1182;DE;FR;Value on 3rd Wed. at 11;Export;Harmonized;M;M
Physical Energy & Power Flows;2022;1;689;689;689;DE;LU;Value on 3rd Wed. at 11;Export;Harmonized;M;M
Physical Energy & Power Flows;2022;1;1206;1206;1206;DE;NL;Value on 3rd Wed. at 11;Export;Harmonized;M;M
Physical Energy & Power Flows;2022;1;573;573;573;DE;NO;Value on 3rd Wed. at 11;Import;Harmonized;M;M
Physical Energy & Power Flows;2022;1;975;975;975;DE;PL;Value on 3rd Wed. at 11;Export;Harmonized;M;M
Physical Energy & Power Flows;2022;1;604;604;604;DE;SE;Value on 3rd Wed. at 11;Import;Harmonized;M;M
Physical Energy & Power Flows;2022;1;333;333;333;DK;DE;Value on 3rd Wed. at 11;Export;Harmonized;M;M
Physical Energy & Power Flows;2022;1;491;491;491;DK;NL;Value on 3rd Wed. at 11;Export;Harmonized;M;M
Physical Energy & Power Flows;2022;1;1089;1089;1089;DK;NO;Value on 3rd Wed. at 11;Export;Harmonized;M;M
Physical Energy & Power Flows;2022;1;406;406;406;DK;SE;Value on 3rd Wed. at 11;Import;Harmonized;M;M
Physical Energy & Power Flows;2022;1;1016;1016;1016;EE;FI;Value on 3rd Wed. at 11;Import;Harmonized;M;M
Physical Energy & Power Flows;2022;1;120;120;120;EE;LV;Value on 3rd Wed. at 11;Export;Harmonized;M;M
Physical Energy & Power Flows;2022;1;704;704;704;EE;RU;Value on 3rd Wed. at 11;Export;Harmonized;M;NaM
Physical Energy & Power Flows;2022;1;2181;2181;2181;ES;FR;Value on 3rd Wed. at 11;Export;Harmonized;M;M
Physical Energy & Power Flows;2022;1;1225;1225;1225;ES;PT;Value on 3rd Wed. at 11;Export;Harmonized;M;M
Physical Energy & Power Flows;2022;1;1016;1016;1016;FI;EE;Value on 3rd Wed. at 11;Export;Harmonized;M;M
Physical Energy & Power Flows;2022;1;3;3;3;FI;NO;Value on 3rd Wed. at 11;Export;Harmonized;M;M
Physical Energy & Power Flows;2022;1;613;613;613;FI;RU;Value on 3rd Wed. at 11;Import;Harmonized;M;NaM
Physical Energy & Power Flows;2022;1;2487;2487;2487;FI;SE;Value on 3rd Wed. at 11;Import;Harmonized;M;M
Physical Energy & Power Flows;2022;1;2165;2165;2165;FR;BE;Value on 3rd Wed. at 11;Import;Harmonized;M;M
Physical Energy & Power Flows;2022;1;500;500;500;FR;CH;Value on 3rd Wed. at 11;Import;Harmonized;M;M
Physical Energy & Power Flows;2022;1;1182;1182;1182;FR;DE;Value on 3rd Wed. at 11;Import;Harmonized;M;M
Physical Energy & Power Flows;2022;1;2181;2181;2181;FR;ES;Value on 3rd Wed. at 11;Import;Harmonized;M;M
Physical Energy & Power Flows;2022;1;1622;1622;1622;FR;GB;Value on 3rd Wed. at 11;Import;Harmonized;M;M
Physical Energy & Power Flows;2022;1;236;236;236;FR;IT;Value on 3rd Wed. at 11;Export;Harmonized;M;M
Physical Energy & Power Flows;2022;1;882;882;882;GB;BE;Value on 3rd Wed. at 11;Import;Harmonized;M;M
Physical Energy & Power Flows;2022;1;1622;1622;1622;GB;FR;Value on 3rd Wed. at 11;Export;Harmonized;M;M
Physical Energy & Power Flows;2022;1;60;60;60;GB;IE;Value on 3rd Wed. at 11;Import;Harmonized;M;M
Physical Energy & Power Flows;2022;1;1078;1078;1078;GB;NL;Value on 3rd Wed. at 11;Import;Harmonized;M;M
Physical Energy & Power Flows;2022;1;0;0;0;GB;NO;Value on 3rd Wed. at 11;Export;Harmonized;M;M
Physical Energy & Power Flows;2022;1;117;117;117;GE;AM;Value on 3rd Wed. at 11;Import;Harmonized;NaM;NaM
Physical Energy & Power Flows;2022;1;368;368;368;GE;AZ;Value on 3rd Wed. at 11;Import;Harmonized;NaM;NaM
Physical Energy & Power Flows;2022;1;290;290;290;GE;RU;Value on 3rd Wed. at 11;Import;Harmonized;NaM;NaM
Physical Energy & Power Flows;2022;1;260;260;260;GE;TR;Value on 3rd Wed. at 11;Export;Harmonized;NaM;M
Physical Energy & Power Flows;2022;1;3;3;3;NO;FI;Value on 3rd Wed. at 11;Import;Harmonized;M;M
Physical Energy & Power Flows;2022;1;0;0;0;NO;GB;Value on 3rd Wed. at 11;Import;Harmonized;M;M
Physical Energy & Power Flows;2022;1;494;494;494;NO;NL;Value on 3rd Wed. at 11;Export;Harmonized;M;M
Physical Energy & Power Flows;2022;1;759;759;759;NO;SE;Value on 3rd Wed. at 11;Import;Harmonized;M;M
Physical Energy & Power Flows;2022;1;1081;1081;1081;PL;CZ;Value on 3rd Wed. at 11;Export;Harmonized;M;M
Physical Energy & Power Flows;2022;1;975;975;975;PL;DE;Value on 3rd Wed. at 11;Import;Harmonized;M;M
Physical Energy & Power Flows;2022;1;398;398;398;PL;LT;Value on 3rd Wed. at 11;Import;Harmonized;M;M
Physical Energy & Power Flows;2022;1;598;598;598;PL;SE;Value on 3rd Wed. at 11;Import;Harmonized;M;M
Physical Energy & Power Flows;2022;1;824;824;824;PL;SK;Value on 3rd Wed. at 11;Export;Harmonized;M;M
Physical Energy & Power Flows;2022;1;145;145;145;PL;UA;Value on 3rd Wed. at 11;Import;Harmonized;M;NaM
Physical Energy & Power Flows;2022;1;1225;1225;1225;PT;ES;Value on 3rd Wed. at 11;Import;Harmonized;M;M
Physical Energy & Power Flows;2022;1;97;97;97;RO;BG;Value on 3rd Wed. at 11;Import;Harmonized;M;M
Physical Energy & Power Flows;2022;1;29;29;29;RO;HU;Value on 3rd Wed. at 11;Export;Harmonized;M;M
Physical Energy & Power Flows;2022;1;0;0;0;RO;MD;Value on 3rd Wed. at 11;Import;Harmonized;M;NaM
Physical Energy & Power Flows;2022;1;481;481;481;RO;RS;Value on 3rd Wed. at 11;Export;Harmonized;M;M
Physical Energy & Power Flows;2022;1;170;170;170;RO;UA;Value on 3rd Wed. at 11;Import;Harmonized;M;NaM
Physical Energy & Power Flows;2022;1;124;124;124;RS;BA;Value on 3rd Wed. at 11;Export;Harmonized;M;M
Physical Energy & Power Flows;2022;1;600;600;600;RS;BG;Value on 3rd Wed. at 11;Import;Harmonized;M;M
Physical Energy & Power Flows;2022;1;143;143;143;RS;HR;Value on 3rd Wed. at 11;Export;Harmonized;M;M
Physical Energy & Power Flows;2022;1;221;221;221;RS;HU;Value on 3rd Wed. at 11;Import;Harmonized;M;M
Physical Energy & Power Flows;2022;1;46;46;46;RS;ME;Value on 3rd Wed. at 11;Import;Harmonized;M;M
Physical Energy & Power Flows;2022;1;92;92;92;RS;MK;Value on 3rd Wed. at 11;Export;Harmonized;M;M
Physical Energy & Power Flows;2022;1;481;481;481;RS;RO;Value on 3rd Wed. at 11;Import;Harmonized;M;M
Physical Energy & Power Flows;2022;1;224;224;224;RS;XK;Value on 3rd Wed. at 11;Export;Harmonized;M;M
Physical Energy & Power Flows;2022;1;704;704;704;RU;EE;Value on 3rd Wed. at 11;Import;Harmonized;NaM;M
Physical Energy & Power Flows;2022;1;613;613;613;RU;FI;Value on 3rd Wed. at 11;Export;Harmonized;NaM;M
Physical Energy & Power Flows;2022;1;290;290;290;RU;GE;Value on 3rd Wed. at 11;Export;Harmonized;NaM;NaM
Physical Energy & Power Flows;2022;1;251;251;251;RU;LT;Value on 3rd Wed. at 11;Export;Harmonized;NaM;M
Physical Energy & Power Flows;2022;1;24;24;24;RU;LV;Value on 3rd Wed. at 11;Export;Harmonized;NaM;M
Physical Energy & Power Flows;2022;1;272;272;272;RU;UA;Value on 3rd Wed. at 11;Export;Harmonized;NaM;NaM
Physical Energy & Power Flows;2022;1;604;604;604;SE;DE;Value on 3rd Wed. at 11;Export;Harmonized;M;M
Physical Energy & Power Flows;2022;1;406;406;406;SE;DK;Value on 3rd Wed. at 11;Export;Harmonized;M;M
Physical Energy & Power Flows;2022;1;2487;2487;2487;SE;FI;Value on 3rd Wed. at 11;Export;Harmonized;M;M
Physical Energy & Power Flows;2022;1;734;734;734;SE;LT;Value on 3rd Wed. at 11;Export;Harmonized;M;M
Physical Energy & Power Flows;2022;1;759;759;759;SE;NO;Value on 3rd Wed. at 11;Export;Harmonized;M;M
Physical Energy & Power Flows;2022;1;598;598;598;SE;PL;Value on 3rd Wed. at 11;Export;Harmonized;M;M
Physical Energy & Power Flows;2022;1;379;379;379;SI;AT;Value on 3rd Wed. at 11;Import;Harmonized;M;M
Physical Energy & Power Flows;2022;1;495;495;495;SI;HR;Value on 3rd Wed. at 11;Import;Harmonized;M;M
Physical Energy & Power Flows;2022;1;667;667;667;SI;IT;Value on 3rd Wed. at 11;Export;Harmonized;M;M
Physical Energy & Power Flows;2022;1;964;964;964;SK;CZ;Value on 3rd Wed. at 11;Import;Harmonized;M;M
Physical Energy & Power Flows;2022;1;1321;1321;1321;SK;HU;Value on 3rd Wed. at 11;Export;Harmonized;M;M
Physical Energy & Power Flows;2022;1;824;824;824;SK;PL;Value on 3rd Wed. at 11;Import;Harmonized;M;M
Physical Energy & Power Flows;2022;1;220;220;220;SK;UA;Value on 3rd Wed. at 11;Export;Harmonized;M;NaM
Physical Energy & Power Flows;2022;1;465;465;465;TR;BG;Value on 3rd Wed. at 11;Import;Harmonized;M;M
Physical Energy & Power Flows;2022;1;260;260;260;TR;GE;Value on 3rd Wed. at 11;Import;Harmonized;M;NaM
Physical Energy & Power Flows;2022;1;583;583;583;TR;GR;Value on 3rd Wed. at 11;Export;Harmonized;M;M
Physical Energy & Power Flows;2022;1;392;392;392;UA;BY;Value on 3rd Wed. at 11;Import;Harmonized;NaM;NaM
Physical Energy & Power Flows;2022;1;393;393;393;UA;HU;Value on 3rd Wed. at 11;Export;Harmonized;NaM;M
Physical Energy & Power Flows;2022;1;4;4;4;UA;MD;Value on 3rd Wed. at 11;Import;Harmonized;NaM;NaM
Physical Energy & Power Flows;2022;1;145;145;145;UA;PL;Value on 3rd Wed. at 11;Export;Harmonized;NaM;M
Physical Energy & Power Flows;2022;1;170;170;170;UA;RO;Value on 3rd Wed. at 11;Export;Harmonized;NaM;M
Physical Energy & Power Flows;2022;1;272;272;272;UA;RU;Value on 3rd Wed. at 11;Import;Harmonized;NaM;NaM
Physical Energy & Power Flows;2022;1;117;117;117;RS;ME;Value on 3rd Wed. at 03;Import;Harmonized;M;M
Physical Energy & Power Flows;2022;1;98;98;98;RS;MK;Value on 3rd Wed. at 03;Export;Harmonized;M;M
Physical Energy & Power Flows;2022;1;763;763;763;RS;RO;Value on 3rd Wed. at 03;Import;Harmonized;M;M
Physical Energy & Power Flows;2022;1;424;424;424;RS;XK;Value on 3rd Wed. at 03;Export;Harmonized;M;M
Physical Energy & Power Flows;2022;1;705;705;705;RU;EE;Value on 3rd Wed. at 03;Import;Harmonized;NaM;M
Physical Energy & Power Flows;2022;1;514;514;514;RU;FI;Value on 3rd Wed. at 03;Export;Harmonized;NaM;M
Physical Energy & Power Flows;2022;1;344;344;344;RU;GE;Value on 3rd Wed. at 03;Export;Harmonized;NaM;NaM
Physical Energy & Power Flows;2022;1;438;438;438;RU;LT;Value on 3rd Wed. at 03;Export;Harmonized;NaM;M
Physical Energy & Power Flows;2022;1;18;18;18;RU;LV;Value on 3rd Wed. at 03;Export;Harmonized;NaM;M
Physical Energy & Power Flows;2022;1;296;296;296;RU;UA;Value on 3rd Wed. at 03;Export;Harmonized;NaM;NaM
Physical Energy & Power Flows;2022;1;604;604;604;SE;DE;Value on 3rd Wed. at 03;Export;Harmonized;M;M
Physical Energy & Power Flows;2022;1;1424;1424;1424;SE;DK;Value on 3rd Wed. at 03;Export;Harmonized;M;M
Physical Energy & Power Flows;2022;1;2365;2365;2365;SE;FI;Value on 3rd Wed. at 03;Export;Harmonized;M;M
Physical Energy & Power Flows;2022;1;734;734;734;SE;LT;Value on 3rd Wed. at 03;Export;Harmonized;M;M
Physical Energy & Power Flows;2022;1;1073;1073;1073;SE;NO;Value on 3rd Wed. at 03;Export;Harmonized;M;M
Physical Energy & Power Flows;2022;1;598;598;598;SE;PL;Value on 3rd Wed. at 03;Export;Harmonized;M;M
Physical Energy & Power Flows;2022;1;708;708;708;SI;AT;Value on 3rd Wed. at 03;Import;Harmonized;M;M
Physical Energy & Power Flows;2022;1;633;633;633;SI;HR;Value on 3rd Wed. at 03;Import;Harmonized;M;M
Physical Energy & Power Flows;2022;1;873;873;873;SI;IT;Value on 3rd Wed. at 03;Export;Harmonized;M;M
Physical Energy & Power Flows;2022;1;1455;1455;1455;SK;CZ;Value on 3rd Wed. at 03;Import;Harmonized;M;M
Physical Energy & Power Flows;2022;1;1903;1903;1903;SK;HU;Value on 3rd Wed. at 03;Export;Harmonized;M;M
Physical Energy & Power Flows;2022;1;1386;1386;1386;SK;PL;Value on 3rd Wed. at 03;Import;Harmonized;M;M
Physical Energy & Power Flows;2022;1;477;477;477;SK;UA;Value on 3rd Wed. at 03;Export;Harmonized;M;NaM
Physical Energy & Power Flows;2022;1;520;520;520;TR;BG;Value on 3rd Wed. at 03;Import;Harmonized;M;M
Physical Energy & Power Flows;2022;1;360;360;360;TR;GE;Value on 3rd Wed. at 03;Import;Harmonized;M;NaM
Physical Energy & Power Flows;2022;1;664;664;664;TR;GR;Value on 3rd Wed. at 03;Export;Harmonized;M;M
Physical Energy & Power Flows;2022;1;220;220;220;UA;BY;Value on 3rd Wed. at 03;Import;Harmonized;NaM;NaM
Physical Energy & Power Flows;2022;1;584;584;584;UA;HU;Value on 3rd Wed. at 03;Export;Harmonized;NaM;M
Physical Energy & Power Flows;2022;1;16;16;16;UA;MD;Value on 3rd Wed. at 03;Import;Harmonized;NaM;NaM
Physical Energy & Power Flows;2022;1;142;142;142;UA;PL;Value on 3rd Wed. at 03;Export;Harmonized;NaM;M
Physical Energy & Power Flows;2022;1;309;309;309;UA;RO;Value on 3rd Wed. at 03;Export;Harmonized;NaM;M
Physical Energy & Power Flows;2022;1;296;296;296;UA;RU;Value on 3rd Wed. at 03;Import;Harmonized;NaM;NaM
Physical Energy & Power Flows;2022;1;477;477;477;UA;SK;Value on 3rd Wed. at 03;Import;Harmonized;NaM;M
Physical Energy & Power Flows;2022;1;46;46;46;XK;AL;Value on 3rd Wed. at 03;Export;Harmonized;M;M
Physical Energy & Power Flows;2022;1;8;8;8;XK;ME;Value on 3rd Wed. at 03;Export;Harmonized;M;M
Physical Energy & Power Flows;2022;1;93;93;93;XK;MK;Value on 3rd Wed. at 03;Import;Harmonized;M;M
Physical Energy & Power Flows;2022;1;424;424;424;XK;RS;Value on 3rd Wed. at 03;Import;Harmonized;M;M
Physical Energy & Power Flows;2022;2;10;10;10;AL;GR;Value on 3rd Wed. at 03;Import;Harmonized;M;M
Physical Energy & Power Flows;2022;2;79;79;79;AL;ME;Value on 3rd Wed. at 03;Import;Harmonized;M;M
Physical Energy & Power Flows;2022;2;212;212;212;AL;XK;Value on 3rd Wed. at 03;Import;Harmonized;M;M
Physical Energy & Power Flows;2022;2;107;107;107;AM;GE;Value on 3rd Wed. at 03;Export;Harmonized;NaM;NaM
Physical Energy & Power Flows;2022;2;908;908;908;AT;CH;Value on 3rd Wed. at 03;Export;Harmonized;M;M
Physical Energy & Power Flows;2022;2;1741;1741;1741;AT;CZ;Value on 3rd Wed. at 03;Import;Harmonized;M;M
Physical Energy & Power Flows;2022;2;2978;2978;2978;AT;DE;Value on 3rd Wed. at 03;Import;Harmonized;M;M
Physical Energy & Power Flows;2022;2;742;742;742;AT;HU;Value on 3rd Wed. at 03;Export;Harmonized;M;M
Physical Energy & Power Flows;2022;2;177;177;177;AT;IT;Value on 3rd Wed. at 03;Export;Harmonized;M;M
Physical Energy & Power Flows;2022;2;1129;1129;1129;AT;SI;Value on 3rd Wed. at 03;Export;Harmonized;M;M
Physical Energy & Power Flows;2022;2;345;345;345;AZ;GE;Value on 3rd Wed. at 03;Export;Harmonized;NaM;NaM
Physical Energy & Power Flows;2022;2;131;131;131;BA;HR;Value on 3rd Wed. at 03;Import;Harmonized;M;M
Physical Energy & Power Flows;2022;2;506;506;506;BA;ME;Value on 3rd Wed. at 03;Export;Harmonized;M;M
Physical Energy & Power Flows;2022;2;15;15;15;BA;RS;Value on 3rd Wed. at 03;Export;Harmonized;M;M
Physical Energy & Power Flows;2022;2;722;722;722;BE;DE;Value on 3rd Wed. at 03;Import;Harmonized;M;M
Physical Energy & Power Flows;2022;2;1152;1152;1152;BE;FR;Value on 3rd Wed. at 03;Export;Harmonized;M;M
Physical Energy & Power Flows;2022;2;884;884;884;BE;GB;Value on 3rd Wed. at 03;Export;Harmonized;M;M
Physical Energy & Power Flows;2022;2;130;130;130;BE;LU;Value on 3rd Wed. at 03;Export;Harmonized;M;M
Physical Energy & Power Flows;2022;2;316;316;316;UA;SK;Value on 3rd Wed. at 03;Import;Harmonized;NaM;M
Physical Energy & Power Flows;2022;2;212;212;212;XK;AL;Value on 3rd Wed. at 03;Export;Harmonized;M;M
Physical Energy & Power Flows;2022;2;106;106;106;XK;ME;Value on 3rd Wed. at 03;Export;Harmonized;M;M
Physical Energy & Power Flows;2022;2;51;51;51;XK;MK;Value on 3rd Wed. at 03;Export;Harmonized;M;M
Physical Energy & Power Flows;2022;2;428;428;428;XK;RS;Value on 3rd Wed. at 03;Import;Harmonized;M;M
Physical Energy & Power Flows;2022;2;1718;1718;1718;CZ;AT;Value on 3rd Wed. at 11;Export;Harmonized;M;M
Physical Energy & Power Flows;2022;2;2507;2507;2507;DE;AT;Value on 3rd Wed. at 11;Export;Harmonized;M;M
Physical Energy & Power Flows;2022;2;8;8;8;DE;BE;Value on 3rd Wed. at 11;Import;Harmonized;M;M
Physical Energy & Power Flows;2022;2;3927;3927;3927;DE;CH;Value on 3rd Wed. at 11;Export;Harmonized;M;M
Physical Energy & Power Flows;2022;2;1541;1541;1541;DE;CZ;Value on 3rd Wed. at 11;Export;Harmonized;M;M
Physical Energy & Power Flows;2022;2;1081;1081;1081;DE;DK;Value on 3rd Wed. at 11;Export;Harmonized;M;M
Physical Energy & Power Flows;2022;2;1490;1490;1490;DE;FR;Value on 3rd Wed. at 11;Export;Harmonized;M;M
Physical Energy & Power Flows;2022;2;637;637;637;DE;LU;Value on 3rd Wed. at 11;Export;Harmonized;M;M
Physical Energy & Power Flows;2022;2;2457;2457;2457;DE;NL;Value on 3rd Wed. at 11;Export;Harmonized;M;M
Physical Energy & Power Flows;2022;2;206;206;206;DE;NO;Value on 3rd Wed. at 11;Import;Harmonized;M;M
Physical Energy & Power Flows;2022;2;928;928;928;DE;PL;Value on 3rd Wed. at 11;Export;Harmonized;M;M
Physical Energy & Power Flows;2022;2;602;602;602;DE;SE;Value on 3rd Wed. at 11;Import;Harmonized;M;M
Physical Energy & Power Flows;2022;2;1081;1081;1081;DK;DE;Value on 3rd Wed. at 11;Import;Harmonized;M;M
Physical Energy & Power Flows;2022;2;700;700;700;DK;NL;Value on 3rd Wed. at 11;Export;Harmonized;M;M
Physical Energy & Power Flows;2022;2;617;617;617;DK;NO;Value on 3rd Wed. at 11;Export;Harmonized;M;M
Physical Energy & Power Flows;2022;2;1290;1290;1290;DK;SE;Value on 3rd Wed. at 11;Import;Harmonized;M;M
Physical Energy & Power Flows;2022;2;635;635;635;EE;FI;Value on 3rd Wed. at 11;Import;Harmonized;M;M
Physical Energy & Power Flows;2022;2;192;192;192;EE;LV;Value on 3rd Wed. at 11;Export;Harmonized;M;M
Physical Energy & Power Flows;2022;2;34;34;34;EE;RU;Value on 3rd Wed. at 11;Export;Harmonized;M;NaM
Physical Energy & Power Flows;2022;2;2092;2092;2092;ES;FR;Value on 3rd Wed. at 11;Import;Harmonized;M;M
Physical Energy & Power Flows;2022;2;3744;3744;3744;ES;PT;Value on 3rd Wed. at 11;Export;Harmonized;M;M
Physical Energy & Power Flows;2022;2;635;635;635;FI;EE;Value on 3rd Wed. at 11;Export;Harmonized;M;M
Physical Energy & Power Flows;2022;2;4;4;4;FI;NO;Value on 3rd Wed. at 11;Export;Harmonized;M;M
Physical Energy & Power Flows;2022;2;1488;1488;1488;FI;RU;Value on 3rd Wed. at 11;Import;Harmonized;M;NaM
Physical Energy & Power Flows;2022;2;1070;1070;1070;FI;SE;Value on 3rd Wed. at 11;Import;Harmonized;M;M
Physical Energy & Power Flows;2022;2;2400;2400;2400;FR;BE;Value on 3rd Wed. at 11;Import;Harmonized;M;M
Physical Energy & Power Flows;2022;2;78;78;78;FR;CH;Value on 3rd Wed. at 11;Import;Harmonized;M;M
Physical Energy & Power Flows;2022;2;1490;1490;1490;FR;DE;Value on 3rd Wed. at 11;Import;Harmonized;M;M
Physical Energy & Power Flows;2022;2;2092;2092;2092;FR;ES;Value on 3rd Wed. at 11;Export;Harmonized;M;M
Physical Energy & Power Flows;2022;2;2042;2042;2042;FR;GB;Value on 3rd Wed. at 11;Export;Harmonized;M;M
Physical Energy & Power Flows;2022;2;985;985;985;FR;IT;Value on 3rd Wed. at 11;Export;Harmonized;M;M
Physical Energy & Power Flows;2022;2;1024;1024;1024;GB;BE;Value on 3rd Wed. at 11;Import;Harmonized;M;M
Physical Energy & Power Flows;2022;2;2042;2042;2042;GB;FR;Value on 3rd Wed. at 11;Import;Harmonized;M;M
Physical Energy & Power Flows;2022;2;0;0;0;GB;IE;Value on 3rd Wed. at 11;Import;Harmonized;M;M
Physical Energy & Power Flows;2022;2;1079;1079;1079;GB;NL;Value on 3rd Wed. at 11;Import;Harmonized;M;M
Physical Energy & Power Flows;2022;2;1051;1051;1051;GB;NO;Value on 3rd Wed. at 11;Import;Harmonized;M;M
Physical Energy & Power Flows;2022;2;134;134;134;GE;AM;Value on 3rd Wed. at 11;Import;Harmonized;NaM;NaM
Physical Energy & Power Flows;2022;2;341;341;341;GE;AZ;Value on 3rd Wed. at 11;Import;Harmonized;NaM;NaM
Physical Energy & Power Flows;2022;2;311;311;311;GE;RU;Value on 3rd Wed. at 11;Import;Harmonized;NaM;NaM
Physical Energy & Power Flows;2022;2;130;130;130;GE;TR;Value on 3rd Wed. at 11;Export;Harmonized;NaM;M
Physical Energy & Power Flows;2022;2;7;7;7;GR;AL;Value on 3rd Wed. at 11;Export;Harmonized;M;M
Physical Energy & Power Flows;2022;2;306;306;306;GR;BG;Value on 3rd Wed. at 11;Import;Harmonized;M;M
Physical Energy & Power Flows;2022;2;42;42;42;GR;IT;Value on 3rd Wed. at 11;Export;Harmonized;M;M
Physical Energy & Power Flows;2022;2;68;68;68;GR;MK;Value on 3rd Wed. at 11;Import;Harmonized;M;M
Physical Energy & Power Flows;2022;2;513;513;513;GR;TR;Value on 3rd Wed. at 11;Import;Harmonized;M;M
Physical Energy & Power Flows;2022;2;7;7;7;HR;BA;Value on 3rd Wed. at 11;Import;Harmonized;M;M
Physical Energy & Power Flows;2022;2;944;944;944;HR;HU;Value on 3rd Wed. at 11;Import;Harmonized;M;M
Physical Energy & Power Flows;2022;2;118;118;118;HR;RS;Value on 3rd Wed. at 11;Export;Harmonized;M;M
Physical Energy & Power Flows;2022;2;15;15;15;HR;SI;Value on 3rd Wed. at 11;Export;Harmonized;M;M
Physical Energy & Power Flows;2022;2;888;888;888;HU;AT;Value on 3rd Wed. at 11;Import;Harmonized;M;M
Physical Energy & Power Flows;2022;2;297;297;297;RO;BG;Value on 3rd Wed. at 11;Import;Harmonized;M;M
Physical Energy & Power Flows;2022;2;407;407;407;RO;HU;Value on 3rd Wed. at 11;Import;Harmonized;M;M
Physical Energy & Power Flows;2022;2;0;0;0;RO;MD;Value on 3rd Wed. at 11;Import;Harmonized;M;NaM
Physical Energy & Power Flows;2022;2;217;217;217;RO;RS;Value on 3rd Wed. at 11;Export;Harmonized;M;M
Physical Energy & Power Flows;2022;2;555;555;555;RO;UA;Value on 3rd Wed. at 11;Import;Harmonized;M;NaM
Physical Energy & Power Flows;2022;2;111;111;111;RS;BA;Value on 3rd Wed. at 11;Import;Harmonized;M;M
Physical Energy & Power Flows;2022;2;401;401;401;RS;BG;Value on 3rd Wed. at 11;Import;Harmonized;M;M
Physical Energy & Power Flows;2022;2;118;118;118;RS;HR;Value on 3rd Wed. at 11;Import;Harmonized;M;M
Physical Energy & Power Flows;2022;2;265;265;265;RS;HU;Value on 3rd Wed. at 11;Import;Harmonized;M;M
Physical Energy & Power Flows;2022;2;92;92;92;RS;ME;Value on 3rd Wed. at 11;Export;Harmonized;M;M
Physical Energy & Power Flows;2022;2;29;29;29;RS;MK;Value on 3rd Wed. at 11;Import;Harmonized;M;M
Physical Energy & Power Flows;2022;2;217;217;217;RS;RO;Value on 3rd Wed. at 11;Import;Harmonized;M;M
Physical Energy & Power Flows;2022;2;267;267;267;RS;XK;Value on 3rd Wed. at 11;Export;Harmonized;M;M
Physical Energy & Power Flows;2022;2;34;34;34;RU;EE;Value on 3rd Wed. at 11;Import;Harmonized;NaM;M
Physical Energy & Power Flows;2022;2;1488;1488;1488;RU;FI;Value on 3rd Wed. at 11;Export;Harmonized;NaM;M
Physical Energy & Power Flows;2022;2;311;311;311;RU;GE;Value on 3rd Wed. at 11;Export;Harmonized;NaM;NaM
Physical Energy & Power Flows;2022;2;292;292;292;RU;LT;Value on 3rd Wed. at 11;Export;Harmonized;NaM;M
Physical Energy & Power Flows;2022;2;18;18;18;RU;LV;Value on 3rd Wed. at 11;Export;Harmonized;NaM;M
Physical Energy & Power Flows;2022;2;455;455;455;RU;UA;Value on 3rd Wed. at 11;Export;Harmonized;NaM;NaM
Physical Energy & Power Flows;2022;2;602;602;602;SE;DE;Value on 3rd Wed. at 11;Export;Harmonized;M;M
Physical Energy & Power Flows;2022;2;1290;1290;1290;SE;DK;Value on 3rd Wed. at 11;Export;Harmonized;M;M
Physical Energy & Power Flows;2022;2;1070;1070;1070;SE;FI;Value on 3rd Wed. at 11;Export;Harmonized;M;M
Physical Energy & Power Flows;2022;2;74;74;74;SE;LT;Value on 3rd Wed. at 11;Export;Harmonized;M;M
Physical Energy & Power Flows;2022;2;432;432;432;SE;NO;Value on 3rd Wed. at 11;Import;Harmonized;M;M
Physical Energy & Power Flows;2022;2;331;331;331;SE;PL;Value on 3rd Wed. at 11;Export;Harmonized;M;M
Physical Energy & Power Flows;2022;2;1077;1077;1077;SI;AT;Value on 3rd Wed. at 11;Import;Harmonized;M;M
Physical Energy & Power Flows;2022;2;15;15;15;SI;HR;Value on 3rd Wed. at 11;Import;Harmonized;M;M
Physical Energy & Power Flows;2022;2;999;999;999;SI;IT;Value on 3rd Wed. at 11;Export;Harmonized;M;M
Physical Energy & Power Flows;2022;2;1431;1431;1431;SK;CZ;Value on 3rd Wed. at 11;Import;Harmonized;M;M
Physical Energy & Power Flows;2022;2;2014;2014;2014;SK;HU;Value on 3rd Wed. at 11;Export;Harmonized;M;M
Physical Energy & Power Flows;2022;2;1117;1117;1117;SK;PL;Value on 3rd Wed. at 11;Import;Harmonized;M;M
Physical Energy & Power Flows;2022;2;498;498;498;SK;UA;Value on 3rd Wed. at 11;Export;Harmonized;M;NaM
Physical Energy & Power Flows;2022;2;314;314;314;TR;BG;Value on 3rd Wed. at 11;Import;Harmonized;M;M
Physical Energy & Power Flows;2022;2;130;130;130;TR;GE;Value on 3rd Wed. at 11;Import;Harmonized;M;NaM
Physical Energy & Power Flows;2022;11;0;0;0;PL;CZ;Monthly Value;Import;Harmonized;M;M
Physical Energy & Power Flows;2022;2;513;513;513;TR;GR;Value on 3rd Wed. at 11;Export;Harmonized;M;M
Physical Energy & Power Flows;2022;2;26;26;26;UA;BY;Value on 3rd Wed. at 11;Import;Harmonized;NaM;NaM
Physical Energy & Power Flows;2022;2;386;386;386;UA;HU;Value on 3rd Wed. at 11;Export;Harmonized;NaM;M
Physical Energy & Power Flows;2022;2;44;44;44;UA;MD;Value on 3rd Wed. at 11;Import;Harmonized;NaM;NaM
Physical Energy & Power Flows;2022;2;216;216;216;UA;PL;Value on 3rd Wed. at 11;Export;Harmonized;NaM;M
Physical Energy & Power Flows;2022;2;555;555;555;UA;RO;Value on 3rd Wed. at 11;Export;Harmonized;NaM;M
Physical Energy & Power Flows;2022;2;455;455;455;UA;RU;Value on 3rd Wed. at 11;Import;Harmonized;NaM;NaM
Physical Energy & Power Flows;2022;2;498;498;498;UA;SK;Value on 3rd Wed. at 11;Import;Harmonized;NaM;M
Physical Energy & Power Flows;2022;2;98;98;98;XK;AL;Value on 3rd Wed. at 11;Import;Harmonized;M;M
Physical Energy & Power Flows;2022;2;167;167;167;XK;ME;Value on 3rd Wed. at 11;Import;Harmonized;M;M
Physical Energy & Power Flows;2022;2;90;90;90;XK;MK;Value on 3rd Wed. at 11;Export;Harmonized;M;M
Physical Energy & Power Flows;2022;2;267;267;267;XK;RS;Value on 3rd Wed. at 11;Import;Harmonized;M;M
Physical Energy & Power Flows;2022;2;1541;1541;1541;CZ;DE;Value on 3rd Wed. at 11;Import;Harmonized;M;M
Physical Energy & Power Flows;2022;2;730;730;730;CZ;PL;Value on 3rd Wed. at 11;Import;Harmonized;M;M
Physical Energy & Power Flows;2022;2;1431;1431;1431;CZ;SK;Value on 3rd Wed. at 11;Export;Harmonized;M;M
Physical Energy & Power Flows;2022;3;351;351;351;MK;BG;Value on 3rd Wed. at 03;Import;Harmonized;M;M
Physical Energy & Power Flows;2022;3;170;170;170;MK;GR;Value on 3rd Wed. at 03;Export;Harmonized;M;M
Physical Energy & Power Flows;2022;3;27;27;27;MK;RS;Value on 3rd Wed. at 03;Import;Harmonized;M;M
Physical Energy & Power Flows;2022;3;272;272;272;SE;PL;Value on 3rd Wed. at 03;Export;Harmonized;M;M
Physical Energy & Power Flows;2022;3;718;718;718;SI;AT;Value on 3rd Wed. at 03;Import;Harmonized;M;M
Physical Energy & Power Flows;2022;3;399;399;399;SI;HR;Value on 3rd Wed. at 03;Import;Harmonized;M;M
Physical Energy & Power Flows;2022;3;821;821;821;SI;IT;Value on 3rd Wed. at 03;Export;Harmonized;M;M
Physical Energy & Power Flows;2022;3;1152;1152;1152;SK;CZ;Value on 3rd Wed. at 03;Import;Harmonized;M;M
Physical Energy & Power Flows;2022;3;1746;1746;1746;SK;HU;Value on 3rd Wed. at 03;Export;Harmonized;M;M
Physical Energy & Power Flows;2022;3;1033;1033;1033;SK;PL;Value on 3rd Wed. at 03;Import;Harmonized;M;M
Physical Energy & Power Flows;2022;3;21;21;21;MK;XK;Value on 3rd Wed. at 03;Import;Harmonized;M;M
Physical Energy & Power Flows;2022;3;40;40;40;MT;IT;Value on 3rd Wed. at 03;Import;Harmonized;NaM;M
Physical Energy & Power Flows;2022;3;1030;1030;1030;NL;BE;Value on 3rd Wed. at 03;Export;Harmonized;M;M
Physical Energy & Power Flows;2022;3;209;209;209;NL;DE;Value on 3rd Wed. at 03;Import;Harmonized;M;M
Physical Energy & Power Flows;2022;3;87;87;87;NL;DK;Value on 3rd Wed. at 03;Import;Harmonized;M;M
Physical Energy & Power Flows;2022;3;185;185;185;NL;GB;Value on 3rd Wed. at 03;Export;Harmonized;M;M
Physical Energy & Power Flows;2022;3;425;425;425;NL;NO;Value on 3rd Wed. at 03;Import;Harmonized;M;M
Physical Energy & Power Flows;2022;3;1405;1405;1405;NO;DE;Value on 3rd Wed. at 03;Export;Harmonized;M;M
Physical Energy & Power Flows;2022;3;1632;1632;1632;NO;DK;Value on 3rd Wed. at 03;Export;Harmonized;M;M
Physical Energy & Power Flows;2022;3;56;56;56;NO;FI;Value on 3rd Wed. at 03;Export;Harmonized;M;M
Physical Energy & Power Flows;2022;3;1260;1260;1260;NO;GB;Value on 3rd Wed. at 03;Export;Harmonized;M;M
Physical Energy & Power Flows;2022;3;425;425;425;NO;NL;Value on 3rd Wed. at 03;Export;Harmonized;M;M
Physical Energy & Power Flows;2022;3;350;350;350;NO;SE;Value on 3rd Wed. at 03;Import;Harmonized;M;M
Physical Energy & Power Flows;2022;3;144;144;144;ME;BA;Value on 3rd Wed. at 11;Export;Harmonized;M;M
Physical Energy & Power Flows;2022;3;258;258;258;ME;IT;Value on 3rd Wed. at 11;Import;Harmonized;M;M
Physical Energy & Power Flows;2022;3;86;86;86;ME;RS;Value on 3rd Wed. at 11;Export;Harmonized;M;M
Physical Energy & Power Flows;2022;3;60;60;60;ME;XK;Value on 3rd Wed. at 11;Export;Harmonized;M;M
Physical Energy & Power Flows;2022;3;64;64;64;MK;BG;Value on 3rd Wed. at 11;Import;Harmonized;M;M
Physical Energy & Power Flows;2022;3;678;678;678;MK;GR;Value on 3rd Wed. at 11;Import;Harmonized;M;M
Physical Energy & Power Flows;2022;3;23;23;23;MK;RS;Value on 3rd Wed. at 11;Export;Harmonized;M;M
Physical Energy & Power Flows;2022;3;148;148;148;MK;XK;Value on 3rd Wed. at 11;Export;Harmonized;M;M
Physical Energy & Power Flows;2022;3;49;49;49;MT;IT;Value on 3rd Wed. at 11;Import;Harmonized;NaM;M
Physical Energy & Power Flows;2022;3;2823;2823;2823;NL;BE;Value on 3rd Wed. at 11;Export;Harmonized;M;M
Physical Energy & Power Flows;2022;3;1409;1409;1409;NL;DE;Value on 3rd Wed. at 11;Import;Harmonized;M;M
Physical Energy & Power Flows;2022;3;371;371;371;NL;DK;Value on 3rd Wed. at 11;Export;Harmonized;M;M
Physical Energy & Power Flows;2022;3;1024;1024;1024;NL;GB;Value on 3rd Wed. at 11;Export;Harmonized;M;M
Physical Energy & Power Flows;2022;3;389;389;389;NL;NO;Value on 3rd Wed. at 11;Import;Harmonized;M;M
Physical Energy & Power Flows;2022;3;542;542;542;NO;DE;Value on 3rd Wed. at 11;Export;Harmonized;M;M
Physical Energy & Power Flows;2022;3;1624;1624;1624;NO;DK;Value on 3rd Wed. at 11;Export;Harmonized;M;M
Physical Energy & Power Flows;2022;3;51;51;51;NO;FI;Value on 3rd Wed. at 11;Export;Harmonized;M;M
Physical Energy & Power Flows;2022;3;1260;1260;1260;NO;GB;Value on 3rd Wed. at 11;Export;Harmonized;M;M
Physical Energy & Power Flows;2022;3;389;389;389;NO;NL;Value on 3rd Wed. at 11;Export;Harmonized;M;M
Physical Energy & Power Flows;2022;3;1188;1188;1188;NO;SE;Value on 3rd Wed. at 11;Export;Harmonized;M;M
Physical Energy & Power Flows;2022;3;1418;1418;1418;PL;CZ;Value on 3rd Wed. at 11;Export;Harmonized;M;M
Physical Energy & Power Flows;2022;3;968;968;968;PL;DE;Value on 3rd Wed. at 11;Import;Harmonized;M;M
Physical Energy & Power Flows;2022;3;487;487;487;PL;LT;Value on 3rd Wed. at 11;Import;Harmonized;M;M
Physical Energy & Power Flows;2022;3;597;597;597;PL;SE;Value on 3rd Wed. at 11;Import;Harmonized;M;M
Physical Energy & Power Flows;2022;3;865;865;865;PL;SK;Value on 3rd Wed. at 11;Export;Harmonized;M;M
Physical Energy & Power Flows;2022;3;0;0;0;PL;UA;Value on 3rd Wed. at 11;Import;Harmonized;M;NaM
Physical Energy & Power Flows;2022;3;334;334;334;PT;ES;Value on 3rd Wed. at 11;Import;Harmonized;M;M
Physical Energy & Power Flows;2022;3;1190;1190;1190;RO;BG;Value on 3rd Wed. at 11;Import;Harmonized;M;M
Physical Energy & Power Flows;2022;3;331;331;331;RO;HU;Value on 3rd Wed. at 11;Import;Harmonized;M;M
Physical Energy & Power Flows;2022;3;272;272;272;RO;RS;Value on 3rd Wed. at 11;Import;Harmonized;M;M
Physical Energy & Power Flows;2022;3;294;294;294;RO;UA;Value on 3rd Wed. at 11;Import;Harmonized;M;NaM
Physical Energy & Power Flows;2022;3;2;2;2;RS;BA;Value on 3rd Wed. at 11;Export;Harmonized;M;M
Physical Energy & Power Flows;2022;3;253;253;253;RS;BG;Value on 3rd Wed. at 11;Import;Harmonized;M;M
Physical Energy & Power Flows;2022;3;99;99;99;RS;HR;Value on 3rd Wed. at 11;Export;Harmonized;M;M
Physical Energy & Power Flows;2022;3;48;48;48;RS;HU;Value on 3rd Wed. at 11;Export;Harmonized;M;M
Physical Energy & Power Flows;2022;3;86;86;86;RS;ME;Value on 3rd Wed. at 11;Import;Harmonized;M;M
Physical Energy & Power Flows;2022;3;23;23;23;RS;MK;Value on 3rd Wed. at 11;Import;Harmonized;M;M
Physical Energy & Power Flows;2022;3;272;272;272;RS;RO;Value on 3rd Wed. at 11;Export;Harmonized;M;M
Physical Energy & Power Flows;2022;3;119;119;119;RS;XK;Value on 3rd Wed. at 11;Import;Harmonized;M;M
Physical Energy & Power Flows;2022;3;345;345;345;RU;EE;Value on 3rd Wed. at 11;Import;Harmonized;NaM;M
Physical Energy & Power Flows;2022;3;1424;1424;1424;RU;FI;Value on 3rd Wed. at 11;Export;Harmonized;NaM;M
Physical Energy & Power Flows;2022;3;679;679;679;RU;GE;Value on 3rd Wed. at 11;Export;Harmonized;NaM;NaM
Physical Energy & Power Flows;2022;3;283;283;283;RU;LT;Value on 3rd Wed. at 11;Export;Harmonized;NaM;M
Physical Energy & Power Flows;2022;3;65;65;65;RU;LV;Value on 3rd Wed. at 11;Export;Harmonized;NaM;M
Physical Energy & Power Flows;2022;3;454;454;454;SE;DE;Value on 3rd Wed. at 11;Export;Harmonized;M;M
Physical Energy & Power Flows;2022;3;1334;1334;1334;SE;DK;Value on 3rd Wed. at 11;Export;Harmonized;M;M
Physical Energy & Power Flows;2022;3;1016;1016;1016;SE;FI;Value on 3rd Wed. at 11;Export;Harmonized;M;M
Physical Energy & Power Flows;2022;3;485;485;485;SE;LT;Value on 3rd Wed. at 11;Export;Harmonized;M;M
Physical Energy & Power Flows;2022;3;1188;1188;1188;SE;NO;Value on 3rd Wed. at 11;Import;Harmonized;M;M
Physical Energy & Power Flows;2022;3;597;597;597;SE;PL;Value on 3rd Wed. at 11;Export;Harmonized;M;M
Physical Energy & Power Flows;2022;3;841;841;841;SI;AT;Value on 3rd Wed. at 11;Import;Harmonized;M;M
Physical Energy & Power Flows;2022;3;161;161;161;SI;HR;Value on 3rd Wed. at 11;Import;Harmonized;M;M
Physical Energy & Power Flows;2022;3;863;863;863;SI;IT;Value on 3rd Wed. at 11;Export;Harmonized;M;M
Physical Energy & Power Flows;2022;3;1543;1543;1543;PL;CZ;Value on 3rd Wed. at 03;Export;Harmonized;M;M
Physical Energy & Power Flows;2022;3;887;887;887;PL;DE;Value on 3rd Wed. at 03;Import;Harmonized;M;M
Physical Energy & Power Flows;2022;3;300;300;300;PL;LT;Value on 3rd Wed. at 03;Export;Harmonized;M;M
Physical Energy & Power Flows;2022;3;272;272;272;PL;SE;Value on 3rd Wed. at 03;Import;Harmonized;M;M
Physical Energy & Power Flows;2022;3;1033;1033;1033;PL;SK;Value on 3rd Wed. at 03;Export;Harmonized;M;M
Physical Energy & Power Flows;2022;3;0;0;0;PL;UA;Value on 3rd Wed. at 03;Import;Harmonized;M;NaM
Physical Energy & Power Flows;2022;3;2156;2156;2156;PT;ES;Value on 3rd Wed. at 03;Import;Harmonized;M;M
Physical Energy & Power Flows;2022;3;435;435;435;RO;BG;Value on 3rd Wed. at 03;Import;Harmonized;M;M
Physical Energy & Power Flows;2022;3;304;304;304;RO;HU;Value on 3rd Wed. at 03;Import;Harmonized;M;M
Physical Energy & Power Flows;2022;3;0;0;0;RO;MD;Value on 3rd Wed. at 03;Import;Harmonized;M;NaM
Physical Energy & Power Flows;2022;3;346;346;346;RO;RS;Value on 3rd Wed. at 03;Export;Harmonized;M;M
Physical Energy & Power Flows;2022;3;385;385;385;RO;UA;Value on 3rd Wed. at 03;Import;Harmonized;M;NaM
Physical Energy & Power Flows;2022;3;114;114;114;RS;BA;Value on 3rd Wed. at 03;Export;Harmonized;M;M
Physical Energy & Power Flows;2022;3;347;347;347;RS;BG;Value on 3rd Wed. at 03;Import;Harmonized;M;M
Physical Energy & Power Flows;2022;3;1;1;1;RS;HR;Value on 3rd Wed. at 03;Export;Harmonized;M;M
Physical Energy & Power Flows;2022;3;167;167;167;RS;HU;Value on 3rd Wed. at 03;Import;Harmonized;M;M
Physical Energy & Power Flows;2022;3;61;61;61;RS;ME;Value on 3rd Wed. at 03;Import;Harmonized;M;M
Physical Energy & Power Flows;2022;3;27;27;27;RS;MK;Value on 3rd Wed. at 03;Export;Harmonized;M;M
Physical Energy & Power Flows;2022;3;346;346;346;RS;RO;Value on 3rd Wed. at 03;Import;Harmonized;M;M
Physical Energy & Power Flows;2022;3;300;300;300;RS;XK;Value on 3rd Wed. at 03;Export;Harmonized;M;M
Physical Energy & Power Flows;2022;3;296;296;296;RU;EE;Value on 3rd Wed. at 03;Import;Harmonized;NaM;M
Physical Energy & Power Flows;2022;3;1430;1430;1430;RU;FI;Value on 3rd Wed. at 03;Export;Harmonized;NaM;M
Physical Energy & Power Flows;2022;3;572;572;572;RU;GE;Value on 3rd Wed. at 03;Export;Harmonized;NaM;NaM
Physical Energy & Power Flows;2022;3;292;292;292;RU;LT;Value on 3rd Wed. at 03;Export;Harmonized;NaM;M
Physical Energy & Power Flows;2022;3;50;50;50;RU;LV;Value on 3rd Wed. at 03;Export;Harmonized;NaM;M
Physical Energy & Power Flows;2022;3;603;603;603;SE;DE;Value on 3rd Wed. at 03;Export;Harmonized;M;M
Physical Energy & Power Flows;2022;3;1332;1332;1332;SE;DK;Value on 3rd Wed. at 03;Export;Harmonized;M;M
Physical Energy & Power Flows;2022;3;1180;1180;1180;SE;FI;Value on 3rd Wed. at 03;Export;Harmonized;M;M
Physical Energy & Power Flows;2022;3;588;588;588;SE;LT;Value on 3rd Wed. at 03;Export;Harmonized;M;M
Physical Energy & Power Flows;2022;3;350;350;350;SE;NO;Value on 3rd Wed. at 03;Export;Harmonized;M;M
Physical Energy & Power Flows;2022;4;224;224;224;GE;TR;Value on 3rd Wed. at 03;Export;Harmonized;NaM;M
Physical Energy & Power Flows;2022;4;68;68;68;MD;RO;Value on 3rd Wed. at 03;Import;Harmonized;NaM;M
Physical Energy & Power Flows;2022;4;17;17;17;MD;UA;Value on 3rd Wed. at 03;Export;Harmonized;NaM;NaM
Physical Energy & Power Flows;2022;4;8;8;8;ME;AL;Value on 3rd Wed. at 03;Export;Harmonized;M;M
Physical Energy & Power Flows;2022;4;420;420;420;ME;BA;Value on 3rd Wed. at 03;Import;Harmonized;M;M
Physical Energy & Power Flows;2022;4;542;542;542;ME;IT;Value on 3rd Wed. at 03;Export;Harmonized;M;M
Physical Energy & Power Flows;2022;4;9;9;9;ME;RS;Value on 3rd Wed. at 03;Export;Harmonized;M;M
Physical Energy & Power Flows;2022;4;16;16;16;ME;XK;Value on 3rd Wed. at 03;Import;Harmonized;M;M
Physical Energy & Power Flows;2022;4;337;337;337;MK;BG;Value on 3rd Wed. at 03;Import;Harmonized;M;M
Physical Energy & Power Flows;2022;4;295;295;295;MK;GR;Value on 3rd Wed. at 03;Export;Harmonized;M;M
Physical Energy & Power Flows;2022;4;56;56;56;MK;RS;Value on 3rd Wed. at 03;Export;Harmonized;M;M
Physical Energy & Power Flows;2022;4;138;138;138;MK;XK;Value on 3rd Wed. at 03;Import;Harmonized;M;M
Physical Energy & Power Flows;2022;4;59;59;59;MT;IT;Value on 3rd Wed. at 03;Import;Harmonized;NaM;M
Physical Energy & Power Flows;2022;4;1975;1975;1975;NL;BE;Value on 3rd Wed. at 03;Import;Harmonized;M;M
Physical Energy & Power Flows;2022;4;1339;1339;1339;NL;DE;Value on 3rd Wed. at 03;Export;Harmonized;M;M
Physical Energy & Power Flows;2022;4;55;55;55;NL;DK;Value on 3rd Wed. at 03;Export;Harmonized;M;M
Physical Energy & Power Flows;2022;4;909;909;909;NL;GB;Value on 3rd Wed. at 03;Import;Harmonized;M;M
Physical Energy & Power Flows;2022;4;13;13;13;NL;NO;Value on 3rd Wed. at 03;Import;Harmonized;M;M
Physical Energy & Power Flows;2022;4;222;222;222;NO;DE;Value on 3rd Wed. at 03;Export;Harmonized;M;M
Physical Energy & Power Flows;2022;4;368;368;368;NO;DK;Value on 3rd Wed. at 03;Export;Harmonized;M;M
Physical Energy & Power Flows;2022;4;48;48;48;NO;FI;Value on 3rd Wed. at 03;Export;Harmonized;M;M
Physical Energy & Power Flows;2022;4;486;486;486;PL;LT;Value on 3rd Wed. at 11;Import;Harmonized;M;M
Physical Energy & Power Flows;2022;4;347;347;347;PL;SE;Value on 3rd Wed. at 11;Import;Harmonized;M;M
Physical Energy & Power Flows;2022;4;822;822;822;PL;SK;Value on 3rd Wed. at 11;Export;Harmonized;M;M
Physical Energy & Power Flows;2022;4;197;197;197;PL;UA;Value on 3rd Wed. at 11;Import;Harmonized;M;NaM
Physical Energy & Power Flows;2022;4;725;725;725;PT;ES;Value on 3rd Wed. at 11;Import;Harmonized;M;M
Physical Energy & Power Flows;2022;4;333;333;333;RO;BG;Value on 3rd Wed. at 11;Import;Harmonized;M;M
Physical Energy & Power Flows;2022;4;424;424;424;RO;HU;Value on 3rd Wed. at 11;Import;Harmonized;M;M
Physical Energy & Power Flows;2022;4;0;0;0;RO;MD;Value on 3rd Wed. at 11;Import;Harmonized;M;NaM
Physical Energy & Power Flows;2022;4;102;102;102;RO;RS;Value on 3rd Wed. at 11;Export;Harmonized;M;M
Physical Energy & Power Flows;2022;4;393;393;393;RO;UA;Value on 3rd Wed. at 11;Import;Harmonized;M;NaM
Physical Energy & Power Flows;2022;4;184;184;184;RS;BA;Value on 3rd Wed. at 11;Import;Harmonized;M;M
Physical Energy & Power Flows;2022;4;292;292;292;RS;BG;Value on 3rd Wed. at 11;Import;Harmonized;M;M
Physical Energy & Power Flows;2022;4;138;138;138;RS;HR;Value on 3rd Wed. at 11;Import;Harmonized;M;M
Physical Energy & Power Flows;2022;4;278;278;278;RS;HU;Value on 3rd Wed. at 11;Import;Harmonized;M;M
Physical Energy & Power Flows;2022;4;258;258;258;RS;ME;Value on 3rd Wed. at 11;Export;Harmonized;M;M
Physical Energy & Power Flows;2022;4;30;30;30;RS;MK;Value on 3rd Wed. at 11;Import;Harmonized;M;M
Physical Energy & Power Flows;2022;4;102;102;102;RS;RO;Value on 3rd Wed. at 11;Import;Harmonized;M;M
Physical Energy & Power Flows;2022;4;309;309;309;RS;XK;Value on 3rd Wed. at 11;Export;Harmonized;M;M
Physical Energy & Power Flows;2022;4;87;87;87;RU;EE;Value on 3rd Wed. at 11;Import;Harmonized;NaM;M
Physical Energy & Power Flows;2022;4;1371;1371;1371;RU;FI;Value on 3rd Wed. at 11;Export;Harmonized;NaM;M
Physical Energy & Power Flows;2022;4;166;166;166;RU;GE;Value on 3rd Wed. at 11;Export;Harmonized;NaM;NaM
Physical Energy & Power Flows;2022;4;192;192;192;RU;LT;Value on 3rd Wed. at 11;Export;Harmonized;NaM;M
Physical Energy & Power Flows;2022;4;15;15;15;RU;LV;Value on 3rd Wed. at 11;Import;Harmonized;NaM;M
Physical Energy & Power Flows;2022;4;244;244;244;SE;DE;Value on 3rd Wed. at 11;Export;Harmonized;M;M
Physical Energy & Power Flows;2022;4;4;4;4;SE;DK;Value on 3rd Wed. at 11;Import;Harmonized;M;M
Physical Energy & Power Flows;2022;4;740;740;740;SE;FI;Value on 3rd Wed. at 11;Export;Harmonized;M;M
Physical Energy & Power Flows;2022;4;393;393;393;SE;LT;Value on 3rd Wed. at 11;Export;Harmonized;M;M
Physical Energy & Power Flows;2022;4;1300;1300;1300;SE;NO;Value on 3rd Wed. at 11;Export;Harmonized;M;M
Physical Energy & Power Flows;2022;4;347;347;347;SE;PL;Value on 3rd Wed. at 11;Export;Harmonized;M;M
Physical Energy & Power Flows;2022;4;1103;1103;1103;SI;AT;Value on 3rd Wed. at 11;Import;Harmonized;M;M
Physical Energy & Power Flows;2022;4;218;218;218;SI;HR;Value on 3rd Wed. at 11;Export;Harmonized;M;M
Physical Energy & Power Flows;2022;4;862;862;862;SI;IT;Value on 3rd Wed. at 11;Export;Harmonized;M;M
Physical Energy & Power Flows;2022;4;1207;1207;1207;SK;CZ;Value on 3rd Wed. at 11;Import;Harmonized;M;M
Physical Energy & Power Flows;2022;4;955;955;955;SK;HU;Value on 3rd Wed. at 11;Export;Harmonized;M;M
Physical Energy & Power Flows;2022;4;822;822;822;SK;PL;Value on 3rd Wed. at 11;Import;Harmonized;M;M
Physical Energy & Power Flows;2022;4;365;365;365;SK;UA;Value on 3rd Wed. at 11;Export;Harmonized;M;NaM
Physical Energy & Power Flows;2022;4;132;132;132;TR;BG;Value on 3rd Wed. at 11;Export;Harmonized;M;M
Physical Energy & Power Flows;2022;4;224;224;224;TR;GE;Value on 3rd Wed. at 11;Import;Harmonized;M;NaM
Physical Energy & Power Flows;2022;4;0;0;0;TR;GR;Value on 3rd Wed. at 11;Import;Harmonized;M;M
Physical Energy & Power Flows;2022;4;7;7;7;UA;HU;Value on 3rd Wed. at 11;Import;Harmonized;NaM;M
Physical Energy & Power Flows;2022;4;12;12;12;UA;MD;Value on 3rd Wed. at 11;Import;Harmonized;NaM;NaM
Physical Energy & Power Flows;2022;4;197;197;197;UA;PL;Value on 3rd Wed. at 11;Export;Harmonized;NaM;M
Physical Energy & Power Flows;2022;4;393;393;393;UA;RO;Value on 3rd Wed. at 11;Export;Harmonized;NaM;M
Physical Energy & Power Flows;2022;4;365;365;365;UA;SK;Value on 3rd Wed. at 11;Import;Harmonized;NaM;M
Physical Energy & Power Flows;2022;4;95;95;95;XK;AL;Value on 3rd Wed. at 11;Import;Harmonized;M;M
Physical Energy & Power Flows;2022;4;157;157;157;XK;ME;Value on 3rd Wed. at 11;Import;Harmonized;M;M
Physical Energy & Power Flows;2022;4;126;126;126;XK;MK;Value on 3rd Wed. at 11;Export;Harmonized;M;M
Physical Energy & Power Flows;2022;4;309;309;309;XK;RS;Value on 3rd Wed. at 11;Import;Harmonized;M;M
Physical Energy & Power Flows;2022;4;100;100;100;GR;AL;Value on 3rd Wed. at 03;Import;Harmonized;M;M
Physical Energy & Power Flows;2022;4;330;330;330;GR;BG;Value on 3rd Wed. at 03;Import;Harmonized;M;M
Physical Energy & Power Flows;2022;4;489;489;489;GR;IT;Value on 3rd Wed. at 03;Import;Harmonized;M;M
Physical Energy & Power Flows;2022;4;295;295;295;GR;MK;Value on 3rd Wed. at 03;Import;Harmonized;M;M
Physical Energy & Power Flows;2022;4;451;451;451;GR;TR;Value on 3rd Wed. at 03;Import;Harmonized;M;M
Physical Energy & Power Flows;2022;4;20;20;20;HR;BA;Value on 3rd Wed. at 03;Export;Harmonized;M;M
Physical Energy & Power Flows;2022;4;627;627;627;HR;HU;Value on 3rd Wed. at 03;Import;Harmonized;M;M
Physical Energy & Power Flows;2022;4;60;60;60;HR;RS;Value on 3rd Wed. at 03;Export;Harmonized;M;M
Physical Energy & Power Flows;2022;4;330;330;330;HR;SI;Value on 3rd Wed. at 03;Export;Harmonized;M;M
Physical Energy & Power Flows;2022;4;692;692;692;HU;AT;Value on 3rd Wed. at 03;Import;Harmonized;M;M
Physical Energy & Power Flows;2022;4;627;627;627;HU;HR;Value on 3rd Wed. at 03;Export;Harmonized;M;M
Physical Energy & Power Flows;2022;4;287;287;287;HU;RO;Value on 3rd Wed. at 03;Export;Harmonized;M;M
Physical Energy & Power Flows;2022;4;99;99;99;HU;RS;Value on 3rd Wed. at 03;Export;Harmonized;M;M
Physical Energy & Power Flows;2022;4;1321;1321;1321;HU;SK;Value on 3rd Wed. at 03;Import;Harmonized;M;M
Physical Energy & Power Flows;2022;4;342;342;342;HU;UA;Value on 3rd Wed. at 03;Import;Harmonized;M;NaM
Physical Energy & Power Flows;2022;4;195;195;195;IT;AT;Value on 3rd Wed. at 03;Import;Harmonized;M;M
Physical Energy & Power Flows;2022;4;2899;2899;2899;IT;CH;Value on 3rd Wed. at 03;Import;Harmonized;M;M
Physical Energy & Power Flows;2022;4;3067;3067;3067;IT;FR;Value on 3rd Wed. at 03;Import;Harmonized;M;M
Physical Energy & Power Flows;2022;4;489;489;489;IT;GR;Value on 3rd Wed. at 03;Export;Harmonized;M;M
Physical Energy & Power Flows;2022;4;542;542;542;IT;ME;Value on 3rd Wed. at 03;Import;Harmonized;M;M
Physical Energy & Power Flows;2022;4;59;59;59;IT;MT;Value on 3rd Wed. at 03;Export;Harmonized;M;NaM
Physical Energy & Power Flows;2022;4;907;907;907;IT;SI;Value on 3rd Wed. at 03;Import;Harmonized;M;M
Physical Energy & Power Flows;2022;4;242;242;242;LT;BY;Value on 3rd Wed. at 03;Import;Harmonized;M;NaM
Physical Energy & Power Flows;2022;4;738;738;738;LT;LV;Value on 3rd Wed. at 03;Import;Harmonized;M;M
Physical Energy & Power Flows;2022;4;486;486;486;LT;PL;Value on 3rd Wed. at 03;Export;Harmonized;M;M
Physical Energy & Power Flows;2022;4;157;157;157;LT;RU;Value on 3rd Wed. at 03;Import;Harmonized;M;NaM
Physical Energy & Power Flows;2022;4;396;396;396;LT;SE;Value on 3rd Wed. at 03;Import;Harmonized;M;M
Physical Energy & Power Flows;2022;4;252;252;252;LU;BE;Value on 3rd Wed. at 03;Import;Harmonized;M;M
Physical Energy & Power Flows;2022;4;118;118;118;LU;DE;Value on 3rd Wed. at 03;Import;Harmonized;M;M
Physical Energy & Power Flows;2022;4;364;364;364;LV;EE;Value on 3rd Wed. at 03;Import;Harmonized;M;M
Physical Energy & Power Flows;2022;4;738;738;738;LV;LT;Value on 3rd Wed. at 03;Export;Harmonized;M;M
Physical Energy & Power Flows;2022;4;22;22;22;LV;RU;Value on 3rd Wed. at 03;Import;Harmonized;M;NaM
Physical Energy & Power Flows;2022;5;0;0;0;PL;LT;Value on 3rd Wed. at 11;Import;Harmonized;M;M
Physical Energy & Power Flows;2022;5;1763;1763;1763;DK;DE;Value on 3rd Wed. at 03;Export;Harmonized;M;M
Physical Energy & Power Flows;2022;5;700;700;700;DK;NL;Value on 3rd Wed. at 03;Export;Harmonized;M;M
Physical Energy & Power Flows;2022;5;22;22;22;DK;NO;Value on 3rd Wed. at 03;Export;Harmonized;M;M
Physical Energy & Power Flows;2022;5;1666;1666;1666;DK;SE;Value on 3rd Wed. at 03;Import;Harmonized;M;M
Physical Energy & Power Flows;2022;5;1000;1000;1000;EE;FI;Value on 3rd Wed. at 03;Import;Harmonized;M;M
Physical Energy & Power Flows;2022;5;708;708;708;EE;LV;Value on 3rd Wed. at 03;Export;Harmonized;M;M
Physical Energy & Power Flows;2022;5;331;331;331;EE;RU;Value on 3rd Wed. at 03;Export;Harmonized;M;NaM
Physical Energy & Power Flows;2022;5;1377;1377;1377;ES;FR;Value on 3rd Wed. at 03;Import;Harmonized;M;M
Physical Energy & Power Flows;2022;5;1005;1005;1005;ES;PT;Value on 3rd Wed. at 03;Export;Harmonized;M;M
Physical Energy & Power Flows;2022;5;1000;1000;1000;FI;EE;Value on 3rd Wed. at 03;Export;Harmonized;M;M
Physical Energy & Power Flows;2022;5;46;46;46;FI;NO;Value on 3rd Wed. at 03;Import;Harmonized;M;M
Physical Energy & Power Flows;2022;5;0;0;0;FI;RU;Value on 3rd Wed. at 03;Export;Harmonized;M;NaM
Physical Energy & Power Flows;2022;5;1534;1534;1534;FI;SE;Value on 3rd Wed. at 03;Import;Harmonized;M;M
Physical Energy & Power Flows;2022;5;509;509;509;FR;BE;Value on 3rd Wed. at 03;Import;Harmonized;M;M
Physical Energy & Power Flows;2022;5;594;594;594;FR;CH;Value on 3rd Wed. at 03;Export;Harmonized;M;M
Physical Energy & Power Flows;2022;5;623;623;623;FR;DE;Value on 3rd Wed. at 03;Export;Harmonized;M;M
Physical Energy & Power Flows;2022;5;1377;1377;1377;FR;ES;Value on 3rd Wed. at 03;Export;Harmonized;M;M
Physical Energy & Power Flows;2022;5;1690;1690;1690;FR;GB;Value on 3rd Wed. at 03;Import;Harmonized;M;M
Physical Energy & Power Flows;2022;5;2060;2060;2060;FR;IT;Value on 3rd Wed. at 03;Export;Harmonized;M;M
Physical Energy & Power Flows;2022;5;1000;1000;1000;GB;BE;Value on 3rd Wed. at 03;Export;Harmonized;M;M
Physical Energy & Power Flows;2022;5;1690;1690;1690;GB;FR;Value on 3rd Wed. at 03;Export;Harmonized;M;M
Physical Energy & Power Flows;2022;5;0;0;0;GB;NL;Value on 3rd Wed. at 03;Import;Harmonized;M;M
Physical Energy & Power Flows;2022;5;694;694;694;GB;NO;Value on 3rd Wed. at 03;Export;Harmonized;M;M
Physical Energy & Power Flows;2022;5;39;39;39;GE;AM;Value on 3rd Wed. at 03;Export;Harmonized;NaM;NaM
Physical Energy & Power Flows;2022;5;18;18;18;GE;AZ;Value on 3rd Wed. at 03;Import;Harmonized;NaM;NaM
Physical Energy & Power Flows;2022;5;16;16;16;GE;RU;Value on 3rd Wed. at 03;Import;Harmonized;NaM;NaM
Physical Energy & Power Flows;2022;5;324;324;324;GE;TR;Value on 3rd Wed. at 03;Export;Harmonized;NaM;M
Physical Energy & Power Flows;2022;5;107;107;107;GR;AL;Value on 3rd Wed. at 03;Import;Harmonized;M;M
Physical Energy & Power Flows;2022;5;405;405;405;GR;BG;Value on 3rd Wed. at 03;Import;Harmonized;M;M
Physical Energy & Power Flows;2022;5;447;447;447;GR;IT;Value on 3rd Wed. at 03;Export;Harmonized;M;M
Physical Energy & Power Flows;2022;5;489;489;489;GR;MK;Value on 3rd Wed. at 03;Import;Harmonized;M;M
Physical Energy & Power Flows;2022;5;609;609;609;GR;TR;Value on 3rd Wed. at 03;Import;Harmonized;M;M
Physical Energy & Power Flows;2022;5;291;291;291;HR;BA;Value on 3rd Wed. at 03;Import;Harmonized;M;M
Physical Energy & Power Flows;2022;5;507;507;507;HR;HU;Value on 3rd Wed. at 03;Import;Harmonized;M;M
Physical Energy & Power Flows;2022;5;102;102;102;HR;RS;Value on 3rd Wed. at 03;Import;Harmonized;M;M
Physical Energy & Power Flows;2022;5;679;679;679;HR;SI;Value on 3rd Wed. at 03;Export;Harmonized;M;M
Physical Energy & Power Flows;2022;5;138;138;138;HU;AT;Value on 3rd Wed. at 03;Import;Harmonized;M;M
Physical Energy & Power Flows;2022;5;507;507;507;HU;HR;Value on 3rd Wed. at 03;Export;Harmonized;M;M
Physical Energy & Power Flows;2022;5;9;9;9;HU;RO;Value on 3rd Wed. at 03;Export;Harmonized;M;M
Physical Energy & Power Flows;2022;5;11;11;11;HU;RS;Value on 3rd Wed. at 03;Import;Harmonized;M;M
Physical Energy & Power Flows;2022;5;955;955;955;HU;SK;Value on 3rd Wed. at 03;Import;Harmonized;M;M
Physical Energy & Power Flows;2022;5;377;377;377;HU;UA;Value on 3rd Wed. at 03;Import;Harmonized;M;NaM
Physical Energy & Power Flows;2022;5;230;230;230;IT;AT;Value on 3rd Wed. at 03;Import;Harmonized;M;M
Physical Energy & Power Flows;2022;5;2246;2246;2246;IT;CH;Value on 3rd Wed. at 03;Import;Harmonized;M;M
Physical Energy & Power Flows;2022;5;2060;2060;2060;IT;FR;Value on 3rd Wed. at 03;Import;Harmonized;M;M
Physical Energy & Power Flows;2022;5;447;447;447;IT;GR;Value on 3rd Wed. at 03;Import;Harmonized;M;M
Physical Energy & Power Flows;2022;5;551;551;551;IT;ME;Value on 3rd Wed. at 03;Import;Harmonized;M;M
Physical Energy & Power Flows;2022;5;39;39;39;IT;MT;Value on 3rd Wed. at 03;Export;Harmonized;M;NaM
Physical Energy & Power Flows;2022;5;1013;1013;1013;IT;SI;Value on 3rd Wed. at 03;Import;Harmonized;M;M
Physical Energy & Power Flows;2022;5;171;171;171;LT;BY;Value on 3rd Wed. at 03;Import;Harmonized;M;NaM
Physical Energy & Power Flows;2022;5;385;385;385;LT;LV;Value on 3rd Wed. at 03;Import;Harmonized;M;M
Physical Energy & Power Flows;2022;5;0;0;0;LT;PL;Value on 3rd Wed. at 03;Import;Harmonized;M;M
Physical Energy & Power Flows;2022;5;144;144;144;LT;RU;Value on 3rd Wed. at 03;Import;Harmonized;M;NaM
Physical Energy & Power Flows;2022;5;424;424;424;LU;DE;Value on 3rd Wed. at 11;Import;Harmonized;M;M
Physical Energy & Power Flows;2022;5;342;342;342;LV;EE;Value on 3rd Wed. at 11;Import;Harmonized;M;M
Physical Energy & Power Flows;2022;5;167;167;167;LV;LT;Value on 3rd Wed. at 11;Export;Harmonized;M;M
Physical Energy & Power Flows;2022;5;64;64;64;LV;RU;Value on 3rd Wed. at 11;Import;Harmonized;M;NaM
Physical Energy & Power Flows;2022;5;350;350;350;MD;RO;Value on 3rd Wed. at 11;Import;Harmonized;NaM;M
Physical Energy & Power Flows;2022;5;211;211;211;MD;UA;Value on 3rd Wed. at 11;Export;Harmonized;NaM;NaM
Physical Energy & Power Flows;2022;5;187;187;187;ME;AL;Value on 3rd Wed. at 11;Import;Harmonized;M;M
Physical Energy & Power Flows;2022;5;66;66;66;ME;BA;Value on 3rd Wed. at 11;Import;Harmonized;M;M
Physical Energy & Power Flows;2022;5;551;551;551;ME;IT;Value on 3rd Wed. at 11;Export;Harmonized;M;M
Physical Energy & Power Flows;2022;5;16;16;16;ME;RS;Value on 3rd Wed. at 11;Export;Harmonized;M;M
Physical Energy & Power Flows;2022;5;235;235;235;ME;XK;Value on 3rd Wed. at 11;Import;Harmonized;M;M
Physical Energy & Power Flows;2022;5;359;359;359;MK;BG;Value on 3rd Wed. at 11;Import;Harmonized;M;M
Physical Energy & Power Flows;2022;5;318;318;318;MK;GR;Value on 3rd Wed. at 11;Export;Harmonized;M;M
Physical Energy & Power Flows;2022;5;18;18;18;MK;RS;Value on 3rd Wed. at 11;Import;Harmonized;M;M
Physical Energy & Power Flows;2022;5;33;33;33;MK;XK;Value on 3rd Wed. at 11;Import;Harmonized;M;M
Physical Energy & Power Flows;2022;5;29;29;29;MT;IT;Value on 3rd Wed. at 11;Import;Harmonized;NaM;M
Physical Energy & Power Flows;2022;5;65;65;65;NL;BE;Value on 3rd Wed. at 11;Import;Harmonized;M;M
Physical Energy & Power Flows;2022;5;822;822;822;NL;DE;Value on 3rd Wed. at 11;Import;Harmonized;M;M
Physical Energy & Power Flows;2022;5;291;291;291;NL;DK;Value on 3rd Wed. at 11;Export;Harmonized;M;M
Physical Energy & Power Flows;2022;5;0;0;0;NL;GB;Value on 3rd Wed. at 11;Export;Harmonized;M;M
Physical Energy & Power Flows;2022;5;0;0;0;NL;NO;Value on 3rd Wed. at 11;Import;Harmonized;M;M
Physical Energy & Power Flows;2022;5;850;850;850;NO;DE;Value on 3rd Wed. at 11;Export;Harmonized;M;M
Physical Energy & Power Flows;2022;5;204;204;204;NO;DK;Value on 3rd Wed. at 11;Import;Harmonized;M;M
Physical Energy & Power Flows;2022;5;54;54;54;NO;FI;Value on 3rd Wed. at 11;Export;Harmonized;M;M
Physical Energy & Power Flows;2022;5;694;694;694;NO;GB;Value on 3rd Wed. at 11;Import;Harmonized;M;M
Physical Energy & Power Flows;2022;5;0;0;0;NO;NL;Value on 3rd Wed. at 11;Import;Harmonized;M;M
Physical Energy & Power Flows;2022;5;376;376;376;NO;SE;Value on 3rd Wed. at 11;Export;Harmonized;M;M
Physical Energy & Power Flows;2022;5;1629;1629;1629;PL;CZ;Value on 3rd Wed. at 11;Export;Harmonized;M;M
Physical Energy & Power Flows;2022;5;284;284;284;PL;DE;Value on 3rd Wed. at 11;Import;Harmonized;M;M
Physical Energy & Power Flows;2022;5;303;303;303;PL;SE;Value on 3rd Wed. at 11;Import;Harmonized;M;M
Physical Energy & Power Flows;2022;5;782;782;782;PL;SK;Value on 3rd Wed. at 11;Export;Harmonized;M;M
Physical Energy & Power Flows;2022;5;217;217;217;PL;UA;Value on 3rd Wed. at 11;Import;Harmonized;M;NaM
Physical Energy & Power Flows;2022;5;2275;2275;2275;PT;ES;Value on 3rd Wed. at 11;Import;Harmonized;M;M
Physical Energy & Power Flows;2022;5;733;733;733;RO;BG;Value on 3rd Wed. at 11;Export;Harmonized;M;M
Physical Energy & Power Flows;2022;5;98;98;98;RO;HU;Value on 3rd Wed. at 11;Export;Harmonized;M;M
Physical Energy & Power Flows;2022;5;350;350;350;RO;MD;Value on 3rd Wed. at 11;Export;Harmonized;M;NaM
Physical Energy & Power Flows;2022;5;419;419;419;RO;RS;Value on 3rd Wed. at 11;Export;Harmonized;M;M
Physical Energy & Power Flows;2022;5;23;23;23;RO;UA;Value on 3rd Wed. at 11;Export;Harmonized;M;NaM
Physical Energy & Power Flows;2022;5;61;61;61;RS;BA;Value on 3rd Wed. at 11;Import;Harmonized;M;M
Physical Energy & Power Flows;2022;5;314;314;314;RS;BG;Value on 3rd Wed. at 11;Import;Harmonized;M;M
Physical Energy & Power Flows;2022;5;66;66;66;RS;HR;Value on 3rd Wed. at 11;Export;Harmonized;M;M
Physical Energy & Power Flows;2022;5;84;84;84;RS;HU;Value on 3rd Wed. at 11;Import;Harmonized;M;M
Physical Energy & Power Flows;2022;5;16;16;16;RS;ME;Value on 3rd Wed. at 11;Import;Harmonized;M;M
Physical Energy & Power Flows;2022;5;18;18;18;RS;MK;Value on 3rd Wed. at 11;Export;Harmonized;M;M
Physical Energy & Power Flows;2022;5;419;419;419;RS;RO;Value on 3rd Wed. at 11;Import;Harmonized;M;M
Physical Energy & Power Flows;2022;5;280;280;280;RS;XK;Value on 3rd Wed. at 11;Export;Harmonized;M;M
Physical Energy & Power Flows;2022;5;134;134;134;RU;EE;Value on 3rd Wed. at 11;Import;Harmonized;NaM;M
Physical Energy & Power Flows;2022;5;0;0;0;RU;FI;Value on 3rd Wed. at 11;Import;Harmonized;NaM;M
Physical Energy & Power Flows;2022;5;16;16;16;RU;GE;Value on 3rd Wed. at 11;Export;Harmonized;NaM;NaM
Physical Energy & Power Flows;2022;5;157;157;157;RU;LT;Value on 3rd Wed. at 11;Export;Harmonized;NaM;M
Physical Energy & Power Flows;2022;5;64;64;64;RU;LV;Value on 3rd Wed. at 11;Export;Harmonized;NaM;M
Physical Energy & Power Flows;2022;5;319;319;319;SE;DE;Value on 3rd Wed. at 11;Export;Harmonized;M;M
Physical Energy & Power Flows;2022;6;23;23;23;RS;MK;Value on 3rd Wed. at 11;Export;Harmonized;M;M
Physical Energy & Power Flows;2022;6;312;312;312;RS;RO;Value on 3rd Wed. at 11;Import;Harmonized;M;M
Physical Energy & Power Flows;2022;6;249;249;249;RS;XK;Value on 3rd Wed. at 11;Export;Harmonized;M;M
Physical Energy & Power Flows;2022;6;64;64;64;RU;EE;Value on 3rd Wed. at 11;Import;Harmonized;NaM;M
Physical Energy & Power Flows;2022;6;592;592;592;PL;CZ;Value on 3rd Wed. at 11;Export;Harmonized;M;M
Physical Energy & Power Flows;2022;6;1150;1150;1150;PL;DE;Value on 3rd Wed. at 11;Import;Harmonized;M;M
Physical Energy & Power Flows;2022;6;53;53;53;PL;LT;Value on 3rd Wed. at 11;Export;Harmonized;M;M
Physical Energy & Power Flows;2022;6;0;0;0;PL;SE;Value on 3rd Wed. at 11;Import;Harmonized;M;M
Physical Energy & Power Flows;2022;6;598;598;598;PL;SK;Value on 3rd Wed. at 11;Export;Harmonized;M;M
Physical Energy & Power Flows;2022;6;212;212;212;PL;UA;Value on 3rd Wed. at 11;Import;Harmonized;M;NaM
Physical Energy & Power Flows;2022;6;2315;2315;2315;PT;ES;Value on 3rd Wed. at 11;Import;Harmonized;M;M
Physical Energy & Power Flows;2022;6;1053;1053;1053;RO;BG;Value on 3rd Wed. at 11;Import;Harmonized;M;M
Physical Energy & Power Flows;2022;6;86;86;86;RO;HU;Value on 3rd Wed. at 11;Import;Harmonized;M;M
Physical Energy & Power Flows;2022;6;66;66;66;RO;MD;Value on 3rd Wed. at 11;Export;Harmonized;M;NaM
Physical Energy & Power Flows;2022;6;312;312;312;RO;RS;Value on 3rd Wed. at 11;Export;Harmonized;M;M
Physical Energy & Power Flows;2022;6;140;140;140;RO;UA;Value on 3rd Wed. at 11;Import;Harmonized;M;NaM
Physical Energy & Power Flows;2022;6;96;96;96;RS;BA;Value on 3rd Wed. at 11;Export;Harmonized;M;M
Physical Energy & Power Flows;2022;6;517;517;517;RS;BG;Value on 3rd Wed. at 11;Import;Harmonized;M;M
Physical Energy & Power Flows;2022;6;57;57;57;RS;HR;Value on 3rd Wed. at 11;Export;Harmonized;M;M
Physical Energy & Power Flows;2022;6;124;124;124;RS;HU;Value on 3rd Wed. at 11;Import;Harmonized;M;M
Physical Energy & Power Flows;2022;6;266;266;266;RS;ME;Value on 3rd Wed. at 11;Import;Harmonized;M;M
Physical Energy & Power Flows;2022;6;0;0;0;RU;FI;Value on 3rd Wed. at 11;Import;Harmonized;NaM;M
Physical Energy & Power Flows;2022;6;12;12;12;RU;GE;Value on 3rd Wed. at 11;Export;Harmonized;NaM;NaM
Physical Energy & Power Flows;2022;6;2;2;2;RU;LT;Value on 3rd Wed. at 11;Import;Harmonized;NaM;M
Physical Energy & Power Flows;2022;6;151;151;151;RU;LV;Value on 3rd Wed. at 11;Export;Harmonized;NaM;M
Physical Energy & Power Flows;2022;6;2;2;2;SE;DE;Value on 3rd Wed. at 11;Import;Harmonized;M;M
Physical Energy & Power Flows;2022;6;1026;1026;1026;SE;DK;Value on 3rd Wed. at 11;Export;Harmonized;M;M
Physical Energy & Power Flows;2022;6;1338;1338;1338;SE;FI;Value on 3rd Wed. at 11;Export;Harmonized;M;M
Physical Energy & Power Flows;2022;6;725;725;725;SE;LT;Value on 3rd Wed. at 11;Export;Harmonized;M;M
Physical Energy & Power Flows;2022;6;1357;1357;1357;SE;NO;Value on 3rd Wed. at 11;Import;Harmonized;M;M
Physical Energy & Power Flows;2022;6;0;0;0;SE;PL;Value on 3rd Wed. at 11;Import;Harmonized;M;M
Physical Energy & Power Flows;2022;6;946;946;946;SI;AT;Value on 3rd Wed. at 11;Import;Harmonized;M;M
Physical Energy & Power Flows;2022;6;168;168;168;SI;HR;Value on 3rd Wed. at 11;Import;Harmonized;M;M
Physical Energy & Power Flows;2022;6;757;757;757;SI;IT;Value on 3rd Wed. at 11;Export;Harmonized;M;M
Physical Energy & Power Flows;2022;6;1145;1145;1145;SK;CZ;Value on 3rd Wed. at 11;Import;Harmonized;M;M
Physical Energy & Power Flows;2022;6;1090;1090;1090;SK;HU;Value on 3rd Wed. at 11;Export;Harmonized;M;M
Physical Energy & Power Flows;2022;6;598;598;598;SK;PL;Value on 3rd Wed. at 11;Import;Harmonized;M;M
Physical Energy & Power Flows;2022;6;186;186;186;SK;UA;Value on 3rd Wed. at 11;Export;Harmonized;M;NaM
Physical Energy & Power Flows;2022;6;270;270;270;TR;BG;Value on 3rd Wed. at 11;Import;Harmonized;M;M
Physical Energy & Power Flows;2022;6;530;530;530;TR;GE;Value on 3rd Wed. at 11;Import;Harmonized;M;NaM
Physical Energy & Power Flows;2022;6;423;423;423;TR;GR;Value on 3rd Wed. at 11;Export;Harmonized;M;M
Physical Energy & Power Flows;2022;6;108;108;108;UA;HU;Value on 3rd Wed. at 11;Export;Harmonized;NaM;M
Physical Energy & Power Flows;2022;6;76;76;76;UA;MD;Value on 3rd Wed. at 11;Export;Harmonized;NaM;NaM
Physical Energy & Power Flows;2022;6;212;212;212;UA;PL;Value on 3rd Wed. at 11;Export;Harmonized;NaM;M
Physical Energy & Power Flows;2022;6;140;140;140;UA;RO;Value on 3rd Wed. at 11;Export;Harmonized;NaM;M
Physical Energy & Power Flows;2022;6;186;186;186;UA;SK;Value on 3rd Wed. at 11;Import;Harmonized;NaM;M
Physical Energy & Power Flows;2022;6;221;221;221;XK;AL;Value on 3rd Wed. at 11;Export;Harmonized;M;M
Physical Energy & Power Flows;2022;6;319;319;319;XK;ME;Value on 3rd Wed. at 11;Export;Harmonized;M;M
Physical Energy & Power Flows;2022;6;112;112;112;XK;MK;Value on 3rd Wed. at 11;Import;Harmonized;M;M
Physical Energy & Power Flows;2022;6;249;249;249;XK;RS;Value on 3rd Wed. at 11;Import;Harmonized;M;M
Physical Energy & Power Flows;2022;9;1995;1995;1995;FR;GB;Value on 3rd Wed. at 03;Import;Harmonized;M;M
Physical Energy & Power Flows;2022;7;343;343;343;BA;RS;Value on 3rd Wed. at 03;Import;Harmonized;M;M
Physical Energy & Power Flows;2022;7;623;623;623;BE;DE;Value on 3rd Wed. at 03;Export;Harmonized;M;M
Physical Energy & Power Flows;2022;7;1432;1432;1432;BE;FR;Value on 3rd Wed. at 03;Export;Harmonized;M;M
Physical Energy & Power Flows;2022;7;199;199;199;BE;GB;Value on 3rd Wed. at 03;Import;Harmonized;M;M
Physical Energy & Power Flows;2022;7;79;79;79;BE;LU;Value on 3rd Wed. at 03;Export;Harmonized;M;M
Physical Energy & Power Flows;2022;7;581;581;581;BE;NL;Value on 3rd Wed. at 03;Import;Harmonized;M;M
Physical Energy & Power Flows;2022;7;106;106;106;BG;GR;Value on 3rd Wed. at 03;Export;Harmonized;M;M
Physical Energy & Power Flows;2022;7;971;971;971;BG;RO;Value on 3rd Wed. at 03;Export;Harmonized;M;M
Physical Energy & Power Flows;2022;7;596;596;596;BG;RS;Value on 3rd Wed. at 03;Export;Harmonized;M;M
Physical Energy & Power Flows;2022;7;175;175;175;BY;LT;Value on 3rd Wed. at 03;Export;Harmonized;NaM;M
Physical Energy & Power Flows;2022;7;97;97;97;CH;AT;Value on 3rd Wed. at 03;Import;Harmonized;M;M
Physical Energy & Power Flows;2022;7;865;865;865;CH;DE;Value on 3rd Wed. at 03;Import;Harmonized;M;M
Physical Energy & Power Flows;2022;7;246;246;246;CH;FR;Value on 3rd Wed. at 03;Import;Harmonized;M;M
Physical Energy & Power Flows;2022;7;2630;2630;2630;CH;IT;Value on 3rd Wed. at 03;Export;Harmonized;M;M
Physical Energy & Power Flows;2022;7;1975;1975;1975;CZ;AT;Value on 3rd Wed. at 03;Export;Harmonized;M;M
Physical Energy & Power Flows;2022;7;329;329;329;CZ;DE;Value on 3rd Wed. at 03;Export;Harmonized;M;M
Physical Energy & Power Flows;2022;7;1413;1413;1413;CZ;PL;Value on 3rd Wed. at 03;Import;Harmonized;M;M
Physical Energy & Power Flows;2022;7;896;896;896;CZ;SK;Value on 3rd Wed. at 03;Export;Harmonized;M;M
Physical Energy & Power Flows;2022;7;1384;1384;1384;DE;AT;Value on 3rd Wed. at 03;Export;Harmonized;M;M
Physical Energy & Power Flows;2022;7;623;623;623;DE;BE;Value on 3rd Wed. at 03;Import;Harmonized;M;M
Physical Energy & Power Flows;2022;7;865;865;865;DE;CH;Value on 3rd Wed. at 03;Export;Harmonized;M;M
Physical Energy & Power Flows;2022;7;329;329;329;DE;CZ;Value on 3rd Wed. at 03;Import;Harmonized;M;M
Physical Energy & Power Flows;2022;7;468;468;468;DE;DK;Value on 3rd Wed. at 03;Import;Harmonized;M;M
Physical Energy & Power Flows;2022;7;1216;1216;1216;DE;FR;Value on 3rd Wed. at 03;Export;Harmonized;M;M
Physical Energy & Power Flows;2022;7;338;338;338;DE;LU;Value on 3rd Wed. at 03;Export;Harmonized;M;M
Physical Energy & Power Flows;2022;7;755;755;755;DE;NL;Value on 3rd Wed. at 03;Export;Harmonized;M;M
Physical Energy & Power Flows;2022;7;722;722;722;DE;NO;Value on 3rd Wed. at 03;Import;Harmonized;M;M
Physical Energy & Power Flows;2022;7;1258;1258;1258;DE;PL;Value on 3rd Wed. at 03;Export;Harmonized;M;M
Physical Energy & Power Flows;2022;7;352;352;352;DE;SE;Value on 3rd Wed. at 03;Import;Harmonized;M;M
Physical Energy & Power Flows;2022;7;468;468;468;DK;DE;Value on 3rd Wed. at 03;Export;Harmonized;M;M
Physical Energy & Power Flows;2022;7;605;605;605;DK;NL;Value on 3rd Wed. at 03;Export;Harmonized;M;M
Physical Energy & Power Flows;2022;7;10;10;10;DK;NO;Value on 3rd Wed. at 03;Import;Harmonized;M;M
Physical Energy & Power Flows;2022;7;1582;1582;1582;DK;SE;Value on 3rd Wed. at 03;Import;Harmonized;M;M
Physical Energy & Power Flows;2022;7;1012;1012;1012;EE;FI;Value on 3rd Wed. at 03;Import;Harmonized;M;M
Physical Energy & Power Flows;2022;7;585;585;585;EE;LV;Value on 3rd Wed. at 03;Export;Harmonized;M;M
Physical Energy & Power Flows;2022;7;347;347;347;EE;RU;Value on 3rd Wed. at 03;Export;Harmonized;M;NaM
Physical Energy & Power Flows;2022;7;1830;1830;1830;ES;FR;Value on 3rd Wed. at 03;Export;Harmonized;M;M
Physical Energy & Power Flows;2022;7;654;654;654;ES;PT;Value on 3rd Wed. at 03;Export;Harmonized;M;M
Physical Energy & Power Flows;2022;7;1012;1012;1012;FI;EE;Value on 3rd Wed. at 03;Export;Harmonized;M;M
Physical Energy & Power Flows;2022;7;57;57;57;FI;NO;Value on 3rd Wed. at 03;Import;Harmonized;M;M
Physical Energy & Power Flows;2022;7;0;0;0;FI;RU;Value on 3rd Wed. at 03;Export;Harmonized;M;NaM
Physical Energy & Power Flows;2022;7;1962;1962;1962;FI;SE;Value on 3rd Wed. at 03;Import;Harmonized;M;M
Physical Energy & Power Flows;2022;7;1432;1432;1432;FR;BE;Value on 3rd Wed. at 03;Import;Harmonized;M;M
Physical Energy & Power Flows;2022;7;246;246;246;FR;CH;Value on 3rd Wed. at 03;Export;Harmonized;M;M
Physical Energy & Power Flows;2022;7;1216;1216;1216;FR;DE;Value on 3rd Wed. at 03;Import;Harmonized;M;M
Physical Energy & Power Flows;2022;7;1830;1830;1830;FR;ES;Value on 3rd Wed. at 03;Import;Harmonized;M;M
Physical Energy & Power Flows;2022;7;1887;1887;1887;FR;GB;Value on 3rd Wed. at 03;Import;Harmonized;M;M
Physical Energy & Power Flows;2022;7;1526;1526;1526;FR;IT;Value on 3rd Wed. at 03;Export;Harmonized;M;M
Physical Energy & Power Flows;2022;7;199;199;199;GB;BE;Value on 3rd Wed. at 03;Export;Harmonized;M;M
Physical Energy & Power Flows;2022;7;1887;1887;1887;GB;FR;Value on 3rd Wed. at 03;Export;Harmonized;M;M
Physical Energy & Power Flows;2022;7;802;802;802;GB;NL;Value on 3rd Wed. at 03;Export;Harmonized;M;M
Physical Energy & Power Flows;2022;7;301;301;301;GB;NO;Value on 3rd Wed. at 03;Export;Harmonized;M;M
Physical Energy & Power Flows;2022;8;454;454;454;ME;AL;Value on 3rd Wed. at 11;Import;Harmonized;M;M
Physical Energy & Power Flows;2022;8;440;440;440;ME;BA;Value on 3rd Wed. at 11;Export;Harmonized;M;M
Physical Energy & Power Flows;2022;8;166;166;166;ME;IT;Value on 3rd Wed. at 11;Export;Harmonized;M;M
Physical Energy & Power Flows;2022;8;249;249;249;ME;RS;Value on 3rd Wed. at 11;Export;Harmonized;M;M
Physical Energy & Power Flows;2022;8;256;256;256;ME;XK;Value on 3rd Wed. at 11;Import;Harmonized;M;M
Physical Energy & Power Flows;2022;8;141;141;141;MK;BG;Value on 3rd Wed. at 11;Import;Harmonized;M;M
Physical Energy & Power Flows;2022;8;462;462;462;MK;GR;Value on 3rd Wed. at 11;Import;Harmonized;M;M
Physical Energy & Power Flows;2022;8;138;138;138;MK;RS;Value on 3rd Wed. at 11;Import;Harmonized;M;M
Physical Energy & Power Flows;2022;8;382;382;382;MK;XK;Value on 3rd Wed. at 11;Export;Harmonized;M;M
Physical Energy & Power Flows;2022;8;121;121;121;MT;IT;Value on 3rd Wed. at 11;Import;Harmonized;NaM;M
Physical Energy & Power Flows;2022;8;707;707;707;NL;BE;Value on 3rd Wed. at 11;Export;Harmonized;M;M
Physical Energy & Power Flows;2022;9;152;152;152;PL;LT;Value on 3rd Wed. at 11;Export;Harmonized;M;M
Physical Energy & Power Flows;2022;9;0;0;0;PL;SE;Value on 3rd Wed. at 11;Import;Harmonized;M;M
Physical Energy & Power Flows;2022;9;265;265;265;PL;SK;Value on 3rd Wed. at 11;Export;Harmonized;M;M
Physical Energy & Power Flows;2022;9;217;217;217;PL;UA;Value on 3rd Wed. at 11;Import;Harmonized;M;NaM
Physical Energy & Power Flows;2022;9;2377;2377;2377;PT;ES;Value on 3rd Wed. at 11;Import;Harmonized;M;M
Physical Energy & Power Flows;2022;9;378;378;378;RO;BG;Value on 3rd Wed. at 11;Import;Harmonized;M;M
Physical Energy & Power Flows;2022;9;424;424;424;RO;HU;Value on 3rd Wed. at 11;Import;Harmonized;M;M
Physical Energy & Power Flows;2022;9;44;44;44;RO;MD;Value on 3rd Wed. at 11;Import;Harmonized;M;NaM
Physical Energy & Power Flows;2022;9;147;147;147;RO;RS;Value on 3rd Wed. at 11;Export;Harmonized;M;M
Physical Energy & Power Flows;2022;9;0;0;0;RO;UA;Value on 3rd Wed. at 11;Import;Harmonized;M;NaM
Physical Energy & Power Flows;2022;9;103;103;103;RS;BA;Value on 3rd Wed. at 11;Export;Harmonized;M;M
Physical Energy & Power Flows;2022;9;345;345;345;RS;BG;Value on 3rd Wed. at 11;Import;Harmonized;M;M
Physical Energy & Power Flows;2022;9;155;155;155;RS;HR;Value on 3rd Wed. at 11;Import;Harmonized;M;M
Physical Energy & Power Flows;2022;9;27;27;27;RS;HU;Value on 3rd Wed. at 11;Import;Harmonized;M;M
Physical Energy & Power Flows;2022;9;264;264;264;RS;ME;Value on 3rd Wed. at 11;Export;Harmonized;M;M
Physical Energy & Power Flows;2022;9;102;102;102;RS;MK;Value on 3rd Wed. at 11;Import;Harmonized;M;M
Physical Energy & Power Flows;2022;9;147;147;147;RS;RO;Value on 3rd Wed. at 11;Import;Harmonized;M;M
Physical Energy & Power Flows;2022;9;389;389;389;RS;XK;Value on 3rd Wed. at 11;Export;Harmonized;M;M
Physical Energy & Power Flows;2022;9;234;234;234;RU;EE;Value on 3rd Wed. at 11;Import;Harmonized;NaM;M
Physical Energy & Power Flows;2022;9;0;0;0;RU;FI;Value on 3rd Wed. at 11;Import;Harmonized;NaM;M
Physical Energy & Power Flows;2022;9;11;11;11;RU;GE;Value on 3rd Wed. at 11;Export;Harmonized;NaM;NaM
Physical Energy & Power Flows;2022;9;10;10;10;RU;LT;Value on 3rd Wed. at 11;Export;Harmonized;NaM;M
Physical Energy & Power Flows;2022;9;227;227;227;RU;LV;Value on 3rd Wed. at 11;Export;Harmonized;NaM;M
Physical Energy & Power Flows;2022;9;2;2;2;SE;DE;Value on 3rd Wed. at 11;Import;Harmonized;M;M
Physical Energy & Power Flows;2022;9;411;411;411;SE;DK;Value on 3rd Wed. at 11;Import;Harmonized;M;M
Physical Energy & Power Flows;2022;9;1507;1507;1507;SE;FI;Value on 3rd Wed. at 11;Export;Harmonized;M;M
Physical Energy & Power Flows;2022;9;616;616;616;SE;LT;Value on 3rd Wed. at 11;Export;Harmonized;M;M
Physical Energy & Power Flows;2022;9;283;283;283;SE;NO;Value on 3rd Wed. at 11;Export;Harmonized;M;M
Physical Energy & Power Flows;2022;9;0;0;0;SE;PL;Value on 3rd Wed. at 11;Import;Harmonized;M;M
Physical Energy & Power Flows;2022;9;727;727;727;SI;AT;Value on 3rd Wed. at 11;Import;Harmonized;M;M
Physical Energy & Power Flows;2022;9;139;139;139;SI;HR;Value on 3rd Wed. at 11;Import;Harmonized;M;M
Physical Energy & Power Flows;2022;9;358;358;358;SI;HU;Value on 3rd Wed. at 11;Import;Harmonized;M;M
Physical Energy & Power Flows;2022;9;740;740;740;SI;IT;Value on 3rd Wed. at 11;Export;Harmonized;M;M
Physical Energy & Power Flows;2022;9;1375;1375;1375;SK;CZ;Value on 3rd Wed. at 11;Import;Harmonized;M;M
Physical Energy & Power Flows;2022;9;1006;1006;1006;SK;HU;Value on 3rd Wed. at 11;Export;Harmonized;M;M
Physical Energy & Power Flows;2022;9;265;265;265;SK;PL;Value on 3rd Wed. at 11;Import;Harmonized;M;M
Physical Energy & Power Flows;2022;9;126;126;126;TR;BG;Value on 3rd Wed. at 11;Export;Harmonized;M;M
Physical Energy & Power Flows;2022;9;701;701;701;TR;GE;Value on 3rd Wed. at 11;Import;Harmonized;M;NaM
Physical Energy & Power Flows;2022;9;0;0;0;TR;GR;Value on 3rd Wed. at 11;Import;Harmonized;M;M
Physical Energy & Power Flows;2022;7;149;149;149;LU;BE;Value on 3rd Wed. at 11;Import;Harmonized;M;M
Physical Energy & Power Flows;2022;7;333;333;333;LU;DE;Value on 3rd Wed. at 11;Import;Harmonized;M;M
Physical Energy & Power Flows;2022;7;726;726;726;LV;EE;Value on 3rd Wed. at 11;Import;Harmonized;M;M
Physical Energy & Power Flows;2022;7;169;169;169;LV;LT;Value on 3rd Wed. at 11;Export;Harmonized;M;M
Physical Energy & Power Flows;2022;7;176;176;176;LV;RU;Value on 3rd Wed. at 11;Import;Harmonized;M;NaM
Physical Energy & Power Flows;2022;8;485;485;485;GE;AZ;Value on 3rd Wed. at 03;Import;Harmonized;NaM;NaM
Physical Energy & Power Flows;2022;8;12;12;12;GE;RU;Value on 3rd Wed. at 03;Import;Harmonized;NaM;NaM
Physical Energy & Power Flows;2022;8;699;699;699;GE;TR;Value on 3rd Wed. at 03;Export;Harmonized;NaM;M
Physical Energy & Power Flows;2022;8;491;491;491;GR;AL;Value on 3rd Wed. at 03;Export;Harmonized;M;M
Physical Energy & Power Flows;2022;8;48;48;48;GR;BG;Value on 3rd Wed. at 03;Import;Harmonized;M;M
Physical Energy & Power Flows;2022;8;0;0;0;GR;IT;Value on 3rd Wed. at 03;Import;Harmonized;M;M
Physical Energy & Power Flows;2022;8;244;244;244;GR;MK;Value on 3rd Wed. at 03;Export;Harmonized;M;M
Physical Energy & Power Flows;2022;8;220;220;220;GR;TR;Value on 3rd Wed. at 03;Import;Harmonized;M;M
Physical Energy & Power Flows;2022;8;666;666;666;HR;BA;Value on 3rd Wed. at 03;Import;Harmonized;M;M
Physical Energy & Power Flows;2022;8;17;17;17;HR;HU;Value on 3rd Wed. at 03;Import;Harmonized;M;M
Physical Energy & Power Flows;2022;8;305;305;305;HR;RS;Value on 3rd Wed. at 03;Import;Harmonized;M;M
Physical Energy & Power Flows;2022;8;313;313;313;HR;SI;Value on 3rd Wed. at 03;Export;Harmonized;M;M
Physical Energy & Power Flows;2022;8;263;263;263;HU;AT;Value on 3rd Wed. at 03;Export;Harmonized;M;M
Physical Energy & Power Flows;2022;8;17;17;17;HU;HR;Value on 3rd Wed. at 03;Export;Harmonized;M;M
Physical Energy & Power Flows;2022;8;61;61;61;HU;RO;Value on 3rd Wed. at 03;Import;Harmonized;M;M
Physical Energy & Power Flows;2022;8;264;264;264;HU;RS;Value on 3rd Wed. at 03;Import;Harmonized;M;M
Physical Energy & Power Flows;2022;8;288;288;288;HU;SI;Value on 3rd Wed. at 03;Export;Harmonized;M;M
Physical Energy & Power Flows;2022;8;1217;1217;1217;HU;SK;Value on 3rd Wed. at 03;Import;Harmonized;M;M
Physical Energy & Power Flows;2022;8;619;619;619;HU;UA;Value on 3rd Wed. at 03;Import;Harmonized;M;NaM
Physical Energy & Power Flows;2022;8;188;188;188;IT;AT;Value on 3rd Wed. at 03;Import;Harmonized;M;M
Physical Energy & Power Flows;2022;8;936;936;936;IT;CH;Value on 3rd Wed. at 03;Import;Harmonized;M;M
Physical Energy & Power Flows;2022;8;1069;1069;1069;IT;FR;Value on 3rd Wed. at 03;Import;Harmonized;M;M
Physical Energy & Power Flows;2022;8;0;0;0;IT;GR;Value on 3rd Wed. at 03;Import;Harmonized;M;M
Physical Energy & Power Flows;2022;8;581;581;581;IT;ME;Value on 3rd Wed. at 03;Import;Harmonized;M;M
Physical Energy & Power Flows;2022;8;153;153;153;IT;MT;Value on 3rd Wed. at 03;Export;Harmonized;M;NaM
Physical Energy & Power Flows;2022;8;64;64;64;IT;SI;Value on 3rd Wed. at 03;Export;Harmonized;M;M
Physical Energy & Power Flows;2022;8;23;23;23;LT;BY;Value on 3rd Wed. at 03;Export;Harmonized;M;NaM
Physical Energy & Power Flows;2022;8;275;275;275;LT;LV;Value on 3rd Wed. at 03;Import;Harmonized;M;M
Physical Energy & Power Flows;2022;8;246;246;246;LT;PL;Value on 3rd Wed. at 03;Export;Harmonized;M;M
Physical Energy & Power Flows;2022;8;11;11;11;LT;RU;Value on 3rd Wed. at 03;Import;Harmonized;M;NaM
Physical Energy & Power Flows;2022;8;734;734;734;LT;SE;Value on 3rd Wed. at 03;Import;Harmonized;M;M
Physical Energy & Power Flows;2022;8;117;117;117;LU;BE;Value on 3rd Wed. at 03;Import;Harmonized;M;M
Physical Energy & Power Flows;2022;8;261;261;261;LU;DE;Value on 3rd Wed. at 03;Import;Harmonized;M;M
Physical Energy & Power Flows;2022;8;616;616;616;LV;EE;Value on 3rd Wed. at 03;Import;Harmonized;M;M
Physical Energy & Power Flows;2022;8;275;275;275;LV;LT;Value on 3rd Wed. at 03;Export;Harmonized;M;M
Physical Energy & Power Flows;2022;9;81;81;81;BE;LU;Value on 3rd Wed. at 03;Export;Harmonized;M;M
Physical Energy & Power Flows;2022;9;1575;1575;1575;BE;NL;Value on 3rd Wed. at 03;Export;Harmonized;M;M
Physical Energy & Power Flows;2022;9;351;351;351;BG;GR;Value on 3rd Wed. at 03;Export;Harmonized;M;M
Physical Energy & Power Flows;2022;9;322;322;322;BG;MK;Value on 3rd Wed. at 03;Export;Harmonized;M;M
Physical Energy & Power Flows;2022;9;301;301;301;BG;RO;Value on 3rd Wed. at 03;Export;Harmonized;M;M
Physical Energy & Power Flows;2022;9;310;310;310;BG;RS;Value on 3rd Wed. at 03;Export;Harmonized;M;M
Physical Energy & Power Flows;2022;9;355;355;355;BG;TR;Value on 3rd Wed. at 03;Export;Harmonized;M;M
Physical Energy & Power Flows;2022;9;61;61;61;BY;LT;Value on 3rd Wed. at 03;Export;Harmonized;NaM;M
Physical Energy & Power Flows;2022;9;311;311;311;CH;AT;Value on 3rd Wed. at 03;Import;Harmonized;M;M
Physical Energy & Power Flows;2022;9;1930;1930;1930;CH;DE;Value on 3rd Wed. at 03;Import;Harmonized;M;M
Physical Energy & Power Flows;2022;9;1797;1797;1797;CH;FR;Value on 3rd Wed. at 03;Import;Harmonized;M;M
Physical Energy & Power Flows;2022;9;2562;2562;2562;CH;IT;Value on 3rd Wed. at 03;Export;Harmonized;M;M
Physical Energy & Power Flows;2022;9;633;633;633;CZ;AT;Value on 3rd Wed. at 03;Export;Harmonized;M;M
Physical Energy & Power Flows;2022;9;1464;1464;1464;CZ;DE;Value on 3rd Wed. at 03;Export;Harmonized;M;M
Physical Energy & Power Flows;2022;9;296;296;296;CZ;PL;Value on 3rd Wed. at 03;Import;Harmonized;M;M
Physical Energy & Power Flows;2022;9;774;774;774;CZ;SK;Value on 3rd Wed. at 03;Export;Harmonized;M;M
Physical Energy & Power Flows;2022;9;257;257;257;DE;AT;Value on 3rd Wed. at 03;Import;Harmonized;M;M
Physical Energy & Power Flows;2022;9;625;625;625;DE;BE;Value on 3rd Wed. at 03;Import;Harmonized;M;M
Physical Energy & Power Flows;2022;9;1930;1930;1930;DE;CH;Value on 3rd Wed. at 03;Export;Harmonized;M;M
Physical Energy & Power Flows;2022;9;1464;1464;1464;DE;CZ;Value on 3rd Wed. at 03;Import;Harmonized;M;M
Physical Energy & Power Flows;2022;9;344;344;344;DE;DK;Value on 3rd Wed. at 03;Import;Harmonized;M;M
Physical Energy & Power Flows;2022;9;608;608;608;DE;FR;Value on 3rd Wed. at 03;Import;Harmonized;M;M
Physical Energy & Power Flows;2022;9;317;317;317;DE;LU;Value on 3rd Wed. at 03;Export;Harmonized;M;M
Physical Energy & Power Flows;2022;9;2406;2406;2406;DE;NL;Value on 3rd Wed. at 03;Import;Harmonized;M;M
Physical Energy & Power Flows;2022;9;311;311;311;DE;NO;Value on 3rd Wed. at 03;Export;Harmonized;M;M
Physical Energy & Power Flows;2022;9;450;450;450;DE;PL;Value on 3rd Wed. at 03;Export;Harmonized;M;M
Physical Energy & Power Flows;2022;9;607;607;607;DE;SE;Value on 3rd Wed. at 03;Import;Harmonized;M;M
Physical Energy & Power Flows;2022;9;344;344;344;DK;DE;Value on 3rd Wed. at 03;Export;Harmonized;M;M
Physical Energy & Power Flows;2022;9;699;699;699;DK;NL;Value on 3rd Wed. at 03;Import;Harmonized;M;M
Physical Energy & Power Flows;2022;9;133;133;133;DK;NO;Value on 3rd Wed. at 03;Export;Harmonized;M;M
Physical Energy & Power Flows;2022;9;1054;1054;1054;DK;SE;Value on 3rd Wed. at 03;Import;Harmonized;M;M
Physical Energy & Power Flows;2022;9;929;929;929;EE;FI;Value on 3rd Wed. at 03;Import;Harmonized;M;M
Physical Energy & Power Flows;2022;9;744;744;744;EE;LV;Value on 3rd Wed. at 03;Export;Harmonized;M;M
Physical Energy & Power Flows;2022;9;338;338;338;EE;RU;Value on 3rd Wed. at 03;Export;Harmonized;M;NaM
Physical Energy & Power Flows;2022;9;2566;2566;2566;ES;FR;Value on 3rd Wed. at 03;Export;Harmonized;M;M
Physical Energy & Power Flows;2022;9;2005;2005;2005;ES;PT;Value on 3rd Wed. at 03;Export;Harmonized;M;M
Physical Energy & Power Flows;2022;9;929;929;929;FI;EE;Value on 3rd Wed. at 03;Export;Harmonized;M;M
Physical Energy & Power Flows;2022;9;52;52;52;FI;NO;Value on 3rd Wed. at 03;Import;Harmonized;M;M
Physical Energy & Power Flows;2022;9;0;0;0;FI;RU;Value on 3rd Wed. at 03;Export;Harmonized;M;NaM
Physical Energy & Power Flows;2022;9;1320;1320;1320;FI;SE;Value on 3rd Wed. at 03;Import;Harmonized;M;M
Physical Energy & Power Flows;2022;9;371;371;371;FR;BE;Value on 3rd Wed. at 03;Export;Harmonized;M;M
Physical Energy & Power Flows;2022;9;1797;1797;1797;FR;CH;Value on 3rd Wed. at 03;Export;Harmonized;M;M
Physical Energy & Power Flows;2022;9;608;608;608;FR;DE;Value on 3rd Wed. at 03;Export;Harmonized;M;M
Physical Energy & Power Flows;2022;9;2566;2566;2566;FR;ES;Value on 3rd Wed. at 03;Import;Harmonized;M;M
Physical Energy & Power Flows;2022;9;266;266;266;UA;HU;Value on 3rd Wed. at 11;Export;Harmonized;NaM;M
Physical Energy & Power Flows;2022;9;186;186;186;UA;MD;Value on 3rd Wed. at 11;Export;Harmonized;NaM;NaM
Physical Energy & Power Flows;2022;9;217;217;217;UA;PL;Value on 3rd Wed. at 11;Export;Harmonized;NaM;M
Physical Energy & Power Flows;2022;9;0;0;0;UA;RO;Value on 3rd Wed. at 11;Import;Harmonized;NaM;M
Physical Energy & Power Flows;2022;9;64;64;64;XK;AL;Value on 3rd Wed. at 11;Export;Harmonized;M;M
Physical Energy & Power Flows;2022;9;94;94;94;XK;ME;Value on 3rd Wed. at 11;Import;Harmonized;M;M
Physical Energy & Power Flows;2022;9;102;102;102;XK;MK;Value on 3rd Wed. at 11;Export;Harmonized;M;M
Physical Energy & Power Flows;2022;9;389;389;389;XK;RS;Value on 3rd Wed. at 11;Import;Harmonized;M;M
Physical Energy & Power Flows;2022;7;0;0;0;GE;AM;Value on 3rd Wed. at 03;Import;Harmonized;NaM;NaM
Physical Energy & Power Flows;2022;7;1238;1238;1238;ES;FR;Value on 3rd Wed. at 11;Export;Harmonized;M;M
Physical Energy & Power Flows;2022;7;1829;1829;1829;ES;PT;Value on 3rd Wed. at 11;Export;Harmonized;M;M
Physical Energy & Power Flows;2022;7;669;669;669;FI;EE;Value on 3rd Wed. at 11;Export;Harmonized;M;M
Physical Energy & Power Flows;2022;7;58;58;58;FI;NO;Value on 3rd Wed. at 11;Import;Harmonized;M;M
Physical Energy & Power Flows;2022;7;0;0;0;FI;RU;Value on 3rd Wed. at 11;Export;Harmonized;M;NaM
Physical Energy & Power Flows;2022;7;2352;2352;2352;FI;SE;Value on 3rd Wed. at 11;Import;Harmonized;M;M
Physical Energy & Power Flows;2022;7;1280;1280;1280;FR;BE;Value on 3rd Wed. at 11;Import;Harmonized;M;M
Physical Energy & Power Flows;2022;7;2397;2397;2397;FR;CH;Value on 3rd Wed. at 11;Import;Harmonized;M;M
Physical Energy & Power Flows;2022;7;2065;2065;2065;FR;DE;Value on 3rd Wed. at 11;Import;Harmonized;M;M
Physical Energy & Power Flows;2022;7;1238;1238;1238;FR;ES;Value on 3rd Wed. at 11;Import;Harmonized;M;M
Physical Energy & Power Flows;2022;7;1641;1641;1641;FR;GB;Value on 3rd Wed. at 11;Import;Harmonized;M;M
Physical Energy & Power Flows;2022;7;476;476;476;FR;IT;Value on 3rd Wed. at 11;Export;Harmonized;M;M
Physical Energy & Power Flows;2022;7;132;132;132;GB;BE;Value on 3rd Wed. at 11;Import;Harmonized;M;M
Physical Energy & Power Flows;2022;7;1641;1641;1641;GB;FR;Value on 3rd Wed. at 11;Export;Harmonized;M;M
Physical Energy & Power Flows;2022;7;489;489;489;GB;NL;Value on 3rd Wed. at 11;Import;Harmonized;M;M
Physical Energy & Power Flows;2022;7;877;877;877;GB;NO;Value on 3rd Wed. at 11;Import;Harmonized;M;M
Physical Energy & Power Flows;2022;7;0;0;0;GE;AM;Value on 3rd Wed. at 11;Import;Harmonized;NaM;NaM
Physical Energy & Power Flows;2022;7;442;442;442;GE;AZ;Value on 3rd Wed. at 11;Import;Harmonized;NaM;NaM
Physical Energy & Power Flows;2022;7;11;11;11;GE;RU;Value on 3rd Wed. at 11;Import;Harmonized;NaM;NaM
Physical Energy & Power Flows;2022;7;642;642;642;GE;TR;Value on 3rd Wed. at 11;Export;Harmonized;NaM;M
Physical Energy & Power Flows;2022;7;536;536;536;GR;AL;Value on 3rd Wed. at 11;Export;Harmonized;M;M
Physical Energy & Power Flows;2022;7;1;1;1;GR;BG;Value on 3rd Wed. at 11;Import;Harmonized;M;M
Physical Energy & Power Flows;2022;7;506;506;506;GR;IT;Value on 3rd Wed. at 11;Export;Harmonized;M;M
Physical Energy & Power Flows;2022;7;500;500;500;GR;MK;Value on 3rd Wed. at 11;Export;Harmonized;M;M
Physical Energy & Power Flows;2022;7;187;187;187;GR;TR;Value on 3rd Wed. at 11;Import;Harmonized;M;M
Physical Energy & Power Flows;2022;7;965;965;965;HR;BA;Value on 3rd Wed. at 11;Import;Harmonized;M;M
Physical Energy & Power Flows;2022;7;819;819;819;HR;HU;Value on 3rd Wed. at 11;Import;Harmonized;M;M
Physical Energy & Power Flows;2022;7;259;259;259;HR;RS;Value on 3rd Wed. at 11;Import;Harmonized;M;M
Physical Energy & Power Flows;2022;7;424;424;424;HR;SI;Value on 3rd Wed. at 11;Export;Harmonized;M;M
Physical Energy & Power Flows;2022;7;140;140;140;HU;AT;Value on 3rd Wed. at 11;Export;Harmonized;M;M
Physical Energy & Power Flows;2022;7;819;819;819;HU;HR;Value on 3rd Wed. at 11;Export;Harmonized;M;M
Physical Energy & Power Flows;2022;7;24;24;24;HU;RO;Value on 3rd Wed. at 11;Export;Harmonized;M;M
Physical Energy & Power Flows;2022;7;0;0;0;HU;RS;Value on 3rd Wed. at 11;Import;Harmonized;M;M
Physical Energy & Power Flows;2022;7;0;0;0;HU;SI;Value on 3rd Wed. at 11;Import;Harmonized;M;M
Physical Energy & Power Flows;2022;7;762;762;762;HU;SK;Value on 3rd Wed. at 11;Import;Harmonized;M;M
Physical Energy & Power Flows;2022;7;322;322;322;HU;UA;Value on 3rd Wed. at 11;Import;Harmonized;M;NaM
Physical Energy & Power Flows;2022;7;25;25;25;IT;AT;Value on 3rd Wed. at 11;Import;Harmonized;M;M
Physical Energy & Power Flows;2022;7;689;689;689;IT;CH;Value on 3rd Wed. at 11;Import;Harmonized;M;M
Physical Energy & Power Flows;2022;7;476;476;476;IT;FR;Value on 3rd Wed. at 11;Import;Harmonized;M;M
Physical Energy & Power Flows;2022;7;506;506;506;IT;GR;Value on 3rd Wed. at 11;Import;Harmonized;M;M
Physical Energy & Power Flows;2022;7;123;123;123;IT;ME;Value on 3rd Wed. at 11;Export;Harmonized;M;M
Physical Energy & Power Flows;2022;7;59;59;59;IT;MT;Value on 3rd Wed. at 11;Export;Harmonized;M;NaM
Physical Energy & Power Flows;2022;7;770;770;770;IT;SI;Value on 3rd Wed. at 11;Import;Harmonized;M;M
Physical Energy & Power Flows;2022;7;66;66;66;LT;BY;Value on 3rd Wed. at 11;Export;Harmonized;M;NaM
Physical Energy & Power Flows;2022;7;169;169;169;LT;LV;Value on 3rd Wed. at 11;Import;Harmonized;M;M
Physical Energy & Power Flows;2022;7;432;432;432;LT;PL;Value on 3rd Wed. at 11;Import;Harmonized;M;M
Physical Energy & Power Flows;2022;7;3;3;3;LT;RU;Value on 3rd Wed. at 11;Import;Harmonized;M;NaM
Physical Energy & Power Flows;2022;7;423;423;423;LT;SE;Value on 3rd Wed. at 11;Import;Harmonized;M;M
Physical Energy & Power Flows;2022;8;190;190;190;EE;RU;Value on 3rd Wed. at 03;Export;Harmonized;M;NaM
Physical Energy & Power Flows;2022;8;2323;2323;2323;ES;FR;Value on 3rd Wed. at 03;Export;Harmonized;M;M
Physical Energy & Power Flows;2022;8;259;259;259;ES;PT;Value on 3rd Wed. at 03;Import;Harmonized;M;M
Physical Energy & Power Flows;2022;8;956;956;956;FI;EE;Value on 3rd Wed. at 03;Export;Harmonized;M;M
Physical Energy & Power Flows;2022;8;57;57;57;FI;NO;Value on 3rd Wed. at 03;Import;Harmonized;M;M
Physical Energy & Power Flows;2022;8;0;0;0;FI;RU;Value on 3rd Wed. at 03;Export;Harmonized;M;NaM
Physical Energy & Power Flows;2022;8;983;983;983;FI;SE;Value on 3rd Wed. at 03;Import;Harmonized;M;M
Physical Energy & Power Flows;2022;8;239;239;239;FR;BE;Value on 3rd Wed. at 03;Import;Harmonized;M;M
Physical Energy & Power Flows;2022;8;1538;1538;1538;FR;CH;Value on 3rd Wed. at 03;Export;Harmonized;M;M
Physical Energy & Power Flows;2022;8;1764;1764;1764;FR;DE;Value on 3rd Wed. at 03;Export;Harmonized;M;M
Physical Energy & Power Flows;2022;8;2323;2323;2323;FR;ES;Value on 3rd Wed. at 03;Import;Harmonized;M;M
Physical Energy & Power Flows;2022;8;2977;2977;2977;FR;GB;Value on 3rd Wed. at 03;Import;Harmonized;M;M
Physical Energy & Power Flows;2022;8;1069;1069;1069;FR;IT;Value on 3rd Wed. at 03;Export;Harmonized;M;M
Physical Energy & Power Flows;2022;8;1001;1001;1001;GB;BE;Value on 3rd Wed. at 03;Export;Harmonized;M;M
Physical Energy & Power Flows;2022;8;2977;2977;2977;GB;FR;Value on 3rd Wed. at 03;Export;Harmonized;M;M
Physical Energy & Power Flows;2022;8;995;995;995;GB;NL;Value on 3rd Wed. at 03;Export;Harmonized;M;M
Physical Energy & Power Flows;2022;8;699;699;699;GB;NO;Value on 3rd Wed. at 03;Export;Harmonized;M;M
Physical Energy & Power Flows;2022;8;0;0;0;GE;AM;Value on 3rd Wed. at 03;Import;Harmonized;NaM;NaM
Physical Energy & Power Flows;2022;8;1529;1529;1529;NL;DE;Value on 3rd Wed. at 11;Export;Harmonized;M;M
Physical Energy & Power Flows;2022;8;334;334;334;NL;DK;Value on 3rd Wed. at 11;Export;Harmonized;M;M
Physical Energy & Power Flows;2022;8;320;320;320;NL;GB;Value on 3rd Wed. at 11;Export;Harmonized;M;M
Physical Energy & Power Flows;2022;8;0;0;0;NL;NO;Value on 3rd Wed. at 11;Import;Harmonized;M;M
Physical Energy & Power Flows;2022;8;674;674;674;NO;DE;Value on 3rd Wed. at 11;Export;Harmonized;M;M
Physical Energy & Power Flows;2022;8;1631;1631;1631;NO;DK;Value on 3rd Wed. at 11;Export;Harmonized;M;M
Physical Energy & Power Flows;2022;8;57;57;57;NO;FI;Value on 3rd Wed. at 11;Export;Harmonized;M;M
Physical Energy & Power Flows;2022;8;486;486;486;NO;GB;Value on 3rd Wed. at 11;Export;Harmonized;M;M
Physical Energy & Power Flows;2022;8;0;0;0;NO;NL;Value on 3rd Wed. at 11;Import;Harmonized;M;M
Physical Energy & Power Flows;2022;8;1046;1046;1046;NO;SE;Value on 3rd Wed. at 11;Export;Harmonized;M;M
Physical Energy & Power Flows;2022;8;678;678;678;PL;CZ;Value on 3rd Wed. at 11;Export;Harmonized;M;M
Physical Energy & Power Flows;2022;8;909;909;909;PL;DE;Value on 3rd Wed. at 11;Import;Harmonized;M;M
Physical Energy & Power Flows;2022;8;492;492;492;PL;LT;Value on 3rd Wed. at 11;Export;Harmonized;M;M
Physical Energy & Power Flows;2022;8;597;597;597;PL;SE;Value on 3rd Wed. at 11;Import;Harmonized;M;M
Physical Energy & Power Flows;2022;8;397;397;397;PL;SK;Value on 3rd Wed. at 11;Export;Harmonized;M;M
Physical Energy & Power Flows;2022;8;218;218;218;PL;UA;Value on 3rd Wed. at 11;Import;Harmonized;M;NaM
Physical Energy & Power Flows;2022;8;1846;1846;1846;PT;ES;Value on 3rd Wed. at 11;Import;Harmonized;M;M
Physical Energy & Power Flows;2022;8;1034;1034;1034;RO;BG;Value on 3rd Wed. at 11;Import;Harmonized;M;M
Physical Energy & Power Flows;2022;8;240;240;240;RO;HU;Value on 3rd Wed. at 11;Export;Harmonized;M;M
Physical Energy & Power Flows;2022;8;234;234;234;RO;MD;Value on 3rd Wed. at 11;Export;Harmonized;M;NaM
Physical Energy & Power Flows;2022;8;21;21;21;RO;RS;Value on 3rd Wed. at 11;Export;Harmonized;M;M
Physical Energy & Power Flows;2022;8;39;39;39;RO;UA;Value on 3rd Wed. at 11;Import;Harmonized;M;NaM
Physical Energy & Power Flows;2022;8;165;165;165;RS;BA;Value on 3rd Wed. at 11;Export;Harmonized;M;M
Physical Energy & Power Flows;2022;8;515;515;515;RS;BG;Value on 3rd Wed. at 11;Import;Harmonized;M;M
Physical Energy & Power Flows;2022;8;262;262;262;RS;HR;Value on 3rd Wed. at 11;Export;Harmonized;M;M
Physical Energy & Power Flows;2022;8;32;32;32;RS;HU;Value on 3rd Wed. at 11;Import;Harmonized;M;M
Physical Energy & Power Flows;2022;8;249;249;249;RS;ME;Value on 3rd Wed. at 11;Import;Harmonized;M;M
Physical Energy & Power Flows;2022;8;138;138;138;RS;MK;Value on 3rd Wed. at 11;Export;Harmonized;M;M
Physical Energy & Power Flows;2022;8;21;21;21;RS;RO;Value on 3rd Wed. at 11;Import;Harmonized;M;M
Physical Energy & Power Flows;2022;8;43;43;43;RS;XK;Value on 3rd Wed. at 11;Import;Harmonized;M;M
Physical Energy & Power Flows;2022;8;51;51;51;RU;EE;Value on 3rd Wed. at 11;Export;Harmonized;NaM;M
Physical Energy & Power Flows;2022;8;0;0;0;RU;FI;Value on 3rd Wed. at 11;Import;Harmonized;NaM;M
Physical Energy & Power Flows;2022;8;12;12;12;RU;GE;Value on 3rd Wed. at 11;Export;Harmonized;NaM;NaM
Physical Energy & Power Flows;2022;8;4;4;4;RU;LT;Value on 3rd Wed. at 11;Import;Harmonized;NaM;M
Physical Energy & Power Flows;2022;8;131;131;131;RU;LV;Value on 3rd Wed. at 11;Export;Harmonized;NaM;M
Physical Energy & Power Flows;2022;8;120;120;120;SE;DE;Value on 3rd Wed. at 11;Export;Harmonized;M;M
Physical Energy & Power Flows;2022;8;332;332;332;SE;DK;Value on 3rd Wed. at 11;Export;Harmonized;M;M
Physical Energy & Power Flows;2022;8;2076;2076;2076;SE;FI;Value on 3rd Wed. at 11;Export;Harmonized;M;M
Physical Energy & Power Flows;2022;8;691;691;691;SE;LT;Value on 3rd Wed. at 11;Export;Harmonized;M;M
Physical Energy & Power Flows;2022;8;1046;1046;1046;SE;NO;Value on 3rd Wed. at 11;Import;Harmonized;M;M
Physical Energy & Power Flows;2022;8;597;597;597;SE;PL;Value on 3rd Wed. at 11;Export;Harmonized;M;M
Physical Energy & Power Flows;2022;8;18;18;18;SI;AT;Value on 3rd Wed. at 11;Import;Harmonized;M;M
Physical Energy & Power Flows;2022;9;1387;1387;1387;FR;IT;Value on 3rd Wed. at 03;Export;Harmonized;M;M
Physical Energy & Power Flows;2022;9;0;0;0;GB;BE;Value on 3rd Wed. at 03;Import;Harmonized;M;M
Physical Energy & Power Flows;2022;9;1995;1995;1995;GB;FR;Value on 3rd Wed. at 03;Export;Harmonized;M;M
Physical Energy & Power Flows;2022;9;0;0;0;GB;NL;Value on 3rd Wed. at 03;Export;Harmonized;M;M
Physical Energy & Power Flows;2022;9;1150;1150;1150;GB;NO;Value on 3rd Wed. at 03;Export;Harmonized;M;M
Physical Energy & Power Flows;2022;9;0;0;0;GE;AM;Value on 3rd Wed. at 03;Import;Harmonized;NaM;NaM
Physical Energy & Power Flows;2022;9;561;561;561;GE;AZ;Value on 3rd Wed. at 03;Import;Harmonized;NaM;NaM
Physical Energy & Power Flows;2022;9;12;12;12;GE;RU;Value on 3rd Wed. at 03;Import;Harmonized;NaM;NaM
Physical Energy & Power Flows;2022;11;15;15;15;AL;GR;Value on 3rd Wed. at 03;Export;Harmonized;M;M
Physical Energy & Power Flows;2022;10;1029;1029;1029;GB;NL;Value on 3rd Wed. at 11;Export;Harmonized;M;M
Physical Energy & Power Flows;2022;10;1049;1049;1049;GB;NO;Value on 3rd Wed. at 11;Export;Harmonized;M;M
Physical Energy & Power Flows;2022;10;0;0;0;GE;AM;Value on 3rd Wed. at 11;Import;Harmonized;NaM;NaM
Physical Energy & Power Flows;2022;10;450;450;450;GE;AZ;Value on 3rd Wed. at 11;Import;Harmonized;NaM;NaM
Physical Energy & Power Flows;2022;10;222;222;222;GE;RU;Value on 3rd Wed. at 11;Import;Harmonized;NaM;NaM
Physical Energy & Power Flows;2022;10;700;700;700;GE;TR;Value on 3rd Wed. at 11;Export;Harmonized;NaM;M
Physical Energy & Power Flows;2022;10;5;5;5;GR;AL;Value on 3rd Wed. at 11;Import;Harmonized;M;M
Physical Energy & Power Flows;2022;10;190;190;190;GR;BG;Value on 3rd Wed. at 11;Import;Harmonized;M;M
Physical Energy & Power Flows;2022;10;225;225;225;GR;IT;Value on 3rd Wed. at 11;Import;Harmonized;M;M
Physical Energy & Power Flows;2022;10;114;114;114;GR;MK;Value on 3rd Wed. at 11;Import;Harmonized;M;M
Physical Energy & Power Flows;2022;10;111;111;111;GR;TR;Value on 3rd Wed. at 11;Import;Harmonized;M;M
Physical Energy & Power Flows;2022;10;211;211;211;HR;BA;Value on 3rd Wed. at 11;Import;Harmonized;M;M
Physical Energy & Power Flows;2022;10;915;915;915;HR;HU;Value on 3rd Wed. at 11;Import;Harmonized;M;M
Physical Energy & Power Flows;2022;10;113;113;113;HR;RS;Value on 3rd Wed. at 11;Import;Harmonized;M;M
Physical Energy & Power Flows;2022;10;773;773;773;HR;SI;Value on 3rd Wed. at 11;Export;Harmonized;M;M
Physical Energy & Power Flows;2022;10;75;75;75;HU;AT;Value on 3rd Wed. at 11;Export;Harmonized;M;M
Physical Energy & Power Flows;2022;10;915;915;915;HU;HR;Value on 3rd Wed. at 11;Export;Harmonized;M;M
Physical Energy & Power Flows;2022;10;178;178;178;HU;RO;Value on 3rd Wed. at 11;Export;Harmonized;M;M
Physical Energy & Power Flows;2022;10;178;178;178;HU;RS;Value on 3rd Wed. at 11;Export;Harmonized;M;M
Physical Energy & Power Flows;2022;10;595;595;595;HU;SI;Value on 3rd Wed. at 11;Export;Harmonized;M;M
Physical Energy & Power Flows;2022;10;937;937;937;HU;SK;Value on 3rd Wed. at 11;Import;Harmonized;M;M
Physical Energy & Power Flows;2022;10;136;136;136;HU;UA;Value on 3rd Wed. at 11;Import;Harmonized;M;NaM
Physical Energy & Power Flows;2022;10;58;58;58;IE;GB;Value on 3rd Wed. at 11;Export;Harmonized;M;M
Physical Energy & Power Flows;2022;10;50;50;50;IT;AT;Value on 3rd Wed. at 11;Import;Harmonized;M;M
Physical Energy & Power Flows;2022;10;413;413;413;IT;CH;Value on 3rd Wed. at 11;Import;Harmonized;M;M
Physical Energy & Power Flows;2022;10;1186;1186;1186;IT;FR;Value on 3rd Wed. at 11;Import;Harmonized;M;M
Physical Energy & Power Flows;2022;10;225;225;225;IT;GR;Value on 3rd Wed. at 11;Export;Harmonized;M;M
Physical Energy & Power Flows;2022;11;10;10;10;RS;MK;Value on 3rd Wed. at 03;Import;Harmonized;M;M
Physical Energy & Power Flows;2022;11;404;404;404;RS;RO;Value on 3rd Wed. at 03;Import;Harmonized;M;M
Physical Energy & Power Flows;2022;11;316;316;316;RS;XK;Value on 3rd Wed. at 03;Export;Harmonized;M;M
Physical Energy & Power Flows;2022;11;318;318;318;RU;EE;Value on 3rd Wed. at 03;Import;Harmonized;NaM;M
Physical Energy & Power Flows;2022;11;0;0;0;RU;FI;Value on 3rd Wed. at 03;Import;Harmonized;NaM;M
Physical Energy & Power Flows;2022;11;21;21;21;RU;GE;Value on 3rd Wed. at 03;Export;Harmonized;NaM;NaM
Physical Energy & Power Flows;2022;11;12;12;12;RU;LT;Value on 3rd Wed. at 03;Export;Harmonized;NaM;M
Physical Energy & Power Flows;2022;11;55;55;55;RU;LV;Value on 3rd Wed. at 03;Export;Harmonized;NaM;M
Physical Energy & Power Flows;2022;11;317;317;317;SE;DE;Value on 3rd Wed. at 03;Export;Harmonized;M;M
Physical Energy & Power Flows;2022;11;922;922;922;SE;DK;Value on 3rd Wed. at 03;Import;Harmonized;M;M
Physical Energy & Power Flows;2022;11;2606;2606;2606;SE;FI;Value on 3rd Wed. at 03;Export;Harmonized;M;M
Physical Energy & Power Flows;2022;11;734;734;734;SE;LT;Value on 3rd Wed. at 03;Export;Harmonized;M;M
Physical Energy & Power Flows;2022;11;525;525;525;SE;NO;Value on 3rd Wed. at 03;Import;Harmonized;M;M
Physical Energy & Power Flows;2022;11;598;598;598;SE;PL;Value on 3rd Wed. at 03;Export;Harmonized;M;M
Physical Energy & Power Flows;2022;11;46;46;46;SI;AT;Value on 3rd Wed. at 03;Import;Harmonized;M;M
Physical Energy & Power Flows;2022;11;635;635;635;SI;HR;Value on 3rd Wed. at 03;Import;Harmonized;M;M
Physical Energy & Power Flows;2022;11;419;419;419;SI;HU;Value on 3rd Wed. at 03;Import;Harmonized;M;M
Physical Energy & Power Flows;2022;11;639;639;639;SI;IT;Value on 3rd Wed. at 03;Export;Harmonized;M;M
Physical Energy & Power Flows;2022;11;1193;1193;1193;SK;CZ;Value on 3rd Wed. at 03;Import;Harmonized;M;M
Physical Energy & Power Flows;2022;11;1863;1863;1863;SK;HU;Value on 3rd Wed. at 03;Export;Harmonized;M;M
Physical Energy & Power Flows;2022;11;626;626;626;SK;PL;Value on 3rd Wed. at 03;Import;Harmonized;M;M
Physical Energy & Power Flows;2022;11;137;137;137;SK;UA;Value on 3rd Wed. at 03;Export;Harmonized;M;NaM
Physical Energy & Power Flows;2022;11;696;696;696;TR;BG;Value on 3rd Wed. at 03;Import;Harmonized;M;M
Physical Energy & Power Flows;2022;11;702;702;702;TR;GE;Value on 3rd Wed. at 03;Import;Harmonized;M;NaM
Physical Energy & Power Flows;2022;11;446;446;446;TR;GR;Value on 3rd Wed. at 03;Export;Harmonized;M;M
Physical Energy & Power Flows;2022;11;217;217;217;UA;HU;Value on 3rd Wed. at 03;Export;Harmonized;NaM;M
Physical Energy & Power Flows;2022;11;2210;2210;2210;FR;GB;Value on 3rd Wed. at 11;Import;Harmonized;M;M
Physical Energy & Power Flows;2022;11;2625;2625;2625;FR;IT;Value on 3rd Wed. at 11;Export;Harmonized;M;M
Physical Energy & Power Flows;2022;11;548;548;548;GB;BE;Value on 3rd Wed. at 11;Export;Harmonized;M;M
Physical Energy & Power Flows;2022;11;2210;2210;2210;GB;FR;Value on 3rd Wed. at 11;Export;Harmonized;M;M
Physical Energy & Power Flows;2022;11;530;530;530;GB;IE;Value on 3rd Wed. at 11;Export;Harmonized;M;M
Physical Energy & Power Flows;2022;11;184;184;184;GB;NL;Value on 3rd Wed. at 11;Import;Harmonized;M;M
Physical Energy & Power Flows;2022;11;1253;1253;1253;GB;NO;Value on 3rd Wed. at 11;Import;Harmonized;M;M
Physical Energy & Power Flows;2022;11;114;114;114;GE;AM;Value on 3rd Wed. at 11;Import;Harmonized;NaM;NaM
Physical Energy & Power Flows;2022;11;600;600;600;GE;AZ;Value on 3rd Wed. at 11;Import;Harmonized;NaM;NaM
Physical Energy & Power Flows;2022;11;21;21;21;GE;RU;Value on 3rd Wed. at 11;Import;Harmonized;NaM;NaM
Physical Energy & Power Flows;2022;11;703;703;703;GE;TR;Value on 3rd Wed. at 11;Export;Harmonized;NaM;M
Physical Energy & Power Flows;2022;11;294;294;294;GR;AL;Value on 3rd Wed. at 11;Export;Harmonized;M;M
Physical Energy & Power Flows;2022;11;27;27;27;GR;BG;Value on 3rd Wed. at 11;Export;Harmonized;M;M
Physical Energy & Power Flows;2022;11;303;303;303;GR;IT;Value on 3rd Wed. at 11;Export;Harmonized;M;M
Physical Energy & Power Flows;2022;11;369;369;369;GR;MK;Value on 3rd Wed. at 11;Export;Harmonized;M;M
Physical Energy & Power Flows;2022;11;247;247;247;GR;TR;Value on 3rd Wed. at 11;Import;Harmonized;M;M
Physical Energy & Power Flows;2022;11;804;804;804;HR;BA;Value on 3rd Wed. at 11;Import;Harmonized;M;M
Physical Energy & Power Flows;2022;11;0;0;0;HR;HU;Value on 3rd Wed. at 11;Import;Harmonized;M;M
Physical Energy & Power Flows;2022;11;443;443;443;HR;RS;Value on 3rd Wed. at 11;Import;Harmonized;M;M
Physical Energy & Power Flows;2022;11;767;767;767;HR;SI;Value on 3rd Wed. at 11;Export;Harmonized;M;M
Physical Energy & Power Flows;2022;11;55;55;55;HU;AT;Value on 3rd Wed. at 11;Import;Harmonized;M;M
Physical Energy & Power Flows;2022;11;0;0;0;HU;HR;Value on 3rd Wed. at 11;Export;Harmonized;M;M
Physical Energy & Power Flows;2022;11;14;14;14;HU;RO;Value on 3rd Wed. at 11;Import;Harmonized;M;M
Physical Energy & Power Flows;2022;11;404;404;404;HU;RS;Value on 3rd Wed. at 11;Import;Harmonized;M;M
Physical Energy & Power Flows;2022;11;276;276;276;HU;SI;Value on 3rd Wed. at 11;Export;Harmonized;M;M
Physical Energy & Power Flows;2022;11;1702;1702;1702;HU;SK;Value on 3rd Wed. at 11;Import;Harmonized;M;M
Physical Energy & Power Flows;2022;11;193;193;193;HU;UA;Value on 3rd Wed. at 11;Import;Harmonized;M;NaM
Physical Energy & Power Flows;2022;11;530;530;530;IE;GB;Value on 3rd Wed. at 11;Import;Harmonized;M;M
Physical Energy & Power Flows;2022;11;218;218;218;IT;AT;Value on 3rd Wed. at 11;Import;Harmonized;M;M
Physical Energy & Power Flows;2022;11;3867;3867;3867;IT;CH;Value on 3rd Wed. at 11;Import;Harmonized;M;M
Physical Energy & Power Flows;2022;11;2625;2625;2625;IT;FR;Value on 3rd Wed. at 11;Import;Harmonized;M;M
Physical Energy & Power Flows;2022;11;303;303;303;IT;GR;Value on 3rd Wed. at 11;Import;Harmonized;M;M
Physical Energy & Power Flows;2022;10;969;969;969;AT;SI;Value on 3rd Wed. at 03;Export;Harmonized;M;M
Physical Energy & Power Flows;2022;10;449;449;449;AZ;GE;Value on 3rd Wed. at 03;Export;Harmonized;NaM;NaM
Physical Energy & Power Flows;2022;10;216;216;216;BA;HR;Value on 3rd Wed. at 03;Import;Harmonized;M;M
Physical Energy & Power Flows;2022;10;541;541;541;BA;ME;Value on 3rd Wed. at 03;Export;Harmonized;M;M
Physical Energy & Power Flows;2022;10;100;100;100;BA;RS;Value on 3rd Wed. at 03;Import;Harmonized;M;M
Physical Energy & Power Flows;2022;10;1002;1002;1002;BE;DE;Value on 3rd Wed. at 03;Export;Harmonized;M;M
Physical Energy & Power Flows;2022;10;170;170;170;BE;FR;Value on 3rd Wed. at 03;Export;Harmonized;M;M
Physical Energy & Power Flows;2022;10;1001;1001;1001;BE;GB;Value on 3rd Wed. at 03;Import;Harmonized;M;M
Physical Energy & Power Flows;2022;10;114;114;114;BE;LU;Value on 3rd Wed. at 03;Export;Harmonized;M;M
Physical Energy & Power Flows;2022;10;2507;2507;2507;BE;NL;Value on 3rd Wed. at 03;Export;Harmonized;M;M
Physical Energy & Power Flows;2022;10;236;236;236;BG;GR;Value on 3rd Wed. at 03;Export;Harmonized;M;M
Physical Energy & Power Flows;2022;10;145;145;145;BG;MK;Value on 3rd Wed. at 03;Export;Harmonized;M;M
Physical Energy & Power Flows;2022;10;536;536;536;BG;RO;Value on 3rd Wed. at 03;Import;Harmonized;M;M
Physical Energy & Power Flows;2022;10;92;92;92;BG;RS;Value on 3rd Wed. at 03;Import;Harmonized;M;M
Physical Energy & Power Flows;2022;10;518;518;518;BG;TR;Value on 3rd Wed. at 03;Export;Harmonized;M;M
Physical Energy & Power Flows;2022;10;63;63;63;BY;LT;Value on 3rd Wed. at 03;Export;Harmonized;NaM;M
Physical Energy & Power Flows;2022;10;433;433;433;CH;AT;Value on 3rd Wed. at 03;Export;Harmonized;M;M
Physical Energy & Power Flows;2022;10;1148;1148;1148;CH;DE;Value on 3rd Wed. at 03;Import;Harmonized;M;M
Physical Energy & Power Flows;2022;10;2947;2947;2947;CH;FR;Value on 3rd Wed. at 03;Import;Harmonized;M;M
Physical Energy & Power Flows;2022;10;1625;1625;1625;CH;IT;Value on 3rd Wed. at 03;Export;Harmonized;M;M
Physical Energy & Power Flows;2022;10;1327;1327;1327;CZ;AT;Value on 3rd Wed. at 03;Export;Harmonized;M;M
Physical Energy & Power Flows;2022;10;251;251;251;CZ;DE;Value on 3rd Wed. at 03;Export;Harmonized;M;M
Physical Energy & Power Flows;2022;10;1126;1126;1126;CZ;PL;Value on 3rd Wed. at 03;Import;Harmonized;M;M
Physical Energy & Power Flows;2022;10;1063;1063;1063;CZ;SK;Value on 3rd Wed. at 03;Export;Harmonized;M;M
Physical Energy & Power Flows;2022;10;984;984;984;DE;AT;Value on 3rd Wed. at 03;Export;Harmonized;M;M
Physical Energy & Power Flows;2022;10;1002;1002;1002;DE;BE;Value on 3rd Wed. at 03;Import;Harmonized;M;M
Physical Energy & Power Flows;2022;10;1148;1148;1148;DE;CH;Value on 3rd Wed. at 03;Export;Harmonized;M;M
Physical Energy & Power Flows;2022;10;251;251;251;DE;CZ;Value on 3rd Wed. at 03;Import;Harmonized;M;M
Physical Energy & Power Flows;2022;10;1671;1671;1671;DE;DK;Value on 3rd Wed. at 03;Import;Harmonized;M;M
Physical Energy & Power Flows;2022;10;2787;2787;2787;DE;FR;Value on 3rd Wed. at 03;Import;Harmonized;M;M
Physical Energy & Power Flows;2022;10;242;242;242;DE;LU;Value on 3rd Wed. at 03;Export;Harmonized;M;M
Physical Energy & Power Flows;2022;10;2319;2319;2319;DE;NL;Value on 3rd Wed. at 03;Import;Harmonized;M;M
Physical Energy & Power Flows;2022;10;774;774;774;DE;NO;Value on 3rd Wed. at 03;Import;Harmonized;M;M
Physical Energy & Power Flows;2022;10;683;683;683;DE;PL;Value on 3rd Wed. at 03;Export;Harmonized;M;M
Physical Energy & Power Flows;2022;10;617;617;617;DE;SE;Value on 3rd Wed. at 03;Import;Harmonized;M;M
Physical Energy & Power Flows;2022;10;1671;1671;1671;DK;DE;Value on 3rd Wed. at 03;Export;Harmonized;M;M
Physical Energy & Power Flows;2022;10;657;657;657;DK;NL;Value on 3rd Wed. at 03;Import;Harmonized;M;M
Physical Energy & Power Flows;2022;10;1106;1106;1106;DK;NO;Value on 3rd Wed. at 03;Import;Harmonized;M;M
Physical Energy & Power Flows;2022;10;926;926;926;DK;SE;Value on 3rd Wed. at 03;Import;Harmonized;M;M
Physical Energy & Power Flows;2022;10;1004;1004;1004;EE;FI;Value on 3rd Wed. at 03;Import;Harmonized;M;M
Physical Energy & Power Flows;2022;10;696;696;696;EE;LV;Value on 3rd Wed. at 03;Export;Harmonized;M;M
Physical Energy & Power Flows;2022;10;250;250;250;EE;RU;Value on 3rd Wed. at 03;Export;Harmonized;M;NaM
Physical Energy & Power Flows;2022;10;2657;2657;2657;ES;FR;Value on 3rd Wed. at 03;Export;Harmonized;M;M
Physical Energy & Power Flows;2022;10;929;929;929;ES;PT;Value on 3rd Wed. at 03;Import;Harmonized;M;M
Physical Energy & Power Flows;2022;10;1004;1004;1004;FI;EE;Value on 3rd Wed. at 03;Export;Harmonized;M;M
Physical Energy & Power Flows;2022;10;39;39;39;FI;NO;Value on 3rd Wed. at 03;Import;Harmonized;M;M
Physical Energy & Power Flows;2022;10;0;0;0;FI;RU;Value on 3rd Wed. at 03;Export;Harmonized;M;NaM
Physical Energy & Power Flows;2022;10;1910;1910;1910;FI;SE;Value on 3rd Wed. at 03;Import;Harmonized;M;M
Physical Energy & Power Flows;2022;10;170;170;170;FR;BE;Value on 3rd Wed. at 03;Import;Harmonized;M;M
Physical Energy & Power Flows;2022;10;2947;2947;2947;FR;CH;Value on 3rd Wed. at 03;Export;Harmonized;M;M
Physical Energy & Power Flows;2022;10;2787;2787;2787;FR;DE;Value on 3rd Wed. at 03;Export;Harmonized;M;M
Physical Energy & Power Flows;2022;10;2657;2657;2657;FR;ES;Value on 3rd Wed. at 03;Import;Harmonized;M;M
Physical Energy & Power Flows;2022;10;2490;2490;2490;FR;GB;Value on 3rd Wed. at 03;Import;Harmonized;M;M
Physical Energy & Power Flows;2022;10;3270;3270;3270;DE;NL;Value on 3rd Wed. at 11;Import;Harmonized;M;M
Physical Energy & Power Flows;2022;10;322;322;322;DE;NO;Value on 3rd Wed. at 11;Import;Harmonized;M;M
Physical Energy & Power Flows;2022;10;866;866;866;DE;PL;Value on 3rd Wed. at 11;Export;Harmonized;M;M
Physical Energy & Power Flows;2022;10;110;110;110;DE;SE;Value on 3rd Wed. at 11;Import;Harmonized;M;M
Physical Energy & Power Flows;2022;10;77;77;77;DK;DE;Value on 3rd Wed. at 11;Export;Harmonized;M;M
Physical Energy & Power Flows;2022;10;698;698;698;DK;NL;Value on 3rd Wed. at 11;Import;Harmonized;M;M
Physical Energy & Power Flows;2022;10;293;293;293;DK;NO;Value on 3rd Wed. at 11;Import;Harmonized;M;M
Physical Energy & Power Flows;2022;10;644;644;644;DK;SE;Value on 3rd Wed. at 11;Import;Harmonized;M;M
Physical Energy & Power Flows;2022;10;538;538;538;EE;FI;Value on 3rd Wed. at 11;Import;Harmonized;M;M
Physical Energy & Power Flows;2022;10;577;577;577;EE;LV;Value on 3rd Wed. at 11;Export;Harmonized;M;M
Physical Energy & Power Flows;2022;10;34;34;34;EE;RU;Value on 3rd Wed. at 11;Import;Harmonized;M;NaM
Physical Energy & Power Flows;2022;10;788;788;788;ES;FR;Value on 3rd Wed. at 11;Export;Harmonized;M;M
Physical Energy & Power Flows;2022;10;540;540;540;ES;PT;Value on 3rd Wed. at 11;Export;Harmonized;M;M
Physical Energy & Power Flows;2022;10;538;538;538;FI;EE;Value on 3rd Wed. at 11;Export;Harmonized;M;M
Physical Energy & Power Flows;2022;10;39;39;39;FI;NO;Value on 3rd Wed. at 11;Import;Harmonized;M;M
Physical Energy & Power Flows;2022;10;0;0;0;FI;RU;Value on 3rd Wed. at 11;Export;Harmonized;M;NaM
Physical Energy & Power Flows;2022;10;2191;2191;2191;FI;SE;Value on 3rd Wed. at 11;Import;Harmonized;M;M
Physical Energy & Power Flows;2022;10;2221;2221;2221;FR;BE;Value on 3rd Wed. at 11;Import;Harmonized;M;M
Physical Energy & Power Flows;2022;10;1848;1848;1848;FR;CH;Value on 3rd Wed. at 11;Export;Harmonized;M;M
Physical Energy & Power Flows;2022;10;1803;1803;1803;FR;DE;Value on 3rd Wed. at 11;Export;Harmonized;M;M
Physical Energy & Power Flows;2022;10;788;788;788;FR;ES;Value on 3rd Wed. at 11;Import;Harmonized;M;M
Physical Energy & Power Flows;2022;10;1994;1994;1994;FR;GB;Value on 3rd Wed. at 11;Import;Harmonized;M;M
Physical Energy & Power Flows;2022;10;1186;1186;1186;FR;IT;Value on 3rd Wed. at 11;Export;Harmonized;M;M
Physical Energy & Power Flows;2022;10;600;600;600;GB;BE;Value on 3rd Wed. at 11;Export;Harmonized;M;M
Physical Energy & Power Flows;2022;10;1994;1994;1994;GB;FR;Value on 3rd Wed. at 11;Export;Harmonized;M;M
Physical Energy & Power Flows;2022;10;58;58;58;GB;IE;Value on 3rd Wed. at 11;Import;Harmonized;M;M
Physical Energy & Power Flows;2022;11;1427;1427;1427;DE;NL;Value on 3rd Wed. at 11;Import;Harmonized;M;M
Physical Energy & Power Flows;2022;11;451;451;451;DE;NO;Value on 3rd Wed. at 11;Import;Harmonized;M;M
Physical Energy & Power Flows;2022;11;1677;1677;1677;DE;PL;Value on 3rd Wed. at 11;Export;Harmonized;M;M
Physical Energy & Power Flows;2022;11;317;317;317;DE;SE;Value on 3rd Wed. at 11;Import;Harmonized;M;M
Physical Energy & Power Flows;2022;11;583;583;583;DK;DE;Value on 3rd Wed. at 11;Export;Harmonized;M;M
Physical Energy & Power Flows;2022;11;0;0;0;DK;NL;Value on 3rd Wed. at 11;Export;Harmonized;M;M
Physical Energy & Power Flows;2022;11;298;298;298;DK;NO;Value on 3rd Wed. at 11;Export;Harmonized;M;M
Physical Energy & Power Flows;2022;11;851;851;851;DK;SE;Value on 3rd Wed. at 11;Export;Harmonized;M;M
Physical Energy & Power Flows;2022;11;179;179;179;EE;FI;Value on 3rd Wed. at 11;Import;Harmonized;M;M
Physical Energy & Power Flows;2022;11;138;138;138;EE;LV;Value on 3rd Wed. at 11;Import;Harmonized;M;M
Physical Energy & Power Flows;2022;11;4;4;4;EE;RU;Value on 3rd Wed. at 11;Export;Harmonized;M;NaM
Physical Energy & Power Flows;2022;11;2268;2268;2268;ES;FR;Value on 3rd Wed. at 11;Export;Harmonized;M;M
Physical Energy & Power Flows;2022;11;316;316;316;ES;PT;Value on 3rd Wed. at 11;Export;Harmonized;M;M
Physical Energy & Power Flows;2022;11;179;179;179;FI;EE;Value on 3rd Wed. at 11;Export;Harmonized;M;M
Physical Energy & Power Flows;2022;11;66;66;66;FI;NO;Value on 3rd Wed. at 11;Import;Harmonized;M;M
Physical Energy & Power Flows;2022;11;0;0;0;FI;RU;Value on 3rd Wed. at 11;Export;Harmonized;M;NaM
Physical Energy & Power Flows;2022;11;2532;2532;2532;FI;SE;Value on 3rd Wed. at 11;Import;Harmonized;M;M
Physical Energy & Power Flows;2022;11;741;741;741;FR;BE;Value on 3rd Wed. at 11;Import;Harmonized;M;M
Physical Energy & Power Flows;2022;11;1524;1524;1524;FR;CH;Value on 3rd Wed. at 11;Export;Harmonized;M;M
Physical Energy & Power Flows;2022;11;869;869;869;FR;DE;Value on 3rd Wed. at 11;Export;Harmonized;M;M
Physical Energy & Power Flows;2022;11;2268;2268;2268;FR;ES;Value on 3rd Wed. at 11;Import;Harmonized;M;M
Physical Energy & Power Flows;2022;11;8;8;8;AL;ME;Value on 3rd Wed. at 03;Import;Harmonized;M;M
Physical Energy & Power Flows;2022;11;302;302;302;AL;XK;Value on 3rd Wed. at 03;Import;Harmonized;M;M
Physical Energy & Power Flows;2022;11;75;75;75;AM;GE;Value on 3rd Wed. at 03;Export;Harmonized;NaM;NaM
Physical Energy & Power Flows;2022;11;824;824;824;AT;CH;Value on 3rd Wed. at 03;Export;Harmonized;M;M
Physical Energy & Power Flows;2022;11;1856;1856;1856;AT;CZ;Value on 3rd Wed. at 03;Import;Harmonized;M;M
Physical Energy & Power Flows;2022;11;2308;2308;2308;AT;DE;Value on 3rd Wed. at 03;Import;Harmonized;M;M
Physical Energy & Power Flows;2022;11;227;227;227;AT;HU;Value on 3rd Wed. at 03;Import;Harmonized;M;M
Physical Energy & Power Flows;2022;11;170;170;170;AT;IT;Value on 3rd Wed. at 03;Export;Harmonized;M;M
Physical Energy & Power Flows;2022;11;46;46;46;AT;SI;Value on 3rd Wed. at 03;Export;Harmonized;M;M
Physical Energy & Power Flows;2022;11;600;600;600;AZ;GE;Value on 3rd Wed. at 03;Export;Harmonized;NaM;NaM
Physical Energy & Power Flows;2022;11;884;884;884;NL;DE;Value on 3rd Wed. at 03;Import;Harmonized;M;M
Physical Energy & Power Flows;2022;11;0;0;0;NL;DK;Value on 3rd Wed. at 03;Import;Harmonized;M;M
Physical Energy & Power Flows;2022;11;212;212;212;NL;GB;Value on 3rd Wed. at 03;Import;Harmonized;M;M
Physical Energy & Power Flows;2022;11;619;619;619;NL;NO;Value on 3rd Wed. at 03;Import;Harmonized;M;M
Physical Energy & Power Flows;2022;11;501;501;501;NO;DE;Value on 3rd Wed. at 03;Export;Harmonized;M;M
Physical Energy & Power Flows;2022;11;115;115;115;NO;DK;Value on 3rd Wed. at 03;Import;Harmonized;M;M
Physical Energy & Power Flows;2022;11;80;80;80;NO;FI;Value on 3rd Wed. at 03;Export;Harmonized;M;M
Physical Energy & Power Flows;2022;11;1260;1260;1260;NO;GB;Value on 3rd Wed. at 03;Export;Harmonized;M;M
Physical Energy & Power Flows;2022;11;619;619;619;NO;NL;Value on 3rd Wed. at 03;Export;Harmonized;M;M
Physical Energy & Power Flows;2022;11;525;525;525;NO;SE;Value on 3rd Wed. at 03;Export;Harmonized;M;M
Physical Energy & Power Flows;2022;11;1287;1287;1287;PL;CZ;Value on 3rd Wed. at 03;Export;Harmonized;M;M
Physical Energy & Power Flows;2022;11;1341;1341;1341;PL;DE;Value on 3rd Wed. at 03;Import;Harmonized;M;M
Physical Energy & Power Flows;2022;11;441;441;441;PL;LT;Value on 3rd Wed. at 03;Export;Harmonized;M;M
Physical Energy & Power Flows;2022;11;598;598;598;PL;SE;Value on 3rd Wed. at 03;Import;Harmonized;M;M
Physical Energy & Power Flows;2022;11;626;626;626;PL;SK;Value on 3rd Wed. at 03;Export;Harmonized;M;M
Physical Energy & Power Flows;2022;11;0;0;0;PL;UA;Value on 3rd Wed. at 03;Import;Harmonized;M;NaM
Physical Energy & Power Flows;2022;11;896;896;896;PT;ES;Value on 3rd Wed. at 03;Import;Harmonized;M;M
Physical Energy & Power Flows;2022;11;146;146;146;RO;BG;Value on 3rd Wed. at 03;Export;Harmonized;M;M
Physical Energy & Power Flows;2022;11;109;109;109;RO;HU;Value on 3rd Wed. at 03;Import;Harmonized;M;M
Physical Energy & Power Flows;2022;11;385;385;385;RO;MD;Value on 3rd Wed. at 03;Export;Harmonized;M;NaM
Physical Energy & Power Flows;2022;11;404;404;404;RO;RS;Value on 3rd Wed. at 03;Export;Harmonized;M;M
Physical Energy & Power Flows;2022;11;78;78;78;RO;UA;Value on 3rd Wed. at 03;Import;Harmonized;M;NaM
Physical Energy & Power Flows;2022;11;160;160;160;RS;BA;Value on 3rd Wed. at 03;Export;Harmonized;M;M
Physical Energy & Power Flows;2022;11;376;376;376;RS;BG;Value on 3rd Wed. at 03;Import;Harmonized;M;M
Physical Energy & Power Flows;2022;11;149;149;149;RS;HR;Value on 3rd Wed. at 03;Export;Harmonized;M;M
Physical Energy & Power Flows;2022;11;25;25;25;RS;HU;Value on 3rd Wed. at 03;Export;Harmonized;M;M
Physical Energy & Power Flows;2022;11;157;157;157;RS;ME;Value on 3rd Wed. at 03;Import;Harmonized;M;M
Physical Energy & Power Flows;2022;12;194;194;194;FI;EE;Value on 3rd Wed. at 11;Import;Harmonized;M;M
Physical Energy & Power Flows;2022;12;0;0;0;NL;NO;Value on 3rd Wed. at 03;Import;Harmonized;M;M
Physical Energy & Power Flows;2022;12;45;45;45;NO;DE;Value on 3rd Wed. at 03;Export;Harmonized;M;M
Physical Energy & Power Flows;2022;12;34;34;34;NO;DK;Value on 3rd Wed. at 03;Import;Harmonized;M;M
Physical Energy & Power Flows;2022;12;72;72;72;NO;FI;Value on 3rd Wed. at 03;Export;Harmonized;M;M
Physical Energy & Power Flows;2022;12;137;137;137;NO;GB;Value on 3rd Wed. at 03;Import;Harmonized;M;M
Physical Energy & Power Flows;2022;12;0;0;0;NO;NL;Value on 3rd Wed. at 03;Import;Harmonized;M;M
Physical Energy & Power Flows;2022;12;60;60;60;NO;SE;Value on 3rd Wed. at 03;Export;Harmonized;M;M
Physical Energy & Power Flows;2022;12;1818;1818;1818;PL;CZ;Value on 3rd Wed. at 03;Export;Harmonized;M;M
Physical Energy & Power Flows;2022;12;74;74;74;PL;DE;Value on 3rd Wed. at 03;Export;Harmonized;M;M
Physical Energy & Power Flows;2022;12;390;390;390;PL;LT;Value on 3rd Wed. at 03;Export;Harmonized;M;M
Physical Energy & Power Flows;2022;12;594;594;594;PL;SE;Value on 3rd Wed. at 03;Import;Harmonized;M;M
Physical Energy & Power Flows;2022;12;697;697;697;PL;SK;Value on 3rd Wed. at 03;Export;Harmonized;M;M
Physical Energy & Power Flows;2022;12;0;0;0;PL;UA;Value on 3rd Wed. at 03;Import;Harmonized;M;NaM
Physical Energy & Power Flows;2022;12;783;783;783;DK;NO;Value on 3rd Wed. at 11;Import;Harmonized;M;M
Physical Energy & Power Flows;2022;12;1666;1666;1666;DK;SE;Value on 3rd Wed. at 11;Import;Harmonized;M;M
Physical Energy & Power Flows;2022;12;194;194;194;EE;FI;Value on 3rd Wed. at 11;Export;Harmonized;M;M
Physical Energy & Power Flows;2022;12;256;256;256;EE;LV;Value on 3rd Wed. at 11;Import;Harmonized;M;M
Physical Energy & Power Flows;2022;12;17;17;17;EE;RU;Value on 3rd Wed. at 11;Export;Harmonized;M;NaM
Physical Energy & Power Flows;2022;12;2839;2839;2839;ES;FR;Value on 3rd Wed. at 11;Export;Harmonized;M;M
Physical Energy & Power Flows;2022;12;945;945;945;ES;PT;Value on 3rd Wed. at 11;Import;Harmonized;M;M
Physical Energy & Power Flows;2022;12;609;609;609;PT;ES;Value on 3rd Wed. at 03;Export;Harmonized;M;M
Physical Energy & Power Flows;2022;12;14;14;14;RO;BG;Value on 3rd Wed. at 03;Export;Harmonized;M;M
Physical Energy & Power Flows;2022;12;269;269;269;RO;HU;Value on 3rd Wed. at 03;Export;Harmonized;M;M
Physical Energy & Power Flows;2022;12;785;785;785;RO;MD;Value on 3rd Wed. at 03;Export;Harmonized;M;NaM
Physical Energy & Power Flows;2022;12;334;334;334;RO;RS;Value on 3rd Wed. at 03;Export;Harmonized;M;M
Physical Energy & Power Flows;2022;12;14;14;14;RO;UA;Value on 3rd Wed. at 03;Import;Harmonized;M;NaM
Physical Energy & Power Flows;2022;12;169;169;169;RS;BA;Value on 3rd Wed. at 03;Export;Harmonized;M;M
Physical Energy & Power Flows;2022;12;323;323;323;RS;BG;Value on 3rd Wed. at 03;Import;Harmonized;M;M
Physical Energy & Power Flows;2022;12;353;353;353;RS;HR;Value on 3rd Wed. at 03;Export;Harmonized;M;M
Physical Energy & Power Flows;2022;12;167;167;167;RS;HU;Value on 3rd Wed. at 03;Export;Harmonized;M;M
Physical Energy & Power Flows;2022;12;215;215;215;RS;ME;Value on 3rd Wed. at 03;Import;Harmonized;M;M
Physical Energy & Power Flows;2022;12;88;88;88;RS;MK;Value on 3rd Wed. at 03;Import;Harmonized;M;M
Physical Energy & Power Flows;2022;12;334;334;334;RS;RO;Value on 3rd Wed. at 03;Import;Harmonized;M;M
Physical Energy & Power Flows;2022;12;88;88;88;RS;XK;Value on 3rd Wed. at 03;Export;Harmonized;M;M
Physical Energy & Power Flows;2022;12;403;403;403;RU;EE;Value on 3rd Wed. at 03;Import;Harmonized;NaM;M
Physical Energy & Power Flows;2022;12;0;0;0;RU;FI;Value on 3rd Wed. at 03;Import;Harmonized;NaM;M
Physical Energy & Power Flows;2022;12;318;318;318;RU;GE;Value on 3rd Wed. at 03;Export;Harmonized;NaM;NaM
Physical Energy & Power Flows;2022;12;1;1;1;RU;LT;Value on 3rd Wed. at 03;Export;Harmonized;NaM;M
Physical Energy & Power Flows;2022;12;25;25;25;RU;LV;Value on 3rd Wed. at 03;Export;Harmonized;NaM;M
Physical Energy & Power Flows;2022;12;0;0;0;SE;DE;Value on 3rd Wed. at 03;Import;Harmonized;M;M
Physical Energy & Power Flows;2022;12;702;702;702;SE;DK;Value on 3rd Wed. at 03;Export;Harmonized;M;M
Physical Energy & Power Flows;2022;12;2160;2160;2160;SE;FI;Value on 3rd Wed. at 03;Export;Harmonized;M;M
Physical Energy & Power Flows;2022;12;626;626;626;SE;LT;Value on 3rd Wed. at 03;Export;Harmonized;M;M
Physical Energy & Power Flows;2022;12;60;60;60;SE;NO;Value on 3rd Wed. at 03;Import;Harmonized;M;M
Physical Energy & Power Flows;2022;12;594;594;594;SE;PL;Value on 3rd Wed. at 03;Export;Harmonized;M;M
Physical Energy & Power Flows;2022;12;632;632;632;SI;AT;Value on 3rd Wed. at 03;Export;Harmonized;M;M
Physical Energy & Power Flows;2022;12;1193;1193;1193;SI;HR;Value on 3rd Wed. at 03;Import;Harmonized;M;M
Physical Energy & Power Flows;2022;12;542;542;542;SI;HU;Value on 3rd Wed. at 03;Import;Harmonized;M;M
Physical Energy & Power Flows;2022;12;815;815;815;SI;IT;Value on 3rd Wed. at 03;Export;Harmonized;M;M
Physical Energy & Power Flows;2022;12;809;809;809;SK;CZ;Value on 3rd Wed. at 03;Import;Harmonized;M;M
Physical Energy & Power Flows;2022;12;1510;1510;1510;SK;HU;Value on 3rd Wed. at 03;Export;Harmonized;M;M
Physical Energy & Power Flows;2022;12;697;697;697;SK;PL;Value on 3rd Wed. at 03;Import;Harmonized;M;M
Physical Energy & Power Flows;2022;12;21;21;21;SK;UA;Value on 3rd Wed. at 03;Export;Harmonized;M;NaM
Physical Energy & Power Flows;2022;12;546;546;546;TR;BG;Value on 3rd Wed. at 03;Import;Harmonized;M;M
Physical Energy & Power Flows;2022;12;703;703;703;TR;GE;Value on 3rd Wed. at 03;Import;Harmonized;M;NaM
Physical Energy & Power Flows;2022;12;346;346;346;TR;GR;Value on 3rd Wed. at 03;Export;Harmonized;M;M
Physical Energy & Power Flows;2022;12;737;737;737;UA;HU;Value on 3rd Wed. at 03;Export;Harmonized;NaM;M
Physical Energy & Power Flows;2022;12;744;744;744;UA;MD;Value on 3rd Wed. at 03;Import;Harmonized;NaM;NaM
Physical Energy & Power Flows;2022;12;0;0;0;UA;PL;Value on 3rd Wed. at 03;Import;Harmonized;NaM;M
Physical Energy & Power Flows;2022;12;14;14;14;UA;RO;Value on 3rd Wed. at 03;Export;Harmonized;NaM;M
Physical Energy & Power Flows;2022;12;43;43;43;FI;NO;Value on 3rd Wed. at 11;Import;Harmonized;M;M
Physical Energy & Power Flows;2022;12;0;0;0;FI;RU;Value on 3rd Wed. at 11;Export;Harmonized;M;NaM
Physical Energy & Power Flows;2022;12;1037;1037;1037;FI;SE;Value on 3rd Wed. at 11;Import;Harmonized;M;M
Physical Energy & Power Flows;2022;12;507;507;507;FR;BE;Value on 3rd Wed. at 11;Export;Harmonized;M;M
Physical Energy & Power Flows;2022;12;3120;3120;3120;FR;CH;Value on 3rd Wed. at 11;Export;Harmonized;M;M
Physical Energy & Power Flows;2022;12;1403;1403;1403;FR;DE;Value on 3rd Wed. at 11;Export;Harmonized;M;M
Physical Energy & Power Flows;2022;12;2839;2839;2839;FR;ES;Value on 3rd Wed. at 11;Import;Harmonized;M;M
Physical Energy & Power Flows;2022;12;91;91;91;FR;GB;Value on 3rd Wed. at 11;Export;Harmonized;M;M
Physical Energy & Power Flows;2022;12;3312;3312;3312;FR;IT;Value on 3rd Wed. at 11;Export;Harmonized;M;M
Physical Energy & Power Flows;2022;12;362;362;362;GB;BE;Value on 3rd Wed. at 11;Import;Harmonized;M;M
Physical Energy & Power Flows;2022;12;91;91;91;GB;FR;Value on 3rd Wed. at 11;Import;Harmonized;M;M
Physical Energy & Power Flows;2022;12;354;354;354;GB;IE;Value on 3rd Wed. at 11;Import;Harmonized;M;M
Physical Energy & Power Flows;2022;12;386;386;386;GB;NL;Value on 3rd Wed. at 11;Import;Harmonized;M;M
Physical Energy & Power Flows;2022;12;482;482;482;GB;NO;Value on 3rd Wed. at 11;Export;Harmonized;M;M
Physical Energy & Power Flows;2022;12;127;127;127;GE;AM;Value on 3rd Wed. at 11;Import;Harmonized;NaM;NaM
Physical Energy & Power Flows;2022;12;601;601;601;GE;AZ;Value on 3rd Wed. at 11;Import;Harmonized;NaM;NaM
Physical Energy & Power Flows;2022;12;343;343;343;GE;RU;Value on 3rd Wed. at 11;Import;Harmonized;NaM;NaM
Physical Energy & Power Flows;2022;12;703;703;703;GE;TR;Value on 3rd Wed. at 11;Export;Harmonized;NaM;M
Physical Energy & Power Flows;2022;12;104;104;104;GR;AL;Value on 3rd Wed. at 11;Import;Harmonized;M;M
Physical Energy & Power Flows;2022;12;40;40;40;GR;BG;Value on 3rd Wed. at 11;Import;Harmonized;M;M
Physical Energy & Power Flows;2022;12;77;77;77;GR;IT;Value on 3rd Wed. at 11;Export;Harmonized;M;M
Physical Energy & Power Flows;2022;12;19;19;19;GR;MK;Value on 3rd Wed. at 11;Export;Harmonized;M;M
Physical Energy & Power Flows;2022;12;217;217;217;GR;TR;Value on 3rd Wed. at 11;Import;Harmonized;M;M
Physical Energy & Power Flows;2022;12;1104;1104;1104;HR;BA;Value on 3rd Wed. at 11;Import;Harmonized;M;M
Physical Energy & Power Flows;2022;12;109;109;109;HR;HU;Value on 3rd Wed. at 11;Export;Harmonized;M;M
Physical Energy & Power Flows;2022;12;396;396;396;HR;RS;Value on 3rd Wed. at 11;Import;Harmonized;M;M
Physical Energy & Power Flows;2022;12;831;831;831;HR;SI;Value on 3rd Wed. at 11;Export;Harmonized;M;M
Physical Energy & Power Flows;2022;12;300;300;300;HU;AT;Value on 3rd Wed. at 11;Export;Harmonized;M;M
Physical Energy & Power Flows;2022;12;109;109;109;HU;HR;Value on 3rd Wed. at 11;Import;Harmonized;M;M
Physical Energy & Power Flows;2022;12;257;257;257;HU;RO;Value on 3rd Wed. at 11;Import;Harmonized;M;M
Physical Energy & Power Flows;2022;12;291;291;291;HU;RS;Value on 3rd Wed. at 11;Import;Harmonized;M;M
Physical Energy & Power Flows;2022;12;255;255;255;HU;SI;Value on 3rd Wed. at 11;Export;Harmonized;M;M
Physical Energy & Power Flows;2022;12;1435;1435;1435;HU;SK;Value on 3rd Wed. at 11;Import;Harmonized;M;M
Physical Energy & Power Flows;2022;12;711;711;711;HU;UA;Value on 3rd Wed. at 11;Import;Harmonized;M;NaM
Physical Energy & Power Flows;2022;12;354;354;354;IE;GB;Value on 3rd Wed. at 11;Export;Harmonized;M;M
Physical Energy & Power Flows;2022;12;154;154;154;IT;AT;Value on 3rd Wed. at 11;Import;Harmonized;M;M
Physical Energy & Power Flows;2022;12;2570;2570;2570;IT;CH;Value on 3rd Wed. at 11;Import;Harmonized;M;M
Physical Energy & Power Flows;2022;12;3312;3312;3312;IT;FR;Value on 3rd Wed. at 11;Import;Harmonized;M;M
Physical Energy & Power Flows;2022;12;77;77;77;IT;GR;Value on 3rd Wed. at 11;Import;Harmonized;M;M
Physical Energy & Power Flows;2022;12;0;0;0;IT;ME;Value on 3rd Wed. at 11;Import;Harmonized;M;M
Physical Energy & Power Flows;2022;12;38;38;38;IT;MT;Value on 3rd Wed. at 11;Export;Harmonized;M;NaM
Physical Energy & Power Flows;2022;12;779;779;779;IT;SI;Value on 3rd Wed. at 11;Import;Harmonized;M;M
Physical Energy & Power Flows;2022;12;156;156;156;LT;BY;Value on 3rd Wed. at 11;Import;Harmonized;M;NaM
Physical Energy & Power Flows;2022;12;166;166;166;LT;LV;Value on 3rd Wed. at 11;Export;Harmonized;M;M
Physical Energy & Power Flows;2022;12;415;415;415;LT;PL;Value on 3rd Wed. at 11;Import;Harmonized;M;M
Physical Energy & Power Flows;2022;8;0;0;0;GR;TR;Monthly Value;Export;Harmonized;M;M
Physical Energy & Power Flows;2022;3;40;40;40;FR;BE;Monthly Value;Export;Harmonized;M;M
Physical Energy & Power Flows;2022;12;107;107;107;UA;RO;Monthly Value;Export;Harmonized;NaM;M
Physical Energy & Power Flows;2022;7;362;362;362;HR;BA;Monthly Value;Import;Harmonized;M;M
Physical Energy & Power Flows;2022;1;1;1;1;EE;FI;Monthly Value;Export;Harmonized;M;M
Physical Energy & Power Flows;2022;7;11;11;11;XK;RS;Monthly Value;Export;Harmonized;M;M
Physical Energy & Power Flows;2022;4;0;0;0;SI;IT;Monthly Value;Import;Harmonized;M;M
Physical Energy & Power Flows;2022;2;0;0;0;UA;PL;Monthly Value;Import;Harmonized;NaM;M
Physical Energy & Power Flows;2022;4;23;23;23;ME;RS;Monthly Value;Import;Harmonized;M;M
Physical Energy & Power Flows;2022;2;232;232;232;GE;AZ;Monthly Value;Import;Harmonized;NaM;NaM
Physical Energy & Power Flows;2022;12;230;230;230;HR;HU;Monthly Value;Import;Harmonized;M;M
Physical Energy & Power Flows;2022;12;18;18;18;AL;ME;Monthly Value;Import;Harmonized;M;M
Physical Energy & Power Flows;2022;10;40;40;40;BY;LT;Monthly Value;Export;Harmonized;NaM;M
Physical Energy & Power Flows;2022;5;336;336;336;SE;NO;Monthly Value;Import;Harmonized;M;M
Physical Energy & Power Flows;2022;11;429;429;429;FI;EE;Monthly Value;Export;Harmonized;M;M
Physical Energy & Power Flows;2022;12;482;482;482;FI;EE;Monthly Value;Export;Harmonized;M;M
Physical Energy & Power Flows;2022;2;478;478;478;GB;FR;Monthly Value;Import;Harmonized;M;M
Physical Energy & Power Flows;2022;10;203;203;203;SI;HR;Monthly Value;Import;Harmonized;M;M
Physical Energy & Power Flows;2022;1;344;344;344;PL;SE;Monthly Value;Import;Harmonized;M;M
Physical Energy & Power Flows;2022;6;91;91;91;DK;DE;Monthly Value;Import;Harmonized;M;M
Physical Energy & Power Flows;2022;4;0;0;0;AM;GE;Monthly Value;Import;Harmonized;NaM;NaM
Physical Energy & Power Flows;2022;2;0;0;0;TR;BG;Monthly Value;Export;Harmonized;M;M
Physical Energy & Power Flows;2022;6;44;44;44;HU;RO;Monthly Value;Import;Harmonized;M;M
Physical Energy & Power Flows;2022;6;11;11;11;SE;DK;Monthly Value;Import;Harmonized;M;M
Physical Energy & Power Flows;2022;8;1;1;1;FR;ES;Monthly Value;Export;Harmonized;M;M
Physical Energy & Power Flows;2022;3;686;686;686;AT;CH;Monthly Value;Export;Harmonized;M;M
Physical Energy & Power Flows;2022;5;95;95;95;AL;XK;Monthly Value;Import;Harmonized;M;M
Physical Energy & Power Flows;2022;12;72;72;72;NL;DK;Monthly Value;Export;Harmonized;M;M
Physical Energy & Power Flows;2022;2;644;644;644;FR;CH;Monthly Value;Export;Harmonized;M;M
Physical Energy & Power Flows;2022;1;9;9;9;RS;RO;Monthly Value;Export;Harmonized;M;M
Physical Energy & Power Flows;2022;5;120;120;120;ES;PT;Monthly Value;Import;Harmonized;M;M
Physical Energy & Power Flows;2022;9;0;0;0;BG;MK;Monthly Value;Import;Harmonized;M;M
Physical Energy & Power Flows;2022;9;8;8;8;ME;IT;Monthly Value;Import;Harmonized;M;M
Physical Energy & Power Flows;2022;5;0;0;0;IT;AT;Monthly Value;Export;Harmonized;M;M
Physical Energy & Power Flows;2022;8;0;0;0;NL;NO;Monthly Value;Import;Harmonized;M;M
Physical Energy & Power Flows;2022;4;135;135;135;RS;XK;Monthly Value;Export;Harmonized;M;M
Physical Energy & Power Flows;2022;12;172;172;172;HU;RS;Monthly Value;Import;Harmonized;M;M
Physical Energy & Power Flows;2022;2;523;523;523;GB;NL;Monthly Value;Import;Harmonized;M;M
Physical Energy & Power Flows;2022;10;1617;1617;1617;CH;IT;Monthly Value;Export;Harmonized;M;M
Physical Energy & Power Flows;2022;8;136;136;136;AT;HU;Monthly Value;Export;Harmonized;M;M
Physical Energy & Power Flows;2022;3;76;76;76;BA;RS;Monthly Value;Import;Harmonized;M;M
Physical Energy & Power Flows;2022;5;16;16;16;RO;HU;Monthly Value;Export;Harmonized;M;M
Physical Energy & Power Flows;2022;10;185;185;185;MK;GR;Monthly Value;Export;Harmonized;M;M
Physical Energy & Power Flows;2022;10;878;878;878;CH;FR;Monthly Value;Import;Harmonized;M;M
Physical Energy & Power Flows;2022;12;392;392;392;LT;SE;Monthly Value;Import;Harmonized;M;M
Physical Energy & Power Flows;2022;4;15;15;15;HR;RS;Monthly Value;Export;Harmonized;M;M
Physical Energy & Power Flows;2022;2;87;87;87;LV;LT;Monthly Value;Import;Harmonized;M;M
Physical Energy & Power Flows;2022;10;81;81;81;BG;RS;Monthly Value;Export;Harmonized;M;M
Physical Energy & Power Flows;2022;7;117;117;117;AL;XK;Monthly Value;Import;Harmonized;M;M
Physical Energy & Power Flows;2022;12;409;409;409;DK;NO;Monthly Value;Export;Harmonized;M;M
Physical Energy & Power Flows;2022;1;62;62;62;XK;ME;Monthly Value;Import;Harmonized;M;M
Physical Energy & Power Flows;2022;6;7;7;7;HR;RS;Monthly Value;Export;Harmonized;M;M
Physical Energy & Power Flows;2022;12;101;101;101;DE;SE;Monthly Value;Import;Harmonized;M;M
Physical Energy & Power Flows;2022;5;387;387;387;IT;ME;Monthly Value;Import;Harmonized;M;M
Physical Energy & Power Flows;2022;6;105;105;105;GB;NO;Monthly Value;Export;Harmonized;M;M
Physical Energy & Power Flows;2022;4;0;0;0;MT;IT;Monthly Value;Export;Harmonized;NaM;M
Physical Energy & Power Flows;2022;10;187;187;187;DE;DK;Monthly Value;Export;Harmonized;M;M
Physical Energy & Power Flows;2022;7;1418;1418;1418;FR;IT;Monthly Value;Export;Harmonized;M;M
Physical Energy & Power Flows;2022;6;40;40;40;DK;NO;Monthly Value;Export;Harmonized;M;M
Physical Energy & Power Flows;2022;9;12;12;12;HU;RS;Monthly Value;Export;Harmonized;M;M
Physical Energy & Power Flows;2022;5;63;63;63;MD;RO;Monthly Value;Import;Harmonized;NaM;M
Physical Energy & Power Flows;2022;1;36;36;36;GB;NO;Monthly Value;Export;Harmonized;M;M
Physical Energy & Power Flows;2022;5;240;240;240;DE;NL;Monthly Value;Export;Harmonized;M;M
Physical Energy & Power Flows;2022;3;0;0;0;SE;FI;Monthly Value;Import;Harmonized;M;M
Physical Energy & Power Flows;2022;10;8;8;8;LT;RU;Monthly Value;Import;Harmonized;M;NaM
Physical Energy & Power Flows;2022;1;113;113;113;RO;HU;Monthly Value;Import;Harmonized;M;M
Physical Energy & Power Flows;2022;12;10;10;10;SE;FI;Monthly Value;Import;Harmonized;M;M
Physical Energy & Power Flows;2022;8;83;83;83;RS;MK;Monthly Value;Export;Harmonized;M;M
Physical Energy & Power Flows;2022;7;4;4;4;XK;AL;Monthly Value;Import;Harmonized;M;M
Physical Energy & Power Flows;2022;4;596;596;596;PL;SK;Monthly Value;Export;Harmonized;M;M
Physical Energy & Power Flows;2022;10;42;42;42;RS;ME;Monthly Value;Import;Harmonized;M;M
Physical Energy & Power Flows;2022;6;7;7;7;RS;HR;Monthly Value;Import;Harmonized;M;M
Physical Energy & Power Flows;2022;6;102;102;102;LT;PL;Monthly Value;Import;Harmonized;M;M
Physical Energy & Power Flows;2022;3;46;46;46;IT;MT;Monthly Value;Export;Harmonized;M;NaM
Physical Energy & Power Flows;2022;8;812;812;812;NL;DE;Monthly Value;Export;Harmonized;M;M
Physical Energy & Power Flows;2022;10;37;37;37;RS;HR;Monthly Value;Import;Harmonized;M;M
Physical Energy & Power Flows;2022;4;15;15;15;SI;AT;Monthly Value;Export;Harmonized;M;M
Physical Energy & Power Flows;2022;1;762;762;762;FR;IT;Monthly Value;Export;Harmonized;M;M
Physical Energy & Power Flows;2022;3;0;0;0;MD;RO;Monthly Value;Export;Harmonized;NaM;M
Physical Energy & Power Flows;2022;2;95;95;95;GR;MK;Monthly Value;Import;Harmonized;M;M
Physical Energy & Power Flows;2022;8;342;342;342;CZ;DE;Monthly Value;Export;Harmonized;M;M
Physical Energy & Power Flows;2022;3;1178;1178;1178;SK;HU;Monthly Value;Export;Harmonized;M;M
Physical Energy & Power Flows;2022;12;106;106;106;MK;GR;Monthly Value;Import;Harmonized;M;M
Physical Energy & Power Flows;2022;6;4;4;4;LU;BE;Monthly Value;Export;Harmonized;M;M
Physical Energy & Power Flows;2022;10;198;198;198;BA;ME;Monthly Value;Export;Harmonized;M;M
Physical Energy & Power Flows;2022;3;7;7;7;IT;ME;Monthly Value;Export;Harmonized;M;M
Physical Energy & Power Flows;2022;4;189;189;189;DE;BE;Monthly Value;Import;Harmonized;M;M
Physical Energy & Power Flows;2022;9;1680;1680;1680;CH;IT;Monthly Value;Export;Harmonized;M;M
Physical Energy & Power Flows;2022;10;265;265;265;GB;BE;Monthly Value;Export;Harmonized;M;M
Physical Energy & Power Flows;2022;10;0;0;0;AM;GE;Monthly Value;Export;Harmonized;NaM;NaM
Physical Energy & Power Flows;2022;10;88;88;88;BA;HR;Monthly Value;Import;Harmonized;M;M
Physical Energy & Power Flows;2022;7;155;155;155;PL;UA;Monthly Value;Import;Harmonized;M;NaM
Physical Energy & Power Flows;2022;3;9;9;9;SI;AT;Monthly Value;Export;Harmonized;M;M
Physical Energy & Power Flows;2022;5;24;24;24;AM;GE;Monthly Value;Import;Harmonized;NaM;NaM
Physical Energy & Power Flows;2022;12;1156;1156;1156;AT;CZ;Monthly Value;Import;Harmonized;M;M
Physical Energy & Power Flows;2022;11;11;11;11;LV;RU;Monthly Value;Export;Harmonized;M;NaM
Physical Energy & Power Flows;2022;11;33;33;33;XK;RS;Monthly Value;Export;Harmonized;M;M
Physical Energy & Power Flows;2022;10;0;0;0;FI;RU;Monthly Value;Export;Harmonized;M;NaM
Physical Energy & Power Flows;2022;3;257;257;257;AT;HU;Monthly Value;Export;Harmonized;M;M
Physical Energy & Power Flows;2022;9;13;13;13;ME;AL;Monthly Value;Export;Harmonized;M;M
Physical Energy & Power Flows;2022;3;377;377;377;SE;PL;Monthly Value;Export;Harmonized;M;M
Physical Energy & Power Flows;2022;12;106;106;106;GR;MK;Monthly Value;Export;Harmonized;M;M
Physical Energy & Power Flows;2022;11;3;3;3;PL;SK;Monthly Value;Import;Harmonized;M;M
Physical Energy & Power Flows;2022;3;336;336;336;GB;FR;Monthly Value;Import;Harmonized;M;M
Physical Energy & Power Flows;2022;4;31;31;31;HU;AT;Monthly Value;Export;Harmonized;M;M
Physical Energy & Power Flows;2022;8;90;90;90;BE;DE;Monthly Value;Import;Harmonized;M;M
Physical Energy & Power Flows;2022;9;85;85;85;IT;AT;Monthly Value;Import;Harmonized;M;M
Physical Energy & Power Flows;2022;9;941;941;941;SK;CZ;Monthly Value;Import;Harmonized;M;M
Physical Energy & Power Flows;2022;4;135;135;135;XK;RS;Monthly Value;Import;Harmonized;M;M
Physical Energy & Power Flows;2022;10;90;90;90;ME;IT;Monthly Value;Import;Harmonized;M;M
Physical Energy & Power Flows;2022;9;119;119;119;BE;GB;Monthly Value;Export;Harmonized;M;M
Physical Energy & Power Flows;2022;7;164;164;164;RS;BA;Monthly Value;Export;Harmonized;M;M
Physical Energy & Power Flows;2022;5;46;46;46;HR;BA;Monthly Value;Export;Harmonized;M;M
Physical Energy & Power Flows;2022;9;245;245;245;NO;DK;Monthly Value;Import;Harmonized;M;M
Physical Energy & Power Flows;2022;12;96;96;96;GB;BE;Monthly Value;Export;Harmonized;M;M
Physical Energy & Power Flows;2022;7;222;222;222;RS;ME;Monthly Value;Import;Harmonized;M;M
Physical Energy & Power Flows;2022;9;26;26;26;BE;LU;Monthly Value;Export;Harmonized;M;M
Physical Energy & Power Flows;2022;2;92;92;92;BA;HR;Monthly Value;Export;Harmonized;M;M
Physical Energy & Power Flows;2022;5;66;66;66;XK;MK;Monthly Value;Export;Harmonized;M;M
Physical Energy & Power Flows;2022;1;82;82;82;EE;LV;Monthly Value;Export;Harmonized;M;M
Physical Energy & Power Flows;2022;4;281;281;281;NL;DE;Monthly Value;Export;Harmonized;M;M
Physical Energy & Power Flows;2022;3;800;800;800;ES;PT;Monthly Value;Export;Harmonized;M;M
Physical Energy & Power Flows;2022;7;393;393;393;EE;LV;Monthly Value;Export;Harmonized;M;M
Physical Energy & Power Flows;2022;5;47;47;47;CH;AT;Monthly Value;Export;Harmonized;M;M
Physical Energy & Power Flows;2022;7;77;77;77;AT;DE;Monthly Value;Export;Harmonized;M;M
Physical Energy & Power Flows;2022;6;207;207;207;UA;HU;Monthly Value;Export;Harmonized;NaM;M
Physical Energy & Power Flows;2022;5;2;2;2;ME;BA;Monthly Value;Export;Harmonized;M;M
Physical Energy & Power Flows;2022;9;729;729;729;FR;DE;Monthly Value;Import;Harmonized;M;M
Physical Energy & Power Flows;2022;7;152;152;152;HR;RS;Monthly Value;Import;Harmonized;M;M
Physical Energy & Power Flows;2022;3;14;14;14;BA;RS;Monthly Value;Export;Harmonized;M;M
Physical Energy & Power Flows;2022;11;222;222;222;BG;TR;Monthly Value;Export;Harmonized;M;M
Physical Energy & Power Flows;2022;1;140;140;140;PT;ES;Monthly Value;Export;Harmonized;M;M
Physical Energy & Power Flows;2022;9;476;476;476;GB;NO;Monthly Value;Export;Harmonized;M;M
Physical Energy & Power Flows;2022;6;91;91;91;DE;DK;Monthly Value;Export;Harmonized;M;M
Physical Energy & Power Flows;2022;11;131;131;131;IT;GR;Monthly Value;Import;Harmonized;M;M
Physical Energy & Power Flows;2022;10;337;337;337;ES;FR;Monthly Value;Import;Harmonized;M;M
Physical Energy & Power Flows;2022;5;59;59;59;FR;GB;Monthly Value;Export;Harmonized;M;M
Physical Energy & Power Flows;2022;12;137;137;137;RS;BG;Monthly Value;Import;Harmonized;M;M
Physical Energy & Power Flows;2022;8;21;21;21;RS;XK;Monthly Value;Import;Harmonized;M;M
Physical Energy & Power Flows;2022;7;172;172;172;BE;DE;Monthly Value;Export;Harmonized;M;M
Physical Energy & Power Flows;2022;8;5;5;5;LV;LT;Monthly Value;Import;Harmonized;M;M
Physical Energy & Power Flows;2022;10;21;21;21;FI;SE;Monthly Value;Export;Harmonized;M;M
Physical Energy & Power Flows;2022;12;38;38;38;RO;HU;Monthly Value;Export;Harmonized;M;M
Physical Energy & Power Flows;2022;12;66;66;66;RO;RS;Monthly Value;Import;Harmonized;M;M
Physical Energy & Power Flows;2022;8;9;9;9;GE;RU;Monthly Value;Import;Harmonized;NaM;NaM
Physical Energy & Power Flows;2022;11;4;4;4;RU;EE;Monthly Value;Export;Harmonized;NaM;M
Physical Energy & Power Flows;2022;2;13;13;13;GB;BE;Monthly Value;Export;Harmonized;M;M
Physical Energy & Power Flows;2022;7;27;27;27;SK;UA;Monthly Value;Export;Harmonized;M;NaM
Physical Energy & Power Flows;2022;4;159;159;159;EE;RU;Monthly Value;Export;Harmonized;M;NaM
Physical Energy & Power Flows;2022;6;125;125;125;RU;EE;Monthly Value;Import;Harmonized;NaM;M
Physical Energy & Power Flows;2022;2;1032;1032;1032;AT;CZ;Monthly Value;Import;Harmonized;M;M
Physical Energy & Power Flows;2022;3;559;559;559;NL;DE;Monthly Value;Import;Harmonized;M;M
Physical Energy & Power Flows;2022;6;133;133;133;BE;NL;Monthly Value;Export;Harmonized;M;M
Physical Energy & Power Flows;2022;7;4;4;4;AL;XK;Monthly Value;Export;Harmonized;M;M
Physical Energy & Power Flows;2022;8;11;11;11;GR;MK;Monthly Value;Import;Harmonized;M;M
Physical Energy & Power Flows;2022;7;1;1;1;HR;HU;Monthly Value;Export;Harmonized;M;M
Physical Energy & Power Flows;2022;3;2;2;2;UA;MD;Monthly Value;Export;Harmonized;NaM;NaM
Physical Energy & Power Flows;2022;11;122;122;122;IT;GR;Monthly Value;Export;Harmonized;M;M
Physical Energy & Power Flows;2022;9;411;411;411;SE;DK;Monthly Value;Export;Harmonized;M;M
Physical Energy & Power Flows;2022;6;29;29;29;RS;HU;Monthly Value;Export;Harmonized;M;M
Physical Energy & Power Flows;2022;7;78;78;78;MK;RS;Monthly Value;Import;Harmonized;M;M
Physical Energy & Power Flows;2022;5;9;9;9;GE;AZ;Monthly Value;Export;Harmonized;NaM;NaM
Physical Energy & Power Flows;2022;2;0;0;0;AT;IT;Monthly Value;Import;Harmonized;M;M
Physical Energy & Power Flows;2022;5;35;35;35;RS;HR;Monthly Value;Import;Harmonized;M;M
Physical Energy & Power Flows;2022;5;2;2;2;NO;FI;Monthly Value;Import;Harmonized;M;M
Physical Energy & Power Flows;2022;5;454;454;454;DE;AT;Monthly Value;Export;Harmonized;M;M
Physical Energy & Power Flows;2022;2;597;597;597;DK;NO;Monthly Value;Export;Harmonized;M;M
Physical Energy & Power Flows;2022;9;281;281;281;HU;AT;Monthly Value;Import;Harmonized;M;M
Physical Energy & Power Flows;2022;9;0;0;0;IT;SI;Monthly Value;Export;Harmonized;M;M
Physical Energy & Power Flows;2022;12;17;17;17;BG;MK;Monthly Value;Import;Harmonized;M;M
Physical Energy & Power Flows;2022;11;13;13;13;MT;IT;Monthly Value;Import;Harmonized;NaM;M
Physical Energy & Power Flows;2022;9;9;9;9;GE;RU;Monthly Value;Import;Harmonized;NaM;NaM
Physical Energy & Power Flows;2022;7;373;373;373;CH;AT;Monthly Value;Import;Harmonized;M;M
Physical Energy & Power Flows;2022;5;17;17;17;RS;ME;Monthly Value;Export;Harmonized;M;M
Physical Energy & Power Flows;2022;3;2;2;2;NO;FI;Monthly Value;Import;Harmonized;M;M
Physical Energy & Power Flows;2022;7;34;34;34;FR;BE;Monthly Value;Export;Harmonized;M;M
Physical Energy & Power Flows;2022;5;3;3;3;FI;SE;Monthly Value;Export;Harmonized;M;M
Physical Energy & Power Flows;2022;12;34;34;34;ME;XK;Monthly Value;Import;Harmonized;M;M
Physical Energy & Power Flows;2022;8;726;726;726;NO;DK;Monthly Value;Export;Harmonized;M;M
Physical Energy & Power Flows;2022;12;4;4;4;SI;HU;Monthly Value;Export;Harmonized;M;M
Physical Energy & Power Flows;2022;3;897;897;897;RU;FI;Monthly Value;Export;Harmonized;NaM;M
Physical Energy & Power Flows;2022;5;241;241;241;NO;GB;Monthly Value;Import;Harmonized;M;M
Physical Energy & Power Flows;2022;1;171;171;171;RS;XK;Monthly Value;Export;Harmonized;M;M
Physical Energy & Power Flows;2022;5;8;8;8;MK;RS;Monthly Value;Import;Harmonized;M;M
Physical Energy & Power Flows;2022;4;110;110;110;GR;IT;Monthly Value;Export;Harmonized;M;M
Physical Energy & Power Flows;2022;9;21;21;21;HU;AT;Monthly Value;Export;Harmonized;M;M
Physical Energy & Power Flows;2022;4;62;62;62;NL;NO;Monthly Value;Export;Harmonized;M;M
Physical Energy & Power Flows;2022;10;42;42;42;NO;NL;Monthly Value;Export;Harmonized;M;M
Physical Energy & Power Flows;2022;3;120;120;120;AT;IT;Monthly Value;Export;Harmonized;M;M
Physical Energy & Power Flows;2022;3;146;146;146;FR;CH;Monthly Value;Import;Harmonized;M;M
Physical Energy & Power Flows;2022;4;435;435;435;CH;FR;Monthly Value;Import;Harmonized;M;M
Physical Energy & Power Flows;2022;11;0;0;0;FI;RU;Monthly Value;Export;Harmonized;M;NaM
Physical Energy & Power Flows;2022;4;479;479;479;NO;SE;Monthly Value;Import;Harmonized;M;M
Physical Energy & Power Flows;2022;6;238;238;238;GR;TR;Monthly Value;Import;Harmonized;M;M
Physical Energy & Power Flows;2022;9;309;309;309;DE;LU;Monthly Value;Export;Harmonized;M;M
Physical Energy & Power Flows;2022;3;166;166;166;RU;LT;Monthly Value;Export;Harmonized;NaM;M
Physical Energy & Power Flows;2022;7;535;535;535;DK;NO;Monthly Value;Import;Harmonized;M;M
Physical Energy & Power Flows;2022;6;224;224;224;FR;CH;Monthly Value;Import;Harmonized;M;M
Physical Energy & Power Flows;2022;12;394;394;394;BA;HR;Monthly Value;Export;Harmonized;M;M
Physical Energy & Power Flows;2022;3;0;0;0;RU;LV;Monthly Value;Import;Harmonized;NaM;M
Physical Energy & Power Flows;2022;9;240;240;240;BE;DE;Monthly Value;Export;Harmonized;M;M
Physical Energy & Power Flows;2022;4;58;58;58;DE;PL;Monthly Value;Import;Harmonized;M;M
Physical Energy & Power Flows;2022;6;174;174;174;AT;DE;Monthly Value;Export;Harmonized;M;M
Physical Energy & Power Flows;2022;4;2;2;2;LV;LT;Monthly Value;Import;Harmonized;M;M
Physical Energy & Power Flows;2022;3;288;288;288;GR;TR;Monthly Value;Import;Harmonized;M;M
Physical Energy & Power Flows;2022;6;56;56;56;DE;CH;Monthly Value;Import;Harmonized;M;M
Physical Energy & Power Flows;2022;5;412;412;412;FR;ES;Monthly Value;Export;Harmonized;M;M
Physical Energy & Power Flows;2022;12;76;76;76;XK;RS;Monthly Value;Import;Harmonized;M;M
Physical Energy & Power Flows;2022;7;7;7;7;GR;BG;Monthly Value;Export;Harmonized;M;M
Physical Energy & Power Flows;2022;10;602;602;602;HU;HR;Monthly Value;Export;Harmonized;M;M
Physical Energy & Power Flows;2022;9;240;240;240;DE;BE;Monthly Value;Import;Harmonized;M;M
Physical Energy & Power Flows;2022;6;3;3;3;UA;HU;Monthly Value;Import;Harmonized;NaM;M
Physical Energy & Power Flows;2022;5;63;63;63;RU;LV;Monthly Value;Export;Harmonized;NaM;M
Physical Energy & Power Flows;2022;2;10;10;10;ME;AL;Monthly Value;Import;Harmonized;M;M
Physical Energy & Power Flows;2022;3;564;564;564;PL;DE;Monthly Value;Import;Harmonized;M;M
Physical Energy & Power Flows;2022;5;419;419;419;DE;CZ;Monthly Value;Export;Harmonized;M;M
Physical Energy & Power Flows;2022;9;484;484;484;TR;GE;Monthly Value;Import;Harmonized;M;NaM
Physical Energy & Power Flows;2022;8;63;63;63;NO;DK;Monthly Value;Import;Harmonized;M;M
Physical Energy & Power Flows;2022;6;174;174;174;DK;NL;Monthly Value;Import;Harmonized;M;M
Physical Energy & Power Flows;2022;9;356;356;356;FR;CH;Monthly Value;Import;Harmonized;M;M
Physical Energy & Power Flows;2022;10;212;212;212;RO;HU;Monthly Value;Import;Harmonized;M;M
Physical Energy & Power Flows;2022;4;48;48;48;RS;HU;Monthly Value;Import;Harmonized;M;M
Physical Energy & Power Flows;2022;5;127;127;127;GB;NL;Monthly Value;Import;Harmonized;M;M
Physical Energy & Power Flows;2022;3;251;251;251;DK;NL;Monthly Value;Export;Harmonized;M;M
Physical Energy & Power Flows;2022;9;153;153;153;XK;RS;Monthly Value;Import;Harmonized;M;M
Physical Energy & Power Flows;2022;9;737;737;737;DE;NL;Monthly Value;Import;Harmonized;M;M
Physical Energy & Power Flows;2022;3;251;251;251;NL;DK;Monthly Value;Import;Harmonized;M;M
Physical Energy & Power Flows;2022;10;42;42;42;ME;RS;Monthly Value;Export;Harmonized;M;M
Physical Energy & Power Flows;2022;3;9;9;9;GR;BG;Monthly Value;Export;Harmonized;M;M
Physical Energy & Power Flows;2022;6;200;200;200;DE;SE;Monthly Value;Import;Harmonized;M;M
Physical Energy & Power Flows;2022;9;91;91;91;RS;HR;Monthly Value;Export;Harmonized;M;M
Physical Energy & Power Flows;2022;5;114;114;114;BE;DE;Monthly Value;Import;Harmonized;M;M
Physical Energy & Power Flows;2022;9;411;411;411;DK;SE;Monthly Value;Import;Harmonized;M;M
Physical Energy & Power Flows;2022;3;4;4;4;DE;SE;Monthly Value;Export;Harmonized;M;M
Physical Energy & Power Flows;2022;9;132;132;132;DE;CZ;Monthly Value;Export;Harmonized;M;M
Physical Energy & Power Flows;2022;6;8;8;8;ME;AL;Monthly Value;Export;Harmonized;M;M
Physical Energy & Power Flows;2022;6;23;23;23;RS;MK;Monthly Value;Import;Harmonized;M;M
Physical Energy & Power Flows;2022;7;34;34;34;RO;HU;Monthly Value;Export;Harmonized;M;M
Physical Energy & Power Flows;2022;5;0;0;0;CZ;AT;Monthly Value;Import;Harmonized;M;M
Physical Energy & Power Flows;2022;10;9;9;9;RS;MK;Monthly Value;Export;Harmonized;M;M
Physical Energy & Power Flows;2022;1;18;18;18;LV;EE;Monthly Value;Export;Harmonized;M;M
Physical Energy & Power Flows;2022;12;202;202;202;DE;NL;Monthly Value;Import;Harmonized;M;M
Physical Energy & Power Flows;2022;6;238;238;238;TR;GR;Monthly Value;Export;Harmonized;M;M
Physical Energy & Power Flows;2022;3;897;897;897;FI;RU;Monthly Value;Import;Harmonized;M;NaM
Physical Energy & Power Flows;2022;11;3;3;3;BG;TR;Monthly Value;Import;Harmonized;M;M
Physical Energy & Power Flows;2022;1;483;483;483;LT;SE;Monthly Value;Import;Harmonized;M;M
Physical Energy & Power Flows;2022;4;25;25;25;AT;DE;Monthly Value;Export;Harmonized;M;M
Physical Energy & Power Flows;2022;11;359;359;359;RO;BG;Monthly Value;Import;Harmonized;M;M
Physical Energy & Power Flows;2022;7;1;1;1;HU;HR;Monthly Value;Import;Harmonized;M;M
Physical Energy & Power Flows;2022;3;1;1;1;UA;HU;Monthly Value;Import;Harmonized;NaM;M
Physical Energy & Power Flows;2022;12;447;447;447;DE;NL;Monthly Value;Export;Harmonized;M;M
Physical Energy & Power Flows;2022;1;451;451;451;BY;LT;Monthly Value;Export;Harmonized;NaM;M
Physical Energy & Power Flows;2022;6;414;414;414;BE;GB;Monthly Value;Import;Harmonized;M;M
Physical Energy & Power Flows;2022;10;33;33;33;FI;NO;Monthly Value;Import;Harmonized;M;M
Physical Energy & Power Flows;2022;10;4;4;4;IT;SI;Monthly Value;Export;Harmonized;M;M
Physical Energy & Power Flows;2022;8;0;0;0;AM;GE;Monthly Value;Import;Harmonized;NaM;NaM
Physical Energy & Power Flows;2022;1;326;326;326;CZ;DE;Monthly Value;Export;Harmonized;M;M
Physical Energy & Power Flows;2022;1;463;463;463;FR;CH;Monthly Value;Export;Harmonized;M;M
Physical Energy & Power Flows;2022;7;21;21;21;SI;AT;Monthly Value;Export;Harmonized;M;M
Physical Energy & Power Flows;2022;4;8;8;8;RO;MD;Monthly Value;Import;Harmonized;M;NaM
Physical Energy & Power Flows;2022;12;114;114;114;UA;SK;Monthly Value;Import;Harmonized;NaM;M
Physical Energy & Power Flows;2022;10;49;49;49;AL;GR;Monthly Value;Export;Harmonized;M;M
Physical Energy & Power Flows;2022;1;1163;1163;1163;HU;SK;Monthly Value;Import;Harmonized;M;M
Physical Energy & Power Flows;2022;6;92;92;92;IT;GR;Monthly Value;Import;Harmonized;M;M
Physical Energy & Power Flows;2022;9;193;193;193;SI;HU;Monthly Value;Import;Harmonized;M;M
Physical Energy & Power Flows;2022;11;28;28;28;RS;RO;Monthly Value;Export;Harmonized;M;M
Physical Energy & Power Flows;2022;5;387;387;387;ME;IT;Monthly Value;Export;Harmonized;M;M
Physical Energy & Power Flows;2022;9;336;336;336;DE;CZ;Monthly Value;Import;Harmonized;M;M
Physical Energy & Power Flows;2022;6;3;3;3;RU;EE;Monthly Value;Export;Harmonized;NaM;M
Physical Energy & Power Flows;2022;9;657;657;657;CZ;PL;Monthly Value;Import;Harmonized;M;M
Physical Energy & Power Flows;2022;2;266;266;266;UA;RU;Monthly Value;Import;Harmonized;NaM;NaM
Physical Energy & Power Flows;2022;8;318;318;318;DE;SE;Monthly Value;Import;Harmonized;M;M
Physical Energy & Power Flows;2022;8;7;7;7;RO;UA;Monthly Value;Export;Harmonized;M;NaM
Physical Energy & Power Flows;2022;12;186;186;186;EE;LV;Monthly Value;Export;Harmonized;M;M
Physical Energy & Power Flows;2022;7;12;12;12;RU;LT;Monthly Value;Export;Harmonized;NaM;M
Physical Energy & Power Flows;2022;1;40;40;40;BA;HR;Monthly Value;Import;Harmonized;M;M
Physical Energy & Power Flows;2022;10;216;216;216;BG;RO;Monthly Value;Import;Harmonized;M;M
Physical Energy & Power Flows;2022;8;35;35;35;HU;RO;Monthly Value;Import;Harmonized;M;M
Physical Energy & Power Flows;2022;11;9;9;9;DE;CH;Monthly Value;Import;Harmonized;M;M
Physical Energy & Power Flows;2022;11;5;5;5;RU;LT;Monthly Value;Export;Harmonized;NaM;M
Physical Energy & Power Flows;2022;10;15;15;15;MK;XK;Monthly Value;Export;Harmonized;M;M
Physical Energy & Power Flows;2022;2;33;33;33;XK;ME;Monthly Value;Export;Harmonized;M;M
Physical Energy & Power Flows;2022;8;242;242;242;BE;NL;Monthly Value;Import;Harmonized;M;M
Physical Energy & Power Flows;2022;12;884;884;884;AT;DE;Monthly Value;Import;Harmonized;M;M
Physical Energy & Power Flows;2022;10;50;50;50;ME;RS;Monthly Value;Import;Harmonized;M;M
Physical Energy & Power Flows;2022;8;380;380;380;FR;CH;Monthly Value;Export;Harmonized;M;M
Physical Energy & Power Flows;2022;4;263;263;263;NO;DK;Monthly Value;Export;Harmonized;M;M
Physical Energy & Power Flows;2022;7;267;267;267;SI;HR;Monthly Value;Import;Harmonized;M;M
Physical Energy & Power Flows;2022;7;549;549;549;DE;NO;Monthly Value;Import;Harmonized;M;M
Physical Energy & Power Flows;2022;8;656;656;656;FR;BE;Monthly Value;Import;Harmonized;M;M
Physical Energy & Power Flows;2022;2;9;9;9;GB;NO;Monthly Value;Export;Harmonized;M;M
Physical Energy & Power Flows;2022;12;403;403;403;NO;SE;Monthly Value;Import;Harmonized;M;M
Physical Energy & Power Flows;2022;7;45;45;45;BE;LU;Monthly Value;Export;Harmonized;M;M
Physical Energy & Power Flows;2022;1;124;124;124;IT;AT;Monthly Value;Import;Harmonized;M;M
Physical Energy & Power Flows;2022;10;1617;1617;1617;IT;CH;Monthly Value;Import;Harmonized;M;M
Physical Energy & Power Flows;2022;10;18;18;18;HU;AT;Monthly Value;Export;Harmonized;M;M
Physical Energy & Power Flows;2022;10;631;631;631;DK;DE;Monthly Value;Export;Harmonized;M;M
Physical Energy & Power Flows;2022;10;1;1;1;HU;RS;Monthly Value;Import;Harmonized;M;M
Physical Energy & Power Flows;2022;4;74;74;74;GB;NO;Monthly Value;Export;Harmonized;M;M
Physical Energy & Power Flows;2022;8;987;987;987;SE;DK;Monthly Value;Export;Harmonized;M;M
Physical Energy & Power Flows;2022;10;1;1;1;IT;AT;Monthly Value;Export;Harmonized;M;M
Physical Energy & Power Flows;2022;1;1;1;1;SI;IT;Monthly Value;Import;Harmonized;M;M
Physical Energy & Power Flows;2022;4;8;8;8;MD;RO;Monthly Value;Export;Harmonized;NaM;M
Physical Energy & Power Flows;2022;6;17;17;17;XK;MK;Monthly Value;Export;Harmonized;M;M
Physical Energy & Power Flows;2022;2;95;95;95;RO;BG;Monthly Value;Import;Harmonized;M;M
Physical Energy & Power Flows;2022;9;43;43;43;RO;HU;Monthly Value;Export;Harmonized;M;M
Physical Energy & Power Flows;2022;5;159;159;159;CZ;DE;Monthly Value;Export;Harmonized;M;M
Physical Energy & Power Flows;2022;1;29;29;29;NL;DK;Monthly Value;Export;Harmonized;M;M
Physical Energy & Power Flows;2022;3;133;133;133;GR;BG;Monthly Value;Import;Harmonized;M;M
Physical Energy & Power Flows;2022;6;30;30;30;ME;BA;Monthly Value;Export;Harmonized;M;M
Physical Energy & Power Flows;2022;12;22;22;22;MT;IT;Monthly Value;Import;Harmonized;NaM;M
Physical Energy & Power Flows;2022;10;892;892;892;PL;DE;Monthly Value;Import;Harmonized;M;M
Physical Energy & Power Flows;2022;11;6;6;6;PL;SE;Monthly Value;Export;Harmonized;M;M
Physical Energy & Power Flows;2022;8;139;139;139;BA;RS;Monthly Value;Import;Harmonized;M;M
Physical Energy & Power Flows;2022;8;9;9;9;RU;EE;Monthly Value;Export;Harmonized;NaM;M
Physical Energy & Power Flows;2022;9;14;14;14;GR;AL;Monthly Value;Import;Harmonized;M;M
Physical Energy & Power Flows;2022;1;16;16;16;UA;MD;Monthly Value;Import;Harmonized;NaM;NaM
Physical Energy & Power Flows;2022;5;3;3;3;HR;HU;Monthly Value;Export;Harmonized;M;M
Physical Energy & Power Flows;2022;12;179;179;179;IT;GR;Monthly Value;Import;Harmonized;M;M
Physical Energy & Power Flows;2022;12;7;7;7;EE;FI;Monthly Value;Export;Harmonized;M;M
Physical Energy & Power Flows;2022;1;11;11;11;PL;SE;Monthly Value;Export;Harmonized;M;M
Physical Energy & Power Flows;2022;4;1075;1075;1075;IT;FR;Monthly Value;Import;Harmonized;M;M
Physical Energy & Power Flows;2022;5;1;1;1;RU;LT;Monthly Value;Import;Harmonized;NaM;M
Physical Energy & Power Flows;2022;9;217;217;217;BG;MK;Monthly Value;Export;Harmonized;M;M
Physical Energy & Power Flows;2022;5;1;1;1;XK;ME;Monthly Value;Import;Harmonized;M;M
Physical Energy & Power Flows;2022;12;769;769;769;FR;CH;Monthly Value;Export;Harmonized;M;M
Physical Energy & Power Flows;2022;5;12;12;12;SE;PL;Monthly Value;Import;Harmonized;M;M
Physical Energy & Power Flows;2022;9;1;1;1;FR;ES;Monthly Value;Export;Harmonized;M;M
Physical Energy & Power Flows;2022;6;812;812;812;CZ;AT;Monthly Value;Export;Harmonized;M;M
Physical Energy & Power Flows;2022;11;41;41;41;PL;LT;Monthly Value;Import;Harmonized;M;M
Physical Energy & Power Flows;2022;11;2;2;2;CZ;SK;Monthly Value;Import;Harmonized;M;M
Physical Energy & Power Flows;2022;10;5;5;5;SE;DE;Monthly Value;Import;Harmonized;M;M
Physical Energy & Power Flows;2022;2;22;22;22;RS;ME;Monthly Value;Export;Harmonized;M;M
Physical Energy & Power Flows;2022;1;243;243;243;UA;SK;Monthly Value;Import;Harmonized;NaM;M
Physical Energy & Power Flows;2022;5;790;790;790;ES;FR;Monthly Value;Export;Harmonized;M;M
Physical Energy & Power Flows;2022;5;247;247;247;LT;LV;Monthly Value;Import;Harmonized;M;M
Physical Energy & Power Flows;2022;2;799;799;799;FI;RU;Monthly Value;Import;Harmonized;M;NaM
Physical Energy & Power Flows;2022;11;3;3;3;AT;DE;Monthly Value;Export;Harmonized;M;M
Physical Energy & Power Flows;2022;9;46;46;46;FR;GB;Monthly Value;Export;Harmonized;M;M
Physical Energy & Power Flows;2022;6;7;7;7;HU;HR;Monthly Value;Import;Harmonized;M;M
Physical Energy & Power Flows;2022;2;1814;1814;1814;IT;CH;Monthly Value;Import;Harmonized;M;M
Physical Energy & Power Flows;2022;11;190;190;190;IT;ME;Monthly Value;Import;Harmonized;M;M
Physical Energy & Power Flows;2022;12;258;258;258;LU;DE;Monthly Value;Import;Harmonized;M;M
Physical Energy & Power Flows;2022;8;2;2;2;RU;LT;Monthly Value;Import;Harmonized;NaM;M
Physical Energy & Power Flows;2022;8;9;9;9;EE;RU;Monthly Value;Import;Harmonized;M;NaM
Physical Energy & Power Flows;2022;1;762;762;762;IT;FR;Monthly Value;Import;Harmonized;M;M
Physical Energy & Power Flows;2022;6;2;2;2;AL;GR;Monthly Value;Export;Harmonized;M;M
Physical Energy & Power Flows;2022;1;0;0;0;MD;RO;Monthly Value;Import;Harmonized;NaM;M
Physical Energy & Power Flows;2022;10;631;631;631;DE;DK;Monthly Value;Import;Harmonized;M;M
Physical Energy & Power Flows;2022;5;481;481;481;HU;HR;Monthly Value;Export;Harmonized;M;M
Physical Energy & Power Flows;2022;6;0;0;0;CZ;AT;Monthly Value;Import;Harmonized;M;M
Physical Energy & Power Flows;2022;10;13;13;13;GB;IE;Monthly Value;Export;Harmonized;M;M
Physical Energy & Power Flows;2022;6;40;40;40;MD;UA;Monthly Value;Import;Harmonized;NaM;NaM
Physical Energy & Power Flows;2022;10;5;5;5;RS;XK;Monthly Value;Import;Harmonized;M;M
Physical Energy & Power Flows;2022;1;15;15;15;SI;HR;Monthly Value;Export;Harmonized;M;M
Physical Energy & Power Flows;2022;11;533;533;533;CZ;DE;Monthly Value;Import;Harmonized;M;M
Physical Energy & Power Flows;2022;8;168;168;168;HR;SI;Monthly Value;Export;Harmonized;M;M
Physical Energy & Power Flows;2022;12;300;300;300;DK;SE;Monthly Value;Export;Harmonized;M;M
Physical Energy & Power Flows;2022;1;599;599;599;SK;PL;Monthly Value;Import;Harmonized;M;M
Physical Energy & Power Flows;2022;5;460;460;460;DE;FR;Monthly Value;Import;Harmonized;M;M
Physical Energy & Power Flows;2022;12;56;56;56;RS;BA;Monthly Value;Export;Harmonized;M;M
Physical Energy & Power Flows;2022;2;1424;1424;1424;AT;DE;Monthly Value;Import;Harmonized;M;M
Physical Energy & Power Flows;2022;2;644;644;644;SK;PL;Monthly Value;Import;Harmonized;M;M
Physical Energy & Power Flows;2022;1;477;477;477;ES;FR;Monthly Value;Import;Harmonized;M;M
Physical Energy & Power Flows;2022;11;2;2;2;BE;LU;Monthly Value;Import;Harmonized;M;M
Physical Energy & Power Flows;2022;11;0;0;0;FI;RU;Monthly Value;Import;Harmonized;M;NaM
Physical Energy & Power Flows;2022;9;163;163;163;NL;GB;Monthly Value;Export;Harmonized;M;M
Physical Energy & Power Flows;2022;1;0;0;0;BG;TR;Monthly Value;Import;Harmonized;M;M
Physical Energy & Power Flows;2022;1;2;2;2;CZ;SK;Monthly Value;Import;Harmonized;M;M
Physical Energy & Power Flows;2022;9;195;195;195;BG;GR;Monthly Value;Export;Harmonized;M;M
Physical Energy & Power Flows;2022;10;461;461;461;DE;NO;Monthly Value;Import;Harmonized;M;M
Physical Energy & Power Flows;2022;8;656;656;656;BE;FR;Monthly Value;Export;Harmonized;M;M
Physical Energy & Power Flows;2022;1;15;15;15;AL;XK;Monthly Value;Import;Harmonized;M;M
Physical Energy & Power Flows;2022;7;0;0;0;HU;UA;Monthly Value;Export;Harmonized;M;NaM
Physical Energy & Power Flows;2022;9;4;4;4;RO;RS;Monthly Value;Import;Harmonized;M;M
Physical Energy & Power Flows;2022;2;2139;2139;2139;CH;DE;Monthly Value;Import;Harmonized;M;M
Physical Energy & Power Flows;2022;11;17;17;17;SI;HR;Monthly Value;Export;Harmonized;M;M
Physical Energy & Power Flows;2022;7;69;69;69;BA;ME;Monthly Value;Import;Harmonized;M;M
Physical Energy & Power Flows;2022;8;177;177;177;SI;HU;Monthly Value;Import;Harmonized;M;M
Physical Energy & Power Flows;2022;7;1747;1747;1747;FI;SE;Monthly Value;Import;Harmonized;M;M
Physical Energy & Power Flows;2022;5;841;841;841;CZ;AT;Monthly Value;Export;Harmonized;M;M
Physical Energy & Power Flows;2022;2;5;5;5;HU;RS;Monthly Value;Import;Harmonized;M;M
Physical Energy & Power Flows;2022;3;539;539;539;ES;FR;Monthly Value;Import;Harmonized;M;M
Physical Energy & Power Flows;2022;10;575;575;575;DK;SE;Monthly Value;Import;Harmonized;M;M
Physical Energy & Power Flows;2022;11;21;21;21;ME;RS;Monthly Value;Import;Harmonized;M;M
Physical Energy & Power Flows;2022;6;0;0;0;CZ;SK;Monthly Value;Import;Harmonized;M;M
Physical Energy & Power Flows;2022;11;177;177;177;GB;NL;Monthly Value;Import;Harmonized;M;M
Physical Energy & Power Flows;2022;11;107;107;107;BA;ME;Monthly Value;Export;Harmonized;M;M
Physical Energy & Power Flows;2022;2;674;674;674;PL;DE;Monthly Value;Import;Harmonized;M;M
Physical Energy & Power Flows;2022;4;0;0;0;TR;GR;Monthly Value;Import;Harmonized;M;M
Physical Energy & Power Flows;2022;2;23;23;23;FI;NO;Monthly Value;Import;Harmonized;M;M
Physical Energy & Power Flows;2022;4;10;10;10;XK;AL;Monthly Value;Import;Harmonized;M;M
Physical Energy & Power Flows;2022;11;892;892;892;PL;DE;Monthly Value;Import;Harmonized;M;M
Physical Energy & Power Flows;2022;3;727;727;727;NO;GB;Monthly Value;Export;Harmonized;M;M
Physical Energy & Power Flows;2022;9;133;133;133;PL;UA;Monthly Value;Import;Harmonized;M;NaM
Physical Energy & Power Flows;2022;2;69;69;69;AM;GE;Monthly Value;Export;Harmonized;NaM;NaM
Physical Energy & Power Flows;2022;1;153;153;153;BY;UA;Monthly Value;Export;Harmonized;NaM;NaM
Physical Energy & Power Flows;2022;11;505;505;505;GE;TR;Monthly Value;Export;Harmonized;NaM;M
Physical Energy & Power Flows;2022;5;20;20;20;LT;BY;Monthly Value;Export;Harmonized;M;NaM
Physical Energy & Power Flows;2022;10;37;37;37;BY;LT;Monthly Value;Import;Harmonized;NaM;M
Physical Energy & Power Flows;2022;12;799;799;799;GB;FR;Monthly Value;Import;Harmonized;M;M
Physical Energy & Power Flows;2022;10;916;916;916;DE;NL;Monthly Value;Import;Harmonized;M;M
Physical Energy & Power Flows;2022;6;1020;1020;1020;PT;ES;Monthly Value;Import;Harmonized;M;M
Physical Energy & Power Flows;2022;12;130;130;130;NO;NL;Monthly Value;Import;Harmonized;M;M
Physical Energy & Power Flows;2022;9;51;51;51;MK;RS;Monthly Value;Import;Harmonized;M;M
Physical Energy & Power Flows;2022;6;361;361;361;DE;AT;Monthly Value;Export;Harmonized;M;M
Physical Energy & Power Flows;2022;2;1400;1400;1400;PT;ES;Monthly Value;Import;Harmonized;M;M
Physical Energy & Power Flows;2022;1;7;7;7;RU;LV;Monthly Value;Export;Harmonized;NaM;M
Physical Energy & Power Flows;2022;10;0;0;0;SE;PL;Monthly Value;Import;Harmonized;M;M
Physical Energy & Power Flows;2022;3;78;78;78;AL;XK;Monthly Value;Import;Harmonized;M;M
Physical Energy & Power Flows;2022;4;169;169;169;RO;RS;Monthly Value;Export;Harmonized;M;M
Physical Energy & Power Flows;2022;11;435;435;435;AT;CH;Monthly Value;Export;Harmonized;M;M
Physical Energy & Power Flows;2022;12;444;444;444;GE;AZ;Monthly Value;Import;Harmonized;NaM;NaM
Physical Energy & Power Flows;2022;1;30;30;30;RS;ME;Monthly Value;Export;Harmonized;M;M
Physical Energy & Power Flows;2022;2;13;13;13;RS;RO;Monthly Value;Export;Harmonized;M;M
Physical Energy & Power Flows;2022;3;74;74;74;XK;MK;Monthly Value;Import;Harmonized;M;M
Physical Energy & Power Flows;2022;3;301;301;301;LV;LT;Monthly Value;Export;Harmonized;M;M
Physical Energy & Power Flows;2022;7;11;11;11;RS;XK;Monthly Value;Import;Harmonized;M;M
Physical Energy & Power Flows;2022;6;0;0;0;AT;CZ;Monthly Value;Export;Harmonized;M;M
Physical Energy & Power Flows;2022;8;102;102;102;BA;ME;Monthly Value;Import;Harmonized;M;M
Physical Energy & Power Flows;2022;4;1021;1021;1021;DE;CH;Monthly Value;Export;Harmonized;M;M
Physical Energy & Power Flows;2022;11;116;116;116;SE;NO;Monthly Value;Export;Harmonized;M;M
Physical Energy & Power Flows;2022;11;1405;1405;1405;ES;FR;Monthly Value;Export;Harmonized;M;M
Physical Energy & Power Flows;2022;9;1;1;1;SK;HU;Monthly Value;Import;Harmonized;M;M
Physical Energy & Power Flows;2022;2;316;316;316;NO;NL;Monthly Value;Export;Harmonized;M;M
Physical Energy & Power Flows;2022;7;26;26;26;GR;MK;Monthly Value;Import;Harmonized;M;M
Physical Energy & Power Flows;2022;8;0;0;0;GR;AL;Monthly Value;Import;Harmonized;M;M
Physical Energy & Power Flows;2022;1;48;48;48;RS;HR;Monthly Value;Export;Harmonized;M;M
Physical Energy & Power Flows;2022;3;6;6;6;MK;XK;Monthly Value;Import;Harmonized;M;M
Physical Energy & Power Flows;2022;11;290;290;290;DE;BE;Monthly Value;Export;Harmonized;M;M
Physical Energy & Power Flows;2022;12;392;392;392;SE;LT;Monthly Value;Export;Harmonized;M;M
Physical Energy & Power Flows;2022;8;70;70;70;BA;ME;Monthly Value;Export;Harmonized;M;M
Physical Energy & Power Flows;2022;4;304;304;304;GR;TR;Monthly Value;Import;Harmonized;M;M
Physical Energy & Power Flows;2022;1;124;124;124;AT;IT;Monthly Value;Export;Harmonized;M;M
Physical Energy & Power Flows;2022;5;180;180;180;BE;DE;Monthly Value;Export;Harmonized;M;M
Physical Energy & Power Flows;2022;2;24;24;24;ES;PT;Monthly Value;Import;Harmonized;M;M
Physical Energy & Power Flows;2022;9;9;9;9;XK;RS;Monthly Value;Export;Harmonized;M;M
Physical Energy & Power Flows;2022;8;105;105;105;RS;RO;Monthly Value;Import;Harmonized;M;M
Physical Energy & Power Flows;2022;4;9;9;9;RO;RS;Monthly Value;Import;Harmonized;M;M
Physical Energy & Power Flows;2022;2;495;495;495;AT;CH;Monthly Value;Export;Harmonized;M;M
Physical Energy & Power Flows;2022;11;459;459;459;DK;NO;Monthly Value;Import;Harmonized;M;M
Physical Energy & Power Flows;2022;6;114;114;114;HR;RS;Monthly Value;Import;Harmonized;M;M
Physical Energy & Power Flows;2022;12;302;302;302;UA;MD;Monthly Value;Import;Harmonized;NaM;NaM
Physical Energy & Power Flows;2022;5;12;12;12;GE;RU;Monthly Value;Import;Harmonized;NaM;NaM
Physical Energy & Power Flows;2022;4;0;0;0;AT;IT;Monthly Value;Import;Harmonized;M;M
Physical Energy & Power Flows;2022;10;680;680;680;FR;DE;Monthly Value;Export;Harmonized;M;M
Physical Energy & Power Flows;2022;11;172;172;172;UA;MD;Monthly Value;Import;Harmonized;NaM;NaM
Physical Energy & Power Flows;2022;4;142;142;142;BG;RO;Monthly Value;Export;Harmonized;M;M
Physical Energy & Power Flows;2022;4;210;210;210;BY;LT;Monthly Value;Export;Harmonized;NaM;M
Physical Energy & Power Flows;2022;3;1000;1000;1000;SE;DK;Monthly Value;Export;Harmonized;M;M
Physical Energy & Power Flows;2022;1;415;415;415;GB;FR;Monthly Value;Export;Harmonized;M;M
Physical Energy & Power Flows;2022;4;1021;1021;1021;CH;DE;Monthly Value;Import;Harmonized;M;M
Physical Energy & Power Flows;2022;11;2;2;2;GR;TR;Monthly Value;Export;Harmonized;M;M
Physical Energy & Power Flows;2022;9;391;391;391;AZ;GE;Monthly Value;Export;Harmonized;NaM;NaM
Physical Energy & Power Flows;2022;4;124;124;124;GB;BE;Monthly Value;Export;Harmonized;M;M
Physical Energy & Power Flows;2022;1;444;444;444;HU;HR;Monthly Value;Export;Harmonized;M;M
Physical Energy & Power Flows;2022;8;312;312;312;AL;GR;Monthly Value;Import;Harmonized;M;M
Physical Energy & Power Flows;2022;3;329;329;329;FR;GB;Monthly Value;Import;Harmonized;M;M
Physical Energy & Power Flows;2022;1;8;8;8;UA;MD;Monthly Value;Export;Harmonized;NaM;NaM
Physical Energy & Power Flows;2022;2;799;799;799;RU;FI;Monthly Value;Export;Harmonized;NaM;M
Physical Energy & Power Flows;2022;2;0;0;0;SK;UA;Monthly Value;Import;Harmonized;M;NaM
Physical Energy & Power Flows;2022;10;1;1;1;RS;HU;Monthly Value;Export;Harmonized;M;M
Physical Energy & Power Flows;2022;7;0;0;0;NL;NO;Monthly Value;Import;Harmonized;M;M
Physical Energy & Power Flows;2022;7;69;69;69;ME;BA;Monthly Value;Export;Harmonized;M;M
Physical Energy & Power Flows;2022;2;116;116;116;DK;SE;Monthly Value;Export;Harmonized;M;M
Physical Energy & Power Flows;2022;8;589;589;589;EE;FI;Monthly Value;Import;Harmonized;M;M
Physical Energy & Power Flows;2022;10;81;81;81;RS;BG;Monthly Value;Import;Harmonized;M;M
Physical Energy & Power Flows;2022;5;53;53;53;BA;RS;Monthly Value;Export;Harmonized;M;M
Physical Energy & Power Flows;2022;4;58;58;58;PL;DE;Monthly Value;Export;Harmonized;M;M
Physical Energy & Power Flows;2022;2;26;26;26;FR;BE;Monthly Value;Export;Harmonized;M;M
Physical Energy & Power Flows;2022;7;222;222;222;ME;RS;Monthly Value;Export;Harmonized;M;M
Physical Energy & Power Flows;2022;2;10;10;10;RS;XK;Monthly Value;Import;Harmonized;M;M
Physical Energy & Power Flows;2022;9;1002;1002;1002;SK;HU;Monthly Value;Export;Harmonized;M;M
Physical Energy & Power Flows;2022;2;38;38;38;GR;MK;Monthly Value;Export;Harmonized;M;M
Physical Energy & Power Flows;2022;6;700;700;700;BE;FR;Monthly Value;Export;Harmonized;M;M
Physical Energy & Power Flows;2022;10;101;101;101;BA;RS;Monthly Value;Import;Harmonized;M;M
Physical Energy & Power Flows;2022;9;1027;1027;1027;AT;CZ;Monthly Value;Import;Harmonized;M;M
Physical Energy & Power Flows;2022;7;182;182;182;RS;RO;Monthly Value;Import;Harmonized;M;M
Physical Energy & Power Flows;2022;9;513;513;513;LV;EE;Monthly Value;Import;Harmonized;M;M
Physical Energy & Power Flows;2022;1;273;273;273;DK;NO;Monthly Value;Import;Harmonized;M;M
Physical Energy & Power Flows;2022;10;86;86;86;NO;DE;Monthly Value;Import;Harmonized;M;M
Physical Energy & Power Flows;2022;3;668;668;668;NO;DE;Monthly Value;Export;Harmonized;M;M
Physical Energy & Power Flows;2022;2;105;105;105;PL;UA;Monthly Value;Import;Harmonized;M;NaM
Physical Energy & Power Flows;2022;12;25;25;25;AT;CH;Monthly Value;Import;Harmonized;M;M
Physical Energy & Power Flows;2022;7;8;8;8;BE;LU;Monthly Value;Import;Harmonized;M;M
Physical Energy & Power Flows;2022;10;7;7;7;MD;RO;Monthly Value;Export;Harmonized;NaM;M
Physical Energy & Power Flows;2022;7;87;87;87;TR;BG;Monthly Value;Import;Harmonized;M;M
Physical Energy & Power Flows;2022;4;0;0;0;LV;EE;Monthly Value;Export;Harmonized;M;M
Physical Energy & Power Flows;2022;4;44;44;44;FR;IT;Monthly Value;Import;Harmonized;M;M
Physical Energy & Power Flows;2022;7;173;173;173;GR;MK;Monthly Value;Export;Harmonized;M;M
Physical Energy & Power Flows;2022;3;120;120;120;IT;AT;Monthly Value;Import;Harmonized;M;M
Physical Energy & Power Flows;2022;4;1;1;1;GE;AZ;Monthly Value;Import;Harmonized;NaM;NaM
Physical Energy & Power Flows;2022;12;1251;1251;1251;DE;FR;Monthly Value;Export;Harmonized;M;M
Physical Energy & Power Flows;2022;12;111;111;111;GR;IT;Monthly Value;Import;Harmonized;M;M
Physical Energy & Power Flows;2022;5;361;361;361;GB;NL;Monthly Value;Export;Harmonized;M;M
Physical Energy & Power Flows;2022;1;48;48;48;HR;RS;Monthly Value;Import;Harmonized;M;M
Physical Energy & Power Flows;2022;1;212;212;212;RO;RS;Monthly Value;Export;Harmonized;M;M
Physical Energy & Power Flows;2022;8;2;2;2;RO;MD;Monthly Value;Import;Harmonized;M;NaM
Physical Energy & Power Flows;2022;11;1982;1982;1982;CH;IT;Monthly Value;Export;Harmonized;M;M
Physical Energy & Power Flows;2022;1;139;139;139;NO;DE;Monthly Value;Import;Harmonized;M;M
Physical Energy & Power Flows;2022;2;188;188;188;EE;RU;Monthly Value;Export;Harmonized;M;NaM
Physical Energy & Power Flows;2022;9;93;93;93;HR;SI;Monthly Value;Import;Harmonized;M;M
Physical Energy & Power Flows;2022;9;663;663;663;DE;PL;Monthly Value;Export;Harmonized;M;M
Physical Energy & Power Flows;2022;9;336;336;336;CZ;DE;Monthly Value;Export;Harmonized;M;M
Physical Energy & Power Flows;2022;3;70;70;70;LU;BE;Monthly Value;Import;Harmonized;M;M
Physical Energy & Power Flows;2022;10;64;64;64;XK;ME;Monthly Value;Import;Harmonized;M;M
Physical Energy & Power Flows;2022;7;328;328;328;SE;DE;Monthly Value;Export;Harmonized;M;M
Physical Energy & Power Flows;2022;11;432;432;432;SK;PL;Monthly Value;Import;Harmonized;M;M
Physical Energy & Power Flows;2022;2;60;60;60;AL;XK;Monthly Value;Import;Harmonized;M;M
Physical Energy & Power Flows;2022;2;69;69;69;GE;AM;Monthly Value;Import;Harmonized;NaM;NaM
Physical Energy & Power Flows;2022;4;0;0;0;BE;LU;Monthly Value;Import;Harmonized;M;M
Physical Energy & Power Flows;2022;9;0;0;0;SI;IT;Monthly Value;Import;Harmonized;M;M
Physical Energy & Power Flows;2022;12;62;62;62;SE;PL;Monthly Value;Import;Harmonized;M;M
Physical Energy & Power Flows;2022;12;1071;1071;1071;SK;HU;Monthly Value;Export;Harmonized;M;M
Physical Energy & Power Flows;2022;8;902;902;902;FR;DE;Monthly Value;Import;Harmonized;M;M
Physical Energy & Power Flows;2022;6;39;39;39;UA;MD;Monthly Value;Import;Harmonized;NaM;NaM
Physical Energy & Power Flows;2022;5;1012;1012;1012;ES;PT;Monthly Value;Export;Harmonized;M;M
Physical Energy & Power Flows;2022;2;483;483;483;SI;AT;Monthly Value;Import;Harmonized;M;M
Physical Energy & Power Flows;2022;1;15;15;15;XK;AL;Monthly Value;Export;Harmonized;M;M
Physical Energy & Power Flows;2022;1;19;19;19;UA;RO;Monthly Value;Import;Harmonized;NaM;M
Physical Energy & Power Flows;2022;2;38;38;38;MK;GR;Monthly Value;Import;Harmonized;M;M
Physical Energy & Power Flows;2022;1;362;362;362;BG;RS;Monthly Value;Export;Harmonized;M;M
Physical Energy & Power Flows;2022;1;1423;1423;1423;FR;BE;Monthly Value;Import;Harmonized;M;M
Physical Energy & Power Flows;2022;11;430;430;430;GE;AZ;Monthly Value;Import;Harmonized;NaM;NaM
Physical Energy & Power Flows;2022;10;91;91;91;AL;ME;Monthly Value;Import;Harmonized;M;M
Physical Energy & Power Flows;2022;1;18;18;18;EE;LV;Monthly Value;Import;Harmonized;M;M
Physical Energy & Power Flows;2022;10;34;34;34;BG;RO;Monthly Value;Export;Harmonized;M;M
Physical Energy & Power Flows;2022;3;138;138;138;MD;UA;Monthly Value;Export;Harmonized;NaM;NaM
Physical Energy & Power Flows;2022;11;207;207;207;SI;HU;Monthly Value;Import;Harmonized;M;M
Physical Energy & Power Flows;2022;1;161;161;161;UA;RO;Monthly Value;Export;Harmonized;NaM;M
Physical Energy & Power Flows;2022;1;634;634;634;EE;FI;Monthly Value;Import;Harmonized;M;M
Physical Energy & Power Flows;2022;2;95;95;95;BG;RO;Monthly Value;Import;Harmonized;M;M
Physical Energy & Power Flows;2022;11;1629;1629;1629;DE;CH;Monthly Value;Export;Harmonized;M;M
Physical Energy & Power Flows;2022;7;2;2;2;FR;IT;Monthly Value;Import;Harmonized;M;M
Physical Energy & Power Flows;2022;9;20;20;20;DE;CH;Monthly Value;Import;Harmonized;M;M
Physical Energy & Power Flows;2022;10;1202;1202;1202;DE;CH;Monthly Value;Export;Harmonized;M;M
Physical Energy & Power Flows;2022;1;139;139;139;DE;NO;Monthly Value;Export;Harmonized;M;M
Physical Energy & Power Flows;2022;7;303;303;303;ME;IT;Monthly Value;Export;Harmonized;M;M
Physical Energy & Power Flows;2022;4;223;223;223;SK;UA;Monthly Value;Export;Harmonized;M;NaM
Physical Energy & Power Flows;2022;4;0;0;0;GE;AZ;Monthly Value;Export;Harmonized;NaM;NaM
Physical Energy & Power Flows;2022;2;293;293;293;LU;DE;Monthly Value;Import;Harmonized;M;M
Physical Energy & Power Flows;2022;5;47;47;47;AT;CH;Monthly Value;Import;Harmonized;M;M
Physical Energy & Power Flows;2022;4;39;39;39;RO;BG;Monthly Value;Export;Harmonized;M;M
Physical Energy & Power Flows;2022;10;5;5;5;BG;GR;Monthly Value;Import;Harmonized;M;M
Physical Energy & Power Flows;2022;4;110;110;110;IT;GR;Monthly Value;Import;Harmonized;M;M
Physical Energy & Power Flows;2022;7;264;264;264;BE;DE;Monthly Value;Import;Harmonized;M;M
Physical Energy & Power Flows;2022;7;78;78;78;RS;MK;Monthly Value;Export;Harmonized;M;M
Physical Energy & Power Flows;2022;4;113;113;113;RO;UA;Monthly Value;Import;Harmonized;M;NaM
Physical Energy & Power Flows;2022;5;10;10;10;NO;NL;Monthly Value;Import;Harmonized;M;M
Physical Energy & Power Flows;2022;8;1078;1078;1078;GB;FR;Monthly Value;Export;Harmonized;M;M
Physical Energy & Power Flows;2022;3;103;103;103;RS;XK;Monthly Value;Export;Harmonized;M;M
Physical Energy & Power Flows;2022;11;694;694;694;CZ;PL;Monthly Value;Import;Harmonized;M;M
Physical Energy & Power Flows;2022;10;3;3;3;RO;HU;Monthly Value;Export;Harmonized;M;M
Physical Energy & Power Flows;2022;7;106;106;106;NL;DK;Monthly Value;Export;Harmonized;M;M
Physical Energy & Power Flows;2022;1;7;7;7;SE;DE;Monthly Value;Import;Harmonized;M;M
Physical Energy & Power Flows;2022;5;63;63;63;LV;RU;Monthly Value;Import;Harmonized;M;NaM
Physical Energy & Power Flows;2022;3;6;6;6;HR;RS;Monthly Value;Export;Harmonized;M;M
Physical Energy & Power Flows;2022;6;18;18;18;BY;LT;Monthly Value;Export;Harmonized;NaM;M
Physical Energy & Power Flows;2022;4;6;6;6;PL;LT;Monthly Value;Export;Harmonized;M;M
Physical Energy & Power Flows;2022;8;644;644;644;PL;CZ;Monthly Value;Export;Harmonized;M;M
Physical Energy & Power Flows;2022;12;164;164;164;NL;DK;Monthly Value;Import;Harmonized;M;M
Physical Energy & Power Flows;2022;8;1;1;1;RS;MK;Monthly Value;Import;Harmonized;M;M
Physical Energy & Power Flows;2022;3;18;18;18;RS;MK;Monthly Value;Import;Harmonized;M;M
Physical Energy & Power Flows;2022;4;319;319;319;DK;NO;Monthly Value;Export;Harmonized;M;M
Physical Energy & Power Flows;2022;11;1679;1679;1679;FI;SE;Monthly Value;Import;Harmonized;M;M
Physical Energy & Power Flows;2022;6;66;66;66;NO;SE;Monthly Value;Import;Harmonized;M;M
Physical Energy & Power Flows;2022;8;9;9;9;HR;BA;Monthly Value;Export;Harmonized;M;M
Physical Energy & Power Flows;2022;2;3;3;3;SE;LT;Monthly Value;Import;Harmonized;M;M
Physical Energy & Power Flows;2022;1;29;29;29;DK;NL;Monthly Value;Import;Harmonized;M;M
Physical Energy & Power Flows;2022;1;1007;1007;1007;BE;NL;Monthly Value;Import;Harmonized;M;M
Physical Energy & Power Flows;2022;1;27;27;27;NO;FI;Monthly Value;Export;Harmonized;M;M
Physical Energy & Power Flows;2022;5;216;216;216;FI;RU;Monthly Value;Import;Harmonized;M;NaM
Physical Energy & Power Flows;2022;2;1032;1032;1032;CZ;AT;Monthly Value;Export;Harmonized;M;M
Physical Energy & Power Flows;2022;7;167;167;167;MK;XK;Monthly Value;Export;Harmonized;M;M
Physical Energy & Power Flows;2022;1;288;288;288;TR;BG;Monthly Value;Import;Harmonized;M;M
Physical Energy & Power Flows;2022;9;1106;1106;1106;FR;IT;Monthly Value;Export;Harmonized;M;M
Physical Energy & Power Flows;2022;11;11;11;11;NO;NL;Monthly Value;Import;Harmonized;M;M
Physical Energy & Power Flows;2022;9;30;30;30;RO;BG;Monthly Value;Export;Harmonized;M;M
Physical Energy & Power Flows;2022;4;181;181;181;MK;GR;Monthly Value;Export;Harmonized;M;M
Physical Energy & Power Flows;2022;9;30;30;30;BG;RO;Monthly Value;Import;Harmonized;M;M
Physical Energy & Power Flows;2022;10;280;280;280;AZ;GE;Monthly Value;Export;Harmonized;NaM;NaM
Physical Energy & Power Flows;2022;12;112;112;112;FR;IT;Monthly Value;Import;Harmonized;M;M
Physical Energy & Power Flows;2022;3;7;7;7;PL;DE;Monthly Value;Export;Harmonized;M;M
Physical Energy & Power Flows;2022;6;535;535;535;DE;FR;Monthly Value;Export;Harmonized;M;M
Physical Energy & Power Flows;2022;3;29;29;29;MK;RS;Monthly Value;Import;Harmonized;M;M
Physical Energy & Power Flows;2022;4;2;2;2;RU;EE;Monthly Value;Export;Harmonized;NaM;M
Physical Energy & Power Flows;2022;9;339;339;339;AT;SI;Monthly Value;Export;Harmonized;M;M
Physical Energy & Power Flows;2022;3;70;70;70;BE;LU;Monthly Value;Export;Harmonized;M;M
Physical Energy & Power Flows;2022;12;138;138;138;GR;TR;Monthly Value;Import;Harmonized;M;M
Physical Energy & Power Flows;2022;4;566;566;566;IT;SI;Monthly Value;Import;Harmonized;M;M
Physical Energy & Power Flows;2022;7;49;49;49;NO;FI;Monthly Value;Export;Harmonized;M;M
Physical Energy & Power Flows;2022;5;12;12;12;PL;SE;Monthly Value;Export;Harmonized;M;M
Physical Energy & Power Flows;2022;8;232;232;232;GB;BE;Monthly Value;Import;Harmonized;M;M
Physical Energy & Power Flows;2022;7;276;276;276;DE;LU;Monthly Value;Export;Harmonized;M;M
Physical Energy & Power Flows;2022;1;161;161;161;RO;UA;Monthly Value;Import;Harmonized;M;NaM
Physical Energy & Power Flows;2022;4;769;769;769;RU;FI;Monthly Value;Export;Harmonized;NaM;M
Physical Energy & Power Flows;2022;9;399;399;399;HU;HR;Monthly Value;Export;Harmonized;M;M
Physical Energy & Power Flows;2022;5;1;1;1;CH;IT;Monthly Value;Import;Harmonized;M;M
Physical Energy & Power Flows;2022;8;1498;1498;1498;FI;SE;Monthly Value;Import;Harmonized;M;M
Physical Energy & Power Flows;2022;3;1682;1682;1682;IT;CH;Monthly Value;Import;Harmonized;M;M
Physical Energy & Power Flows;2022;9;0;0;0;TR;GR;Monthly Value;Import;Harmonized;M;M
Physical Energy & Power Flows;2022;9;133;133;133;LV;RU;Monthly Value;Import;Harmonized;M;NaM
Physical Energy & Power Flows;2022;10;115;115;115;MD;UA;Monthly Value;Export;Harmonized;NaM;NaM
Physical Energy & Power Flows;2022;4;169;169;169;RS;RO;Monthly Value;Import;Harmonized;M;M
Physical Energy & Power Flows;2022;8;13;13;13;ES;PT;Monthly Value;Import;Harmonized;M;M
Physical Energy & Power Flows;2022;9;222;222;222;RO;BG;Monthly Value;Import;Harmonized;M;M
Physical Energy & Power Flows;2022;9;43;43;43;HU;RO;Monthly Value;Import;Harmonized;M;M
Physical Energy & Power Flows;2022;8;207;207;207;FR;DE;Monthly Value;Export;Harmonized;M;M
Physical Energy & Power Flows;2022;1;7;7;7;LV;RU;Monthly Value;Import;Harmonized;M;NaM
Physical Energy & Power Flows;2022;7;87;87;87;MD;UA;Monthly Value;Export;Harmonized;NaM;NaM
Physical Energy & Power Flows;2022;1;229;229;229;GE;AZ;Monthly Value;Import;Harmonized;NaM;NaM
Physical Energy & Power Flows;2022;3;61;61;61;RS;HU;Monthly Value;Import;Harmonized;M;M
Physical Energy & Power Flows;2022;5;200;200;200;BE;FR;Monthly Value;Import;Harmonized;M;M
Physical Energy & Power Flows;2022;3;972;972;972;PL;CZ;Monthly Value;Export;Harmonized;M;M
Physical Energy & Power Flows;2022;7;71;71;71;ME;BA;Monthly Value;Import;Harmonized;M;M
Physical Energy & Power Flows;2022;7;0;0;0;CZ;SK;Monthly Value;Import;Harmonized;M;M
Physical Energy & Power Flows;2022;5;56;56;56;DK;SE;Monthly Value;Export;Harmonized;M;M
Physical Energy & Power Flows;2022;11;290;290;290;BE;DE;Monthly Value;Import;Harmonized;M;M
Physical Energy & Power Flows;2022;1;170;170;170;DE;NL;Monthly Value;Import;Harmonized;M;M
Physical Energy & Power Flows;2022;1;530;530;530;BE;GB;Monthly Value;Export;Harmonized;M;M
Physical Energy & Power Flows;2022;4;355;355;355;LT;LV;Monthly Value;Import;Harmonized;M;M
Physical Energy & Power Flows;2022;2;0;0;0;AT;SI;Monthly Value;Import;Harmonized;M;M
Physical Energy & Power Flows;2022;7;14;14;14;DE;PL;Monthly Value;Import;Harmonized;M;M
Physical Energy & Power Flows;2022;8;5;5;5;LT;LV;Monthly Value;Export;Harmonized;M;M
Physical Energy & Power Flows;2022;5;370;370;370;HU;AT;Monthly Value;Import;Harmonized;M;M
Physical Energy & Power Flows;2022;10;88;88;88;NO;NL;Monthly Value;Import;Harmonized;M;M
Physical Energy & Power Flows;2022;1;350;350;350;CZ;DE;Monthly Value;Import;Harmonized;M;M
Physical Energy & Power Flows;2022;6;72;72;72;BE;LU;Monthly Value;Export;Harmonized;M;M
Physical Energy & Power Flows;2022;2;8;8;8;DK;NL;Monthly Value;Import;Harmonized;M;M
Physical Energy & Power Flows;2022;11;0;0;0;SE;LT;Monthly Value;Import;Harmonized;M;M
Physical Energy & Power Flows;2022;1;11;11;11;AT;CH;Monthly Value;Import;Harmonized;M;M
Physical Energy & Power Flows;2022;1;64;64;64;AM;GE;Monthly Value;Export;Harmonized;NaM;NaM
Physical Energy & Power Flows;2022;6;45;45;45;HU;RO;Monthly Value;Export;Harmonized;M;M
Physical Energy & Power Flows;2022;12;129;129;129;BG;GR;Monthly Value;Export;Harmonized;M;M
Physical Energy & Power Flows;2022;7;29;29;29;DE;DK;Monthly Value;Export;Harmonized;M;M
Physical Energy & Power Flows;2022;2;4;4;4;AT;HU;Monthly Value;Import;Harmonized;M;M
Physical Energy & Power Flows;2022;12;338;338;338;GB;BE;Monthly Value;Import;Harmonized;M;M
Physical Energy & Power Flows;2022;4;0;0;0;EE;FI;Monthly Value;Export;Harmonized;M;M
Physical Energy & Power Flows;2022;4;166;166;166;RO;MD;Monthly Value;Export;Harmonized;M;NaM
Physical Energy & Power Flows;2022;5;139;139;139;BE;GB;Monthly Value;Export;Harmonized;M;M
Physical Energy & Power Flows;2022;11;39;39;39;MK;XK;Monthly Value;Export;Harmonized;M;M
Physical Energy & Power Flows;2022;9;280;280;280;BG;RS;Monthly Value;Export;Harmonized;M;M
Physical Energy & Power Flows;2022;11;9;9;9;UA;MD;Monthly Value;Export;Harmonized;NaM;NaM
Physical Energy & Power Flows;2022;5;159;159;159;RU;EE;Monthly Value;Import;Harmonized;NaM;M
Physical Energy & Power Flows;2022;8;71;71;71;LU;BE;Monthly Value;Import;Harmonized;M;M
Physical Energy & Power Flows;2022;3;295;295;295;NO;SE;Monthly Value;Export;Harmonized;M;M
Physical Energy & Power Flows;2022;6;71;71;71;AZ;GE;Monthly Value;Export;Harmonized;NaM;NaM
Physical Energy & Power Flows;2022;3;0;0;0;SI;IT;Monthly Value;Import;Harmonized;M;M
Physical Energy & Power Flows;2022;11;112;112;112;IT;ME;Monthly Value;Export;Harmonized;M;M
Physical Energy & Power Flows;2022;3;188;188;188;BY;LT;Monthly Value;Export;Harmonized;NaM;M
Physical Energy & Power Flows;2022;10;466;466;466;SI;IT;Monthly Value;Export;Harmonized;M;M
Physical Energy & Power Flows;2022;5;70;70;70;GR;IT;Monthly Value;Import;Harmonized;M;M
Physical Energy & Power Flows;2022;6;105;105;105;PL;LT;Monthly Value;Import;Harmonized;M;M
Physical Energy & Power Flows;2022;6;64;64;64;MK;GR;Monthly Value;Import;Harmonized;M;M
Physical Energy & Power Flows;2022;10;2;2;2;FR;IT;Monthly Value;Import;Harmonized;M;M
Physical Energy & Power Flows;2022;6;64;64;64;GR;MK;Monthly Value;Export;Harmonized;M;M
Physical Energy & Power Flows;2022;7;192;192;192;ME;XK;Monthly Value;Import;Harmonized;M;M
Physical Energy & Power Flows;2022;2;15;15;15;UA;MD;Monthly Value;Import;Harmonized;NaM;NaM
Physical Energy & Power Flows;2022;11;1;1;1;HU;SI;Monthly Value;Import;Harmonized;M;M
Physical Energy & Power Flows;2022;8;91;91;91;XK;RS;Monthly Value;Import;Harmonized;M;M
Physical Energy & Power Flows;2022;5;95;95;95;XK;AL;Monthly Value;Export;Harmonized;M;M
Physical Energy & Power Flows;2022;11;1;1;1;IT;SI;Monthly Value;Export;Harmonized;M;M
Physical Energy & Power Flows;2022;10;0;0;0;GE;AM;Monthly Value;Import;Harmonized;NaM;NaM
Physical Energy & Power Flows;2022;2;478;478;478;FR;GB;Monthly Value;Export;Harmonized;M;M
Physical Energy & Power Flows;2022;4;319;319;319;SE;PL;Monthly Value;Export;Harmonized;M;M
Physical Energy & Power Flows;2022;11;6;6;6;FI;EE;Monthly Value;Import;Harmonized;M;M
Physical Energy & Power Flows;2022;6;0;0;0;IT;SI;Monthly Value;Export;Harmonized;M;M
Physical Energy & Power Flows;2022;9;197;197;197;RO;RS;Monthly Value;Export;Harmonized;M;M
Physical Energy & Power Flows;2022;7;767;767;767;PL;DE;Monthly Value;Import;Harmonized;M;M
Physical Energy & Power Flows;2022;10;2;2;2;TR;BG;Monthly Value;Export;Harmonized;M;M
Physical Energy & Power Flows;2022;5;110;110;110;HU;RS;Monthly Value;Export;Harmonized;M;M
Physical Energy & Power Flows;2022;6;4;4;4;CZ;PL;Monthly Value;Export;Harmonized;M;M
Physical Energy & Power Flows;2022;1;100;100;100;BE;DE;Monthly Value;Export;Harmonized;M;M
Physical Energy & Power Flows;2022;10;478;478;478;NL;BE;Monthly Value;Import;Harmonized;M;M
Physical Energy & Power Flows;2022;1;30;30;30;CH;IT;Monthly Value;Import;Harmonized;M;M
Physical Energy & Power Flows;2022;5;919;919;919;DE;CH;Monthly Value;Export;Harmonized;M;M
Physical Energy & Power Flows;2022;1;391;391;391;RU;EE;Monthly Value;Import;Harmonized;NaM;M
Physical Energy & Power Flows;2022;7;135;135;135;AT;HU;Monthly Value;Import;Harmonized;M;M
Physical Energy & Power Flows;2022;3;153;153;153;RO;RS;Monthly Value;Export;Harmonized;M;M
Physical Energy & Power Flows;2022;5;0;0;0;TR;BG;Monthly Value;Export;Harmonized;M;M
Physical Energy & Power Flows;2022;6;5;5;5;LT;RU;Monthly Value;Import;Harmonized;M;NaM
Physical Energy & Power Flows;2022;1;447;447;447;GB;NO;Monthly Value;Import;Harmonized;M;M
Physical Energy & Power Flows;2022;6;195;195;195;FR;DE;Monthly Value;Export;Harmonized;M;M
Physical Energy & Power Flows;2022;4;615;615;615;EE;FI;Monthly Value;Import;Harmonized;M;M
Physical Energy & Power Flows;2022;7;202;202;202;NO;DK;Monthly Value;Import;Harmonized;M;M
Physical Energy & Power Flows;2022;11;234;234;234;LU;DE;Monthly Value;Import;Harmonized;M;M
Physical Energy & Power Flows;2022;12;24;24;24;CZ;SK;Monthly Value;Import;Harmonized;M;M
Physical Energy & Power Flows;2022;8;90;90;90;RO;UA;Monthly Value;Import;Harmonized;M;NaM
Physical Energy & Power Flows;2022;6;152;152;152;ME;RS;Monthly Value;Export;Harmonized;M;M
Physical Energy & Power Flows;2022;11;0;0;0;CZ;PL;Monthly Value;Export;Harmonized;M;M
Physical Energy & Power Flows;2022;10;143;143;143;GR;BG;Monthly Value;Import;Harmonized;M;M
Physical Energy & Power Flows;2022;10;8;8;8;BA;RS;Monthly Value;Export;Harmonized;M;M
Physical Energy & Power Flows;2022;11;269;269;269;DE;SE;Monthly Value;Import;Harmonized;M;M
Physical Energy & Power Flows;2022;2;32;32;32;AL;XK;Monthly Value;Export;Harmonized;M;M
Physical Energy & Power Flows;2022;10;987;987;987;PT;ES;Monthly Value;Import;Harmonized;M;M
Physical Energy & Power Flows;2022;8;0;0;0;FI;RU;Monthly Value;Export;Harmonized;M;NaM
Physical Energy & Power Flows;2022;8;401;401;401;LV;EE;Monthly Value;Import;Harmonized;M;M
Physical Energy & Power Flows;2022;7;1133;1133;1133;AT;CZ;Monthly Value;Import;Harmonized;M;M
Physical Energy & Power Flows;2022;8;40;40;40;DE;DK;Monthly Value;Export;Harmonized;M;M
Physical Energy & Power Flows;2022;2;1;1;1;IT;CH;Monthly Value;Export;Harmonized;M;M
Physical Energy & Power Flows;2022;7;11;11;11;RS;HU;Monthly Value;Import;Harmonized;M;M
Physical Energy & Power Flows;2022;12;19;19;19;SE;LT;Monthly Value;Import;Harmonized;M;M
Physical Energy & Power Flows;2022;5;603;603;603;PL;DE;Monthly Value;Import;Harmonized;M;M
Physical Energy & Power Flows;2022;8;13;13;13;PT;ES;Monthly Value;Export;Harmonized;M;M
Physical Energy & Power Flows;2022;8;8;8;8;DE;PL;Monthly Value;Import;Harmonized;M;M
Physical Energy & Power Flows;2022;12;5;5;5;BE;LU;Monthly Value;Import;Harmonized;M;M
Physical Energy & Power Flows;2022;10;203;203;203;HR;SI;Monthly Value;Export;Harmonized;M;M
Physical Energy & Power Flows;2022;7;1661;1661;1661;FR;GB;Monthly Value;Import;Harmonized;M;M
Physical Energy & Power Flows;2022;11;191;191;191;BG;RS;Monthly Value;Export;Harmonized;M;M
Physical Energy & Power Flows;2022;8;171;171;171;MK;BG;Monthly Value;Import;Harmonized;M;M
Physical Energy & Power Flows;2022;7;521;521;521;EE;FI;Monthly Value;Import;Harmonized;M;M
Physical Energy & Power Flows;2022;4;142;142;142;RO;BG;Monthly Value;Import;Harmonized;M;M
Physical Energy & Power Flows;2022;10;0;0;0;AT;SI;Monthly Value;Import;Harmonized;M;M
Physical Energy & Power Flows;2022;10;168;168;168;NO;DK;Monthly Value;Import;Harmonized;M;M
Physical Energy & Power Flows;2022;2;0;0;0;MD;RO;Monthly Value;Import;Harmonized;NaM;M
Physical Energy & Power Flows;2022;6;2;2;2;HU;SI;Monthly Value;Export;Harmonized;M;M
Physical Energy & Power Flows;2022;2;1424;1424;1424;DE;AT;Monthly Value;Export;Harmonized;M;M
Physical Energy & Power Flows;2022;9;28;28;28;BY;LT;Monthly Value;Export;Harmonized;NaM;M
Physical Energy & Power Flows;2022;11;9;9;9;CH;DE;Monthly Value;Export;Harmonized;M;M
Physical Energy & Power Flows;2022;8;171;171;171;TR;GR;Monthly Value;Export;Harmonized;M;M
Physical Energy & Power Flows;2022;10;88;88;88;NL;NO;Monthly Value;Export;Harmonized;M;M
Physical Energy & Power Flows;2022;5;18;18;18;HU;AT;Monthly Value;Export;Harmonized;M;M
Physical Energy & Power Flows;2022;10;118;118;118;IT;ME;Monthly Value;Import;Harmonized;M;M
Physical Energy & Power Flows;2022;2;33;33;33;NL;NO;Monthly Value;Export;Harmonized;M;M
Physical Energy & Power Flows;2022;12;528;528;528;GB;FR;Monthly Value;Export;Harmonized;M;M
Physical Energy & Power Flows;2022;1;55;55;55;GR;MK;Monthly Value;Import;Harmonized;M;M
Physical Energy & Power Flows;2022;6;833;833;833;SK;HU;Monthly Value;Export;Harmonized;M;M
Physical Energy & Power Flows;2022;1;483;483;483;SE;LT;Monthly Value;Export;Harmonized;M;M
Physical Energy & Power Flows;2022;2;35;35;35;UA;BY;Monthly Value;Import;Harmonized;NaM;NaM
Physical Energy & Power Flows;2022;5;790;790;790;FR;ES;Monthly Value;Import;Harmonized;M;M
Physical Energy & Power Flows;2022;10;265;265;265;BE;GB;Monthly Value;Import;Harmonized;M;M
Physical Energy & Power Flows;2022;5;101;101;101;LT;BY;Monthly Value;Import;Harmonized;M;NaM
Physical Energy & Power Flows;2022;7;447;447;447;GE;TR;Monthly Value;Export;Harmonized;NaM;M
Physical Energy & Power Flows;2022;6;3;3;3;SE;DE;Monthly Value;Import;Harmonized;M;M
Physical Energy & Power Flows;2022;9;271;271;271;DE;SE;Monthly Value;Import;Harmonized;M;M
Physical Energy & Power Flows;2022;2;35;35;35;BY;UA;Monthly Value;Export;Harmonized;NaM;NaM
Physical Energy & Power Flows;2022;12;131;131;131;IT;AT;Monthly Value;Import;Harmonized;M;M
Physical Energy & Power Flows;2022;8;35;35;35;RO;HU;Monthly Value;Export;Harmonized;M;M
Physical Energy & Power Flows;2022;5;361;361;361;NL;GB;Monthly Value;Import;Harmonized;M;M
Physical Energy & Power Flows;2022;6;0;0;0;HU;SI;Monthly Value;Import;Harmonized;M;M
Physical Energy & Power Flows;2022;3;25;25;25;BA;ME;Monthly Value;Import;Harmonized;M;M
Physical Energy & Power Flows;2022;2;253;253;253;BG;TR;Monthly Value;Export;Harmonized;M;M
Physical Energy & Power Flows;2022;1;403;403;403;NL;DK;Monthly Value;Import;Harmonized;M;M
Physical Energy & Power Flows;2022;1;17;17;17;XK;ME;Monthly Value;Export;Harmonized;M;M
Physical Energy & Power Flows;2022;2;216;216;216;DE;NO;Monthly Value;Import;Harmonized;M;M
Physical Energy & Power Flows;2022;5;5;5;5;MK;GR;Monthly Value;Import;Harmonized;M;M
Physical Energy & Power Flows;2022;12;331;331;331;NO;DE;Monthly Value;Export;Harmonized;M;M
Physical Energy & Power Flows;2022;2;220;220;220;SE;PL;Monthly Value;Export;Harmonized;M;M
Physical Energy & Power Flows;2022;7;74;74;74;IT;MT;Monthly Value;Export;Harmonized;M;NaM
Physical Energy & Power Flows;2022;6;264;264;264;NO;GB;Monthly Value;Export;Harmonized;M;M
Physical Energy & Power Flows;2022;3;153;153;153;DE;CZ;Monthly Value;Export;Harmonized;M;M
Physical Energy & Power Flows;2022;8;191;191;191;GB;NL;Monthly Value;Export;Harmonized;M;M
Physical Energy & Power Flows;2022;11;135;135;135;UA;RO;Monthly Value;Export;Harmonized;NaM;M
Physical Energy & Power Flows;2022;10;140;140;140;CH;FR;Monthly Value;Export;Harmonized;M;M
Physical Energy & Power Flows;2022;2;513;513;513;BE;DE;Monthly Value;Import;Harmonized;M;M
Physical Energy & Power Flows;2022;6;1517;1517;1517;GB;FR;Monthly Value;Export;Harmonized;M;M
Physical Energy & Power Flows;2022;10;37;37;37;LT;BY;Monthly Value;Export;Harmonized;M;NaM
Physical Energy & Power Flows;2022;5;123;123;123;IT;GR;Monthly Value;Import;Harmonized;M;M
Physical Energy & Power Flows;2022;7;362;362;362;BA;HR;Monthly Value;Export;Harmonized;M;M
Physical Energy & Power Flows;2022;7;30;30;30;LT;BY;Monthly Value;Export;Harmonized;M;NaM
Physical Energy & Power Flows;2022;7;983;983;983;HU;SK;Monthly Value;Import;Harmonized;M;M
Physical Energy & Power Flows;2022;6;337;337;337;RS;BG;Monthly Value;Import;Harmonized;M;M
Physical Energy & Power Flows;2022;3;26;26;26;SE;DK;Monthly Value;Import;Harmonized;M;M
Physical Energy & Power Flows;2022;8;448;448;448;SK;PL;Monthly Value;Import;Harmonized;M;M
Physical Energy & Power Flows;2022;2;4;4;4;HU;AT;Monthly Value;Export;Harmonized;M;M
Physical Energy & Power Flows;2022;8;0;0;0;ME;AL;Monthly Value;Export;Harmonized;M;M
Physical Energy & Power Flows;2022;9;2;2;2;HU;SI;Monthly Value;Import;Harmonized;M;M
Physical Energy & Power Flows;2022;6;1609;1609;1609;IT;CH;Monthly Value;Import;Harmonized;M;M
Physical Energy & Power Flows;2022;1;28;28;28;MK;XK;Monthly Value;Import;Harmonized;M;M
Physical Energy & Power Flows;2022;8;224;224;224;HU;HR;Monthly Value;Export;Harmonized;M;M
Physical Energy & Power Flows;2022;5;351;351;351;PL;SE;Monthly Value;Import;Harmonized;M;M
Physical Energy & Power Flows;2022;8;48;48;48;AT;DE;Monthly Value;Export;Harmonized;M;M
Physical Energy & Power Flows;2022;5;16;16;16;HU;RO;Monthly Value;Import;Harmonized;M;M
Physical Energy & Power Flows;2022;7;0;0;0;SK;UA;Monthly Value;Import;Harmonized;M;NaM
Physical Energy & Power Flows;2022;9;350;350;350;UA;HU;Monthly Value;Export;Harmonized;NaM;M
Physical Energy & Power Flows;2022;8;0;0;0;GE;AM;Monthly Value;Import;Harmonized;NaM;NaM
Physical Energy & Power Flows;2022;4;2;2;2;HR;HU;Monthly Value;Export;Harmonized;M;M
Physical Energy & Power Flows;2022;12;776;776;776;BE;NL;Monthly Value;Import;Harmonized;M;M
Physical Energy & Power Flows;2022;1;1297;1297;1297;CH;IT;Monthly Value;Export;Harmonized;M;M
Physical Energy & Power Flows;2022;10;250;250;250;BG;TR;Monthly Value;Export;Harmonized;M;M
Physical Energy & Power Flows;2022;1;31;31;31;ME;AL;Monthly Value;Import;Harmonized;M;M
Physical Energy & Power Flows;2022;8;68;68;68;DE;NO;Monthly Value;Export;Harmonized;M;M
Physical Energy & Power Flows;2022;11;107;107;107;ME;BA;Monthly Value;Import;Harmonized;M;M
Physical Energy & Power Flows;2022;6;173;173;173;GR;BG;Monthly Value;Import;Harmonized;M;M
Physical Energy & Power Flows;2022;12;1550;1550;1550;FR;ES;Monthly Value;Import;Harmonized;M;M
Physical Energy & Power Flows;2022;7;552;552;552;IT;SI;Monthly Value;Import;Harmonized;M;M
Physical Energy & Power Flows;2022;5;33;33;33;NO;FI;Monthly Value;Export;Harmonized;M;M
Physical Energy & Power Flows;2022;11;892;892;892;DE;PL;Monthly Value;Export;Harmonized;M;M
Physical Energy & Power Flows;2022;9;923;923;923;ES;PT;Monthly Value;Export;Harmonized;M;M
Physical Energy & Power Flows;2022;6;833;833;833;HU;SK;Monthly Value;Import;Harmonized;M;M
Physical Energy & Power Flows;2022;12;418;418;418;MD;RO;Monthly Value;Import;Harmonized;NaM;M
Physical Energy & Power Flows;2022;11;55;55;55;GR;MK;Monthly Value;Export;Harmonized;M;M
Physical Energy & Power Flows;2022;6;164;164;164;DK;NL;Monthly Value;Export;Harmonized;M;M
Physical Energy & Power Flows;2022;6;15;15;15;MK;RS;Monthly Value;Import;Harmonized;M;M
Physical Energy & Power Flows;2022;8;168;168;168;SI;HR;Monthly Value;Import;Harmonized;M;M
Physical Energy & Power Flows;2022;3;1000;1000;1000;DK;SE;Monthly Value;Import;Harmonized;M;M
Physical Energy & Power Flows;2022;5;218;218;218;GE;TR;Monthly Value;Export;Harmonized;NaM;M
Physical Energy & Power Flows;2022;5;841;841;841;AT;CZ;Monthly Value;Import;Harmonized;M;M
Physical Energy & Power Flows;2022;12;0;0;0;NO;FI;Monthly Value;Import;Harmonized;M;M
Physical Energy & Power Flows;2022;4;7;7;7;SK;UA;Monthly Value;Import;Harmonized;M;NaM
Physical Energy & Power Flows;2022;9;288;288;288;DE;DK;Monthly Value;Export;Harmonized;M;M
Physical Energy & Power Flows;2022;4;937;937;937;AT;CZ;Monthly Value;Import;Harmonized;M;M
Physical Energy & Power Flows;2022;9;94;94;94;NO;SE;Monthly Value;Export;Harmonized;M;M
Physical Energy & Power Flows;2022;3;25;25;25;ME;BA;Monthly Value;Export;Harmonized;M;M
Physical Energy & Power Flows;2022;1;11;11;11;CH;AT;Monthly Value;Export;Harmonized;M;M
Physical Energy & Power Flows;2022;12;18;18;18;RS;BA;Monthly Value;Import;Harmonized;M;M
Physical Energy & Power Flows;2022;6;271;271;271;IT;ME;Monthly Value;Import;Harmonized;M;M
Physical Energy & Power Flows;2022;8;93;93;93;AL;XK;Monthly Value;Import;Harmonized;M;M
Physical Energy & Power Flows;2022;3;26;26;26;DK;SE;Monthly Value;Export;Harmonized;M;M
Physical Energy & Power Flows;2022;10;651;651;651;DE;AT;Monthly Value;Export;Harmonized;M;M
Physical Energy & Power Flows;2022;1;1;1;1;FI;EE;Monthly Value;Import;Harmonized;M;M
Physical Energy & Power Flows;2022;4;654;654;654;SE;DK;Monthly Value;Export;Harmonized;M;M
Physical Energy & Power Flows;2022;9;150;150;150;XK;ME;Monthly Value;Export;Harmonized;M;M
Physical Energy & Power Flows;2022;10;271;271;271;GB;NO;Monthly Value;Import;Harmonized;M;M
Physical Energy & Power Flows;2022;10;81;81;81;CZ;DE;Monthly Value;Export;Harmonized;M;M
Physical Energy & Power Flows;2022;9;1485;1485;1485;GB;FR;Monthly Value;Export;Harmonized;M;M
Physical Energy & Power Flows;2022;12;571;571;571;PL;CZ;Monthly Value;Export;Harmonized;M;M
Physical Energy & Power Flows;2022;11;1039;1039;1039;BE;FR;Monthly Value;Export;Harmonized;M;M
Physical Energy & Power Flows;2022;6;1335;1335;1335;FR;IT;Monthly Value;Export;Harmonized;M;M
Physical Energy & Power Flows;2022;7;45;45;45;LU;BE;Monthly Value;Import;Harmonized;M;M
Physical Energy & Power Flows;2022;10;155;155;155;IT;GR;Monthly Value;Export;Harmonized;M;M
Physical Energy & Power Flows;2022;12;770;770;770;CZ;DE;Monthly Value;Export;Harmonized;M;M
Physical Energy & Power Flows;2022;12;47;47;47;XK;MK;Monthly Value;Import;Harmonized;M;M
Physical Energy & Power Flows;2022;11;395;395;395;NO;NL;Monthly Value;Export;Harmonized;M;M
Physical Energy & Power Flows;2022;8;157;157;157;DE;CZ;Monthly Value;Export;Harmonized;M;M
Physical Energy & Power Flows;2022;8;40;40;40;DK;DE;Monthly Value;Import;Harmonized;M;M
Physical Energy & Power Flows;2022;12;0;0;0;DE;LU;Monthly Value;Import;Harmonized;M;M
Physical Energy & Power Flows;2022;12;9;9;9;HU;SK;Monthly Value;Export;Harmonized;M;M
Physical Energy & Power Flows;2022;8;778;778;778;DK;DE;Monthly Value;Export;Harmonized;M;M
Physical Energy & Power Flows;2022;8;191;191;191;NL;GB;Monthly Value;Import;Harmonized;M;M
Physical Energy & Power Flows;2022;4;256;256;256;HR;BA;Monthly Value;Import;Harmonized;M;M
Physical Energy & Power Flows;2022;2;327;327;327;FR;DE;Monthly Value;Import;Harmonized;M;M
Physical Energy & Power Flows;2022;1;326;326;326;DE;CZ;Monthly Value;Import;Harmonized;M;M
Physical Energy & Power Flows;2022;3;536;536;536;IT;SI;Monthly Value;Import;Harmonized;M;M
Physical Energy & Power Flows;2022;7;147;147;147;AT;HU;Monthly Value;Export;Harmonized;M;M
Physical Energy & Power Flows;2022;11;1;1;1;SI;IT;Monthly Value;Import;Harmonized;M;M
Physical Energy & Power Flows;2022;3;9;9;9;BG;GR;Monthly Value;Import;Harmonized;M;M
Physical Energy & Power Flows;2022;5;208;208;208;MK;BG;Monthly Value;Import;Harmonized;M;M
Physical Energy & Power Flows;2022;7;10;10;10;HU;RS;Monthly Value;Import;Harmonized;M;M
Physical Energy & Power Flows;2022;5;419;419;419;CZ;DE;Monthly Value;Import;Harmonized;M;M
Physical Energy & Power Flows;2022;3;34;34;34;AM;GE;Monthly Value;Export;Harmonized;NaM;NaM
Physical Energy & Power Flows;2022;1;0;0;0;RO;MD;Monthly Value;Import;Harmonized;M;NaM
Physical Energy & Power Flows;2022;6;490;490;490;PL;SK;Monthly Value;Export;Harmonized;M;M
Physical Energy & Power Flows;2022;1;1086;1086;1086;AT;DE;Monthly Value;Import;Harmonized;M;M
Physical Energy & Power Flows;2022;2;171;171;171;FR;ES;Monthly Value;Import;Harmonized;M;M
Physical Energy & Power Flows;2022;4;879;879;879;PL;CZ;Monthly Value;Export;Harmonized;M;M
Physical Energy & Power Flows;2022;8;205;205;205;BE;GB;Monthly Value;Import;Harmonized;M;M
Physical Energy & Power Flows;2022;6;23;23;23;DE;PL;Monthly Value;Import;Harmonized;M;M
Physical Energy & Power Flows;2022;9;85;85;85;AT;IT;Monthly Value;Export;Harmonized;M;M
Physical Energy & Power Flows;2022;3;4;4;4;PL;SE;Monthly Value;Export;Harmonized;M;M
Physical Energy & Power Flows;2022;2;171;171;171;ES;FR;Monthly Value;Export;Harmonized;M;M
Physical Energy & Power Flows;2022;1;463;463;463;CH;FR;Monthly Value;Import;Harmonized;M;M
Physical Energy & Power Flows;2022;8;105;105;105;RO;RS;Monthly Value;Export;Harmonized;M;M
Physical Energy & Power Flows;2022;4;134;134;134;FR;GB;Monthly Value;Export;Harmonized;M;M
Physical Energy & Power Flows;2022;12;799;799;799;FR;GB;Monthly Value;Export;Harmonized;M;M
Physical Energy & Power Flows;2022;2;12;12;12;NL;GB;Monthly Value;Import;Harmonized;M;M
Physical Energy & Power Flows;2022;10;115;115;115;NL;GB;Monthly Value;Export;Harmonized;M;M
Physical Energy & Power Flows;2022;11;588;588;588;DE;NO;Monthly Value;Import;Harmonized;M;M
Physical Energy & Power Flows;2022;11;259;259;259;HR;HU;Monthly Value;Import;Harmonized;M;M
Physical Energy & Power Flows;2022;5;216;216;216;RU;FI;Monthly Value;Export;Harmonized;NaM;M
Physical Energy & Power Flows;2022;8;71;71;71;BE;LU;Monthly Value;Export;Harmonized;M;M
Physical Energy & Power Flows;2022;11;255;255;255;FR;DE;Monthly Value;Export;Harmonized;M;M
Physical Energy & Power Flows;2022;7;330;330;330;AZ;GE;Monthly Value;Export;Harmonized;NaM;NaM
Physical Energy & Power Flows;2022;10;50;50;50;RS;ME;Monthly Value;Export;Harmonized;M;M
Physical Energy & Power Flows;2022;8;126;126;126;RU;LV;Monthly Value;Export;Harmonized;NaM;M
Physical Energy & Power Flows;2022;5;0;0;0;SI;AT;Monthly Value;Export;Harmonized;M;M
Physical Energy & Power Flows;2022;9;135;135;135;SI;HR;Monthly Value;Import;Harmonized;M;M
Physical Energy & Power Flows;2022;10;7;7;7;LU;BE;Monthly Value;Export;Harmonized;M;M
Physical Energy & Power Flows;2022;6;153;153;153;XK;AL;Monthly Value;Export;Harmonized;M;M
Physical Energy & Power Flows;2022;2;350;350;350;GR;TR;Monthly Value;Import;Harmonized;M;M
Physical Energy & Power Flows;2022;2;28;28;28;HR;RS;Monthly Value;Import;Harmonized;M;M
Physical Energy & Power Flows;2022;1;66;66;66;RS;ME;Monthly Value;Import;Harmonized;M;M
Physical Energy & Power Flows;2022;11;31;31;31;AL;GR;Monthly Value;Export;Harmonized;M;M
Physical Energy & Power Flows;2022;8;91;91;91;DE;NL;Monthly Value;Export;Harmonized;M;M
Physical Energy & Power Flows;2022;10;39;39;39;HR;SI;Monthly Value;Import;Harmonized;M;M
Physical Energy & Power Flows;2022;6;66;66;66;SE;NO;Monthly Value;Export;Harmonized;M;M
Physical Energy & Power Flows;2022;7;158;158;158;AT;IT;Monthly Value;Export;Harmonized;M;M
Physical Energy & Power Flows;2022;9;280;280;280;RS;BG;Monthly Value;Import;Harmonized;M;M
Physical Energy & Power Flows;2022;7;271;271;271;DK;NL;Monthly Value;Export;Harmonized;M;M
Physical Energy & Power Flows;2022;5;829;829;829;SK;CZ;Monthly Value;Import;Harmonized;M;M
Physical Energy & Power Flows;2022;5;11;11;11;RS;BA;Monthly Value;Export;Harmonized;M;M
Physical Energy & Power Flows;2022;7;2088;2088;2088;CH;IT;Monthly Value;Export;Harmonized;M;M
Physical Energy & Power Flows;2022;11;74;74;74;AL;ME;Monthly Value;Import;Harmonized;M;M
Physical Energy & Power Flows;2022;1;282;282;282;MK;BG;Monthly Value;Import;Harmonized;M;M
Physical Energy & Power Flows;2022;10;285;285;285;GB;NL;Monthly Value;Export;Harmonized;M;M
Physical Energy & Power Flows;2022;2;15;15;15;RS;BA;Monthly Value;Export;Harmonized;M;M
Physical Energy & Power Flows;2022;4;28;28;28;RS;MK;Monthly Value;Import;Harmonized;M;M
Physical Energy & Power Flows;2022;6;0;0;0;SI;HU;Monthly Value;Export;Harmonized;M;M
Physical Energy & Power Flows;2022;4;6;6;6;SE;LT;Monthly Value;Import;Harmonized;M;M
Physical Energy & Power Flows;2022;8;19;19;19;RS;HU;Monthly Value;Import;Harmonized;M;M
Physical Energy & Power Flows;2022;5;429;429;429;BE;FR;Monthly Value;Export;Harmonized;M;M
Physical Energy & Power Flows;2022;4;167;167;167;GE;RU;Monthly Value;Import;Harmonized;NaM;NaM
Physical Energy & Power Flows;2022;8;902;902;902;DE;FR;Monthly Value;Export;Harmonized;M;M
Physical Energy & Power Flows;2022;3;133;133;133;ME;BA;Monthly Value;Import;Harmonized;M;M
Physical Energy & Power Flows;2022;9;24;24;24;AT;CH;Monthly Value;Import;Harmonized;M;M
Physical Energy & Power Flows;2022;1;288;288;288;BG;TR;Monthly Value;Export;Harmonized;M;M
Physical Energy & Power Flows;2022;3;309;309;309;SI;HR;Monthly Value;Import;Harmonized;M;M
Physical Energy & Power Flows;2022;9;6;6;6;SE;DE;Monthly Value;Import;Harmonized;M;M
Physical Energy & Power Flows;2022;6;474;474;474;BE;NL;Monthly Value;Import;Harmonized;M;M
Physical Energy & Power Flows;2022;5;24;24;24;MK;RS;Monthly Value;Export;Harmonized;M;M
Physical Energy & Power Flows;2022;12;112;112;112;IT;FR;Monthly Value;Export;Harmonized;M;M
Physical Energy & Power Flows;2022;3;19;19;19;MK;GR;Monthly Value;Export;Harmonized;M;M
Physical Energy & Power Flows;2022;9;24;24;24;CH;AT;Monthly Value;Export;Harmonized;M;M
Physical Energy & Power Flows;2022;6;557;557;557;FR;ES;Monthly Value;Import;Harmonized;M;M
Physical Energy & Power Flows;2022;11;552;552;552;ES;PT;Monthly Value;Export;Harmonized;M;M
Physical Energy & Power Flows;2022;5;124;124;124;FR;CH;Monthly Value;Import;Harmonized;M;M
Physical Energy & Power Flows;2022;5;215;215;215;RS;RO;Monthly Value;Import;Harmonized;M;M
Physical Energy & Power Flows;2022;11;574;574;574;GB;NO;Monthly Value;Import;Harmonized;M;M
Physical Energy & Power Flows;2022;11;279;279;279;GB;NL;Monthly Value;Export;Harmonized;M;M
Physical Energy & Power Flows;2022;7;205;205;205;AL;ME;Monthly Value;Export;Harmonized;M;M
Physical Energy & Power Flows;2022;6;3;3;3;SK;UA;Monthly Value;Import;Harmonized;M;NaM
Physical Energy & Power Flows;2022;1;447;447;447;NO;GB;Monthly Value;Export;Harmonized;M;M
Physical Energy & Power Flows;2022;12;69;69;69;AT;DE;Monthly Value;Export;Harmonized;M;M
Physical Energy & Power Flows;2022;11;0;0;0;RU;FI;Monthly Value;Import;Harmonized;NaM;M
Physical Energy & Power Flows;2022;1;2;2;2;FI;NO;Monthly Value;Export;Harmonized;M;M
Physical Energy & Power Flows;2022;5;15;15;15;LT;LV;Monthly Value;Export;Harmonized;M;M
Physical Energy & Power Flows;2022;2;513;513;513;DE;BE;Monthly Value;Export;Harmonized;M;M
Physical Energy & Power Flows;2022;1;50;50;50;IT;FR;Monthly Value;Export;Harmonized;M;M
Physical Energy & Power Flows;2022;10;0;0;0;UA;RO;Monthly Value;Import;Harmonized;NaM;M
Physical Energy & Power Flows;2022;3;115;115;115;NL;DK;Monthly Value;Export;Harmonized;M;M
Physical Energy & Power Flows;2022;1;0;0;0;IT;AT;Monthly Value;Export;Harmonized;M;M
Physical Energy & Power Flows;2022;6;17;17;17;GB;IE;Monthly Value;Export;Harmonized;M;M
Physical Energy & Power Flows;2022;4;935;935;935;ES;PT;Monthly Value;Export;Harmonized;M;M
Physical Energy & Power Flows;2022;9;514;514;514;SI;IT;Monthly Value;Export;Harmonized;M;M
Physical Energy & Power Flows;2022;5;262;262;262;SE;DE;Monthly Value;Export;Harmonized;M;M
Physical Energy & Power Flows;2022;12;7;7;7;CZ;PL;Monthly Value;Export;Harmonized;M;M
Physical Energy & Power Flows;2022;6;535;535;535;FR;DE;Monthly Value;Import;Harmonized;M;M
Physical Energy & Power Flows;2022;12;26;26;26;DE;SE;Monthly Value;Export;Harmonized;M;M
Physical Energy & Power Flows;2022;5;856;856;856;PL;CZ;Monthly Value;Export;Harmonized;M;M
Physical Energy & Power Flows;2022;7;30;30;30;BY;LT;Monthly Value;Import;Harmonized;NaM;M
Physical Energy & Power Flows;2022;10;113;113;113;DE;CH;Monthly Value;Import;Harmonized;M;M
Physical Energy & Power Flows;2022;4;769;769;769;FI;RU;Monthly Value;Import;Harmonized;M;NaM
Physical Energy & Power Flows;2022;11;0;0;0;LT;SE;Monthly Value;Export;Harmonized;M;M
Physical Energy & Power Flows;2022;8;172;172;172;GR;MK;Monthly Value;Export;Harmonized;M;M
Physical Energy & Power Flows;2022;1;201;201;201;LT;RU;Monthly Value;Import;Harmonized;M;NaM
Physical Energy & Power Flows;2022;11;136;136;136;BG;GR;Monthly Value;Export;Harmonized;M;M
Physical Energy & Power Flows;2022;9;23;23;23;BE;LU;Monthly Value;Import;Harmonized;M;M
Physical Energy & Power Flows;2022;6;13;13;13;FR;GB;Monthly Value;Export;Harmonized;M;M
Physical Energy & Power Flows;2022;6;1499;1499;1499;FI;SE;Monthly Value;Import;Harmonized;M;M
Physical Energy & Power Flows;2022;2;1184;1184;1184;FR;IT;Monthly Value;Export;Harmonized;M;M
Physical Energy & Power Flows;2022;8;79;79;79;HR;SI;Monthly Value;Import;Harmonized;M;M
Physical Energy & Power Flows;2022;2;0;0;0;HR;HU;Monthly Value;Export;Harmonized;M;M
Physical Energy & Power Flows;2022;8;109;109;109;PL;LT;Monthly Value;Export;Harmonized;M;M
Physical Energy & Power Flows;2022;3;34;34;34;RO;RS;Monthly Value;Import;Harmonized;M;M
Physical Energy & Power Flows;2022;10;69;69;69;BE;LU;Monthly Value;Export;Harmonized;M;M
Physical Energy & Power Flows;2022;7;2;2;2;FI;EE;Monthly Value;Import;Harmonized;M;M
Physical Energy & Power Flows;2022;5;883;883;883;DK;SE;Monthly Value;Import;Harmonized;M;M
Physical Energy & Power Flows;2022;11;1039;1039;1039;FR;BE;Monthly Value;Import;Harmonized;M;M
Physical Energy & Power Flows;2022;3;1205;1205;1205;AT;DE;Monthly Value;Import;Harmonized;M;M
Physical Energy & Power Flows;2022;12;518;518;518;TR;GE;Monthly Value;Import;Harmonized;M;NaM
Physical Energy & Power Flows;2022;6;4;4;4;BE;LU;Monthly Value;Import;Harmonized;M;M
Physical Energy & Power Flows;2022;10;13;13;13;IE;GB;Monthly Value;Import;Harmonized;M;M
Physical Energy & Power Flows;2022;1;15;15;15;HR;SI;Monthly Value;Import;Harmonized;M;M
Physical Energy & Power Flows;2022;4;508;508;508;CH;AT;Monthly Value;Import;Harmonized;M;M
Physical Energy & Power Flows;2022;8;44;44;44;CH;AT;Monthly Value;Export;Harmonized;M;M
Physical Energy & Power Flows;2022;8;226;226;226;LV;LT;Monthly Value;Export;Harmonized;M;M
Physical Energy & Power Flows;2022;7;276;276;276;LU;DE;Monthly Value;Import;Harmonized;M;M
Physical Energy & Power Flows;2022;12;73;73;73;DE;CH;Monthly Value;Import;Harmonized;M;M
Physical Energy & Power Flows;2022;4;61;61;61;MK;XK;Monthly Value;Import;Harmonized;M;M
Physical Energy & Power Flows;2022;12;213;213;213;LV;LT;Monthly Value;Export;Harmonized;M;M
Physical Energy & Power Flows;2022;5;181;181;181;GR;BG;Monthly Value;Import;Harmonized;M;M
Physical Energy & Power Flows;2022;2;325;325;325;BY;LT;Monthly Value;Export;Harmonized;NaM;M
Physical Energy & Power Flows;2022;4;126;126;126;AT;IT;Monthly Value;Export;Harmonized;M;M
Physical Energy & Power Flows;2022;10;116;116;116;GR;IT;Monthly Value;Export;Harmonized;M;M
Physical Energy & Power Flows;2022;4;4;4;4;TR;BG;Monthly Value;Export;Harmonized;M;M
Physical Energy & Power Flows;2022;10;58;58;58;GB;FR;Monthly Value;Import;Harmonized;M;M
Physical Energy & Power Flows;2022;6;7;7;7;RO;MD;Monthly Value;Import;Harmonized;M;NaM
Physical Energy & Power Flows;2022;7;171;171;171;MD;RO;Monthly Value;Import;Harmonized;NaM;M
Physical Energy & Power Flows;2022;4;2;2;2;HU;UA;Monthly Value;Export;Harmonized;M;NaM
Physical Energy & Power Flows;2022;9;200;200;200;NL;BE;Monthly Value;Export;Harmonized;M;M
Physical Energy & Power Flows;2022;5;1;1;1;LT;RU;Monthly Value;Export;Harmonized;M;NaM
Physical Energy & Power Flows;2022;7;488;488;488;NO;GB;Monthly Value;Export;Harmonized;M;M
Physical Energy & Power Flows;2022;8;11;11;11;GR;BG;Monthly Value;Export;Harmonized;M;M
Physical Energy & Power Flows;2022;10;216;216;216;RO;BG;Monthly Value;Export;Harmonized;M;M
Physical Energy & Power Flows;2022;12;812;812;812;NO;SE;Monthly Value;Export;Harmonized;M;M
Physical Energy & Power Flows;2022;1;1007;1007;1007;NL;BE;Monthly Value;Export;Harmonized;M;M
Physical Energy & Power Flows;2022;8;220;220;220;GB;NO;Monthly Value;Import;Harmonized;M;M
Physical Energy & Power Flows;2022;11;48;48;48;XK;AL;Monthly Value;Export;Harmonized;M;M
Physical Energy & Power Flows;2022;8;738;738;738;CZ;SK;Monthly Value;Export;Harmonized;M;M
Physical Energy & Power Flows;2022;3;13;13;13;BG;RO;Monthly Value;Import;Harmonized;M;M
Physical Energy & Power Flows;2022;4;34;34;34;HR;SI;Monthly Value;Import;Harmonized;M;M
Physical Energy & Power Flows;2022;7;428;428;428;PL;SE;Monthly Value;Import;Harmonized;M;M
Physical Energy & Power Flows;2022;2;12;12;12;RO;HU;Monthly Value;Export;Harmonized;M;M
Physical Energy & Power Flows;2022;8;0;0;0;MT;IT;Monthly Value;Export;Harmonized;NaM;M
Physical Energy & Power Flows;2022;7;4;4;4;GR;IT;Monthly Value;Import;Harmonized;M;M
Physical Energy & Power Flows;2022;12;829;829;829;FR;IT;Monthly Value;Export;Harmonized;M;M
Physical Energy & Power Flows;2022;11;16;16;16;DE;NO;Monthly Value;Export;Harmonized;M;M
Physical Energy & Power Flows;2022;11;52;52;52;ME;BA;Monthly Value;Export;Harmonized;M;M
Physical Energy & Power Flows;2022;4;6;6;6;LT;SE;Monthly Value;Export;Harmonized;M;M
Physical Energy & Power Flows;2022;1;526;526;526;DE;FR;Monthly Value;Export;Harmonized;M;M
Physical Energy & Power Flows;2022;12;105;105;105;HU;RO;Monthly Value;Export;Harmonized;M;M
Physical Energy & Power Flows;2022;10;242;242;242;RO;UA;Monthly Value;Import;Harmonized;M;NaM
Physical Energy & Power Flows;2022;1;255;255;255;ME;BA;Monthly Value;Import;Harmonized;M;M
Physical Energy & Power Flows;2022;6;72;72;72;HR;SI;Monthly Value;Import;Harmonized;M;M
Physical Energy & Power Flows;2022;12;9;9;9;SK;PL;Monthly Value;Export;Harmonized;M;M
Physical Energy & Power Flows;2022;3;316;316;316;AT;SI;Monthly Value;Export;Harmonized;M;M
Physical Energy & Power Flows;2022;12;130;130;130;NL;NO;Monthly Value;Export;Harmonized;M;M
Physical Energy & Power Flows;2022;9;278;278;278;IT;ME;Monthly Value;Import;Harmonized;M;M
Physical Energy & Power Flows;2022;6;49;49;49;NO;FI;Monthly Value;Export;Harmonized;M;M
Physical Energy & Power Flows;2022;2;267;267;267;UA;SK;Monthly Value;Import;Harmonized;NaM;M
Physical Energy & Power Flows;2022;3;14;14;14;CH;DE;Monthly Value;Export;Harmonized;M;M
Physical Energy & Power Flows;2022;3;309;309;309;HR;SI;Monthly Value;Export;Harmonized;M;M
Physical Energy & Power Flows;2022;9;1002;1002;1002;HU;SK;Monthly Value;Import;Harmonized;M;M
Physical Energy & Power Flows;2022;4;11;11;11;XK;ME;Monthly Value;Import;Harmonized;M;M
Physical Energy & Power Flows;2022;7;21;21;21;AT;SI;Monthly Value;Import;Harmonized;M;M
Physical Energy & Power Flows;2022;9;14;14;14;AL;GR;Monthly Value;Export;Harmonized;M;M
Physical Energy & Power Flows;2022;2;644;644;644;PL;SK;Monthly Value;Export;Harmonized;M;M
Physical Energy & Power Flows;2022;8;227;227;227;LU;DE;Monthly Value;Import;Harmonized;M;M
Physical Energy & Power Flows;2022;3;246;246;246;NO;SE;Monthly Value;Import;Harmonized;M;M
Physical Energy & Power Flows;2022;11;15;15;15;RS;MK;Monthly Value;Export;Harmonized;M;M
Physical Energy & Power Flows;2022;10;670;670;670;PL;CZ;Monthly Value;Export;Harmonized;M;M
Physical Energy & Power Flows;2022;12;1066;1066;1066;SE;FI;Monthly Value;Export;Harmonized;M;M
Physical Energy & Power Flows;2022;10;1216;1216;1216;FR;ES;Monthly Value;Import;Harmonized;M;M
Physical Energy & Power Flows;2022;12;32;32;32;RS;ME;Monthly Value;Export;Harmonized;M;M
Physical Energy & Power Flows;2022;8;0;0;0;GR;IT;Monthly Value;Import;Harmonized;M;M
Physical Energy & Power Flows;2022;9;587;587;587;FI;EE;Monthly Value;Export;Harmonized;M;M
Physical Energy & Power Flows;2022;12;158;158;158;PT;ES;Monthly Value;Import;Harmonized;M;M
Physical Energy & Power Flows;2022;10;1;1;1;PL;DE;Monthly Value;Export;Harmonized;M;M
Physical Energy & Power Flows;2022;4;11;11;11;ME;XK;Monthly Value;Export;Harmonized;M;M
Physical Energy & Power Flows;2022;10;86;86;86;DE;NO;Monthly Value;Export;Harmonized;M;M
Physical Energy & Power Flows;2022;9;663;663;663;PL;DE;Monthly Value;Import;Harmonized;M;M
Physical Energy & Power Flows;2022;8;0;0;0;DE;SE;Monthly Value;Export;Harmonized;M;M
Physical Energy & Power Flows;2022;9;3;3;3;SE;FI;Monthly Value;Import;Harmonized;M;M
Physical Energy & Power Flows;2022;10;100;100;100;XK;MK;Monthly Value;Export;Harmonized;M;M
Physical Energy & Power Flows;2022;9;23;23;23;RS;HR;Monthly Value;Import;Harmonized;M;M
Physical Energy & Power Flows;2022;2;15;15;15;BA;RS;Monthly Value;Import;Harmonized;M;M
Physical Energy & Power Flows;2022;7;106;106;106;BE;NL;Monthly Value;Export;Harmonized;M;M
Physical Energy & Power Flows;2022;12;130;130;130;BG;MK;Monthly Value;Export;Harmonized;M;M
Physical Energy & Power Flows;2022;3;610;610;610;NO;DK;Monthly Value;Export;Harmonized;M;M
Physical Energy & Power Flows;2022;6;557;557;557;ES;FR;Monthly Value;Export;Harmonized;M;M
Physical Energy & Power Flows;2022;1;78;78;78;ME;IT;Monthly Value;Import;Harmonized;M;M
Physical Energy & Power Flows;2022;2;238;238;238;GE;RU;Monthly Value;Import;Harmonized;NaM;NaM
Physical Energy & Power Flows;2022;11;43;43;43;MK;XK;Monthly Value;Import;Harmonized;M;M
Physical Energy & Power Flows;2022;9;151;151;151;RS;ME;Monthly Value;Import;Harmonized;M;M
Physical Energy & Power Flows;2022;2;19;19;19;LU;BE;Monthly Value;Export;Harmonized;M;M
Physical Energy & Power Flows;2022;2;33;33;33;BA;HR;Monthly Value;Import;Harmonized;M;M
Physical Energy & Power Flows;2022;12;444;444;444;GB;NL;Monthly Value;Import;Harmonized;M;M
Physical Energy & Power Flows;2022;10;60;60;60;GR;AL;Monthly Value;Export;Harmonized;M;M
Physical Energy & Power Flows;2022;10;353;353;353;TR;GE;Monthly Value;Import;Harmonized;M;NaM
Physical Energy & Power Flows;2022;7;18;18;18;RO;RS;Monthly Value;Import;Harmonized;M;M
Physical Energy & Power Flows;2022;11;98;98;98;RS;HU;Monthly Value;Export;Harmonized;M;M
Physical Energy & Power Flows;2022;1;26;26;26;BE;FR;Monthly Value;Import;Harmonized;M;M
Physical Energy & Power Flows;2022;7;473;473;473;BG;RO;Monthly Value;Export;Harmonized;M;M
Physical Energy & Power Flows;2022;1;21;21;21;IE;GB;Monthly Value;Import;Harmonized;M;M
Physical Energy & Power Flows;2022;12;8;8;8;RU;LT;Monthly Value;Export;Harmonized;NaM;M
Physical Energy & Power Flows;2022;2;14;14;14;LV;RU;Monthly Value;Export;Harmonized;M;NaM
Physical Energy & Power Flows;2022;9;83;83;83;HU;RS;Monthly Value;Import;Harmonized;M;M
Physical Energy & Power Flows;2022;6;139;139;139;TR;BG;Monthly Value;Import;Harmonized;M;M
Physical Energy & Power Flows;2022;2;11;11;11;EE;LV;Monthly Value;Import;Harmonized;M;M
Physical Energy & Power Flows;2022;12;147;147;147;LT;PL;Monthly Value;Import;Harmonized;M;M
Physical Energy & Power Flows;2022;8;1458;1458;1458;FR;ES;Monthly Value;Import;Harmonized;M;M
Physical Energy & Power Flows;2022;10;305;305;305;PL;SE;Monthly Value;Import;Harmonized;M;M
Physical Energy & Power Flows;2022;3;432;432;432;GE;RU;Monthly Value;Import;Harmonized;NaM;NaM
Physical Energy & Power Flows;2022;2;2;2;2;AT;CH;Monthly Value;Import;Harmonized;M;M
Physical Energy & Power Flows;2022;10;24;24;24;XK;ME;Monthly Value;Export;Harmonized;M;M
Physical Energy & Power Flows;2022;9;222;222;222;NO;DK;Monthly Value;Export;Harmonized;M;M
Physical Energy & Power Flows;2022;10;275;275;275;DE;SE;Monthly Value;Import;Harmonized;M;M
Physical Energy & Power Flows;2022;1;497;497;497;AT;CH;Monthly Value;Export;Harmonized;M;M
Physical Energy & Power Flows;2022;3;380;380;380;BE;DE;Monthly Value;Import;Harmonized;M;M
Physical Energy & Power Flows;2022;11;5;5;5;LT;RU;Monthly Value;Export;Harmonized;M;NaM
Physical Energy & Power Flows;2022;5;124;124;124;CH;FR;Monthly Value;Export;Harmonized;M;M
Physical Energy & Power Flows;2022;7;0;0;0;NO;FI;Monthly Value;Import;Harmonized;M;M
Physical Energy & Power Flows;2022;12;11;11;11;LV;RU;Monthly Value;Export;Harmonized;M;NaM
Physical Energy & Power Flows;2022;6;527;527;527;FR;CH;Monthly Value;Export;Harmonized;M;M
Physical Energy & Power Flows;2022;11;1143;1143;1143;CZ;AT;Monthly Value;Export;Harmonized;M;M
Physical Energy & Power Flows;2022;7;7;7;7;LT;LV;Monthly Value;Export;Harmonized;M;M
Physical Energy & Power Flows;2022;5;558;558;558;SI;AT;Monthly Value;Import;Harmonized;M;M
Physical Energy & Power Flows;2022;4;596;596;596;SK;PL;Monthly Value;Import;Harmonized;M;M
Physical Energy & Power Flows;2022;4;16;16;16;GR;AL;Monthly Value;Export;Harmonized;M;M
Physical Energy & Power Flows;2022;12;528;528;528;FR;GB;Monthly Value;Import;Harmonized;M;M
Physical Energy & Power Flows;2022;10;166;166;166;RU;GE;Monthly Value;Export;Harmonized;NaM;NaM
Physical Energy & Power Flows;2022;2;13;13;13;RO;RS;Monthly Value;Import;Harmonized;M;M
Physical Energy & Power Flows;2022;4;7;7;7;UA;SK;Monthly Value;Export;Harmonized;NaM;M
Physical Energy & Power Flows;2022;3;336;336;336;FR;GB;Monthly Value;Export;Harmonized;M;M
Physical Energy & Power Flows;2022;11;0;0;0;RU;FI;Monthly Value;Export;Harmonized;NaM;M
Physical Energy & Power Flows;2022;2;90;90;90;IT;AT;Monthly Value;Import;Harmonized;M;M
Physical Energy & Power Flows;2022;9;460;460;460;DK;DE;Monthly Value;Export;Harmonized;M;M
Physical Energy & Power Flows;2022;3;0;0;0;BG;MK;Monthly Value;Import;Harmonized;M;M
Physical Energy & Power Flows;2022;10;0;0;0;AM;GE;Monthly Value;Import;Harmonized;NaM;NaM
Physical Energy & Power Flows;2022;12;164;164;164;AL;XK;Monthly Value;Export;Harmonized;M;M
Physical Energy & Power Flows;2022;7;355;355;355;SE;NO;Monthly Value;Import;Harmonized;M;M
Physical Energy & Power Flows;2022;12;70;70;70;GE;AM;Monthly Value;Import;Harmonized;NaM;NaM
Physical Energy & Power Flows;2022;2;45;45;45;DE;BE;Monthly Value;Import;Harmonized;M;M
Physical Energy & Power Flows;2022;6;190;190;190;GR;AL;Monthly Value;Export;Harmonized;M;M
Physical Energy & Power Flows;2022;4;138;138;138;GE;TR;Monthly Value;Export;Harmonized;NaM;M
Physical Energy & Power Flows;2022;2;13;13;13;RS;MK;Monthly Value;Export;Harmonized;M;M
Physical Energy & Power Flows;2022;6;0;0;0;NL;NO;Monthly Value;Import;Harmonized;M;M
Physical Energy & Power Flows;2022;1;829;829;829;PL;CZ;Monthly Value;Export;Harmonized;M;M
Physical Energy & Power Flows;2022;12;117;117;117;DE;CZ;Monthly Value;Export;Harmonized;M;M
Physical Energy & Power Flows;2022;2;50;50;50;DE;CZ;Monthly Value;Import;Harmonized;M;M
Physical Energy & Power Flows;2022;5;1;1;1;RU;LV;Monthly Value;Import;Harmonized;NaM;M
Physical Energy & Power Flows;2022;5;93;93;93;NO;GB;Monthly Value;Export;Harmonized;M;M
Physical Energy & Power Flows;2022;11;15;15;15;MK;RS;Monthly Value;Import;Harmonized;M;M
Physical Energy & Power Flows;2022;11;50;50;50;CH;FR;Monthly Value;Export;Harmonized;M;M
Physical Energy & Power Flows;2022;4;305;305;305;SE;LT;Monthly Value;Export;Harmonized;M;M
Physical Energy & Power Flows;2022;5;1161;1161;1161;GB;FR;Monthly Value;Export;Harmonized;M;M
Physical Energy & Power Flows;2022;4;304;304;304;TR;GR;Monthly Value;Export;Harmonized;M;M
Physical Energy & Power Flows;2022;7;0;0;0;ME;RS;Monthly Value;Import;Harmonized;M;M
Physical Energy & Power Flows;2022;3;10;10;10;XK;ME;Monthly Value;Import;Harmonized;M;M
Physical Energy & Power Flows;2022;11;27;27;27;IE;GB;Monthly Value;Import;Harmonized;M;M
Physical Energy & Power Flows;2022;6;129;129;129;AT;CH;Monthly Value;Export;Harmonized;M;M
Physical Energy & Power Flows;2022;9;729;729;729;DE;FR;Monthly Value;Export;Harmonized;M;M
Physical Energy & Power Flows;2022;7;70;70;70;RO;HU;Monthly Value;Import;Harmonized;M;M
Physical Energy & Power Flows;2022;2;181;181;181;FR;DE;Monthly Value;Export;Harmonized;M;M
Physical Energy & Power Flows;2022;8;9;9;9;BA;HR;Monthly Value;Import;Harmonized;M;M
Physical Energy & Power Flows;2022;5;120;120;120;PT;ES;Monthly Value;Export;Harmonized;M;M
Physical Energy & Power Flows;2022;12;111;111;111;IT;GR;Monthly Value;Export;Harmonized;M;M
Physical Energy & Power Flows;2022;1;55;55;55;XK;MK;Monthly Value;Import;Harmonized;M;M
Physical Energy & Power Flows;2022;6;0;0;0;CH;IT;Monthly Value;Import;Harmonized;M;M
Physical Energy & Power Flows;2022;10;256;256;256;BE;NL;Monthly Value;Import;Harmonized;M;M
Physical Energy & Power Flows;2022;10;256;256;256;NL;BE;Monthly Value;Export;Harmonized;M;M
Physical Energy & Power Flows;2022;12;518;518;518;GE;TR;Monthly Value;Export;Harmonized;NaM;M
Physical Energy & Power Flows;2022;4;1488;1488;1488;IT;CH;Monthly Value;Import;Harmonized;M;M
Physical Energy & Power Flows;2022;5;104;104;104;BE;LU;Monthly Value;Export;Harmonized;M;M
Physical Energy & Power Flows;2022;3;48;48;48;GR;IT;Monthly Value;Import;Harmonized;M;M
Physical Energy & Power Flows;2022;2;180;180;180;ME;IT;Monthly Value;Export;Harmonized;M;M
Physical Energy & Power Flows;2022;10;242;242;242;UA;RO;Monthly Value;Export;Harmonized;NaM;M
Physical Energy & Power Flows;2022;8;18;18;18;LT;BY;Monthly Value;Import;Harmonized;M;NaM
Physical Energy & Power Flows;2022;3;480;480;480;HR;HU;Monthly Value;Import;Harmonized;M;M
Physical Energy & Power Flows;2022;7;524;524;524;LT;SE;Monthly Value;Import;Harmonized;M;M
Physical Energy & Power Flows;2022;8;0;0;0;DK;SE;Monthly Value;Export;Harmonized;M;M
Physical Energy & Power Flows;2022;5;1;1;1;LV;EE;Monthly Value;Export;Harmonized;M;M
Physical Energy & Power Flows;2022;2;120;120;120;HU;RS;Monthly Value;Export;Harmonized;M;M
Physical Energy & Power Flows;2022;5;1;1;1;UA;SK;Monthly Value;Export;Harmonized;NaM;M
Physical Energy & Power Flows;2022;6;0;0;0;FI;RU;Monthly Value;Export;Harmonized;M;NaM
Physical Energy & Power Flows;2022;5;151;151;151;XK;RS;Monthly Value;Import;Harmonized;M;M
Physical Energy & Power Flows;2022;6;46;46;46;AM;GE;Monthly Value;Import;Harmonized;NaM;NaM
Physical Energy & Power Flows;2022;8;12;12;12;HU;HR;Monthly Value;Import;Harmonized;M;M
Physical Energy & Power Flows;2022;11;166;166;166;GB;BE;Monthly Value;Import;Harmonized;M;M
Physical Energy & Power Flows;2022;2;61;61;61;AL;GR;Monthly Value;Import;Harmonized;M;M
Physical Energy & Power Flows;2022;4;794;794;794;DE;FR;Monthly Value;Export;Harmonized;M;M
Physical Energy & Power Flows;2022;9;0;0;0;FI;RU;Monthly Value;Export;Harmonized;M;NaM
Physical Energy & Power Flows;2022;8;22;22;22;XK;AL;Monthly Value;Import;Harmonized;M;M
Physical Energy & Power Flows;2022;9;151;151;151;BA;HR;Monthly Value;Export;Harmonized;M;M
Physical Energy & Power Flows;2022;11;1629;1629;1629;CH;DE;Monthly Value;Import;Harmonized;M;M
Physical Energy & Power Flows;2022;2;629;629;629;NL;DE;Monthly Value;Import;Harmonized;M;M
Physical Energy & Power Flows;2022;7;119;119;119;RU;LV;Monthly Value;Export;Harmonized;NaM;M
Physical Energy & Power Flows;2022;6;425;425;425;EE;LV;Monthly Value;Export;Harmonized;M;M
Physical Energy & Power Flows;2022;2;1251;1251;1251;HU;SK;Monthly Value;Import;Harmonized;M;M
Physical Energy & Power Flows;2022;10;17;17;17;ME;BA;Monthly Value;Export;Harmonized;M;M
Physical Energy & Power Flows;2022;5;66;66;66;MK;XK;Monthly Value;Import;Harmonized;M;M
Physical Energy & Power Flows;2022;11;16;16;16;NO;DE;Monthly Value;Import;Harmonized;M;M
Physical Energy & Power Flows;2022;9;197;197;197;GR;MK;Monthly Value;Import;Harmonized;M;M
Physical Energy & Power Flows;2022;4;510;510;510;PL;DE;Monthly Value;Import;Harmonized;M;M
Physical Energy & Power Flows;2022;5;7;7;7;RO;RS;Monthly Value;Import;Harmonized;M;M
Physical Energy & Power Flows;2022;4;55;55;55;AL;ME;Monthly Value;Export;Harmonized;M;M
Physical Energy & Power Flows;2022;8;329;329;329;ME;IT;Monthly Value;Export;Harmonized;M;M
Physical Energy & Power Flows;2022;11;106;106;106;GB;IE;Monthly Value;Import;Harmonized;M;M
Physical Energy & Power Flows;2022;8;583;583;583;CH;FR;Monthly Value;Export;Harmonized;M;M
Physical Energy & Power Flows;2022;11;140;140;140;DK;NL;Monthly Value;Export;Harmonized;M;M
Physical Energy & Power Flows;2022;10;185;185;185;GR;MK;Monthly Value;Import;Harmonized;M;M
Physical Energy & Power Flows;2022;12;808;808;808;SK;CZ;Monthly Value;Import;Harmonized;M;M
Physical Energy & Power Flows;2022;7;202;202;202;DK;NO;Monthly Value;Export;Harmonized;M;M
Physical Energy & Power Flows;2022;2;8;8;8;MD;UA;Monthly Value;Import;Harmonized;NaM;NaM
Physical Energy & Power Flows;2022;12;107;107;107;RO;UA;Monthly Value;Import;Harmonized;M;NaM
Physical Energy & Power Flows;2022;12;87;87;87;FR;ES;Monthly Value;Export;Harmonized;M;M
Physical Energy & Power Flows;2022;11;21;21;21;RO;UA;Monthly Value;Export;Harmonized;M;NaM
Physical Energy & Power Flows;2022;1;20;20;20;SI;AT;Monthly Value;Export;Harmonized;M;M
Physical Energy & Power Flows;2022;4;68;68;68;IT;MT;Monthly Value;Export;Harmonized;M;NaM
Physical Energy & Power Flows;2022;4;168;168;168;MD;UA;Monthly Value;Export;Harmonized;NaM;NaM
Physical Energy & Power Flows;2022;11;0;0;0;IT;AT;Monthly Value;Export;Harmonized;M;M
Physical Energy & Power Flows;2022;12;88;88;88;HU;AT;Monthly Value;Export;Harmonized;M;M
Physical Energy & Power Flows;2022;6;389;389;389;GE;TR;Monthly Value;Export;Harmonized;NaM;M
Physical Energy & Power Flows;2022;11;112;112;112;ME;IT;Monthly Value;Import;Harmonized;M;M
Physical Energy & Power Flows;2022;2;95;95;95;MK;GR;Monthly Value;Export;Harmonized;M;M
Physical Energy & Power Flows;2022;12;17;17;17;RS;HR;Monthly Value;Import;Harmonized;M;M
Physical Energy & Power Flows;2022;7;2;2;2;RO;BG;Monthly Value;Export;Harmonized;M;M
Physical Energy & Power Flows;2022;11;1143;1143;1143;AT;CZ;Monthly Value;Import;Harmonized;M;M
Physical Energy & Power Flows;2022;7;173;173;173;MK;GR;Monthly Value;Import;Harmonized;M;M
Physical Energy & Power Flows;2022;1;2;2;2;PL;CZ;Monthly Value;Import;Harmonized;M;M
Physical Energy & Power Flows;2022;9;450;450;450;SE;LT;Monthly Value;Export;Harmonized;M;M
Physical Energy & Power Flows;2022;1;27;27;27;DE;CH;Monthly Value;Import;Harmonized;M;M
Physical Energy & Power Flows;2022;8;205;205;205;GB;BE;Monthly Value;Export;Harmonized;M;M
Physical Energy & Power Flows;2022;3;108;108;108;FR;DE;Monthly Value;Export;Harmonized;M;M
Physical Energy & Power Flows;2022;2;68;68;68;BA;RS;Monthly Value;Export;Harmonized;M;M
Physical Energy & Power Flows;2022;1;12;12;12;XK;RS;Monthly Value;Export;Harmonized;M;M
Physical Energy & Power Flows;2022;3;804;804;804;FR;IT;Monthly Value;Export;Harmonized;M;M
Physical Energy & Power Flows;2022;4;636;636;636;BE;FR;Monthly Value;Export;Harmonized;M;M
Physical Energy & Power Flows;2022;11;74;74;74;GR;AL;Monthly Value;Export;Harmonized;M;M
Physical Energy & Power Flows;2022;2;31;31;31;RU;LV;Monthly Value;Export;Harmonized;NaM;M
Physical Energy & Power Flows;2022;6;7;7;7;TR;BG;Monthly Value;Export;Harmonized;M;M
Physical Energy & Power Flows;2022;3;2;2;2;MD;UA;Monthly Value;Import;Harmonized;NaM;NaM
Physical Energy & Power Flows;2022;2;1221;1221;1221;FI;SE;Monthly Value;Import;Harmonized;M;M
Physical Energy & Power Flows;2022;8;20;20;20;BG;TR;Monthly Value;Import;Harmonized;M;M
Physical Energy & Power Flows;2022;3;99;99;99;HR;RS;Monthly Value;Import;Harmonized;M;M
Physical Energy & Power Flows;2022;11;186;186;186;PL;LT;Monthly Value;Export;Harmonized;M;M
Physical Energy & Power Flows;2022;4;53;53;53;CH;DE;Monthly Value;Export;Harmonized;M;M
Physical Energy & Power Flows;2022;11;6;6;6;NL;DK;Monthly Value;Export;Harmonized;M;M
Physical Energy & Power Flows;2022;1;11;11;11;GR;AL;Monthly Value;Import;Harmonized;M;M
Physical Energy & Power Flows;2022;10;42;42;42;NL;NO;Monthly Value;Import;Harmonized;M;M
Physical Energy & Power Flows;2022;12;179;179;179;GR;IT;Monthly Value;Export;Harmonized;M;M
Physical Energy & Power Flows;2022;5;12;12;12;HU;RS;Monthly Value;Import;Harmonized;M;M
Physical Energy & Power Flows;2022;6;838;838;838;DK;DE;Monthly Value;Export;Harmonized;M;M
Physical Energy & Power Flows;2022;2;299;299;299;BG;RS;Monthly Value;Export;Harmonized;M;M
Physical Energy & Power Flows;2022;7;6;6;6;RU;EE;Monthly Value;Export;Harmonized;NaM;M
Physical Energy & Power Flows;2022;12;39;39;39;LT;LV;Monthly Value;Export;Harmonized;M;M
Physical Energy & Power Flows;2022;4;68;68;68;MT;IT;Monthly Value;Import;Harmonized;NaM;M
Physical Energy & Power Flows;2022;11;3;3;3;SK;PL;Monthly Value;Export;Harmonized;M;M
Physical Energy & Power Flows;2022;2;10;10;10;AL;ME;Monthly Value;Export;Harmonized;M;M
Physical Energy & Power Flows;2022;9;161;161;161;DE;BE;Monthly Value;Export;Harmonized;M;M
Physical Energy & Power Flows;2022;1;97;97;97;BA;RS;Monthly Value;Export;Harmonized;M;M
Physical Energy & Power Flows;2022;12;1156;1156;1156;CZ;AT;Monthly Value;Export;Harmonized;M;M
Physical Energy & Power Flows;2022;2;32;32;32;XK;AL;Monthly Value;Import;Harmonized;M;M
Physical Energy & Power Flows;2022;6;9;9;9;RS;BA;Monthly Value;Import;Harmonized;M;M
Physical Energy & Power Flows;2022;12;510;510;510;DK;DE;Monthly Value;Import;Harmonized;M;M
Physical Energy & Power Flows;2022;4;338;338;338;DE;NO;Monthly Value;Import;Harmonized;M;M
Physical Energy & Power Flows;2022;6;195;195;195;RO;RS;Monthly Value;Export;Harmonized;M;M
Physical Energy & Power Flows;2022;9;5;5;5;RU;LT;Monthly Value;Import;Harmonized;NaM;M
Physical Energy & Power Flows;2022;7;483;483;483;NL;DE;Monthly Value;Export;Harmonized;M;M
Physical Energy & Power Flows;2022;5;200;200;200;FR;BE;Monthly Value;Export;Harmonized;M;M
Physical Energy & Power Flows;2022;8;83;83;83;UA;MD;Monthly Value;Import;Harmonized;NaM;NaM
Physical Energy & Power Flows;2022;12;1251;1251;1251;FR;DE;Monthly Value;Import;Harmonized;M;M
Physical Energy & Power Flows;2022;1;369;369;369;NO;NL;Monthly Value;Export;Harmonized;M;M
Physical Energy & Power Flows;2022;5;31;31;31;GR;AL;Monthly Value;Import;Harmonized;M;M
Physical Energy & Power Flows;2022;4;215;215;215;DE;CZ;Monthly Value;Import;Harmonized;M;M
Physical Energy & Power Flows;2022;6;3;3;3;UA;SK;Monthly Value;Export;Harmonized;NaM;M
Physical Energy & Power Flows;2022;3;7;7;7;ME;IT;Monthly Value;Import;Harmonized;M;M
Physical Energy & Power Flows;2022;4;395;395;395;IT;ME;Monthly Value;Import;Harmonized;M;M
Physical Energy & Power Flows;2022;7;1;1;1;SE;PL;Monthly Value;Import;Harmonized;M;M
Physical Energy & Power Flows;2022;11;71;71;71;AM;GE;Monthly Value;Export;Harmonized;NaM;NaM
Physical Energy & Power Flows;2022;1;1;1;1;UA;RU;Monthly Value;Export;Harmonized;NaM;NaM
Physical Energy & Power Flows;2022;6;55;55;55;MK;XK;Monthly Value;Export;Harmonized;M;M
Physical Energy & Power Flows;2022;1;307;307;307;RU;GE;Monthly Value;Export;Harmonized;NaM;NaM
Physical Energy & Power Flows;2022;3;33;33;33;GB;IE;Monthly Value;Import;Harmonized;M;M
Physical Energy & Power Flows;2022;3;1237;1237;1237;CZ;AT;Monthly Value;Export;Harmonized;M;M
Physical Energy & Power Flows;2022;7;14;14;14;UA;MD;Monthly Value;Export;Harmonized;NaM;NaM
Physical Energy & Power Flows;2022;5;1780;1780;1780;CH;IT;Monthly Value;Export;Harmonized;M;M
Physical Energy & Power Flows;2022;9;76;76;76;IT;MT;Monthly Value;Export;Harmonized;M;NaM
Physical Energy & Power Flows;2022;6;430;430;430;LT;SE;Monthly Value;Import;Harmonized;M;M
Physical Energy & Power Flows;2022;1;32;32;32;RO;HU;Monthly Value;Export;Harmonized;M;M
Physical Energy & Power Flows;2022;11;30;30;30;HU;RS;Monthly Value;Export;Harmonized;M;M
Physical Energy & Power Flows;2022;11;1415;1415;1415;HU;SK;Monthly Value;Import;Harmonized;M;M
Physical Energy & Power Flows;2022;10;726;726;726;FR;BE;Monthly Value;Import;Harmonized;M;M
Physical Energy & Power Flows;2022;8;227;227;227;DE;LU;Monthly Value;Export;Harmonized;M;M
Physical Energy & Power Flows;2022;3;20;20;20;LT;PL;Monthly Value;Import;Harmonized;M;M
Physical Energy & Power Flows;2022;9;194;194;194;NO;DE;Monthly Value;Import;Harmonized;M;M
Physical Energy & Power Flows;2022;2;664;664;664;CZ;PL;Monthly Value;Import;Harmonized;M;M
Physical Energy & Power Flows;2022;6;139;139;139;XK;RS;Monthly Value;Import;Harmonized;M;M
Physical Energy & Power Flows;2022;11;153;153;153;GR;MK;Monthly Value;Import;Harmonized;M;M
Physical Energy & Power Flows;2022;8;318;318;318;SE;DE;Monthly Value;Export;Harmonized;M;M
Physical Energy & Power Flows;2022;6;29;29;29;HU;RS;Monthly Value;Import;Harmonized;M;M
Physical Energy & Power Flows;2022;11;1;1;1;MT;IT;Monthly Value;Export;Harmonized;NaM;M
Physical Energy & Power Flows;2022;1;118;118;118;RO;BG;Monthly Value;Export;Harmonized;M;M
Physical Energy & Power Flows;2022;6;207;207;207;HU;UA;Monthly Value;Import;Harmonized;M;NaM
Physical Energy & Power Flows;2022;9;302;302;302;PL;SK;Monthly Value;Export;Harmonized;M;M
Physical Energy & Power Flows;2022;6;3;3;3;RU;LT;Monthly Value;Import;Harmonized;NaM;M
Physical Energy & Power Flows;2022;11;75;75;75;DK;NO;Monthly Value;Export;Harmonized;M;M
Physical Energy & Power Flows;2022;1;186;186;186;GE;TR;Monthly Value;Export;Harmonized;NaM;M
Physical Energy & Power Flows;2022;4;0;0;0;UA;PL;Monthly Value;Import;Harmonized;NaM;M
Physical Energy & Power Flows;2022;5;6;6;6;AL;XK;Monthly Value;Export;Harmonized;M;M
Physical Energy & Power Flows;2022;10;1387;1387;1387;HU;SK;Monthly Value;Import;Harmonized;M;M
Physical Energy & Power Flows;2022;11;29;29;29;HR;BA;Monthly Value;Export;Harmonized;M;M
Physical Energy & Power Flows;2022;8;0;0;0;BG;MK;Monthly Value;Import;Harmonized;M;M
Physical Energy & Power Flows;2022;7;1;1;1;CZ;PL;Monthly Value;Export;Harmonized;M;M
Physical Energy & Power Flows;2022;6;413;413;413;AT;SI;Monthly Value;Export;Harmonized;M;M
Physical Energy & Power Flows;2022;10;37;37;37;HR;RS;Monthly Value;Export;Harmonized;M;M
Physical Energy & Power Flows;2022;1;419;419;419;DK;NO;Monthly Value;Export;Harmonized;M;M
Physical Energy & Power Flows;2022;3;441;441;441;RO;BG;Monthly Value;Import;Harmonized;M;M
Physical Energy & Power Flows;2022;9;222;222;222;BG;RO;Monthly Value;Export;Harmonized;M;M
Physical Energy & Power Flows;2022;8;91;91;91;NL;DE;Monthly Value;Import;Harmonized;M;M
Physical Energy & Power Flows;2022;8;139;139;139;RS;BA;Monthly Value;Export;Harmonized;M;M
Physical Energy & Power Flows;2022;1;32;32;32;HU;RO;Monthly Value;Import;Harmonized;M;M
Physical Energy & Power Flows;2022;9;140;140;140;CH;AT;Monthly Value;Import;Harmonized;M;M
Physical Energy & Power Flows;2022;10;9;9;9;MK;RS;Monthly Value;Import;Harmonized;M;M
Physical Energy & Power Flows;2022;11;45;45;45;XK;ME;Monthly Value;Export;Harmonized;M;M
Physical Energy & Power Flows;2022;12;0;0;0;AM;GE;Monthly Value;Import;Harmonized;NaM;NaM
Physical Energy & Power Flows;2022;4;14;14;14;MK;XK;Monthly Value;Export;Harmonized;M;M
Physical Energy & Power Flows;2022;12;2;2;2;BY;LT;Monthly Value;Import;Harmonized;NaM;M
Physical Energy & Power Flows;2022;7;0;0;0;AL;ME;Monthly Value;Import;Harmonized;M;M
Physical Energy & Power Flows;2022;7;27;27;27;AT;CH;Monthly Value;Import;Harmonized;M;M
Physical Energy & Power Flows;2022;5;256;256;256;NL;DK;Monthly Value;Import;Harmonized;M;M
Physical Energy & Power Flows;2022;2;52;52;52;BE;NL;Monthly Value;Export;Harmonized;M;M
Physical Energy & Power Flows;2022;8;97;97;97;BE;FR;Monthly Value;Import;Harmonized;M;M
Physical Energy & Power Flows;2022;12;10;10;10;FI;SE;Monthly Value;Export;Harmonized;M;M
Physical Energy & Power Flows;2022;10;244;244;244;GB;NO;Monthly Value;Export;Harmonized;M;M
Physical Energy & Power Flows;2022;7;355;355;355;NO;SE;Monthly Value;Export;Harmonized;M;M
Physical Energy & Power Flows;2022;9;2;2;2;BG;GR;Monthly Value;Import;Harmonized;M;M
Physical Energy & Power Flows;2022;6;4;4;4;PL;CZ;Monthly Value;Import;Harmonized;M;M
Physical Energy & Power Flows;2022;1;97;97;97;RS;BA;Monthly Value;Import;Harmonized;M;M
Physical Energy & Power Flows;2022;3;301;301;301;LT;LV;Monthly Value;Import;Harmonized;M;M
Physical Energy & Power Flows;2022;10;489;489;489;CZ;DE;Monthly Value;Import;Harmonized;M;M
Physical Energy & Power Flows;2022;8;9;9;9;RU;GE;Monthly Value;Export;Harmonized;NaM;NaM
Physical Energy & Power Flows;2022;11;150;150;150;UA;SK;Monthly Value;Import;Harmonized;NaM;M
Physical Energy & Power Flows;2022;12;60;60;60;LT;PL;Monthly Value;Export;Harmonized;M;M
Physical Energy & Power Flows;2022;3;137;137;137;UA;RO;Monthly Value;Export;Harmonized;NaM;M
Physical Energy & Power Flows;2022;1;226;226;226;DK;DE;Monthly Value;Import;Harmonized;M;M
Physical Energy & Power Flows;2022;2;148;148;148;RO;HU;Monthly Value;Import;Harmonized;M;M
Physical Energy & Power Flows;2022;11;122;122;122;GR;IT;Monthly Value;Import;Harmonized;M;M
Physical Energy & Power Flows;2022;2;1058;1058;1058;BE;FR;Monthly Value;Export;Harmonized;M;M
Physical Energy & Power Flows;2022;9;0;0;0;SE;PL;Monthly Value;Import;Harmonized;M;M
Physical Energy & Power Flows;2022;8;392;392;392;SE;NO;Monthly Value;Import;Harmonized;M;M
Physical Energy & Power Flows;2022;11;139;139;139;HR;RS;Monthly Value;Import;Harmonized;M;M
Physical Energy & Power Flows;2022;4;263;263;263;DK;NO;Monthly Value;Import;Harmonized;M;M
Physical Energy & Power Flows;2022;7;1661;1661;1661;GB;FR;Monthly Value;Export;Harmonized;M;M
Physical Energy & Power Flows;2022;7;10;10;10;ME;IT;Monthly Value;Import;Harmonized;M;M
Physical Energy & Power Flows;2022;11;116;116;116;NO;SE;Monthly Value;Import;Harmonized;M;M
Physical Energy & Power Flows;2022;6;1;1;1;IT;GR;Monthly Value;Export;Harmonized;M;M
Physical Energy & Power Flows;2022;6;286;286;286;FR;ES;Monthly Value;Export;Harmonized;M;M
Physical Energy & Power Flows;2022;2;10;10;10;XK;RS;Monthly Value;Export;Harmonized;M;M
Physical Energy & Power Flows;2022;4;20;20;20;RO;HU;Monthly Value;Export;Harmonized;M;M
Physical Energy & Power Flows;2022;2;348;348;348;DE;DK;Monthly Value;Import;Harmonized;M;M
Physical Energy & Power Flows;2022;4;579;579;579;NL;DE;Monthly Value;Import;Harmonized;M;M
Physical Energy & Power Flows;2022;9;496;496;496;AT;DE;Monthly Value;Import;Harmonized;M;M
Physical Energy & Power Flows;2022;4;168;168;168;UA;MD;Monthly Value;Import;Harmonized;NaM;NaM
Physical Energy & Power Flows;2022;11;18;18;18;EE;LV;Monthly Value;Import;Harmonized;M;M
Physical Energy & Power Flows;2022;8;0;0;0;XK;ME;Monthly Value;Import;Harmonized;M;M
Physical Energy & Power Flows;2022;4;2;2;2;EE;RU;Monthly Value;Import;Harmonized;M;NaM
Physical Energy & Power Flows;2022;11;259;259;259;HU;HR;Monthly Value;Export;Harmonized;M;M
Physical Energy & Power Flows;2022;4;83;83;83;HR;RS;Monthly Value;Import;Harmonized;M;M
Physical Energy & Power Flows;2022;1;209;209;209;BG;GR;Monthly Value;Export;Harmonized;M;M
Physical Energy & Power Flows;2022;2;0;0;0;AM;GE;Monthly Value;Import;Harmonized;NaM;NaM
Physical Energy & Power Flows;2022;4;34;34;34;SI;HR;Monthly Value;Export;Harmonized;M;M
Physical Energy & Power Flows;2022;3;727;727;727;GB;NO;Monthly Value;Import;Harmonized;M;M
Physical Energy & Power Flows;2022;11;166;166;166;BE;GB;Monthly Value;Export;Harmonized;M;M
Physical Energy & Power Flows;2022;5;240;240;240;NL;DE;Monthly Value;Import;Harmonized;M;M
Physical Energy & Power Flows;2022;12;114;114;114;ME;RS;Monthly Value;Export;Harmonized;M;M
Physical Energy & Power Flows;2022;10;51;51;51;DK;SE;Monthly Value;Export;Harmonized;M;M
Physical Energy & Power Flows;2022;11;55;55;55;RO;BG;Monthly Value;Export;Harmonized;M;M
Physical Energy & Power Flows;2022;1;17;17;17;DE;AT;Monthly Value;Import;Harmonized;M;M
Physical Energy & Power Flows;2022;1;24;24;24;HU;RS;Monthly Value;Import;Harmonized;M;M
Physical Energy & Power Flows;2022;5;205;205;205;DE;LU;Monthly Value;Export;Harmonized;M;M
Physical Energy & Power Flows;2022;7;11;11;11;FR;DE;Monthly Value;Export;Harmonized;M;M
Physical Energy & Power Flows;2022;5;180;180;180;DE;BE;Monthly Value;Import;Harmonized;M;M
Physical Energy & Power Flows;2022;1;829;829;829;CZ;PL;Monthly Value;Import;Harmonized;M;M
Physical Energy & Power Flows;2022;10;1222;1222;1222;FI;SE;Monthly Value;Import;Harmonized;M;M
Physical Energy & Power Flows;2022;1;506;506;506;SI;IT;Monthly Value;Export;Harmonized;M;M
Physical Energy & Power Flows;2022;12;1254;1254;1254;FR;BE;Monthly Value;Import;Harmonized;M;M
Physical Energy & Power Flows;2022;11;1405;1405;1405;FR;ES;Monthly Value;Import;Harmonized;M;M
Physical Energy & Power Flows;2022;4;242;242;242;EE;LV;Monthly Value;Export;Harmonized;M;M
Physical Energy & Power Flows;2022;6;242;242;242;LU;DE;Monthly Value;Import;Harmonized;M;M
Physical Energy & Power Flows;2022;5;18;18;18;ME;AL;Monthly Value;Export;Harmonized;M;M
Physical Energy & Power Flows;2022;2;14;14;14;SE;DE;Monthly Value;Import;Harmonized;M;M
Physical Energy & Power Flows;2022;4;8;8;8;SE;PL;Monthly Value;Import;Harmonized;M;M
Physical Energy & Power Flows;2022;12;22;22;22;ME;IT;Monthly Value;Import;Harmonized;M;M
Physical Energy & Power Flows;2022;9;4;4;4;RO;UA;Monthly Value;Export;Harmonized;M;NaM
Physical Energy & Power Flows;2022;1;255;255;255;BA;ME;Monthly Value;Export;Harmonized;M;M
Physical Energy & Power Flows;2022;3;0;0;0;UA;PL;Monthly Value;Import;Harmonized;NaM;M
Physical Energy & Power Flows;2022;8;226;226;226;LT;LV;Monthly Value;Import;Harmonized;M;M
Physical Energy & Power Flows;2022;4;288;288;288;NO;DE;Monthly Value;Import;Harmonized;M;M
Physical Energy & Power Flows;2022;1;64;64;64;MT;IT;Monthly Value;Import;Harmonized;NaM;M
Physical Energy & Power Flows;2022;10;34;34;34;RO;BG;Monthly Value;Import;Harmonized;M;M
Physical Energy & Power Flows;2022;12;1146;1146;1146;CH;IT;Monthly Value;Export;Harmonized;M;M
Physical Energy & Power Flows;2022;3;19;19;19;GR;MK;Monthly Value;Import;Harmonized;M;M
Physical Energy & Power Flows;2022;6;71;71;71;GE;AZ;Monthly Value;Import;Harmonized;NaM;NaM
Physical Energy & Power Flows;2022;8;118;118;118;PL;LT;Monthly Value;Import;Harmonized;M;M
Physical Energy & Power Flows;2022;8;1397;1397;1397;IT;CH;Monthly Value;Import;Harmonized;M;M
Physical Energy & Power Flows;2022;5;558;558;558;AT;SI;Monthly Value;Export;Harmonized;M;M
Physical Energy & Power Flows;2022;3;39;39;39;AL;XK;Monthly Value;Export;Harmonized;M;M
Physical Energy & Power Flows;2022;3;1237;1237;1237;AT;CZ;Monthly Value;Import;Harmonized;M;M
Physical Energy & Power Flows;2022;1;4;4;4;UA;BY;Monthly Value;Export;Harmonized;NaM;NaM
Physical Energy & Power Flows;2022;4;240;240;240;DE;FR;Monthly Value;Import;Harmonized;M;M
Physical Energy & Power Flows;2022;5;46;46;46;BA;HR;Monthly Value;Import;Harmonized;M;M
Physical Energy & Power Flows;2022;3;188;188;188;LT;BY;Monthly Value;Import;Harmonized;M;NaM
Physical Energy & Power Flows;2022;9;79;79;79;GR;IT;Monthly Value;Import;Harmonized;M;M
Physical Energy & Power Flows;2022;9;58;58;58;DK;SE;Monthly Value;Export;Harmonized;M;M
Physical Energy & Power Flows;2022;9;0;0;0;UA;PL;Monthly Value;Import;Harmonized;NaM;M
Physical Energy & Power Flows;2022;6;173;173;173;BG;GR;Monthly Value;Export;Harmonized;M;M
Physical Energy & Power Flows;2022;7;0;0;0;UA;SK;Monthly Value;Export;Harmonized;NaM;M
Physical Energy & Power Flows;2022;4;59;59;59;AL;XK;Monthly Value;Import;Harmonized;M;M
Physical Energy & Power Flows;2022;3;3;3;3;CH;IT;Monthly Value;Import;Harmonized;M;M
Physical Energy & Power Flows;2022;8;159;159;159;PL;UA;Monthly Value;Import;Harmonized;M;NaM
Physical Energy & Power Flows;2022;12;4;4;4;AL;XK;Monthly Value;Import;Harmonized;M;M
Physical Energy & Power Flows;2022;12;33;33;33;SK;UA;Monthly Value;Import;Harmonized;M;NaM
Physical Energy & Power Flows;2022;3;4;4;4;SE;DE;Monthly Value;Import;Harmonized;M;M
Physical Energy & Power Flows;2022;10;116;116;116;BG;MK;Monthly Value;Export;Harmonized;M;M
Physical Energy & Power Flows;2022;9;2;2;2;RU;EE;Monthly Value;Export;Harmonized;NaM;M
Physical Energy & Power Flows;2022;4;223;223;223;UA;SK;Monthly Value;Import;Harmonized;NaM;M
Physical Energy & Power Flows;2022;3;800;800;800;PT;ES;Monthly Value;Import;Harmonized;M;M
Physical Energy & Power Flows;2022;1;172;172;172;IT;GR;Monthly Value;Export;Harmonized;M;M
Physical Energy & Power Flows;2022;7;29;29;29;DK;DE;Monthly Value;Import;Harmonized;M;M
Physical Energy & Power Flows;2022;11;430;430;430;AZ;GE;Monthly Value;Export;Harmonized;NaM;NaM
Physical Energy & Power Flows;2022;7;152;152;152;RS;HR;Monthly Value;Export;Harmonized;M;M
Physical Energy & Power Flows;2022;7;571;571;571;CH;FR;Monthly Value;Export;Harmonized;M;M
Physical Energy & Power Flows;2022;4;778;778;778;FI;SE;Monthly Value;Import;Harmonized;M;M
Physical Energy & Power Flows;2022;12;769;769;769;CH;FR;Monthly Value;Import;Harmonized;M;M
Physical Energy & Power Flows;2022;7;767;767;767;DE;PL;Monthly Value;Export;Harmonized;M;M
Physical Energy & Power Flows;2022;9;8;8;8;XK;AL;Monthly Value;Import;Harmonized;M;M
Physical Energy & Power Flows;2022;5;499;499;499;DE;NO;Monthly Value;Import;Harmonized;M;M
Physical Energy & Power Flows;2022;12;73;73;73;CH;DE;Monthly Value;Export;Harmonized;M;M
Physical Energy & Power Flows;2022;3;11;11;11;AL;ME;Monthly Value;Import;Harmonized;M;M
Physical Energy & Power Flows;2022;10;120;120;120;LV;RU;Monthly Value;Import;Harmonized;M;NaM
Physical Energy & Power Flows;2022;8;495;495;495;GE;TR;Monthly Value;Export;Harmonized;NaM;M
Physical Energy & Power Flows;2022;2;19;19;19;PL;LT;Monthly Value;Export;Harmonized;M;M
Physical Energy & Power Flows;2022;4;153;153;153;NL;GB;Monthly Value;Import;Harmonized;M;M
Physical Energy & Power Flows;2022;9;13;13;13;AT;SI;Monthly Value;Import;Harmonized;M;M
Physical Energy & Power Flows;2022;8;61;61;61;AT;SI;Monthly Value;Import;Harmonized;M;M
Physical Energy & Power Flows;2022;11;552;552;552;PT;ES;Monthly Value;Import;Harmonized;M;M
Physical Energy & Power Flows;2022;4;733;733;733;GB;FR;Monthly Value;Export;Harmonized;M;M
Physical Energy & Power Flows;2022;9;167;167;167;MD;RO;Monthly Value;Import;Harmonized;NaM;M
Physical Energy & Power Flows;2022;6;200;200;200;SE;DE;Monthly Value;Export;Harmonized;M;M
Physical Energy & Power Flows;2022;8;275;275;275;BE;DE;Monthly Value;Export;Harmonized;M;M
Physical Energy & Power Flows;2022;7;1308;1308;1308;PT;ES;Monthly Value;Import;Harmonized;M;M
Physical Energy & Power Flows;2022;8;83;83;83;MK;RS;Monthly Value;Import;Harmonized;M;M
Physical Energy & Power Flows;2022;11;39;39;39;XK;MK;Monthly Value;Import;Harmonized;M;M
Physical Energy & Power Flows;2022;2;9;9;9;NO;GB;Monthly Value;Import;Harmonized;M;M
Physical Energy & Power Flows;2022;12;33;33;33;UA;SK;Monthly Value;Export;Harmonized;NaM;M
Physical Energy & Power Flows;2022;3;962;962;962;CZ;SK;Monthly Value;Export;Harmonized;M;M
Physical Energy & Power Flows;2022;12;182;182;182;HR;RS;Monthly Value;Import;Harmonized;M;M
Physical Energy & Power Flows;2022;1;2;2;2;EE;RU;Monthly Value;Import;Harmonized;M;NaM
Physical Energy & Power Flows;2022;10;15;15;15;RS;BG;Monthly Value;Export;Harmonized;M;M
Physical Energy & Power Flows;2022;8;990;990;990;HU;SK;Monthly Value;Import;Harmonized;M;M
Physical Energy & Power Flows;2022;2;120;120;120;RS;HU;Monthly Value;Import;Harmonized;M;M
Physical Energy & Power Flows;2022;3;18;18;18;MK;RS;Monthly Value;Export;Harmonized;M;M
Physical Energy & Power Flows;2022;12;447;447;447;NL;DE;Monthly Value;Import;Harmonized;M;M
Physical Energy & Power Flows;2022;11;135;135;135;RO;HU;Monthly Value;Import;Harmonized;M;M
Physical Energy & Power Flows;2022;1;522;522;522;DK;DE;Monthly Value;Export;Harmonized;M;M
Physical Energy & Power Flows;2022;11;5;5;5;LT;RU;Monthly Value;Import;Harmonized;M;NaM
Physical Energy & Power Flows;2022;10;0;0;0;TR;GE;Monthly Value;Export;Harmonized;M;NaM
Physical Energy & Power Flows;2022;12;256;256;256;PL;SE;Monthly Value;Import;Harmonized;M;M
Physical Energy & Power Flows;2022;8;251;251;251;ME;RS;Monthly Value;Export;Harmonized;M;M
Physical Energy & Power Flows;2022;10;987;987;987;ES;PT;Monthly Value;Export;Harmonized;M;M
Physical Energy & Power Flows;2022;2;23;23;23;NO;FI;Monthly Value;Export;Harmonized;M;M
Physical Energy & Power Flows;2022;1;30;30;30;ME;RS;Monthly Value;Import;Harmonized;M;M
Physical Energy & Power Flows;2022;6;49;49;49;IT;MT;Monthly Value;Export;Harmonized;M;NaM
Physical Energy & Power Flows;2022;10;86;86;86;FR;BE;Monthly Value;Export;Harmonized;M;M
Physical Energy & Power Flows;2022;11;344;344;344;SI;AT;Monthly Value;Import;Harmonized;M;M
Physical Energy & Power Flows;2022;4;10;10;10;AL;XK;Monthly Value;Export;Harmonized;M;M
Physical Energy & Power Flows;2022;6;45;45;45;AT;CH;Monthly Value;Import;Harmonized;M;M
Physical Energy & Power Flows;2022;9;38;38;38;FI;NO;Monthly Value;Import;Harmonized;M;M
Physical Energy & Power Flows;2022;11;33;33;33;AT;HU;Monthly Value;Import;Harmonized;M;M
Physical Energy & Power Flows;2022;12;118;118;118;AT;SI;Monthly Value;Export;Harmonized;M;M
Physical Energy & Power Flows;2022;4;25;25;25;DE;AT;Monthly Value;Import;Harmonized;M;M
Physical Energy & Power Flows;2022;5;220;220;220;MK;GR;Monthly Value;Export;Harmonized;M;M
Physical Energy & Power Flows;2022;6;47;47;47;ES;PT;Monthly Value;Import;Harmonized;M;M
Physical Energy & Power Flows;2022;4;0;0;0;LU;BE;Monthly Value;Export;Harmonized;M;M
Physical Energy & Power Flows;2022;7;312;312;312;AL;GR;Monthly Value;Import;Harmonized;M;M
Physical Energy & Power Flows;2022;8;160;160;160;AT;IT;Monthly Value;Export;Harmonized;M;M
Physical Energy & Power Flows;2022;11;515;515;515;DK;SE;Monthly Value;Import;Harmonized;M;M
Physical Energy & Power Flows;2022;2;165;165;165;IT;GR;Monthly Value;Export;Harmonized;M;M
Physical Energy & Power Flows;2022;4;40;40;40;BA;RS;Monthly Value;Export;Harmonized;M;M
Physical Energy & Power Flows;2022;8;10;10;10;SI;IT;Monthly Value;Import;Harmonized;M;M
Physical Energy & Power Flows;2022;4;115;115;115;DK;SE;Monthly Value;Export;Harmonized;M;M
Physical Energy & Power Flows;2022;8;687;687;687;IT;FR;Monthly Value;Import;Harmonized;M;M
Physical Energy & Power Flows;2022;11;11;11;11;NL;NO;Monthly Value;Export;Harmonized;M;M
Physical Energy & Power Flows;2022;9;195;195;195;GR;BG;Monthly Value;Import;Harmonized;M;M
Physical Energy & Power Flows;2022;12;131;131;131;AT;IT;Monthly Value;Export;Harmonized;M;M
Physical Energy & Power Flows;2022;1;229;229;229;AZ;GE;Monthly Value;Export;Harmonized;NaM;NaM
Physical Energy & Power Flows;2022;10;575;575;575;SE;DK;Monthly Value;Export;Harmonized;M;M
Physical Energy & Power Flows;2022;4;277;277;277;LT;PL;Monthly Value;Export;Harmonized;M;M
Physical Energy & Power Flows;2022;8;1078;1078;1078;FR;GB;Monthly Value;Import;Harmonized;M;M
Physical Energy & Power Flows;2022;10;116;116;116;IT;GR;Monthly Value;Import;Harmonized;M;M
Physical Energy & Power Flows;2022;1;16;16;16;MD;UA;Monthly Value;Export;Harmonized;NaM;NaM
Physical Energy & Power Flows;2022;5;137;137;137;AT;CH;Monthly Value;Export;Harmonized;M;M
Physical Energy & Power Flows;2022;10;33;33;33;IT;AT;Monthly Value;Import;Harmonized;M;M
Physical Energy & Power Flows;2022;10;2;2;2;BG;TR;Monthly Value;Import;Harmonized;M;M
Physical Energy & Power Flows;2022;4;3;3;3;CZ;SK;Monthly Value;Import;Harmonized;M;M
Physical Energy & Power Flows;2022;12;172;172;172;RU;EE;Monthly Value;Import;Harmonized;NaM;M
Physical Energy & Power Flows;2022;5;171;171;171;DK;NO;Monthly Value;Export;Harmonized;M;M
Physical Energy & Power Flows;2022;10;489;489;489;DE;CZ;Monthly Value;Export;Harmonized;M;M
Physical Energy & Power Flows;2022;1;66;66;66;ME;AL;Monthly Value;Export;Harmonized;M;M
Physical Energy & Power Flows;2022;12;26;26;26;SE;DE;Monthly Value;Import;Harmonized;M;M
Physical Energy & Power Flows;2022;7;135;135;135;HU;AT;Monthly Value;Export;Harmonized;M;M
Physical Energy & Power Flows;2022;4;88;88;88;BE;LU;Monthly Value;Export;Harmonized;M;M
Physical Energy & Power Flows;2022;6;322;322;322;SE;PL;Monthly Value;Export;Harmonized;M;M
Physical Energy & Power Flows;2022;2;265;265;265;MK;BG;Monthly Value;Import;Harmonized;M;M
Physical Energy & Power Flows;2022;9;71;71;71;BA;HR;Monthly Value;Import;Harmonized;M;M
Physical Energy & Power Flows;2022;4;399;399;399;HU;HR;Monthly Value;Export;Harmonized;M;M
Physical Energy & Power Flows;2022;2;597;597;597;NO;DK;Monthly Value;Import;Harmonized;M;M
Physical Energy & Power Flows;2022;11;344;344;344;AT;SI;Monthly Value;Export;Harmonized;M;M
Physical Energy & Power Flows;2022;3;1;1;1;LV;LT;Monthly Value;Import;Harmonized;M;M
Physical Energy & Power Flows;2022;11;222;222;222;AT;HU;Monthly Value;Export;Harmonized;M;M
Physical Energy & Power Flows;2022;11;21;21;21;UA;RO;Monthly Value;Import;Harmonized;NaM;M
Physical Energy & Power Flows;2022;4;355;355;355;LV;LT;Monthly Value;Export;Harmonized;M;M
Physical Energy & Power Flows;2022;4;566;566;566;SI;IT;Monthly Value;Export;Harmonized;M;M
Physical Energy & Power Flows;2022;12;302;302;302;MD;UA;Monthly Value;Export;Harmonized;NaM;NaM
Physical Energy & Power Flows;2022;1;55;55;55;MK;GR;Monthly Value;Export;Harmonized;M;M
Physical Energy & Power Flows;2022;10;101;101;101;RS;BA;Monthly Value;Export;Harmonized;M;M
Physical Energy & Power Flows;2022;7;125;125;125;DE;NL;Monthly Value;Export;Harmonized;M;M
Physical Energy & Power Flows;2022;8;89;89;89;GR;BG;Monthly Value;Import;Harmonized;M;M
Physical Energy & Power Flows;2022;7;167;167;167;XK;MK;Monthly Value;Import;Harmonized;M;M
Physical Energy & Power Flows;2022;11;199;199;199;UA;HU;Monthly Value;Export;Harmonized;NaM;M
Physical Energy & Power Flows;2022;12;39;39;39;NO;FI;Monthly Value;Export;Harmonized;M;M
Physical Energy & Power Flows;2022;5;11;11;11;BA;RS;Monthly Value;Import;Harmonized;M;M
Physical Energy & Power Flows;2022;12;83;83;83;ME;BA;Monthly Value;Export;Harmonized;M;M
Physical Energy & Power Flows;2022;7;502;502;502;PL;SK;Monthly Value;Export;Harmonized;M;M
Physical Energy & Power Flows;2022;3;233;233;233;IT;GR;Monthly Value;Import;Harmonized;M;M
Physical Energy & Power Flows;2022;10;94;94;94;LT;PL;Monthly Value;Import;Harmonized;M;M
Physical Energy & Power Flows;2022;6;264;264;264;GB;NO;Monthly Value;Import;Harmonized;M;M
Physical Energy & Power Flows;2022;8;1;1;1;MK;RS;Monthly Value;Export;Harmonized;M;M
Physical Energy & Power Flows;2022;8;171;171;171;BG;MK;Monthly Value;Export;Harmonized;M;M
Physical Energy & Power Flows;2022;10;4;4;4;UA;SK;Monthly Value;Export;Harmonized;NaM;M
Physical Energy & Power Flows;2022;1;419;419;419;NO;DK;Monthly Value;Import;Harmonized;M;M
Physical Energy & Power Flows;2022;3;151;151;151;MK;GR;Monthly Value;Import;Harmonized;M;M
Physical Energy & Power Flows;2022;5;340;340;340;EE;LV;Monthly Value;Export;Harmonized;M;M
Physical Energy & Power Flows;2022;1;879;879;879;SK;CZ;Monthly Value;Import;Harmonized;M;M
Physical Energy & Power Flows;2022;4;1488;1488;1488;CH;IT;Monthly Value;Export;Harmonized;M;M
Physical Energy & Power Flows;2022;1;73;73;73;GR;IT;Monthly Value;Export;Harmonized;M;M
Physical Energy & Power Flows;2022;9;1485;1485;1485;FR;GB;Monthly Value;Import;Harmonized;M;M
Physical Energy & Power Flows;2022;4;63;63;63;AL;GR;Monthly Value;Export;Harmonized;M;M
Physical Energy & Power Flows;2022;12;690;690;690;ES;PT;Monthly Value;Import;Harmonized;M;M
Physical Energy & Power Flows;2022;3;10;10;10;PL;UA;Monthly Value;Import;Harmonized;M;NaM
Physical Energy & Power Flows;2022;2;659;659;659;BE;NL;Monthly Value;Import;Harmonized;M;M
Physical Energy & Power Flows;2022;2;1;1;1;BG;GR;Monthly Value;Import;Harmonized;M;M
Physical Energy & Power Flows;2022;4;10;10;10;UA;RO;Monthly Value;Import;Harmonized;NaM;M
Physical Energy & Power Flows;2022;12;3;3;3;PL;DE;Monthly Value;Export;Harmonized;M;M
Physical Energy & Power Flows;2022;6;0;0;0;GE;TR;Monthly Value;Import;Harmonized;NaM;M
Physical Energy & Power Flows;2022;12;510;510;510;DE;DK;Monthly Value;Export;Harmonized;M;M
Physical Energy & Power Flows;2022;7;0;0;0;SK;CZ;Monthly Value;Export;Harmonized;M;M
Physical Energy & Power Flows;2022;11;17;17;17;CH;AT;Monthly Value;Export;Harmonized;M;M
Physical Energy & Power Flows;2022;9;462;462;462;CH;FR;Monthly Value;Import;Harmonized;M;M
Physical Energy & Power Flows;2022;10;91;91;91;ME;AL;Monthly Value;Export;Harmonized;M;M
Physical Energy & Power Flows;2022;12;462;462;462;SI;IT;Monthly Value;Export;Harmonized;M;M
Physical Energy & Power Flows;2022;9;4;4;4;PL;DE;Monthly Value;Export;Harmonized;M;M
Physical Energy & Power Flows;2022;12;4;4;4;EE;RU;Monthly Value;Import;Harmonized;M;NaM
Physical Energy & Power Flows;2022;5;324;324;324;GR;TR;Monthly Value;Import;Harmonized;M;M
Physical Energy & Power Flows;2022;4;8;8;8;MD;UA;Monthly Value;Import;Harmonized;NaM;NaM
Physical Energy & Power Flows;2022;3;48;48;48;IT;GR;Monthly Value;Export;Harmonized;M;M
Physical Energy & Power Flows;2022;3;19;19;19;GB;IE;Monthly Value;Export;Harmonized;M;M
Physical Energy & Power Flows;2022;2;265;265;265;GB;FR;Monthly Value;Export;Harmonized;M;M
Physical Energy & Power Flows;2022;7;1;1;1;PL;SE;Monthly Value;Export;Harmonized;M;M
Physical Energy & Power Flows;2022;12;0;0;0;RU;FI;Monthly Value;Import;Harmonized;NaM;M
Physical Energy & Power Flows;2022;1;222;222;222;ME;IT;Monthly Value;Export;Harmonized;M;M
Physical Energy & Power Flows;2022;2;0;0;0;MT;IT;Monthly Value;Export;Harmonized;NaM;M
Physical Energy & Power Flows;2022;6;7;7;7;HR;HU;Monthly Value;Export;Harmonized;M;M
Physical Energy & Power Flows;2022;6;29;29;29;RU;GE;Monthly Value;Export;Harmonized;NaM;NaM
Physical Energy & Power Flows;2022;4;0;0;0;FI;NO;Monthly Value;Export;Harmonized;M;M
Physical Energy & Power Flows;2022;10;511;511;511;PL;SK;Monthly Value;Export;Harmonized;M;M
Physical Energy & Power Flows;2022;1;282;282;282;BG;MK;Monthly Value;Export;Harmonized;M;M
Physical Energy & Power Flows;2022;3;291;291;291;DE;LU;Monthly Value;Export;Harmonized;M;M
Physical Energy & Power Flows;2022;8;0;0;0;AL;ME;Monthly Value;Import;Harmonized;M;M
Physical Energy & Power Flows;2022;10;81;81;81;DE;CZ;Monthly Value;Import;Harmonized;M;M
Physical Energy & Power Flows;2022;1;40;40;40;HR;BA;Monthly Value;Export;Harmonized;M;M
Physical Energy & Power Flows;2022;7;27;27;27;UA;SK;Monthly Value;Import;Harmonized;NaM;M
Physical Energy & Power Flows;2022;7;1;1;1;BA;RS;Monthly Value;Export;Harmonized;M;M
Physical Energy & Power Flows;2022;2;265;265;265;BG;MK;Monthly Value;Export;Harmonized;M;M
Physical Energy & Power Flows;2022;8;0;0;0;MK;XK;Monthly Value;Import;Harmonized;M;M
Physical Energy & Power Flows;2022;1;38;38;38;GB;NL;Monthly Value;Export;Harmonized;M;M
Physical Energy & Power Flows;2022;5;1;1;1;SK;UA;Monthly Value;Import;Harmonized;M;NaM
Physical Energy & Power Flows;2022;3;212;212;212;DE;NL;Monthly Value;Import;Harmonized;M;M
Physical Energy & Power Flows;2022;5;385;385;385;NO;DK;Monthly Value;Export;Harmonized;M;M
Physical Energy & Power Flows;2022;9;51;51;51;RS;MK;Monthly Value;Export;Harmonized;M;M
Physical Energy & Power Flows;2022;4;128;128;128;RU;LT;Monthly Value;Export;Harmonized;NaM;M
Physical Energy & Power Flows;2022;3;1;1;1;LT;LV;Monthly Value;Export;Harmonized;M;M
Physical Energy & Power Flows;2022;4;126;126;126;IT;AT;Monthly Value;Import;Harmonized;M;M
Physical Energy & Power Flows;2022;3;0;0;0;IT;SI;Monthly Value;Export;Harmonized;M;M
Physical Energy & Power Flows;2022;3;76;76;76;RS;BA;Monthly Value;Export;Harmonized;M;M
Physical Energy & Power Flows;2022;1;0;0;0;IT;MT;Monthly Value;Import;Harmonized;M;NaM
Physical Energy & Power Flows;2022;9;83;83;83;RS;HU;Monthly Value;Export;Harmonized;M;M
Physical Energy & Power Flows;2022;2;517;517;517;BE;GB;Monthly Value;Export;Harmonized;M;M
Physical Energy & Power Flows;2022;8;1;1;1;SK;CZ;Monthly Value;Export;Harmonized;M;M
Physical Energy & Power Flows;2022;5;1;1;1;SK;HU;Monthly Value;Import;Harmonized;M;M
Physical Energy & Power Flows;2022;2;505;505;505;HU;AT;Monthly Value;Import;Harmonized;M;M
Physical Energy & Power Flows;2022;4;862;862;862;HU;SK;Monthly Value;Import;Harmonized;M;M
Physical Energy & Power Flows;2022;9;12;12;12;RS;HU;Monthly Value;Import;Harmonized;M;M
Physical Energy & Power Flows;2022;9;201;201;201;NL;DK;Monthly Value;Export;Harmonized;M;M
Physical Energy & Power Flows;2022;9;47;47;47;DE;AT;Monthly Value;Import;Harmonized;M;M
Physical Energy & Power Flows;2022;11;222;222;222;HU;AT;Monthly Value;Import;Harmonized;M;M
Physical Energy & Power Flows;2022;9;1680;1680;1680;IT;CH;Monthly Value;Import;Harmonized;M;M
Physical Energy & Power Flows;2022;3;6;6;6;RS;HR;Monthly Value;Import;Harmonized;M;M
Physical Energy & Power Flows;2022;6;43;43;43;GB;IE;Monthly Value;Import;Harmonized;M;M
Physical Energy & Power Flows;2022;12;0;0;0;IT;AT;Monthly Value;Export;Harmonized;M;M
Physical Energy & Power Flows;2022;9;657;657;657;PL;CZ;Monthly Value;Export;Harmonized;M;M
Physical Energy & Power Flows;2022;10;651;651;651;AT;DE;Monthly Value;Import;Harmonized;M;M
Physical Energy & Power Flows;2022;2;581;581;581;DE;CZ;Monthly Value;Export;Harmonized;M;M
Physical Energy & Power Flows;2022;6;0;0;0;XK;AL;Monthly Value;Import;Harmonized;M;M
Physical Energy & Power Flows;2022;7;7;7;7;HR;RS;Monthly Value;Export;Harmonized;M;M
Physical Energy & Power Flows;2022;10;602;602;602;HR;HU;Monthly Value;Import;Harmonized;M;M
Physical Energy & Power Flows;2022;1;599;599;599;PL;SK;Monthly Value;Export;Harmonized;M;M
Physical Energy & Power Flows;2022;5;364;364;364;LT;SE;Monthly Value;Import;Harmonized;M;M
Physical Energy & Power Flows;2022;11;142;142;142;LT;LV;Monthly Value;Import;Harmonized;M;M
Physical Energy & Power Flows;2022;9;3;3;3;IT;FR;Monthly Value;Export;Harmonized;M;M
Physical Energy & Power Flows;2022;6;0;0;0;SI;IT;Monthly Value;Import;Harmonized;M;M
Physical Energy & Power Flows;2022;1;674;674;674;DE;NL;Monthly Value;Export;Harmonized;M;M
Physical Energy & Power Flows;2022;6;738;738;738;NO;DK;Monthly Value;Export;Harmonized;M;M
Physical Energy & Power Flows;2022;6;738;738;738;DK;NO;Monthly Value;Import;Harmonized;M;M
Physical Energy & Power Flows;2022;6;18;18;18;LT;BY;Monthly Value;Import;Harmonized;M;NaM
Physical Energy & Power Flows;2022;11;4;4;4;EE;RU;Monthly Value;Import;Harmonized;M;NaM
Physical Energy & Power Flows;2022;7;1;1;1;RS;BA;Monthly Value;Import;Harmonized;M;M
Physical Energy & Power Flows;2022;1;117;117;117;RS;HU;Monthly Value;Import;Harmonized;M;M
Physical Energy & Power Flows;2022;8;68;68;68;NO;DE;Monthly Value;Import;Harmonized;M;M
Physical Energy & Power Flows;2022;3;19;19;19;IE;GB;Monthly Value;Import;Harmonized;M;M
Physical Energy & Power Flows;2022;10;61;61;61;XK;AL;Monthly Value;Export;Harmonized;M;M
Physical Energy & Power Flows;2022;9;138;138;138;BA;RS;Monthly Value;Import;Harmonized;M;M
Physical Energy & Power Flows;2022;2;3;3;3;LT;SE;Monthly Value;Export;Harmonized;M;M
Physical Energy & Power Flows;2022;10;440;440;440;LT;SE;Monthly Value;Import;Harmonized;M;M
Physical Energy & Power Flows;2022;4;181;181;181;GR;MK;Monthly Value;Import;Harmonized;M;M
Physical Energy & Power Flows;2022;12;100;100;100;RO;BG;Monthly Value;Export;Harmonized;M;M
Physical Energy & Power Flows;2022;1;674;674;674;NL;DE;Monthly Value;Import;Harmonized;M;M
Physical Energy & Power Flows;2022;7;128;128;128;GB;NO;Monthly Value;Export;Harmonized;M;M
Physical Energy & Power Flows;2022;1;27;27;27;CH;DE;Monthly Value;Export;Harmonized;M;M
Physical Energy & Power Flows;2022;5;0;0;0;UA;PL;Monthly Value;Import;Harmonized;NaM;M
Physical Energy & Power Flows;2022;9;94;94;94;SE;NO;Monthly Value;Import;Harmonized;M;M
Physical Energy & Power Flows;2022;12;0;0;0;FI;RU;Monthly Value;Export;Harmonized;M;NaM
Physical Energy & Power Flows;2022;1;66;66;66;ME;RS;Monthly Value;Export;Harmonized;M;M
Physical Energy & Power Flows;2022;11;1468;1468;1468;FR;GB;Monthly Value;Import;Harmonized;M;M
Physical Energy & Power Flows;2022;1;62;62;62;ME;XK;Monthly Value;Export;Harmonized;M;M
Physical Energy & Power Flows;2022;3;559;559;559;DE;NL;Monthly Value;Export;Harmonized;M;M
Physical Energy & Power Flows;2022;8;125;125;125;EE;RU;Monthly Value;Export;Harmonized;M;NaM
Physical Energy & Power Flows;2022;11;13;13;13;UA;SK;Monthly Value;Export;Harmonized;NaM;M
Physical Energy & Power Flows;2022;2;517;517;517;GB;BE;Monthly Value;Import;Harmonized;M;M
Physical Energy & Power Flows;2022;11;6;6;6;SE;PL;Monthly Value;Import;Harmonized;M;M
Physical Energy & Power Flows;2022;3;0;0;0;RU;EE;Monthly Value;Export;Harmonized;NaM;M
Physical Energy & Power Flows;2022;6;40;40;40;UA;MD;Monthly Value;Export;Harmonized;NaM;NaM
Physical Energy & Power Flows;2022;8;622;622;622;PL;DE;Monthly Value;Import;Harmonized;M;M
Physical Energy & Power Flows;2022;5;0;0;0;IT;SI;Monthly Value;Export;Harmonized;M;M
Physical Energy & Power Flows;2022;10;7;7;7;BE;LU;Monthly Value;Import;Harmonized;M;M
Physical Energy & Power Flows;2022;10;2;2;2;LV;LT;Monthly Value;Import;Harmonized;M;M
Physical Energy & Power Flows;2022;3;8;8;8;BA;HR;Monthly Value;Import;Harmonized;M;M
Physical Energy & Power Flows;2022;10;726;726;726;BE;FR;Monthly Value;Export;Harmonized;M;M
Physical Energy & Power Flows;2022;1;43;43;43;LT;LV;Monthly Value;Import;Harmonized;M;M
Physical Energy & Power Flows;2022;2;288;288;288;DE;DK;Monthly Value;Export;Harmonized;M;M
Physical Energy & Power Flows;2022;5;208;208;208;BG;MK;Monthly Value;Export;Harmonized;M;M
Physical Energy & Power Flows;2022;8;778;778;778;DE;DK;Monthly Value;Import;Harmonized;M;M
Physical Energy & Power Flows;2022;10;232;232;232;DE;BE;Monthly Value;Import;Harmonized;M;M
Physical Energy & Power Flows;2022;1;1072;1072;1072;AT;CZ;Monthly Value;Import;Harmonized;M;M
Physical Energy & Power Flows;2022;8;186;186;186;NL;DK;Monthly Value;Export;Harmonized;M;M
Physical Energy & Power Flows;2022;2;116;116;116;SE;DK;Monthly Value;Import;Harmonized;M;M
Physical Energy & Power Flows;2022;5;24;24;24;GE;AM;Monthly Value;Export;Harmonized;NaM;NaM
Physical Energy & Power Flows;2022;3;818;818;818;FR;ES;Monthly Value;Import;Harmonized;M;M
Physical Energy & Power Flows;2022;9;476;476;476;NO;GB;Monthly Value;Import;Harmonized;M;M
Physical Energy & Power Flows;2022;7;303;303;303;IT;ME;Monthly Value;Import;Harmonized;M;M
Physical Energy & Power Flows;2022;5;216;216;216;BG;TR;Monthly Value;Export;Harmonized;M;M
Physical Energy & Power Flows;2022;1;21;21;21;ME;BA;Monthly Value;Export;Harmonized;M;M
Physical Energy & Power Flows;2022;3;177;177;177;TR;BG;Monthly Value;Import;Harmonized;M;M
Physical Energy & Power Flows;2022;6;137;137;137;DE;NL;Monthly Value;Export;Harmonized;M;M
Physical Energy & Power Flows;2022;2;7;7;7;EE;RU;Monthly Value;Import;Harmonized;M;NaM
Physical Energy & Power Flows;2022;2;674;674;674;DE;PL;Monthly Value;Export;Harmonized;M;M
Physical Energy & Power Flows;2022;12;95;95;95;NO;GB;Monthly Value;Import;Harmonized;M;M
Physical Energy & Power Flows;2022;2;33;33;33;ME;XK;Monthly Value;Import;Harmonized;M;M
Physical Energy & Power Flows;2022;2;1153;1153;1153;FR;ES;Monthly Value;Export;Harmonized;M;M
Physical Energy & Power Flows;2022;7;0;0;0;IT;AT;Monthly Value;Export;Harmonized;M;M
Physical Energy & Power Flows;2022;2;151;151;151;NO;DK;Monthly Value;Export;Harmonized;M;M
Physical Energy & Power Flows;2022;10;592;592;592;AT;SI;Monthly Value;Export;Harmonized;M;M
Physical Energy & Power Flows;2022;3;14;14;14;RS;BA;Monthly Value;Import;Harmonized;M;M
Physical Energy & Power Flows;2022;12;62;62;62;PL;SE;Monthly Value;Export;Harmonized;M;M
Physical Energy & Power Flows;2022;8;150;150;150;HR;RS;Monthly Value;Import;Harmonized;M;M
Physical Energy & Power Flows;2022;5;340;340;340;LV;EE;Monthly Value;Import;Harmonized;M;M
Physical Energy & Power Flows;2022;9;121;121;121;GR;IT;Monthly Value;Export;Harmonized;M;M
Physical Energy & Power Flows;2022;1;2;2;2;RU;EE;Monthly Value;Export;Harmonized;NaM;M
Physical Energy & Power Flows;2022;11;171;171;171;BG;MK;Monthly Value;Export;Harmonized;M;M
Physical Energy & Power Flows;2022;4;233;233;233;ES;FR;Monthly Value;Import;Harmonized;M;M
Physical Energy & Power Flows;2022;11;2;2;2;LT;BY;Monthly Value;Export;Harmonized;M;NaM
Physical Energy & Power Flows;2022;1;96;96;96;IE;GB;Monthly Value;Export;Harmonized;M;M
Physical Energy & Power Flows;2022;11;18;18;18;LV;EE;Monthly Value;Export;Harmonized;M;M
Physical Energy & Power Flows;2022;12;1254;1254;1254;BE;FR;Monthly Value;Export;Harmonized;M;M
Physical Energy & Power Flows;2022;11;397;397;397;SE;LT;Monthly Value;Export;Harmonized;M;M
Physical Energy & Power Flows;2022;5;56;56;56;SE;DK;Monthly Value;Import;Harmonized;M;M
Physical Energy & Power Flows;2022;7;34;34;34;HU;RO;Monthly Value;Import;Harmonized;M;M
Physical Energy & Power Flows;2022;5;101;101;101;BY;LT;Monthly Value;Export;Harmonized;NaM;M
Physical Energy & Power Flows;2022;9;7;7;7;RU;LT;Monthly Value;Export;Harmonized;NaM;M
Physical Energy & Power Flows;2022;9;38;38;38;NO;FI;Monthly Value;Export;Harmonized;M;M
Physical Energy & Power Flows;2022;6;41;41;41;BY;LT;Monthly Value;Import;Harmonized;NaM;M
Physical Energy & Power Flows;2022;11;155;155;155;EE;RU;Monthly Value;Export;Harmonized;M;NaM
Physical Energy & Power Flows;2022;12;156;156;156;HU;AT;Monthly Value;Import;Harmonized;M;M
Physical Energy & Power Flows;2022;9;242;242;242;GR;TR;Monthly Value;Import;Harmonized;M;M
Physical Energy & Power Flows;2022;1;186;186;186;TR;GE;Monthly Value;Import;Harmonized;M;NaM
Physical Energy & Power Flows;2022;3;226;226;226;LT;PL;Monthly Value;Export;Harmonized;M;M
Physical Energy & Power Flows;2022;1;118;118;118;BG;RO;Monthly Value;Import;Harmonized;M;M
Physical Energy & Power Flows;2022;8;207;207;207;GB;NO;Monthly Value;Export;Harmonized;M;M
Physical Energy & Power Flows;2022;10;0;0;0;RO;UA;Monthly Value;Export;Harmonized;M;NaM
Physical Energy & Power Flows;2022;8;356;356;356;HU;UA;Monthly Value;Import;Harmonized;M;NaM
Physical Energy & Power Flows;2022;1;11;11;11;SE;PL;Monthly Value;Import;Harmonized;M;M
Physical Energy & Power Flows;2022;8;138;138;138;AT;SI;Monthly Value;Export;Harmonized;M;M
Physical Energy & Power Flows;2022;11;467;467;467;MD;RO;Monthly Value;Import;Harmonized;NaM;M
Physical Energy & Power Flows;2022;3;195;195;195;ES;PT;Monthly Value;Import;Harmonized;M;M
Physical Energy & Power Flows;2022;6;389;389;389;TR;GE;Monthly Value;Import;Harmonized;M;NaM
Physical Energy & Power Flows;2022;11;17;17;17;HR;SI;Monthly Value;Import;Harmonized;M;M
Physical Energy & Power Flows;2022;3;153;153;153;RS;RO;Monthly Value;Import;Harmonized;M;M
Physical Energy & Power Flows;2022;10;1;1;1;AT;IT;Monthly Value;Import;Harmonized;M;M
Physical Energy & Power Flows;2022;1;150;150;150;LV;LT;Monthly Value;Import;Harmonized;M;M
Physical Energy & Power Flows;2022;10;244;244;244;SI;HU;Monthly Value;Import;Harmonized;M;M
Physical Energy & Power Flows;2022;12;812;812;812;SE;NO;Monthly Value;Import;Harmonized;M;M
Physical Energy & Power Flows;2022;9;1;1;1;HU;SK;Monthly Value;Export;Harmonized;M;M
Physical Energy & Power Flows;2022;2;0;0;0;TR;GE;Monthly Value;Export;Harmonized;M;NaM
Physical Energy & Power Flows;2022;7;1;1;1;GR;TR;Monthly Value;Export;Harmonized;M;M
Physical Energy & Power Flows;2022;7;1058;1058;1058;CH;DE;Monthly Value;Import;Harmonized;M;M
Physical Energy & Power Flows;2022;7;521;521;521;FI;EE;Monthly Value;Export;Harmonized;M;M
Physical Energy & Power Flows;2022;7;186;186;186;LV;LT;Monthly Value;Export;Harmonized;M;M
Physical Energy & Power Flows;2022;5;1012;1012;1012;PT;ES;Monthly Value;Import;Harmonized;M;M
Physical Energy & Power Flows;2022;10;244;244;244;NO;GB;Monthly Value;Import;Harmonized;M;M
Physical Energy & Power Flows;2022;11;149;149;149;FR;GB;Monthly Value;Export;Harmonized;M;M
Physical Energy & Power Flows;2022;1;9;9;9;DE;PL;Monthly Value;Import;Harmonized;M;M
Physical Energy & Power Flows;2022;11;17;17;17;AT;CH;Monthly Value;Import;Harmonized;M;M
Physical Energy & Power Flows;2022;6;490;490;490;SK;PL;Monthly Value;Import;Harmonized;M;M
Physical Energy & Power Flows;2022;3;108;108;108;DE;BE;Monthly Value;Import;Harmonized;M;M
Physical Energy & Power Flows;2022;8;85;85;85;IT;MT;Monthly Value;Export;Harmonized;M;NaM
Physical Energy & Power Flows;2022;7;0;0;0;SI;HU;Monthly Value;Export;Harmonized;M;M
Physical Energy & Power Flows;2022;2;19;19;19;BE;LU;Monthly Value;Import;Harmonized;M;M
Physical Energy & Power Flows;2022;10;90;90;90;IT;ME;Monthly Value;Export;Harmonized;M;M
Physical Energy & Power Flows;2022;12;2;2;2;LT;BY;Monthly Value;Export;Harmonized;M;NaM
Physical Energy & Power Flows;2022;7;1;1;1;SE;DE;Monthly Value;Import;Harmonized;M;M
Physical Energy & Power Flows;2022;8;160;160;160;IT;AT;Monthly Value;Import;Harmonized;M;M
Physical Energy & Power Flows;2022;4;4;4;4;BG;TR;Monthly Value;Import;Harmonized;M;M
Physical Energy & Power Flows;2022;1;0;0;0;MT;IT;Monthly Value;Export;Harmonized;NaM;M
Physical Energy & Power Flows;2022;7;102;102;102;BG;GR;Monthly Value;Export;Harmonized;M;M
Physical Energy & Power Flows;2022;2;61;61;61;GR;AL;Monthly Value;Export;Harmonized;M;M
Physical Energy & Power Flows;2022;10;8;8;8;GR;TR;Monthly Value;Export;Harmonized;M;M
Physical Energy & Power Flows;2022;3;171;171;171;DK;NO;Monthly Value;Export;Harmonized;M;M
Physical Energy & Power Flows;2022;2;1153;1153;1153;ES;FR;Monthly Value;Import;Harmonized;M;M
Physical Energy & Power Flows;2022;4;508;508;508;AT;CH;Monthly Value;Export;Harmonized;M;M
Physical Energy & Power Flows;2022;5;47;47;47;MD;UA;Monthly Value;Export;Harmonized;NaM;NaM
Physical Energy & Power Flows;2022;7;128;128;128;NO;GB;Monthly Value;Import;Harmonized;M;M
Physical Energy & Power Flows;2022;2;8;8;8;NL;DK;Monthly Value;Export;Harmonized;M;M
Physical Energy & Power Flows;2022;4;250;250;250;GR;BG;Monthly Value;Import;Harmonized;M;M
Physical Energy & Power Flows;2022;1;231;231;231;FR;DE;Monthly Value;Export;Harmonized;M;M
Physical Energy & Power Flows;2022;8;388;388;388;BE;NL;Monthly Value;Export;Harmonized;M;M
Physical Energy & Power Flows;2022;1;82;82;82;LV;EE;Monthly Value;Import;Harmonized;M;M
Physical Energy & Power Flows;2022;2;148;148;148;HU;RO;Monthly Value;Export;Harmonized;M;M
Physical Energy & Power Flows;2022;2;12;12;12;AL;GR;Monthly Value;Export;Harmonized;M;M
Physical Energy & Power Flows;2022;10;7;7;7;RO;MD;Monthly Value;Import;Harmonized;M;NaM
Physical Energy & Power Flows;2022;7;186;186;186;BG;MK;Monthly Value;Export;Harmonized;M;M
Physical Energy & Power Flows;2022;2;46;46;46;ME;XK;Monthly Value;Export;Harmonized;M;M
Physical Energy & Power Flows;2022;7;192;192;192;XK;ME;Monthly Value;Export;Harmonized;M;M
Physical Energy & Power Flows;2022;8;232;232;232;BE;GB;Monthly Value;Export;Harmonized;M;M
Physical Energy & Power Flows;2022;6;1;1;1;GR;BG;Monthly Value;Export;Harmonized;M;M
Physical Energy & Power Flows;2022;11;30;30;30;RS;HU;Monthly Value;Import;Harmonized;M;M
Physical Energy & Power Flows;2022;1;226;226;226;DE;DK;Monthly Value;Export;Harmonized;M;M
Physical Energy & Power Flows;2022;2;227;227;227;UA;RO;Monthly Value;Export;Harmonized;NaM;M
Physical Energy & Power Flows;2022;1;38;38;38;RS;HR;Monthly Value;Import;Harmonized;M;M
Physical Energy & Power Flows;2022;3;4;4;4;IT;FR;Monthly Value;Export;Harmonized;M;M
Physical Energy & Power Flows;2022;1;526;526;526;FR;DE;Monthly Value;Import;Harmonized;M;M
Physical Energy & Power Flows;2022;10;155;155;155;GR;IT;Monthly Value;Import;Harmonized;M;M
Physical Energy & Power Flows;2022;5;91;91;91;BG;RO;Monthly Value;Export;Harmonized;M;M
Physical Energy & Power Flows;2022;1;45;45;45;BE;GB;Monthly Value;Import;Harmonized;M;M
Physical Energy & Power Flows;2022;11;467;467;467;RO;MD;Monthly Value;Export;Harmonized;M;NaM
Physical Energy & Power Flows;2022;10;26;26;26;GR;MK;Monthly Value;Export;Harmonized;M;M
Physical Energy & Power Flows;2022;2;19;19;19;LT;PL;Monthly Value;Import;Harmonized;M;M
Physical Energy & Power Flows;2022;9;513;513;513;EE;LV;Monthly Value;Export;Harmonized;M;M
Physical Energy & Power Flows;2022;4;338;338;338;NO;DE;Monthly Value;Export;Harmonized;M;M
Physical Energy & Power Flows;2022;1;13;13;13;HU;HR;Monthly Value;Import;Harmonized;M;M
Physical Energy & Power Flows;2022;2;95;95;95;RO;BG;Monthly Value;Export;Harmonized;M;M
Physical Energy & Power Flows;2022;10;169;169;169;BE;DE;Monthly Value;Import;Harmonized;M;M
Physical Energy & Power Flows;2022;6;15;15;15;RS;MK;Monthly Value;Export;Harmonized;M;M
Physical Energy & Power Flows;2022;12;22;22;22;IT;ME;Monthly Value;Export;Harmonized;M;M
Physical Energy & Power Flows;2022;6;4;4;4;RO;RS;Monthly Value;Import;Harmonized;M;M
Physical Energy & Power Flows;2022;12;403;403;403;SE;NO;Monthly Value;Export;Harmonized;M;M
Physical Energy & Power Flows;2022;5;0;0;0;BG;GR;Monthly Value;Import;Harmonized;M;M
Physical Energy & Power Flows;2022;6;55;55;55;XK;MK;Monthly Value;Import;Harmonized;M;M
Physical Energy & Power Flows;2022;6;0;0;0;IT;MT;Monthly Value;Import;Harmonized;M;NaM
Physical Energy & Power Flows;2022;12;4;4;4;RU;EE;Monthly Value;Export;Harmonized;NaM;M
Physical Energy & Power Flows;2022;2;1221;1221;1221;SE;FI;Monthly Value;Export;Harmonized;M;M
Physical Energy & Power Flows;2022;4;52;52;52;AM;GE;Monthly Value;Export;Harmonized;NaM;NaM
Physical Energy & Power Flows;2022;7;965;965;965;ES;FR;Monthly Value;Export;Harmonized;M;M
Physical Energy & Power Flows;2022;12;132;132;132;BE;FR;Monthly Value;Import;Harmonized;M;M
Physical Energy & Power Flows;2022;12;297;297;297;NO;DK;Monthly Value;Export;Harmonized;M;M
Physical Energy & Power Flows;2022;4;271;271;271;UA;HU;Monthly Value;Export;Harmonized;NaM;M
Physical Energy & Power Flows;2022;7;264;264;264;DE;BE;Monthly Value;Export;Harmonized;M;M
Physical Energy & Power Flows;2022;10;40;40;40;RS;MK;Monthly Value;Import;Harmonized;M;M
Physical Energy & Power Flows;2022;3;962;962;962;SK;CZ;Monthly Value;Import;Harmonized;M;M
Physical Energy & Power Flows;2022;9;145;145;145;NL;DK;Monthly Value;Import;Harmonized;M;M
Physical Energy & Power Flows;2022;4;94;94;94;FR;BE;Monthly Value;Export;Harmonized;M;M
Physical Energy & Power Flows;2022;1;0;0;0;AT;IT;Monthly Value;Import;Harmonized;M;M
Physical Energy & Power Flows;2022;5;17;17;17;DE;PL;Monthly Value;Import;Harmonized;M;M
Physical Energy & Power Flows;2022;11;234;234;234;DE;LU;Monthly Value;Export;Harmonized;M;M
Physical Energy & Power Flows;2022;3;10;10;10;UA;RO;Monthly Value;Import;Harmonized;NaM;M
Physical Energy & Power Flows;2022;1;7;7;7;UA;SK;Monthly Value;Export;Harmonized;NaM;M
Physical Energy & Power Flows;2022;5;12;12;12;EE;RU;Monthly Value;Import;Harmonized;M;NaM
Physical Energy & Power Flows;2022;3;33;33;33;IE;GB;Monthly Value;Export;Harmonized;M;M
Physical Energy & Power Flows;2022;10;5;5;5;XK;RS;Monthly Value;Export;Harmonized;M;M
Physical Energy & Power Flows;2022;2;193;193;193;LT;RU;Monthly Value;Import;Harmonized;M;NaM
Physical Energy & Power Flows;2022;5;65;65;65;RU;LT;Monthly Value;Export;Harmonized;NaM;M
Physical Energy & Power Flows;2022;6;430;430;430;SE;LT;Monthly Value;Export;Harmonized;M;M
Physical Energy & Power Flows;2022;5;216;216;216;TR;BG;Monthly Value;Import;Harmonized;M;M
Physical Energy & Power Flows;2022;3;906;906;906;SE;FI;Monthly Value;Export;Harmonized;M;M
Physical Energy & Power Flows;2022;2;31;31;31;RS;MK;Monthly Value;Import;Harmonized;M;M
Physical Energy & Power Flows;2022;9;4;4;4;IT;CH;Monthly Value;Export;Harmonized;M;M
Physical Energy & Power Flows;2022;9;1014;1014;1014;SE;FI;Monthly Value;Export;Harmonized;M;M
Physical Energy & Power Flows;2022;11;263;263;263;BA;HR;Monthly Value;Export;Harmonized;M;M
Physical Energy & Power Flows;2022;10;124;124;124;RS;HU;Monthly Value;Import;Harmonized;M;M
Physical Energy & Power Flows;2022;5;0;0;0;RS;BG;Monthly Value;Export;Harmonized;M;M
Physical Energy & Power Flows;2022;12;130;130;130;MK;BG;Monthly Value;Import;Harmonized;M;M
Physical Energy & Power Flows;2022;9;200;200;200;BE;NL;Monthly Value;Import;Harmonized;M;M
Physical Energy & Power Flows;2022;10;21;21;21;RO;RS;Monthly Value;Import;Harmonized;M;M
Physical Energy & Power Flows;2022;6;190;190;190;AL;GR;Monthly Value;Import;Harmonized;M;M
Physical Energy & Power Flows;2022;3;39;39;39;XK;AL;Monthly Value;Import;Harmonized;M;M
Physical Energy & Power Flows;2022;1;0;0;0;TR;BG;Monthly Value;Export;Harmonized;M;M
Physical Energy & Power Flows;2022;2;193;193;193;RU;LT;Monthly Value;Export;Harmonized;NaM;M
Physical Energy & Power Flows;2022;9;23;23;23;BY;LT;Monthly Value;Import;Harmonized;NaM;M
Physical Energy & Power Flows;2022;4;539;539;539;DE;DK;Monthly Value;Import;Harmonized;M;M
Physical Energy & Power Flows;2022;8;329;329;329;IT;ME;Monthly Value;Import;Harmonized;M;M
Physical Energy & Power Flows;2022;12;137;137;137;BG;RS;Monthly Value;Export;Harmonized;M;M
Physical Energy & Power Flows;2022;12;28;28;28;UA;RO;Monthly Value;Import;Harmonized;NaM;M
Physical Energy & Power Flows;2022;9;4;4;4;RS;RO;Monthly Value;Export;Harmonized;M;M
Physical Energy & Power Flows;2022;3;4;4;4;SE;PL;Monthly Value;Import;Harmonized;M;M
Physical Energy & Power Flows;2022;5;9;9;9;GE;AZ;Monthly Value;Import;Harmonized;NaM;NaM
Physical Energy & Power Flows;2022;1;310;310;310;SI;HR;Monthly Value;Import;Harmonized;M;M
Physical Energy & Power Flows;2022;5;1;1;1;XK;RS;Monthly Value;Export;Harmonized;M;M
Physical Energy & Power Flows;2022;11;30;30;30;MK;RS;Monthly Value;Export;Harmonized;M;M
Physical Energy & Power Flows;2022;10;30;30;30;AL;ME;Monthly Value;Export;Harmonized;M;M
Physical Energy & Power Flows;2022;7;103;103;103;SI;HU;Monthly Value;Import;Harmonized;M;M
Physical Energy & Power Flows;2022;4;1;1;1;RS;XK;Monthly Value;Import;Harmonized;M;M
Physical Energy & Power Flows;2022;10;49;49;49;GR;AL;Monthly Value;Import;Harmonized;M;M
Physical Energy & Power Flows;2022;6;33;33;33;HU;RS;Monthly Value;Export;Harmonized;M;M
Physical Energy & Power Flows;2022;10;15;15;15;XK;MK;Monthly Value;Import;Harmonized;M;M
Physical Energy & Power Flows;2022;11;2;2;2;TR;GR;Monthly Value;Import;Harmonized;M;M
Physical Energy & Power Flows;2022;8;0;0;0;NO;FI;Monthly Value;Import;Harmonized;M;M
Physical Energy & Power Flows;2022;7;0;0;0;HU;SI;Monthly Value;Import;Harmonized;M;M
Physical Energy & Power Flows;2022;10;73;73;73;AT;CH;Monthly Value;Export;Harmonized;M;M
Physical Energy & Power Flows;2022;1;2;2;2;NO;FI;Monthly Value;Import;Harmonized;M;M
Physical Energy & Power Flows;2022;12;246;246;246;NO;DE;Monthly Value;Import;Harmonized;M;M
Physical Energy & Power Flows;2022;1;27;27;27;FI;NO;Monthly Value;Import;Harmonized;M;M
Physical Energy & Power Flows;2022;1;119;119;119;DK;SE;Monthly Value;Export;Harmonized;M;M
Physical Energy & Power Flows;2022;12;38;38;38;HU;RO;Monthly Value;Import;Harmonized;M;M
Physical Energy & Power Flows;2022;6;39;39;39;MD;UA;Monthly Value;Export;Harmonized;NaM;NaM
Physical Energy & Power Flows;2022;4;124;124;124;IT;GR;Monthly Value;Export;Harmonized;M;M
Physical Energy & Power Flows;2022;5;0;0;0;RU;FI;Monthly Value;Import;Harmonized;NaM;M
Physical Energy & Power Flows;2022;11;1;1;1;SI;HU;Monthly Value;Export;Harmonized;M;M
Physical Energy & Power Flows;2022;11;402;402;402;PL;SE;Monthly Value;Import;Harmonized;M;M
Physical Energy & Power Flows;2022;11;1679;1679;1679;SE;FI;Monthly Value;Export;Harmonized;M;M
Physical Energy & Power Flows;2022;7;285;285;285;NL;GB;Monthly Value;Export;Harmonized;M;M
Physical Energy & Power Flows;2022;9;13;13;13;AL;ME;Monthly Value;Import;Harmonized;M;M
Physical Energy & Power Flows;2022;5;1;1;1;HU;SK;Monthly Value;Export;Harmonized;M;M
Physical Energy & Power Flows;2022;9;4;4;4;CH;IT;Monthly Value;Import;Harmonized;M;M
Physical Energy & Power Flows;2022;6;1;1;1;ME;IT;Monthly Value;Import;Harmonized;M;M
Physical Energy & Power Flows;2022;10;0;0;0;SK;PL;Monthly Value;Export;Harmonized;M;M
Physical Energy & Power Flows;2022;1;4;4;4;BY;UA;Monthly Value;Import;Harmonized;NaM;NaM
Physical Energy & Power Flows;2022;11;276;276;276;NL;BE;Monthly Value;Export;Harmonized;M;M
Physical Energy & Power Flows;2022;9;71;71;71;HR;BA;Monthly Value;Export;Harmonized;M;M
Physical Energy & Power Flows;2022;8;1397;1397;1397;CH;IT;Monthly Value;Export;Harmonized;M;M
Physical Energy & Power Flows;2022;2;33;33;33;BE;LU;Monthly Value;Export;Harmonized;M;M
Physical Energy & Power Flows;2022;6;341;341;341;HR;HU;Monthly Value;Import;Harmonized;M;M
Physical Energy & Power Flows;2022;8;0;0;0;TR;GE;Monthly Value;Export;Harmonized;M;NaM
Physical Energy & Power Flows;2022;6;112;112;112;ME;BA;Monthly Value;Import;Harmonized;M;M
Physical Energy & Power Flows;2022;11;1982;1982;1982;IT;CH;Monthly Value;Import;Harmonized;M;M
Physical Energy & Power Flows;2022;4;636;636;636;FR;BE;Monthly Value;Import;Harmonized;M;M
Physical Energy & Power Flows;2022;3;0;0;0;MK;BG;Monthly Value;Export;Harmonized;M;M
Physical Energy & Power Flows;2022;2;46;46;46;XK;ME;Monthly Value;Import;Harmonized;M;M
Physical Energy & Power Flows;2022;12;770;770;770;DE;CZ;Monthly Value;Import;Harmonized;M;M
Physical Energy & Power Flows;2022;3;166;166;166;LT;RU;Monthly Value;Import;Harmonized;M;NaM
Physical Energy & Power Flows;2022;4;0;0;0;IT;AT;Monthly Value;Export;Harmonized;M;M
Physical Energy & Power Flows;2022;6;7;7;7;MD;RO;Monthly Value;Export;Harmonized;NaM;M
Physical Energy & Power Flows;2022;10;167;167;167;HU;UA;Monthly Value;Import;Harmonized;M;NaM
Physical Energy & Power Flows;2022;8;388;388;388;NL;BE;Monthly Value;Import;Harmonized;M;M
Physical Energy & Power Flows;2022;12;236;236;236;SI;AT;Monthly Value;Export;Harmonized;M;M
Physical Energy & Power Flows;2022;9;23;23;23;LT;BY;Monthly Value;Export;Harmonized;M;NaM
Physical Energy & Power Flows;2022;9;167;167;167;RO;MD;Monthly Value;Export;Harmonized;M;NaM
Physical Energy & Power Flows;2022;3;0;0;0;AT;IT;Monthly Value;Import;Harmonized;M;M
Physical Energy & Power Flows;2022;1;1086;1086;1086;DE;AT;Monthly Value;Export;Harmonized;M;M
Physical Energy & Power Flows;2022;6;341;341;341;HU;HR;Monthly Value;Export;Harmonized;M;M
Physical Energy & Power Flows;2022;9;0;0;0;NO;NL;Monthly Value;Import;Harmonized;M;M
Physical Energy & Power Flows;2022;8;341;341;341;SI;IT;Monthly Value;Export;Harmonized;M;M
Physical Energy & Power Flows;2022;7;2;2;2;BG;RO;Monthly Value;Import;Harmonized;M;M
Physical Energy & Power Flows;2022;5;62;62;62;ME;RS;Monthly Value;Export;Harmonized;M;M
Physical Energy & Power Flows;2022;3;116;116;116;ME;RS;Monthly Value;Export;Harmonized;M;M
Physical Energy & Power Flows;2022;12;34;34;34;XK;ME;Monthly Value;Export;Harmonized;M;M
Physical Energy & Power Flows;2022;5;103;103;103;UA;RO;Monthly Value;Export;Harmonized;NaM;M
Physical Energy & Power Flows;2022;11;155;155;155;RU;EE;Monthly Value;Import;Harmonized;NaM;M
Physical Energy & Power Flows;2022;11;21;21;21;RS;ME;Monthly Value;Export;Harmonized;M;M
Physical Energy & Power Flows;2022;5;2;2;2;BA;ME;Monthly Value;Import;Harmonized;M;M
Physical Energy & Power Flows;2022;10;27;27;27;AT;DE;Monthly Value;Export;Harmonized;M;M
Physical Energy & Power Flows;2022;1;172;172;172;GR;IT;Monthly Value;Import;Harmonized;M;M
Physical Energy & Power Flows;2022;1;0;0;0;BG;RS;Monthly Value;Import;Harmonized;M;M
Physical Energy & Power Flows;2022;5;276;276;276;NO;SE;Monthly Value;Import;Harmonized;M;M
Physical Energy & Power Flows;2022;12;444;444;444;AZ;GE;Monthly Value;Export;Harmonized;NaM;NaM
Physical Energy & Power Flows;2022;8;151;151;151;MD;RO;Monthly Value;Import;Harmonized;NaM;M
Physical Energy & Power Flows;2022;7;125;125;125;NL;DE;Monthly Value;Import;Harmonized;M;M
Physical Energy & Power Flows;2022;4;306;306;306;GB;NO;Monthly Value;Import;Harmonized;M;M
Physical Energy & Power Flows;2022;8;1;1;1;CZ;SK;Monthly Value;Import;Harmonized;M;M
Physical Energy & Power Flows;2022;12;25;25;25;CH;AT;Monthly Value;Export;Harmonized;M;M
Physical Energy & Power Flows;2022;9;28;28;28;FR;BE;Monthly Value;Export;Harmonized;M;M
Physical Energy & Power Flows;2022;5;160;160;160;IT;AT;Monthly Value;Import;Harmonized;M;M
Physical Energy & Power Flows;2022;4;189;189;189;BE;DE;Monthly Value;Export;Harmonized;M;M
Physical Energy & Power Flows;2022;3;536;536;536;SI;IT;Monthly Value;Export;Harmonized;M;M
Physical Energy & Power Flows;2022;3;217;217;217;RU;EE;Monthly Value;Import;Harmonized;NaM;M
Physical Energy & Power Flows;2022;2;40;40;40;HR;RS;Monthly Value;Export;Harmonized;M;M
Physical Energy & Power Flows;2022;11;799;799;799;DK;DE;Monthly Value;Export;Harmonized;M;M
Physical Energy & Power Flows;2022;3;0;0;0;TR;GE;Monthly Value;Export;Harmonized;M;NaM
Physical Energy & Power Flows;2022;12;1331;1331;1331;DE;CH;Monthly Value;Export;Harmonized;M;M
Physical Energy & Power Flows;2022;9;59;59;59;DE;NL;Monthly Value;Export;Harmonized;M;M
Physical Energy & Power Flows;2022;9;135;135;135;HR;SI;Monthly Value;Export;Harmonized;M;M
Physical Energy & Power Flows;2022;11;65;65;65;AL;ME;Monthly Value;Export;Harmonized;M;M
Physical Energy & Power Flows;2022;6;1499;1499;1499;SE;FI;Monthly Value;Export;Harmonized;M;M
Physical Energy & Power Flows;2022;5;160;160;160;AT;IT;Monthly Value;Export;Harmonized;M;M
Physical Energy & Power Flows;2022;2;12;12;12;HU;RO;Monthly Value;Import;Harmonized;M;M
Physical Energy & Power Flows;2022;9;450;450;450;LT;SE;Monthly Value;Import;Harmonized;M;M
Physical Energy & Power Flows;2022;5;15;15;15;LV;LT;Monthly Value;Import;Harmonized;M;M
Physical Energy & Power Flows;2022;3;13;13;13;HU;RO;Monthly Value;Import;Harmonized;M;M
Physical Energy & Power Flows;2022;1;383;383;383;GR;TR;Monthly Value;Import;Harmonized;M;M
Physical Energy & Power Flows;2022;7;1133;1133;1133;CZ;AT;Monthly Value;Export;Harmonized;M;M
Physical Energy & Power Flows;2022;4;55;55;55;ME;AL;Monthly Value;Import;Harmonized;M;M
Physical Energy & Power Flows;2022;2;264;264;264;UA;HU;Monthly Value;Export;Harmonized;NaM;M
Physical Energy & Power Flows;2022;3;0;0;0;GE;TR;Monthly Value;Import;Harmonized;NaM;M
Physical Energy & Power Flows;2022;7;407;407;407;HR;HU;Monthly Value;Import;Harmonized;M;M
Physical Energy & Power Flows;2022;9;6;6;6;DE;SE;Monthly Value;Export;Harmonized;M;M
Physical Energy & Power Flows;2022;10;27;27;27;DE;AT;Monthly Value;Import;Harmonized;M;M
Physical Energy & Power Flows;2022;12;250;250;250;FR;DE;Monthly Value;Export;Harmonized;M;M
Physical Energy & Power Flows;2022;12;41;41;41;HR;SI;Monthly Value;Import;Harmonized;M;M
Physical Energy & Power Flows;2022;2;20;20;20;HR;SI;Monthly Value;Import;Harmonized;M;M
Physical Energy & Power Flows;2022;8;1;1;1;ES;FR;Monthly Value;Import;Harmonized;M;M
Physical Energy & Power Flows;2022;9;0;0;0;HU;HR;Monthly Value;Import;Harmonized;M;M
Physical Energy & Power Flows;2022;10;179;179;179;MD;RO;Monthly Value;Import;Harmonized;NaM;M
Physical Energy & Power Flows;2022;11;106;106;106;IE;GB;Monthly Value;Export;Harmonized;M;M
Physical Energy & Power Flows;2022;9;8;8;8;BG;TR;Monthly Value;Import;Harmonized;M;M
Physical Energy & Power Flows;2022;4;240;240;240;FR;DE;Monthly Value;Export;Harmonized;M;M
Physical Energy & Power Flows;2022;2;253;253;253;TR;BG;Monthly Value;Import;Harmonized;M;M
Physical Energy & Power Flows;2022;5;6;6;6;XK;AL;Monthly Value;Import;Harmonized;M;M
Physical Energy & Power Flows;2022;6;9;9;9;BA;RS;Monthly Value;Export;Harmonized;M;M
Physical Energy & Power Flows;2022;1;469;469;469;DE;NO;Monthly Value;Import;Harmonized;M;M
Physical Energy & Power Flows;2022;7;0;0;0;IT;SI;Monthly Value;Export;Harmonized;M;M
Physical Energy & Power Flows;2022;7;797;797;797;FR;BE;Monthly Value;Import;Harmonized;M;M
Physical Energy & Power Flows;2022;1;4;4;4;GR;BG;Monthly Value;Export;Harmonized;M;M
Physical Energy & Power Flows;2022;3;3;3;3;AT;CH;Monthly Value;Import;Harmonized;M;M
Physical Energy & Power Flows;2022;9;2;2;2;SI;HU;Monthly Value;Export;Harmonized;M;M
Physical Energy & Power Flows;2022;12;60;60;60;PL;LT;Monthly Value;Import;Harmonized;M;M
Physical Energy & Power Flows;2022;11;98;98;98;HU;RS;Monthly Value;Import;Harmonized;M;M
Physical Energy & Power Flows;2022;2;172;172;172;HR;SI;Monthly Value;Export;Harmonized;M;M
Physical Energy & Power Flows;2022;3;0;0;0;BG;RS;Monthly Value;Import;Harmonized;M;M
Physical Energy & Power Flows;2022;5;31;31;31;AL;GR;Monthly Value;Export;Harmonized;M;M
Physical Energy & Power Flows;2022;12;2;2;2;SI;IT;Monthly Value;Import;Harmonized;M;M
Physical Energy & Power Flows;2022;8;44;44;44;FI;NO;Monthly Value;Import;Harmonized;M;M
Physical Energy & Power Flows;2022;3;376;376;376;SE;DE;Monthly Value;Export;Harmonized;M;M
Physical Energy & Power Flows;2022;5;385;385;385;DK;NO;Monthly Value;Import;Harmonized;M;M
Physical Energy & Power Flows;2022;2;95;95;95;BG;RO;Monthly Value;Export;Harmonized;M;M
Physical Energy & Power Flows;2022;6;11;11;11;DK;SE;Monthly Value;Export;Harmonized;M;M
Physical Energy & Power Flows;2022;10;206;206;206;DK;NL;Monthly Value;Export;Harmonized;M;M
Physical Energy & Power Flows;2022;7;488;488;488;GB;NO;Monthly Value;Import;Harmonized;M;M
Physical Energy & Power Flows;2022;8;1;1;1;RS;BA;Monthly Value;Import;Harmonized;M;M
Physical Energy & Power Flows;2022;8;186;186;186;DK;NL;Monthly Value;Import;Harmonized;M;M
Physical Energy & Power Flows;2022;12;38;38;38;GR;AL;Monthly Value;Export;Harmonized;M;M
Physical Energy & Power Flows;2022;4;220;220;220;BE;DE;Monthly Value;Import;Harmonized;M;M
Physical Energy & Power Flows;2022;5;432;432;432;BE;GB;Monthly Value;Import;Harmonized;M;M
Physical Energy & Power Flows;2022;6;167;167;167;XK;ME;Monthly Value;Export;Harmonized;M;M
Physical Energy & Power Flows;2022;4;781;781;781;AT;DE;Monthly Value;Import;Harmonized;M;M
Physical Energy & Power Flows;2022;11;64;64;64;SI;AT;Monthly Value;Export;Harmonized;M;M
Physical Energy & Power Flows;2022;7;219;219;219;GB;NL;Monthly Value;Export;Harmonized;M;M
Physical Energy & Power Flows;2022;10;198;198;198;ME;BA;Monthly Value;Import;Harmonized;M;M
Physical Energy & Power Flows;2022;10;326;326;326;AT;HU;Monthly Value;Export;Harmonized;M;M
Physical Energy & Power Flows;2022;3;0;0;0;IT;AT;Monthly Value;Export;Harmonized;M;M
Physical Energy & Power Flows;2022;7;368;368;368;BG;RS;Monthly Value;Export;Harmonized;M;M
Physical Energy & Power Flows;2022;4;2;2;2;UA;HU;Monthly Value;Import;Harmonized;NaM;M
Physical Energy & Power Flows;2022;9;271;271;271;SE;DE;Monthly Value;Export;Harmonized;M;M
Physical Energy & Power Flows;2022;10;0;0;0;PL;SK;Monthly Value;Import;Harmonized;M;M
Physical Energy & Power Flows;2022;5;151;151;151;RS;XK;Monthly Value;Export;Harmonized;M;M
Physical Energy & Power Flows;2022;10;244;244;244;HU;SI;Monthly Value;Export;Harmonized;M;M
Physical Energy & Power Flows;2022;4;2;2;2;HU;HR;Monthly Value;Import;Harmonized;M;M
Physical Energy & Power Flows;2022;5;127;127;127;NL;GB;Monthly Value;Export;Harmonized;M;M
Physical Energy & Power Flows;2022;2;13;13;13;MK;RS;Monthly Value;Import;Harmonized;M;M
Physical Energy & Power Flows;2022;12;181;181;181;MK;GR;Monthly Value;Export;Harmonized;M;M
Physical Energy & Power Flows;2022;11;1444;1444;1444;IT;FR;Monthly Value;Import;Harmonized;M;M
Physical Energy & Power Flows;2022;3;2;2;2;TR;BG;Monthly Value;Export;Harmonized;M;M
Physical Energy & Power Flows;2022;12;2;2;2;RO;MD;Monthly Value;Import;Harmonized;M;NaM
Physical Energy & Power Flows;2022;11;65;65;65;ME;AL;Monthly Value;Import;Harmonized;M;M
Physical Energy & Power Flows;2022;9;462;462;462;FR;CH;Monthly Value;Export;Harmonized;M;M
Physical Energy & Power Flows;2022;10;466;466;466;IT;SI;Monthly Value;Import;Harmonized;M;M
Physical Energy & Power Flows;2022;10;440;440;440;SE;LT;Monthly Value;Export;Harmonized;M;M
Physical Energy & Power Flows;2022;8;245;245;245;ME;AL;Monthly Value;Import;Harmonized;M;M
Physical Energy & Power Flows;2022;8;207;207;207;DE;FR;Monthly Value;Import;Harmonized;M;M
Physical Energy & Power Flows;2022;12;47;47;47;GR;BG;Monthly Value;Export;Harmonized;M;M
Physical Energy & Power Flows;2022;2;105;105;105;UA;PL;Monthly Value;Export;Harmonized;NaM;M
Physical Energy & Power Flows;2022;6;0;0;0;MT;IT;Monthly Value;Export;Harmonized;NaM;M
Physical Energy & Power Flows;2022;9;146;146;146;SE;PL;Monthly Value;Export;Harmonized;M;M
Physical Energy & Power Flows;2022;3;213;213;213;UA;HU;Monthly Value;Export;Harmonized;NaM;M
Physical Energy & Power Flows;2022;1;247;247;247;FR;CH;Monthly Value;Import;Harmonized;M;M
Physical Energy & Power Flows;2022;12;37;37;37;LV;RU;Monthly Value;Import;Harmonized;M;NaM
Physical Energy & Power Flows;2022;7;2;2;2;IT;FR;Monthly Value;Export;Harmonized;M;M
Physical Energy & Power Flows;2022;1;64;64;64;GE;AM;Monthly Value;Import;Harmonized;NaM;NaM
Physical Energy & Power Flows;2022;9;13;13;13;SI;AT;Monthly Value;Export;Harmonized;M;M
Physical Energy & Power Flows;2022;3;1840;1840;1840;CH;DE;Monthly Value;Import;Harmonized;M;M
Physical Energy & Power Flows;2022;4;615;615;615;FI;EE;Monthly Value;Export;Harmonized;M;M
Physical Energy & Power Flows;2022;11;137;137;137;IT;AT;Monthly Value;Import;Harmonized;M;M
Physical Energy & Power Flows;2022;5;516;516;516;CH;FR;Monthly Value;Import;Harmonized;M;M
Physical Energy & Power Flows;2022;10;1059;1059;1059;AT;CZ;Monthly Value;Import;Harmonized;M;M
Physical Energy & Power Flows;2022;5;205;205;205;LU;DE;Monthly Value;Import;Harmonized;M;M
Physical Energy & Power Flows;2022;5;1086;1086;1086;SE;FI;Monthly Value;Export;Harmonized;M;M
Physical Energy & Power Flows;2022;9;0;0;0;RU;FI;Monthly Value;Import;Harmonized;NaM;M
Physical Energy & Power Flows;2022;4;8;8;8;UA;MD;Monthly Value;Export;Harmonized;NaM;NaM
Physical Energy & Power Flows;2022;4;479;479;479;SE;NO;Monthly Value;Export;Harmonized;M;M
Physical Energy & Power Flows;2022;5;3;3;3;SE;LT;Monthly Value;Import;Harmonized;M;M
Physical Energy & Power Flows;2022;9;145;145;145;DK;NL;Monthly Value;Export;Harmonized;M;M
Physical Energy & Power Flows;2022;9;125;125;125;GR;AL;Monthly Value;Export;Harmonized;M;M
Physical Energy & Power Flows;2022;4;14;14;14;XK;MK;Monthly Value;Import;Harmonized;M;M
Physical Energy & Power Flows;2022;10;353;353;353;GE;TR;Monthly Value;Export;Harmonized;NaM;M
Physical Energy & Power Flows;2022;5;293;293;293;FR;DE;Monthly Value;Import;Harmonized;M;M
Physical Energy & Power Flows;2022;4;40;40;40;RS;BA;Monthly Value;Import;Harmonized;M;M
Physical Energy & Power Flows;2022;1;92;92;92;UA;PL;Monthly Value;Export;Harmonized;NaM;M
Physical Energy & Power Flows;2022;5;133;133;133;UA;SK;Monthly Value;Import;Harmonized;NaM;M
Physical Energy & Power Flows;2022;9;133;133;133;RU;LV;Monthly Value;Export;Harmonized;NaM;M
Physical Energy & Power Flows;2022;10;167;167;167;UA;HU;Monthly Value;Export;Harmonized;NaM;M
Physical Energy & Power Flows;2022;8;352;352;352;AZ;GE;Monthly Value;Export;Harmonized;NaM;NaM
Physical Energy & Power Flows;2022;12;100;100;100;BG;RO;Monthly Value;Import;Harmonized;M;M
Physical Energy & Power Flows;2022;10;66;66;66;PT;ES;Monthly Value;Export;Harmonized;M;M
Physical Energy & Power Flows;2022;11;694;694;694;PL;CZ;Monthly Value;Export;Harmonized;M;M
Physical Energy & Power Flows;2022;7;751;751;751;SK;CZ;Monthly Value;Import;Harmonized;M;M
Physical Energy & Power Flows;2022;7;186;186;186;LT;LV;Monthly Value;Import;Harmonized;M;M
Physical Energy & Power Flows;2022;11;1;1;1;FI;NO;Monthly Value;Export;Harmonized;M;M
Physical Energy & Power Flows;2022;6;174;174;174;NL;DK;Monthly Value;Export;Harmonized;M;M
Physical Energy & Power Flows;2022;5;93;93;93;HU;RO;Monthly Value;Export;Harmonized;M;M
Physical Energy & Power Flows;2022;2;0;0;0;GE;TR;Monthly Value;Import;Harmonized;NaM;M
Physical Energy & Power Flows;2022;6;17;17;17;IE;GB;Monthly Value;Import;Harmonized;M;M
Physical Energy & Power Flows;2022;3;3;3;3;ME;RS;Monthly Value;Import;Harmonized;M;M
Physical Energy & Power Flows;2022;8;62;62;62;RO;HU;Monthly Value;Import;Harmonized;M;M
Physical Energy & Power Flows;2022;12;1146;1146;1146;IT;CH;Monthly Value;Import;Harmonized;M;M
Physical Energy & Power Flows;2022;9;0;0;0;MK;BG;Monthly Value;Export;Harmonized;M;M
Physical Energy & Power Flows;2022;8;380;380;380;CH;FR;Monthly Value;Import;Harmonized;M;M
Physical Energy & Power Flows;2022;1;20;20;20;AT;SI;Monthly Value;Import;Harmonized;M;M
Physical Energy & Power Flows;2022;11;249;249;249;BE;NL;Monthly Value;Export;Harmonized;M;M
Physical Energy & Power Flows;2022;10;147;147;147;RU;EE;Monthly Value;Import;Harmonized;NaM;M
Physical Energy & Power Flows;2022;5;0;0;0;AT;IT;Monthly Value;Import;Harmonized;M;M
Physical Energy & Power Flows;2022;8;397;397;397;DE;NO;Monthly Value;Import;Harmonized;M;M
Physical Energy & Power Flows;2022;7;683;683;683;AT;DE;Monthly Value;Import;Harmonized;M;M
Physical Energy & Power Flows;2022;7;2;2;2;RS;MK;Monthly Value;Import;Harmonized;M;M
Physical Energy & Power Flows;2022;10;129;129;129;SE;NO;Monthly Value;Import;Harmonized;M;M
Physical Energy & Power Flows;2022;9;496;496;496;DE;AT;Monthly Value;Export;Harmonized;M;M
Physical Energy & Power Flows;2022;7;7;7;7;RS;HR;Monthly Value;Import;Harmonized;M;M
Physical Energy & Power Flows;2022;10;1;1;1;UA;HU;Monthly Value;Import;Harmonized;NaM;M
Physical Energy & Power Flows;2022;8;220;220;220;NO;GB;Monthly Value;Export;Harmonized;M;M
Physical Energy & Power Flows;2022;1;209;209;209;GR;BG;Monthly Value;Import;Harmonized;M;M
Physical Energy & Power Flows;2022;8;82;82;82;HU;AT;Monthly Value;Export;Harmonized;M;M
Physical Energy & Power Flows;2022;12;418;418;418;RO;MD;Monthly Value;Export;Harmonized;M;NaM
Physical Energy & Power Flows;2022;5;516;516;516;FR;CH;Monthly Value;Export;Harmonized;M;M
Physical Energy & Power Flows;2022;4;1018;1018;1018;ES;FR;Monthly Value;Export;Harmonized;M;M
Physical Energy & Power Flows;2022;10;52;52;52;PL;UA;Monthly Value;Import;Harmonized;M;NaM
Physical Energy & Power Flows;2022;12;146;146;146;BY;LT;Monthly Value;Export;Harmonized;NaM;M
Physical Energy & Power Flows;2022;8;0;0;0;RU;FI;Monthly Value;Import;Harmonized;NaM;M
Physical Energy & Power Flows;2022;7;267;267;267;HR;SI;Monthly Value;Export;Harmonized;M;M
Physical Energy & Power Flows;2022;7;20;20;20;ES;PT;Monthly Value;Import;Harmonized;M;M
Physical Energy & Power Flows;2022;9;281;281;281;AT;HU;Monthly Value;Export;Harmonized;M;M
Physical Energy & Power Flows;2022;11;27;27;27;GB;IE;Monthly Value;Export;Harmonized;M;M
Physical Energy & Power Flows;2022;5;1161;1161;1161;FR;GB;Monthly Value;Import;Harmonized;M;M
Physical Energy & Power Flows;2022;10;1018;1018;1018;SK;CZ;Monthly Value;Import;Harmonized;M;M
Physical Energy & Power Flows;2022;9;16;16;16;XK;MK;Monthly Value;Export;Harmonized;M;M
Physical Energy & Power Flows;2022;9;120;120;120;AL;XK;Monthly Value;Import;Harmonized;M;M
Physical Energy & Power Flows;2022;9;79;79;79;MK;XK;Monthly Value;Export;Harmonized;M;M
Physical Energy & Power Flows;2022;11;142;142;142;LV;LT;Monthly Value;Export;Harmonized;M;M
Physical Energy & Power Flows;2022;6;708;708;708;DE;PL;Monthly Value;Export;Harmonized;M;M
Physical Energy & Power Flows;2022;5;499;499;499;NO;DE;Monthly Value;Export;Harmonized;M;M
Physical Energy & Power Flows;2022;4;378;378;378;SI;AT;Monthly Value;Import;Harmonized;M;M
Physical Energy & Power Flows;2022;6;672;672;672;SE;NO;Monthly Value;Import;Harmonized;M;M
Physical Energy & Power Flows;2022;3;1120;1120;1120;FR;BE;Monthly Value;Import;Harmonized;M;M
Physical Energy & Power Flows;2022;7;12;12;12;TR;BG;Monthly Value;Export;Harmonized;M;M
Physical Energy & Power Flows;2022;7;30;30;30;BY;LT;Monthly Value;Export;Harmonized;NaM;M
Physical Energy & Power Flows;2022;7;64;64;64;DE;NO;Monthly Value;Export;Harmonized;M;M
Physical Energy & Power Flows;2022;3;284;284;284;ME;IT;Monthly Value;Export;Harmonized;M;M
Physical Energy & Power Flows;2022;12;162;162;162;NL;NO;Monthly Value;Import;Harmonized;M;M
Physical Energy & Power Flows;2022;1;92;92;92;PL;UA;Monthly Value;Import;Harmonized;M;NaM
Physical Energy & Power Flows;2022;2;0;0;0;UA;RO;Monthly Value;Import;Harmonized;NaM;M
Physical Energy & Power Flows;2022;7;2088;2088;2088;IT;CH;Monthly Value;Import;Harmonized;M;M
Physical Energy & Power Flows;2022;5;432;432;432;GB;BE;Monthly Value;Export;Harmonized;M;M
Physical Energy & Power Flows;2022;2;917;917;917;SK;CZ;Monthly Value;Import;Harmonized;M;M
Physical Energy & Power Flows;2022;9;278;278;278;ME;IT;Monthly Value;Export;Harmonized;M;M
Physical Energy & Power Flows;2022;10;5;5;5;DE;SE;Monthly Value;Export;Harmonized;M;M
Physical Energy & Power Flows;2022;6;84;84;84;GB;BE;Monthly Value;Import;Harmonized;M;M
Physical Energy & Power Flows;2022;6;361;361;361;AT;DE;Monthly Value;Import;Harmonized;M;M
Physical Energy & Power Flows;2022;10;17;17;17;BA;ME;Monthly Value;Import;Harmonized;M;M
Physical Energy & Power Flows;2022;12;72;72;72;DK;NL;Monthly Value;Import;Harmonized;M;M
Physical Energy & Power Flows;2022;9;145;145;145;FR;DE;Monthly Value;Export;Harmonized;M;M
Physical Energy & Power Flows;2022;4;415;415;415;CZ;DE;Monthly Value;Import;Harmonized;M;M
Physical Energy & Power Flows;2022;1;17;17;17;AT;DE;Monthly Value;Export;Harmonized;M;M
Physical Energy & Power Flows;2022;4;153;153;153;GB;NL;Monthly Value;Export;Harmonized;M;M
Physical Energy & Power Flows;2022;5;0;0;0;GE;TR;Monthly Value;Import;Harmonized;NaM;M
Physical Energy & Power Flows;2022;1;403;403;403;DK;NL;Monthly Value;Export;Harmonized;M;M
Physical Energy & Power Flows;2022;10;179;179;179;RO;MD;Monthly Value;Export;Harmonized;M;NaM
Physical Energy & Power Flows;2022;12;278;278;278;UA;HU;Monthly Value;Export;Harmonized;NaM;M
Physical Energy & Power Flows;2022;6;116;116;116;RS;BA;Monthly Value;Export;Harmonized;M;M
Physical Energy & Power Flows;2022;3;234;234;234;HR;BA;Monthly Value;Import;Harmonized;M;M
Physical Energy & Power Flows;2022;10;166;166;166;GE;RU;Monthly Value;Import;Harmonized;NaM;NaM
Physical Energy & Power Flows;2022;7;426;426;426;CZ;DE;Monthly Value;Export;Harmonized;M;M
Physical Energy & Power Flows;2022;3;233;233;233;GR;IT;Monthly Value;Export;Harmonized;M;M
Physical Energy & Power Flows;2022;8;126;126;126;LV;RU;Monthly Value;Import;Harmonized;M;NaM
Physical Energy & Power Flows;2022;12;4;4;4;MD;UA;Monthly Value;Import;Harmonized;NaM;NaM
Physical Energy & Power Flows;2022;10;149;149;149;GR;TR;Monthly Value;Import;Harmonized;M;M
Physical Energy & Power Flows;2022;9;0;0;0;GE;TR;Monthly Value;Import;Harmonized;NaM;M
Physical Energy & Power Flows;2022;4;74;74;74;NO;GB;Monthly Value;Import;Harmonized;M;M
Physical Energy & Power Flows;2022;7;30;30;30;LT;BY;Monthly Value;Import;Harmonized;M;NaM
Physical Energy & Power Flows;2022;4;243;243;243;CH;FR;Monthly Value;Export;Harmonized;M;M
Physical Energy & Power Flows;2022;7;11;11;11;HU;RS;Monthly Value;Export;Harmonized;M;M
Physical Energy & Power Flows;2022;7;7;7;7;HR;BA;Monthly Value;Export;Harmonized;M;M
Physical Energy & Power Flows;2022;8;57;57;57;FR;IT;Monthly Value;Import;Harmonized;M;M
Physical Energy & Power Flows;2022;8;1;1;1;HR;RS;Monthly Value;Export;Harmonized;M;M
Physical Energy & Power Flows;2022;5;105;105;105;XK;ME;Monthly Value;Export;Harmonized;M;M
Physical Energy & Power Flows;2022;7;426;426;426;DE;CZ;Monthly Value;Import;Harmonized;M;M
Physical Energy & Power Flows;2022;12;156;156;156;AT;HU;Monthly Value;Export;Harmonized;M;M
Physical Energy & Power Flows;2022;6;17;17;17;MK;XK;Monthly Value;Import;Harmonized;M;M
Physical Energy & Power Flows;2022;1;373;373;373;DE;LU;Monthly Value;Export;Harmonized;M;M
Physical Energy & Power Flows;2022;3;10;10;10;DE;AT;Monthly Value;Import;Harmonized;M;M
Physical Energy & Power Flows;2022;1;170;170;170;NL;DE;Monthly Value;Export;Harmonized;M;M
Physical Energy & Power Flows;2022;12;78;78;78;GR;AL;Monthly Value;Import;Harmonized;M;M
Physical Energy & Power Flows;2022;2;1814;1814;1814;CH;IT;Monthly Value;Export;Harmonized;M;M
Physical Energy & Power Flows;2022;12;664;664;664;DE;PL;Monthly Value;Export;Harmonized;M;M
Physical Energy & Power Flows;2022;9;7;7;7;LT;RU;Monthly Value;Import;Harmonized;M;NaM
Physical Energy & Power Flows;2022;1;1793;1793;1793;DE;CH;Monthly Value;Export;Harmonized;M;M
Physical Energy & Power Flows;2022;11;1101;1101;1101;CH;FR;Monthly Value;Import;Harmonized;M;M
Physical Energy & Power Flows;2022;6;7;7;7;RS;XK;Monthly Value;Import;Harmonized;M;M
Physical Energy & Power Flows;2022;9;21;21;21;AT;HU;Monthly Value;Import;Harmonized;M;M
Physical Energy & Power Flows;2022;10;58;58;58;FR;GB;Monthly Value;Export;Harmonized;M;M
Physical Energy & Power Flows;2022;2;28;28;28;RS;HR;Monthly Value;Export;Harmonized;M;M
Physical Energy & Power Flows;2022;3;0;0;0;AL;GR;Monthly Value;Export;Harmonized;M;M
Physical Energy & Power Flows;2022;10;238;238;238;LV;LT;Monthly Value;Export;Harmonized;M;M
Physical Energy & Power Flows;2022;3;0;0;0;EE;RU;Monthly Value;Import;Harmonized;M;NaM
Physical Energy & Power Flows;2022;3;1200;1200;1200;BE;NL;Monthly Value;Import;Harmonized;M;M
Physical Energy & Power Flows;2022;2;1;1;1;GR;BG;Monthly Value;Export;Harmonized;M;M
Physical Energy & Power Flows;2022;4;178;178;178;NL;BE;Monthly Value;Import;Harmonized;M;M
Physical Energy & Power Flows;2022;1;1297;1297;1297;IT;CH;Monthly Value;Import;Harmonized;M;M
Physical Energy & Power Flows;2022;4;510;510;510;DE;PL;Monthly Value;Export;Harmonized;M;M
Physical Energy & Power Flows;2022;2;215;215;215;GR;BG;Monthly Value;Import;Harmonized;M;M
Physical Energy & Power Flows;2022;2;31;31;31;MK;RS;Monthly Value;Export;Harmonized;M;M
Physical Energy & Power Flows;2022;7;549;549;549;NO;DE;Monthly Value;Export;Harmonized;M;M
Physical Energy & Power Flows;2022;4;8;8;8;PL;SE;Monthly Value;Export;Harmonized;M;M
Physical Energy & Power Flows;2022;2;11;11;11;MK;XK;Monthly Value;Export;Harmonized;M;M
Physical Energy & Power Flows;2022;5;18;18;18;AL;ME;Monthly Value;Import;Harmonized;M;M
Physical Energy & Power Flows;2022;1;247;247;247;CH;FR;Monthly Value;Export;Harmonized;M;M
Physical Energy & Power Flows;2022;12;47;47;47;BG;GR;Monthly Value;Import;Harmonized;M;M
Physical Energy & Power Flows;2022;7;145;145;145;EE;RU;Monthly Value;Export;Harmonized;M;NaM
Physical Energy & Power Flows;2022;12;11;11;11;RU;LV;Monthly Value;Import;Harmonized;NaM;M
Physical Energy & Power Flows;2022;7;7;7;7;DK;SE;Monthly Value;Export;Harmonized;M;M
Physical Energy & Power Flows;2022;6;115;115;115;LV;RU;Monthly Value;Import;Harmonized;M;NaM
Physical Energy & Power Flows;2022;12;132;132;132;FR;BE;Monthly Value;Export;Harmonized;M;M
Physical Energy & Power Flows;2022;3;10;10;10;UA;PL;Monthly Value;Export;Harmonized;NaM;M
Physical Energy & Power Flows;2022;7;14;14;14;PL;DE;Monthly Value;Export;Harmonized;M;M
Physical Energy & Power Flows;2022;6;6;6;6;RO;BG;Monthly Value;Export;Harmonized;M;M
Physical Energy & Power Flows;2022;8;589;589;589;FI;EE;Monthly Value;Export;Harmonized;M;M
Physical Energy & Power Flows;2022;1;38;38;38;HR;RS;Monthly Value;Export;Harmonized;M;M
Physical Energy & Power Flows;2022;5;178;178;178;RS;BG;Monthly Value;Import;Harmonized;M;M
Physical Energy & Power Flows;2022;10;115;115;115;GB;NL;Monthly Value;Import;Harmonized;M;M
Physical Energy & Power Flows;2022;1;675;675;675;PL;DE;Monthly Value;Import;Harmonized;M;M
Physical Energy & Power Flows;2022;8;392;392;392;NO;SE;Monthly Value;Export;Harmonized;M;M
Physical Energy & Power Flows;2022;5;1;1;1;ME;XK;Monthly Value;Export;Harmonized;M;M
Physical Energy & Power Flows;2022;7;87;87;87;UA;MD;Monthly Value;Import;Harmonized;NaM;NaM
Physical Energy & Power Flows;2022;9;161;161;161;TR;BG;Monthly Value;Import;Harmonized;M;M
Physical Energy & Power Flows;2022;11;135;135;135;RO;UA;Monthly Value;Import;Harmonized;M;NaM
Physical Energy & Power Flows;2022;10;143;143;143;BG;GR;Monthly Value;Export;Harmonized;M;M
Physical Energy & Power Flows;2022;2;68;68;68;RS;BA;Monthly Value;Import;Harmonized;M;M
Physical Energy & Power Flows;2022;4;39;39;39;BG;RO;Monthly Value;Import;Harmonized;M;M
Physical Energy & Power Flows;2022;10;64;64;64;ME;XK;Monthly Value;Export;Harmonized;M;M
Physical Energy & Power Flows;2022;12;47;47;47;MK;XK;Monthly Value;Export;Harmonized;M;M
Physical Energy & Power Flows;2022;4;218;218;218;BA;ME;Monthly Value;Export;Harmonized;M;M
Physical Energy & Power Flows;2022;5;91;91;91;RO;BG;Monthly Value;Import;Harmonized;M;M
Physical Energy & Power Flows;2022;5;83;83;83;HR;BA;Monthly Value;Import;Harmonized;M;M
Physical Energy & Power Flows;2022;12;164;164;164;XK;AL;Monthly Value;Import;Harmonized;M;M
Physical Energy & Power Flows;2022;1;19;19;19;RO;UA;Monthly Value;Export;Harmonized;M;NaM
Physical Energy & Power Flows;2022;6;3;3;3;ME;RS;Monthly Value;Import;Harmonized;M;M
Physical Energy & Power Flows;2022;11;38;38;38;RU;LV;Monthly Value;Export;Harmonized;NaM;M
Physical Energy & Power Flows;2022;6;98;98;98;MD;RO;Monthly Value;Import;Harmonized;NaM;M
Physical Energy & Power Flows;2022;10;73;73;73;CH;AT;Monthly Value;Import;Harmonized;M;M
Physical Energy & Power Flows;2022;9;194;194;194;DE;NO;Monthly Value;Export;Harmonized;M;M
Physical Energy & Power Flows;2022;11;1175;1175;1175;AT;DE;Monthly Value;Import;Harmonized;M;M
Physical Energy & Power Flows;2022;10;17;17;17;CH;IT;Monthly Value;Import;Harmonized;M;M
Physical Energy & Power Flows;2022;11;799;799;799;DE;DK;Monthly Value;Import;Harmonized;M;M
Physical Energy & Power Flows;2022;1;109;109;109;RO;BG;Monthly Value;Import;Harmonized;M;M
Physical Energy & Power Flows;2022;12;83;83;83;BA;ME;Monthly Value;Import;Harmonized;M;M
Physical Energy & Power Flows;2022;6;0;0;0;GR;TR;Monthly Value;Export;Harmonized;M;M
Physical Energy & Power Flows;2022;2;151;151;151;DK;NO;Monthly Value;Import;Harmonized;M;M
Physical Energy & Power Flows;2022;7;103;103;103;HU;SI;Monthly Value;Export;Harmonized;M;M
Physical Energy & Power Flows;2022;8;61;61;61;SI;AT;Monthly Value;Export;Harmonized;M;M
Physical Energy & Power Flows;2022;5;116;116;116;DK;DE;Monthly Value;Import;Harmonized;M;M
Physical Energy & Power Flows;2022;8;120;120;120;NL;DK;Monthly Value;Import;Harmonized;M;M
Physical Energy & Power Flows;2022;1;85;85;85;AL;XK;Monthly Value;Export;Harmonized;M;M
Physical Energy & Power Flows;2022;7;1;1;1;PL;CZ;Monthly Value;Import;Harmonized;M;M
Physical Energy & Power Flows;2022;9;9;9;9;RU;GE;Monthly Value;Export;Harmonized;NaM;NaM
Physical Energy & Power Flows;2022;9;48;48;48;BA;ME;Monthly Value;Import;Harmonized;M;M
Physical Energy & Power Flows;2022;11;71;71;71;GE;AM;Monthly Value;Import;Harmonized;NaM;NaM
Physical Energy & Power Flows;2022;10;2;2;2;RU;LT;Monthly Value;Import;Harmonized;NaM;M
Physical Energy & Power Flows;2022;7;7;7;7;RO;UA;Monthly Value;Export;Harmonized;M;NaM
Physical Energy & Power Flows;2022;5;18;18;18;AT;HU;Monthly Value;Import;Harmonized;M;M
Physical Energy & Power Flows;2022;6;0;0;0;EE;FI;Monthly Value;Export;Harmonized;M;M
Physical Energy & Power Flows;2022;10;337;337;337;FR;ES;Monthly Value;Export;Harmonized;M;M
Physical Energy & Power Flows;2022;12;8;8;8;LT;RU;Monthly Value;Import;Harmonized;M;NaM
Physical Energy & Power Flows;2022;7;151;151;151;DE;CZ;Monthly Value;Export;Harmonized;M;M
Physical Energy & Power Flows;2022;3;116;116;116;RS;ME;Monthly Value;Import;Harmonized;M;M
Physical Energy & Power Flows;2022;3;0;0;0;GE;AZ;Monthly Value;Export;Harmonized;NaM;NaM
Physical Energy & Power Flows;2022;2;180;180;180;IT;ME;Monthly Value;Import;Harmonized;M;M
Physical Energy & Power Flows;2022;10;24;24;24;ME;XK;Monthly Value;Import;Harmonized;M;M
Physical Energy & Power Flows;2022;8;11;11;11;MK;GR;Monthly Value;Export;Harmonized;M;M
Physical Energy & Power Flows;2022;5;19;19;19;NO;NL;Monthly Value;Export;Harmonized;M;M
Physical Energy & Power Flows;2022;5;12;12;12;RS;HU;Monthly Value;Export;Harmonized;M;M
Physical Energy & Power Flows;2022;7;7;7;7;LV;LT;Monthly Value;Import;Harmonized;M;M
Physical Energy & Power Flows;2022;2;168;168;168;GE;TR;Monthly Value;Export;Harmonized;NaM;M
Physical Energy & Power Flows;2022;10;1018;1018;1018;CZ;SK;Monthly Value;Export;Harmonized;M;M
Physical Energy & Power Flows;2022;10;8;8;8;TR;GR;Monthly Value;Import;Harmonized;M;M
Physical Energy & Power Flows;2022;8;341;341;341;IT;SI;Monthly Value;Import;Harmonized;M;M
Physical Energy & Power Flows;2022;12;39;39;39;FI;NO;Monthly Value;Import;Harmonized;M;M
Physical Energy & Power Flows;2022;1;549;549;549;SE;DK;Monthly Value;Export;Harmonized;M;M
Physical Energy & Power Flows;2022;9;59;59;59;NL;DE;Monthly Value;Import;Harmonized;M;M
Physical Energy & Power Flows;2022;8;172;172;172;NO;SE;Monthly Value;Import;Harmonized;M;M
Physical Energy & Power Flows;2022;10;66;66;66;IT;MT;Monthly Value;Export;Harmonized;M;NaM
Physical Energy & Power Flows;2022;4;166;166;166;MD;RO;Monthly Value;Import;Harmonized;NaM;M
Physical Energy & Power Flows;2022;8;207;207;207;NO;GB;Monthly Value;Import;Harmonized;M;M
Physical Energy & Power Flows;2022;5;39;39;39;GR;AL;Monthly Value;Export;Harmonized;M;M
Physical Energy & Power Flows;2022;5;72;72;72;LT;PL;Monthly Value;Import;Harmonized;M;M
Physical Energy & Power Flows;2022;2;0;0;0;HU;HR;Monthly Value;Import;Harmonized;M;M
Physical Energy & Power Flows;2022;1;8;8;8;MD;UA;Monthly Value;Import;Harmonized;NaM;NaM
Physical Energy & Power Flows;2022;12;0;0;0;UA;PL;Monthly Value;Import;Harmonized;NaM;M
Physical Energy & Power Flows;2022;1;96;96;96;GB;IE;Monthly Value;Import;Harmonized;M;M
Physical Energy & Power Flows;2022;12;235;235;235;RU;GE;Monthly Value;Export;Harmonized;NaM;NaM
Physical Energy & Power Flows;2022;7;1313;1313;1313;DE;DK;Monthly Value;Import;Harmonized;M;M
Physical Energy & Power Flows;2022;10;52;52;52;UA;PL;Monthly Value;Export;Harmonized;NaM;M
Physical Energy & Power Flows;2022;2;0;0;0;FI;EE;Monthly Value;Import;Harmonized;M;M
Physical Energy & Power Flows;2022;2;505;505;505;AT;HU;Monthly Value;Export;Harmonized;M;M
Physical Energy & Power Flows;2022;4;273;273;273;NL;DK;Monthly Value;Import;Harmonized;M;M
Physical Energy & Power Flows;2022;2;582;582;582;EE;FI;Monthly Value;Import;Harmonized;M;M
Physical Energy & Power Flows;2022;12;117;117;117;CZ;DE;Monthly Value;Import;Harmonized;M;M
Physical Energy & Power Flows;2022;10;146;146;146;NL;DE;Monthly Value;Import;Harmonized;M;M
Physical Energy & Power Flows;2022;12;493;493;493;GB;NO;Monthly Value;Import;Harmonized;M;M
Physical Energy & Power Flows;2022;12;397;397;397;SE;DK;Monthly Value;Export;Harmonized;M;M
Physical Energy & Power Flows;2022;4;575;575;575;BE;NL;Monthly Value;Import;Harmonized;M;M
Physical Energy & Power Flows;2022;5;429;429;429;FR;BE;Monthly Value;Import;Harmonized;M;M
Physical Energy & Power Flows;2022;11;8;8;8;BG;GR;Monthly Value;Import;Harmonized;M;M
Physical Energy & Power Flows;2022;11;263;263;263;HR;BA;Monthly Value;Import;Harmonized;M;M
Physical Energy & Power Flows;2022;6;0;0;0;GE;AM;Monthly Value;Import;Harmonized;NaM;NaM
Physical Energy & Power Flows;2022;6;241;241;241;BE;DE;Monthly Value;Import;Harmonized;M;M
Physical Energy & Power Flows;2022;7;194;194;194;GR;TR;Monthly Value;Import;Harmonized;M;M
Physical Energy & Power Flows;2022;6;139;139;139;RS;XK;Monthly Value;Export;Harmonized;M;M
Physical Energy & Power Flows;2022;8;73;73;73;BG;TR;Monthly Value;Export;Harmonized;M;M
Physical Energy & Power Flows;2022;4;128;128;128;LT;RU;Monthly Value;Import;Harmonized;M;NaM
Physical Energy & Power Flows;2022;11;131;131;131;GR;IT;Monthly Value;Export;Harmonized;M;M
Physical Energy & Power Flows;2022;8;712;712;712;AT;DE;Monthly Value;Import;Harmonized;M;M
Physical Energy & Power Flows;2022;5;725;725;725;DE;DK;Monthly Value;Import;Harmonized;M;M
Physical Energy & Power Flows;2022;7;447;447;447;TR;GE;Monthly Value;Import;Harmonized;M;NaM
Physical Energy & Power Flows;2022;6;1609;1609;1609;CH;IT;Monthly Value;Export;Harmonized;M;M
Physical Energy & Power Flows;2022;10;11;11;11;AL;XK;Monthly Value;Export;Harmonized;M;M
Physical Energy & Power Flows;2022;5;563;563;563;SK;PL;Monthly Value;Import;Harmonized;M;M
Physical Energy & Power Flows;2022;8;18;18;18;BY;LT;Monthly Value;Export;Harmonized;NaM;M
Physical Energy & Power Flows;2022;5;137;137;137;CH;AT;Monthly Value;Import;Harmonized;M;M
Physical Energy & Power Flows;2022;7;79;79;79;UA;RO;Monthly Value;Export;Harmonized;NaM;M
Physical Energy & Power Flows;2022;8;44;44;44;AT;CH;Monthly Value;Import;Harmonized;M;M
Physical Energy & Power Flows;2022;5;883;883;883;SE;DK;Monthly Value;Export;Harmonized;M;M
Physical Energy & Power Flows;2022;12;88;88;88;AT;HU;Monthly Value;Import;Harmonized;M;M
Physical Energy & Power Flows;2022;3;29;29;29;RS;MK;Monthly Value;Export;Harmonized;M;M
Physical Energy & Power Flows;2022;4;1075;1075;1075;FR;IT;Monthly Value;Export;Harmonized;M;M
Physical Energy & Power Flows;2022;7;117;117;117;XK;AL;Monthly Value;Export;Harmonized;M;M
Physical Energy & Power Flows;2022;12;7;7;7;PL;CZ;Monthly Value;Import;Harmonized;M;M
Physical Energy & Power Flows;2022;6;133;133;133;NL;BE;Monthly Value;Import;Harmonized;M;M
Physical Energy & Power Flows;2022;10;100;100;100;MK;XK;Monthly Value;Import;Harmonized;M;M
Physical Energy & Power Flows;2022;9;95;95;95;UA;MD;Monthly Value;Import;Harmonized;NaM;NaM
Physical Energy & Power Flows;2022;9;95;95;95;MD;UA;Monthly Value;Export;Harmonized;NaM;NaM
Physical Energy & Power Flows;2022;3;108;108;108;BE;DE;Monthly Value;Export;Harmonized;M;M
Physical Energy & Power Flows;2022;3;20;20;20;PL;LT;Monthly Value;Export;Harmonized;M;M
Physical Energy & Power Flows;2022;6;1;1;1;BG;GR;Monthly Value;Import;Harmonized;M;M
Physical Energy & Power Flows;2022;6;64;64;64;RO;UA;Monthly Value;Import;Harmonized;M;NaM
Physical Energy & Power Flows;2022;9;93;93;93;SI;HR;Monthly Value;Export;Harmonized;M;M
Physical Energy & Power Flows;2022;1;364;364;364;SI;AT;Monthly Value;Import;Harmonized;M;M
Physical Energy & Power Flows;2022;9;151;151;151;ME;RS;Monthly Value;Export;Harmonized;M;M
Physical Energy & Power Flows;2022;10;147;147;147;EE;RU;Monthly Value;Export;Harmonized;M;NaM
Physical Energy & Power Flows;2022;4;124;124;124;GR;IT;Monthly Value;Import;Harmonized;M;M
Physical Energy & Power Flows;2022;5;467;467;467;EE;FI;Monthly Value;Import;Harmonized;M;M
Physical Energy & Power Flows;2022;2;33;33;33;LU;BE;Monthly Value;Import;Harmonized;M;M
Physical Energy & Power Flows;2022;3;3;3;3;IT;CH;Monthly Value;Export;Harmonized;M;M
Physical Energy & Power Flows;2022;3;288;288;288;TR;GR;Monthly Value;Export;Harmonized;M;M
Physical Energy & Power Flows;2022;8;159;159;159;UA;PL;Monthly Value;Export;Harmonized;NaM;M
Physical Energy & Power Flows;2022;7;157;157;157;BE;GB;Monthly Value;Export;Harmonized;M;M
Physical Energy & Power Flows;2022;12;250;250;250;DE;FR;Monthly Value;Import;Harmonized;M;M
Physical Energy & Power Flows;2022;11;574;574;574;NO;GB;Monthly Value;Export;Harmonized;M;M
Physical Energy & Power Flows;2022;8;7;7;7;UA;RO;Monthly Value;Import;Harmonized;NaM;M
Physical Energy & Power Flows;2022;8;987;987;987;DK;SE;Monthly Value;Import;Harmonized;M;M
Physical Energy & Power Flows;2022;1;45;45;45;GB;BE;Monthly Value;Export;Harmonized;M;M
Physical Energy & Power Flows;2022;6;139;139;139;BG;TR;Monthly Value;Export;Harmonized;M;M
Physical Energy & Power Flows;2022;6;56;56;56;CH;DE;Monthly Value;Export;Harmonized;M;M
Physical Energy & Power Flows;2022;11;222;222;222;TR;BG;Monthly Value;Import;Harmonized;M;M
Physical Energy & Power Flows;2022;12;38;38;38;AL;GR;Monthly Value;Import;Harmonized;M;M
Physical Energy & Power Flows;2022;2;165;165;165;GR;IT;Monthly Value;Import;Harmonized;M;M
Physical Energy & Power Flows;2022;3;418;418;418;EE;LV;Monthly Value;Export;Harmonized;M;M
Physical Energy & Power Flows;2022;7;298;298;298;AT;SI;Monthly Value;Export;Harmonized;M;M
Physical Energy & Power Flows;2022;6;262;262;262;NL;GB;Monthly Value;Import;Harmonized;M;M
Physical Energy & Power Flows;2022;2;8;8;8;UA;MD;Monthly Value;Export;Harmonized;NaM;NaM
Physical Energy & Power Flows;2022;2;231;231;231;NO;SE;Monthly Value;Export;Harmonized;M;M
Physical Energy & Power Flows;2022;11;465;465;465;IT;SI;Monthly Value;Import;Harmonized;M;M
Physical Energy & Power Flows;2022;8;212;212;212;ME;XK;Monthly Value;Import;Harmonized;M;M
Physical Energy & Power Flows;2022;8;356;356;356;HR;BA;Monthly Value;Import;Harmonized;M;M
Physical Energy & Power Flows;2022;7;552;552;552;SI;IT;Monthly Value;Export;Harmonized;M;M
Physical Energy & Power Flows;2022;2;52;52;52;DE;NL;Monthly Value;Import;Harmonized;M;M
Physical Energy & Power Flows;2022;6;286;286;286;LV;LT;Monthly Value;Export;Harmonized;M;M
Physical Energy & Power Flows;2022;2;613;613;613;NO;GB;Monthly Value;Export;Harmonized;M;M
Physical Energy & Power Flows;2022;12;56;56;56;BA;RS;Monthly Value;Import;Harmonized;M;M
Physical Energy & Power Flows;2022;3;77;77;77;DE;DK;Monthly Value;Export;Harmonized;M;M
Physical Energy & Power Flows;2022;4;167;167;167;RU;GE;Monthly Value;Export;Harmonized;NaM;NaM
Physical Energy & Power Flows;2022;5;220;220;220;GR;MK;Monthly Value;Import;Harmonized;M;M
Physical Energy & Power Flows;2022;10;428;428;428;FR;DE;Monthly Value;Import;Harmonized;M;M
Physical Energy & Power Flows;2022;12;664;664;664;PL;DE;Monthly Value;Import;Harmonized;M;M
Physical Energy & Power Flows;2022;2;47;47;47;RS;ME;Monthly Value;Import;Harmonized;M;M
Physical Energy & Power Flows;2022;5;12;12;12;RU;GE;Monthly Value;Export;Harmonized;NaM;NaM
Physical Energy & Power Flows;2022;4;89;89;89;ME;XK;Monthly Value;Import;Harmonized;M;M
Physical Energy & Power Flows;2022;8;3;3;3;BG;RO;Monthly Value;Import;Harmonized;M;M
Physical Energy & Power Flows;2022;1;199;199;199;PL;LT;Monthly Value;Import;Harmonized;M;M
Physical Energy & Power Flows;2022;7;345;345;345;IT;GR;Monthly Value;Import;Harmonized;M;M
Physical Energy & Power Flows;2022;12;118;118;118;SI;AT;Monthly Value;Import;Harmonized;M;M
Physical Energy & Power Flows;2022;10;115;115;115;RO;RS;Monthly Value;Export;Harmonized;M;M
Physical Energy & Power Flows;2022;7;312;312;312;HU;UA;Monthly Value;Import;Harmonized;M;NaM
Physical Energy & Power Flows;2022;3;132;132;132;RO;MD;Monthly Value;Export;Harmonized;M;NaM
Physical Energy & Power Flows;2022;9;460;460;460;DE;DK;Monthly Value;Import;Harmonized;M;M
Physical Energy & Power Flows;2022;7;298;298;298;SI;AT;Monthly Value;Import;Harmonized;M;M
Physical Energy & Power Flows;2022;12;39;39;39;LV;LT;Monthly Value;Import;Harmonized;M;M
Physical Energy & Power Flows;2022;5;34;34;34;MT;IT;Monthly Value;Import;Harmonized;NaM;M
Physical Energy & Power Flows;2022;8;522;522;522;RO;BG;Monthly Value;Import;Harmonized;M;M
Physical Energy & Power Flows;2022;2;24;24;24;PT;ES;Monthly Value;Export;Harmonized;M;M
Physical Energy & Power Flows;2022;6;0;0;0;XK;ME;Monthly Value;Import;Harmonized;M;M
Physical Energy & Power Flows;2022;12;114;114;114;SK;UA;Monthly Value;Export;Harmonized;M;NaM
Physical Energy & Power Flows;2022;6;672;672;672;NO;SE;Monthly Value;Export;Harmonized;M;M
Physical Energy & Power Flows;2022;4;113;113;113;UA;RO;Monthly Value;Export;Harmonized;NaM;M
Physical Energy & Power Flows;2022;6;16;16;16;HR;BA;Monthly Value;Export;Harmonized;M;M
Physical Energy & Power Flows;2022;10;0;0;0;UA;PL;Monthly Value;Import;Harmonized;NaM;M
Physical Energy & Power Flows;2022;5;17;17;17;FI;EE;Monthly Value;Import;Harmonized;M;M
Physical Energy & Power Flows;2022;10;108;108;108;PL;LT;Monthly Value;Import;Harmonized;M;M
Physical Energy & Power Flows;2022;7;119;119;119;LV;RU;Monthly Value;Import;Harmonized;M;NaM
Physical Energy & Power Flows;2022;1;502;502;502;NL;GB;Monthly Value;Export;Harmonized;M;M
Physical Energy & Power Flows;2022;1;53;53;53;NO;NL;Monthly Value;Import;Harmonized;M;M
Physical Energy & Power Flows;2022;8;508;508;508;LT;SE;Monthly Value;Import;Harmonized;M;M
Physical Energy & Power Flows;2022;1;50;50;50;FR;IT;Monthly Value;Import;Harmonized;M;M
Physical Energy & Power Flows;2022;3;257;257;257;HU;AT;Monthly Value;Import;Harmonized;M;M
Physical Energy & Power Flows;2022;12;17;17;17;HR;RS;Monthly Value;Export;Harmonized;M;M
Physical Energy & Power Flows;2022;5;2;2;2;FI;NO;Monthly Value;Export;Harmonized;M;M
Physical Energy & Power Flows;2022;4;0;0;0;GE;AM;Monthly Value;Export;Harmonized;NaM;NaM
Physical Energy & Power Flows;2022;6;98;98;98;RO;MD;Monthly Value;Export;Harmonized;M;NaM
Physical Energy & Power Flows;2022;10;25;25;25;UA;MD;Monthly Value;Export;Harmonized;NaM;NaM
Physical Energy & Power Flows;2022;4;96;96;96;RO;HU;Monthly Value;Import;Harmonized;M;M
Physical Energy & Power Flows;2022;12;4;4;4;XK;AL;Monthly Value;Export;Harmonized;M;M
Physical Energy & Power Flows;2022;7;101;101;101;PL;LT;Monthly Value;Export;Harmonized;M;M
Physical Energy & Power Flows;2022;12;164;164;164;DK;NL;Monthly Value;Export;Harmonized;M;M
Physical Energy & Power Flows;2022;1;2;2;2;SK;CZ;Monthly Value;Export;Harmonized;M;M
Physical Energy & Power Flows;2022;8;342;342;342;DE;CZ;Monthly Value;Import;Harmonized;M;M
Physical Energy & Power Flows;2022;7;10;10;10;RS;HU;Monthly Value;Export;Harmonized;M;M
Physical Energy & Power Flows;2022;5;262;262;262;DE;SE;Monthly Value;Import;Harmonized;M;M
Physical Energy & Power Flows;2022;5;0;0;0;GR;BG;Monthly Value;Export;Harmonized;M;M
Physical Energy & Power Flows;2022;7;7;7;7;SE;DK;Monthly Value;Import;Harmonized;M;M
Physical Energy & Power Flows;2022;3;59;59;59;HU;AT;Monthly Value;Export;Harmonized;M;M
Physical Energy & Power Flows;2022;7;10;10;10;IT;ME;Monthly Value;Export;Harmonized;M;M
Physical Energy & Power Flows;2022;4;210;210;210;LT;BY;Monthly Value;Import;Harmonized;M;NaM
Physical Energy & Power Flows;2022;5;75;75;75;RO;BG;Monthly Value;Export;Harmonized;M;M
Physical Energy & Power Flows;2022;1;0;0;0;UA;PL;Monthly Value;Import;Harmonized;NaM;M
Physical Energy & Power Flows;2022;3;28;28;28;BE;GB;Monthly Value;Import;Harmonized;M;M
Physical Energy & Power Flows;2022;6;168;168;168;AT;IT;Monthly Value;Export;Harmonized;M;M
Physical Energy & Power Flows;2022;4;240;240;240;TR;BG;Monthly Value;Import;Harmonized;M;M
Physical Energy & Power Flows;2022;6;153;153;153;AL;XK;Monthly Value;Import;Harmonized;M;M
Physical Energy & Power Flows;2022;12;426;426;426;BE;DE;Monthly Value;Import;Harmonized;M;M
Physical Energy & Power Flows;2022;10;467;467;467;EE;LV;Monthly Value;Export;Harmonized;M;M
Physical Energy & Power Flows;2022;7;334;334;334;FR;CH;Monthly Value;Export;Harmonized;M;M
Physical Energy & Power Flows;2022;4;38;38;38;CH;IT;Monthly Value;Import;Harmonized;M;M
Physical Energy & Power Flows;2022;8;356;356;356;UA;HU;Monthly Value;Export;Harmonized;NaM;M
Physical Energy & Power Flows;2022;9;0;0;0;PL;SE;Monthly Value;Export;Harmonized;M;M
Physical Energy & Power Flows;2022;2;129;129;129;IE;GB;Monthly Value;Export;Harmonized;M;M
Physical Energy & Power Flows;2022;7;535;535;535;NO;DK;Monthly Value;Export;Harmonized;M;M
Physical Energy & Power Flows;2022;11;33;33;33;RS;XK;Monthly Value;Import;Harmonized;M;M
Physical Energy & Power Flows;2022;8;172;172;172;MK;GR;Monthly Value;Import;Harmonized;M;M
Physical Energy & Power Flows;2022;10;94;94;94;PL;LT;Monthly Value;Export;Harmonized;M;M
Physical Energy & Power Flows;2022;5;75;75;75;BG;RO;Monthly Value;Import;Harmonized;M;M
Physical Energy & Power Flows;2022;1;0;0;0;AM;GE;Monthly Value;Import;Harmonized;NaM;NaM
Physical Energy & Power Flows;2022;9;0;0;0;NO;FI;Monthly Value;Import;Harmonized;M;M
Physical Energy & Power Flows;2022;6;322;322;322;PL;SE;Monthly Value;Import;Harmonized;M;M
Physical Energy & Power Flows;2022;9;28;28;28;LT;BY;Monthly Value;Import;Harmonized;M;NaM
Physical Energy & Power Flows;2022;2;327;327;327;DE;FR;Monthly Value;Export;Harmonized;M;M
Physical Energy & Power Flows;2022;9;3;3;3;NL;NO;Monthly Value;Import;Harmonized;M;M
Physical Energy & Power Flows;2022;10;1059;1059;1059;CZ;AT;Monthly Value;Export;Harmonized;M;M
Physical Energy & Power Flows;2022;6;72;72;72;SI;HR;Monthly Value;Export;Harmonized;M;M
Physical Energy & Power Flows;2022;2;24;24;24;IE;GB;Monthly Value;Import;Harmonized;M;M
Physical Energy & Power Flows;2022;12;81;81;81;BA;HR;Monthly Value;Import;Harmonized;M;M
Physical Energy & Power Flows;2022;4;327;327;327;HU;AT;Monthly Value;Import;Harmonized;M;M
Physical Energy & Power Flows;2022;3;0;0;0;RO;MD;Monthly Value;Import;Harmonized;M;NaM
Physical Energy & Power Flows;2022;9;737;737;737;NL;DE;Monthly Value;Export;Harmonized;M;M
Physical Energy & Power Flows;2022;7;1182;1182;1182;DK;SE;Monthly Value;Import;Harmonized;M;M
Physical Energy & Power Flows;2022;5;0;0;0;BG;RS;Monthly Value;Import;Harmonized;M;M
Physical Energy & Power Flows;2022;1;117;117;117;HU;RS;Monthly Value;Export;Harmonized;M;M
Physical Energy & Power Flows;2022;8;49;49;49;CH;IT;Monthly Value;Import;Harmonized;M;M
Physical Energy & Power Flows;2022;3;151;151;151;GR;MK;Monthly Value;Export;Harmonized;M;M
Physical Energy & Power Flows;2022;9;1751;1751;1751;ES;FR;Monthly Value;Export;Harmonized;M;M
Physical Energy & Power Flows;2022;7;524;524;524;SE;LT;Monthly Value;Export;Harmonized;M;M
Physical Energy & Power Flows;2022;12;146;146;146;LT;BY;Monthly Value;Import;Harmonized;M;NaM
Physical Energy & Power Flows;2022;9;26;26;26;MD;UA;Monthly Value;Import;Harmonized;NaM;NaM
Physical Energy & Power Flows;2022;6;0;0;0;LU;DE;Monthly Value;Export;Harmonized;M;M
Physical Energy & Power Flows;2022;11;66;66;66;RS;BA;Monthly Value;Export;Harmonized;M;M
Physical Energy & Power Flows;2022;12;776;776;776;NL;BE;Monthly Value;Export;Harmonized;M;M
Physical Energy & Power Flows;2022;3;50;50;50;HU;RS;Monthly Value;Import;Harmonized;M;M
Physical Energy & Power Flows;2022;4;256;256;256;BA;HR;Monthly Value;Export;Harmonized;M;M
Physical Energy & Power Flows;2022;12;336;336;336;BG;RO;Monthly Value;Export;Harmonized;M;M
Physical Energy & Power Flows;2022;7;339;339;339;BE;NL;Monthly Value;Import;Harmonized;M;M
Physical Energy & Power Flows;2022;2;24;24;24;GB;IE;Monthly Value;Export;Harmonized;M;M
Physical Energy & Power Flows;2022;6;129;129;129;CH;AT;Monthly Value;Import;Harmonized;M;M
Physical Energy & Power Flows;2022;6;1;1;1;AT;SI;Monthly Value;Import;Harmonized;M;M
Physical Energy & Power Flows;2022;12;60;60;60;GB;IE;Monthly Value;Import;Harmonized;M;M
Physical Energy & Power Flows;2022;3;291;291;291;LU;DE;Monthly Value;Import;Harmonized;M;M
Physical Energy & Power Flows;2022;3;19;19;19;XK;RS;Monthly Value;Export;Harmonized;M;M
Physical Energy & Power Flows;2022;10;1216;1216;1216;ES;FR;Monthly Value;Export;Harmonized;M;M
Physical Energy & Power Flows;2022;7;0;0;0;RU;LV;Monthly Value;Import;Harmonized;NaM;M
Physical Energy & Power Flows;2022;3;234;234;234;BA;HR;Monthly Value;Export;Harmonized;M;M
Physical Energy & Power Flows;2022;8;397;397;397;NO;DE;Monthly Value;Export;Harmonized;M;M
Physical Energy & Power Flows;2022;5;47;47;47;UA;MD;Monthly Value;Import;Harmonized;NaM;NaM
Physical Energy & Power Flows;2022;6;112;112;112;BA;ME;Monthly Value;Export;Harmonized;M;M
Physical Energy & Power Flows;2022;4;16;16;16;RS;MK;Monthly Value;Export;Harmonized;M;M
Physical Energy & Power Flows;2022;11;52;52;52;BA;ME;Monthly Value;Import;Harmonized;M;M
Physical Energy & Power Flows;2022;3;14;14;14;GB;NL;Monthly Value;Export;Harmonized;M;M
Physical Energy & Power Flows;2022;6;53;53;53;AT;HU;Monthly Value;Import;Harmonized;M;M
Physical Energy & Power Flows;2022;6;83;83;83;GR;MK;Monthly Value;Import;Harmonized;M;M
Physical Energy & Power Flows;2022;6;167;167;167;ME;XK;Monthly Value;Import;Harmonized;M;M
Physical Energy & Power Flows;2022;11;70;70;70;RU;GE;Monthly Value;Export;Harmonized;NaM;NaM
Physical Energy & Power Flows;2022;6;414;414;414;GB;BE;Monthly Value;Export;Harmonized;M;M
Physical Energy & Power Flows;2022;5;247;247;247;LV;LT;Monthly Value;Export;Harmonized;M;M
Physical Energy & Power Flows;2022;2;26;26;26;BE;FR;Monthly Value;Import;Harmonized;M;M
Physical Energy & Power Flows;2022;8;85;85;85;MT;IT;Monthly Value;Import;Harmonized;NaM;M
Physical Energy & Power Flows;2022;2;238;238;238;RU;GE;Monthly Value;Export;Harmonized;NaM;NaM
Physical Energy & Power Flows;2022;3;146;146;146;CH;FR;Monthly Value;Export;Harmonized;M;M
Physical Energy & Power Flows;2022;5;39;39;39;AL;GR;Monthly Value;Import;Harmonized;M;M
Physical Energy & Power Flows;2022;9;7;7;7;MD;RO;Monthly Value;Export;Harmonized;NaM;M
Physical Energy & Power Flows;2022;9;9;9;9;RS;XK;Monthly Value;Import;Harmonized;M;M
Physical Energy & Power Flows;2022;12;292;292;292;IT;ME;Monthly Value;Import;Harmonized;M;M
Physical Energy & Power Flows;2022;9;0;0;0;GE;AM;Monthly Value;Import;Harmonized;NaM;NaM
Physical Energy & Power Flows;2022;4;0;0;0;IE;GB;Monthly Value;Import;Harmonized;M;M
Physical Energy & Power Flows;2022;8;2;2;2;LT;RU;Monthly Value;Export;Harmonized;M;NaM
Physical Energy & Power Flows;2022;4;59;59;59;XK;AL;Monthly Value;Export;Harmonized;M;M
Physical Energy & Power Flows;2022;5;159;159;159;EE;RU;Monthly Value;Export;Harmonized;M;NaM
Physical Energy & Power Flows;2022;3;226;226;226;PL;LT;Monthly Value;Import;Harmonized;M;M
Physical Energy & Power Flows;2022;12;203;203;203;HU;SI;Monthly Value;Export;Harmonized;M;M
Physical Energy & Power Flows;2022;12;83;83;83;LU;BE;Monthly Value;Import;Harmonized;M;M
Physical Energy & Power Flows;2022;3;16;16;16;HR;SI;Monthly Value;Import;Harmonized;M;M
Physical Energy & Power Flows;2022;4;862;862;862;SK;HU;Monthly Value;Export;Harmonized;M;M
Physical Energy & Power Flows;2022;12;37;37;37;RU;LV;Monthly Value;Export;Harmonized;NaM;M
Physical Energy & Power Flows;2022;12;1071;1071;1071;HU;SK;Monthly Value;Import;Harmonized;M;M
Physical Energy & Power Flows;2022;10;149;149;149;TR;GR;Monthly Value;Export;Harmonized;M;M
Physical Energy & Power Flows;2022;7;64;64;64;NO;DE;Monthly Value;Import;Harmonized;M;M
Physical Energy & Power Flows;2022;6;152;152;152;RS;ME;Monthly Value;Import;Harmonized;M;M
Physical Energy & Power Flows;2022;1;307;307;307;GE;RU;Monthly Value;Import;Harmonized;NaM;NaM
Physical Energy & Power Flows;2022;9;308;308;308;BE;GB;Monthly Value;Import;Harmonized;M;M
Physical Energy & Power Flows;2022;4;16;16;16;AL;GR;Monthly Value;Import;Harmonized;M;M
Physical Energy & Power Flows;2022;1;201;201;201;RU;LT;Monthly Value;Export;Harmonized;NaM;M
Physical Energy & Power Flows;2022;8;100;100;100;FR;GB;Monthly Value;Export;Harmonized;M;M
Physical Energy & Power Flows;2022;4;739;739;739;SK;CZ;Monthly Value;Import;Harmonized;M;M
Physical Energy & Power Flows;2022;8;312;312;312;GR;AL;Monthly Value;Export;Harmonized;M;M
Physical Energy & Power Flows;2022;1;916;916;916;ES;FR;Monthly Value;Export;Harmonized;M;M
Physical Energy & Power Flows;2022;7;2;2;2;LT;RU;Monthly Value;Export;Harmonized;M;NaM
Physical Energy & Power Flows;2022;12;297;297;297;DK;NO;Monthly Value;Import;Harmonized;M;M
Physical Energy & Power Flows;2022;1;324;324;324;UA;RU;Monthly Value;Import;Harmonized;NaM;NaM
Physical Energy & Power Flows;2022;2;70;70;70;ME;IT;Monthly Value;Import;Harmonized;M;M
Physical Energy & Power Flows;2022;10;5;5;5;GR;BG;Monthly Value;Export;Harmonized;M;M
Physical Energy & Power Flows;2022;12;44;44;44;GB;IE;Monthly Value;Export;Harmonized;M;M
Physical Energy & Power Flows;2022;6;0;0;0;SK;CZ;Monthly Value;Export;Harmonized;M;M
Physical Energy & Power Flows;2022;7;2;2;2;MK;RS;Monthly Value;Export;Harmonized;M;M
Physical Energy & Power Flows;2022;1;113;113;113;HU;RO;Monthly Value;Export;Harmonized;M;M
Physical Energy & Power Flows;2022;11;1468;1468;1468;GB;FR;Monthly Value;Export;Harmonized;M;M
Physical Energy & Power Flows;2022;11;21;21;21;UA;HU;Monthly Value;Import;Harmonized;NaM;M
Physical Energy & Power Flows;2022;4;1;1;1;XK;RS;Monthly Value;Export;Harmonized;M;M
Physical Energy & Power Flows;2022;2;92;92;92;HR;BA;Monthly Value;Import;Harmonized;M;M
Physical Energy & Power Flows;2022;8;182;182;182;CH;DE;Monthly Value;Export;Harmonized;M;M
Physical Energy & Power Flows;2022;3;19;19;19;RS;XK;Monthly Value;Import;Harmonized;M;M
Physical Energy & Power Flows;2022;3;85;85;85;XK;ME;Monthly Value;Export;Harmonized;M;M
Physical Energy & Power Flows;2022;2;479;479;479;HU;HR;Monthly Value;Export;Harmonized;M;M
Physical Energy & Power Flows;2022;5;38;38;38;UA;HU;Monthly Value;Import;Harmonized;NaM;M
Physical Energy & Power Flows;2022;4;24;24;24;AL;ME;Monthly Value;Import;Harmonized;M;M
Physical Energy & Power Flows;2022;6;1517;1517;1517;FR;GB;Monthly Value;Import;Harmonized;M;M
Physical Energy & Power Flows;2022;5;104;104;104;DK;NL;Monthly Value;Import;Harmonized;M;M
Physical Energy & Power Flows;2022;7;26;26;26;MK;GR;Monthly Value;Export;Harmonized;M;M
Physical Energy & Power Flows;2022;1;634;634;634;FI;EE;Monthly Value;Export;Harmonized;M;M
Physical Energy & Power Flows;2022;4;435;435;435;FR;CH;Monthly Value;Export;Harmonized;M;M
Physical Energy & Power Flows;2022;6;64;64;64;UA;RO;Monthly Value;Export;Harmonized;NaM;M
Physical Energy & Power Flows;2022;7;79;79;79;RO;UA;Monthly Value;Import;Harmonized;M;NaM
Physical Energy & Power Flows;2022;11;40;40;40;DE;DK;Monthly Value;Export;Harmonized;M;M
Physical Energy & Power Flows;2022;10;124;124;124;HU;RS;Monthly Value;Export;Harmonized;M;M
Physical Energy & Power Flows;2022;12;129;129;129;GR;BG;Monthly Value;Import;Harmonized;M;M
Physical Energy & Power Flows;2022;9;161;161;161;BG;TR;Monthly Value;Export;Harmonized;M;M
Physical Energy & Power Flows;2022;2;13;13;13;BE;GB;Monthly Value;Import;Harmonized;M;M
Physical Energy & Power Flows;2022;5;159;159;159;DE;CZ;Monthly Value;Import;Harmonized;M;M
Physical Energy & Power Flows;2022;5;0;0;0;AT;SI;Monthly Value;Import;Harmonized;M;M
Physical Energy & Power Flows;2022;9;0;0;0;BG;RS;Monthly Value;Import;Harmonized;M;M
Physical Energy & Power Flows;2022;1;391;391;391;EE;RU;Monthly Value;Export;Harmonized;M;NaM
Physical Energy & Power Flows;2022;12;202;202;202;NL;DE;Monthly Value;Export;Harmonized;M;M
Physical Energy & Power Flows;2022;1;477;477;477;FR;ES;Monthly Value;Export;Harmonized;M;M
Physical Energy & Power Flows;2022;1;1383;1383;1383;SE;FI;Monthly Value;Export;Harmonized;M;M
Physical Energy & Power Flows;2022;11;41;41;41;LT;PL;Monthly Value;Export;Harmonized;M;M
Physical Energy & Power Flows;2022;10;0;0;0;PL;SE;Monthly Value;Export;Harmonized;M;M
Physical Energy & Power Flows;2022;5;70;70;70;IT;GR;Monthly Value;Export;Harmonized;M;M
Physical Energy & Power Flows;2022;3;0;0;0;FI;SE;Monthly Value;Export;Harmonized;M;M
Physical Energy & Power Flows;2022;12;172;172;172;RS;HU;Monthly Value;Export;Harmonized;M;M
Physical Energy & Power Flows;2022;7;77;77;77;DE;AT;Monthly Value;Import;Harmonized;M;M
Physical Energy & Power Flows;2022;8;139;139;139;IT;GR;Monthly Value;Import;Harmonized;M;M
Physical Energy & Power Flows;2022;10;428;428;428;DE;FR;Monthly Value;Export;Harmonized;M;M
Physical Energy & Power Flows;2022;9;59;59;59;PT;ES;Monthly Value;Export;Harmonized;M;M
Physical Energy & Power Flows;2022;7;5;5;5;FR;GB;Monthly Value;Export;Harmonized;M;M
Physical Energy & Power Flows;2022;10;250;250;250;TR;BG;Monthly Value;Import;Harmonized;M;M
Physical Energy & Power Flows;2022;5;17;17;17;EE;FI;Monthly Value;Export;Harmonized;M;M
Physical Energy & Power Flows;2022;3;212;212;212;NL;DE;Monthly Value;Export;Harmonized;M;M
Physical Energy & Power Flows;2022;6;413;413;413;SI;AT;Monthly Value;Import;Harmonized;M;M
Physical Energy & Power Flows;2022;3;527;527;527;BE;GB;Monthly Value;Export;Harmonized;M;M
Physical Energy & Power Flows;2022;3;10;10;10;AT;DE;Monthly Value;Export;Harmonized;M;M
Physical Energy & Power Flows;2022;7;0;0;0;RS;ME;Monthly Value;Export;Harmonized;M;M
Physical Energy & Power Flows;2022;7;106;106;106;DK;NL;Monthly Value;Import;Harmonized;M;M
Physical Energy & Power Flows;2022;12;147;147;147;PL;LT;Monthly Value;Export;Harmonized;M;M
Physical Energy & Power Flows;2022;12;203;203;203;SI;HU;Monthly Value;Import;Harmonized;M;M
Physical Energy & Power Flows;2022;9;245;245;245;DK;NO;Monthly Value;Export;Harmonized;M;M
Physical Energy & Power Flows;2022;6;49;49;49;FI;NO;Monthly Value;Import;Harmonized;M;M
Physical Energy & Power Flows;2022;4;14;14;14;SE;DE;Monthly Value;Import;Harmonized;M;M
Physical Energy & Power Flows;2022;3;0;0;0;LV;RU;Monthly Value;Export;Harmonized;M;NaM
Physical Energy & Power Flows;2022;3;329;329;329;BG;RS;Monthly Value;Export;Harmonized;M;M
Physical Energy & Power Flows;2022;4;15;15;15;AT;SI;Monthly Value;Import;Harmonized;M;M
Physical Energy & Power Flows;2022;3;219;219;219;BG;MK;Monthly Value;Export;Harmonized;M;M
Physical Energy & Power Flows;2022;1;506;506;506;IT;SI;Monthly Value;Import;Harmonized;M;M
Physical Energy & Power Flows;2022;5;365;365;365;BE;NL;Monthly Value;Export;Harmonized;M;M
Physical Energy & Power Flows;2022;1;24;24;24;RS;HU;Monthly Value;Export;Harmonized;M;M
Physical Energy & Power Flows;2022;4;134;134;134;GB;FR;Monthly Value;Import;Harmonized;M;M
Physical Energy & Power Flows;2022;2;95;95;95;AL;ME;Monthly Value;Import;Harmonized;M;M
Physical Energy & Power Flows;2022;1;451;451;451;LT;BY;Monthly Value;Import;Harmonized;M;NaM
Physical Energy & Power Flows;2022;6;39;39;39;FR;BE;Monthly Value;Export;Harmonized;M;M
Physical Energy & Power Flows;2022;9;35;35;35;PL;LT;Monthly Value;Export;Harmonized;M;M
Physical Energy & Power Flows;2022;9;4;4;4;ME;XK;Monthly Value;Export;Harmonized;M;M
Physical Energy & Power Flows;2022;11;2;2;2;LU;BE;Monthly Value;Export;Harmonized;M;M
Physical Energy & Power Flows;2022;10;187;187;187;DK;DE;Monthly Value;Import;Harmonized;M;M
Physical Energy & Power Flows;2022;11;1444;1444;1444;FR;IT;Monthly Value;Export;Harmonized;M;M
Physical Energy & Power Flows;2022;12;549;549;549;DK;DE;Monthly Value;Export;Harmonized;M;M
Physical Energy & Power Flows;2022;8;0;0;0;SE;PL;Monthly Value;Import;Harmonized;M;M
Physical Energy & Power Flows;2022;7;157;157;157;GB;BE;Monthly Value;Import;Harmonized;M;M
Physical Energy & Power Flows;2022;6;2;2;2;SE;PL;Monthly Value;Import;Harmonized;M;M
Physical Energy & Power Flows;2022;2;215;215;215;BG;GR;Monthly Value;Export;Harmonized;M;M
Physical Energy & Power Flows;2022;10;15;15;15;BG;RS;Monthly Value;Import;Harmonized;M;M
Physical Energy & Power Flows;2022;1;90;90;90;NL;BE;Monthly Value;Import;Harmonized;M;M
Physical Energy & Power Flows;2022;1;162;162;162;BA;HR;Monthly Value;Export;Harmonized;M;M
Physical Energy & Power Flows;2022;10;115;115;115;RS;RO;Monthly Value;Import;Harmonized;M;M
Physical Energy & Power Flows;2022;3;46;46;46;MT;IT;Monthly Value;Import;Harmonized;NaM;M
Physical Energy & Power Flows;2022;1;90;90;90;BE;NL;Monthly Value;Export;Harmonized;M;M
Physical Energy & Power Flows;2022;11;5;5;5;RU;LT;Monthly Value;Import;Harmonized;NaM;M
Physical Energy & Power Flows;2022;9;82;82;82;UA;RO;Monthly Value;Export;Harmonized;NaM;M
Physical Energy & Power Flows;2022;12;2;2;2;HU;UA;Monthly Value;Export;Harmonized;M;NaM
Physical Energy & Power Flows;2022;7;0;0;0;NO;NL;Monthly Value;Import;Harmonized;M;M
Physical Energy & Power Flows;2022;5;725;725;725;DK;DE;Monthly Value;Export;Harmonized;M;M
Physical Energy & Power Flows;2022;11;8;8;8;RS;HR;Monthly Value;Import;Harmonized;M;M
Physical Energy & Power Flows;2022;8;15;15;15;RS;RO;Monthly Value;Export;Harmonized;M;M
Physical Energy & Power Flows;2022;4;233;233;233;DE;SE;Monthly Value;Import;Harmonized;M;M
Physical Energy & Power Flows;2022;6;3;3;3;DE;SE;Monthly Value;Export;Harmonized;M;M
Physical Energy & Power Flows;2022;3;217;217;217;EE;RU;Monthly Value;Export;Harmonized;M;NaM
Physical Energy & Power Flows;2022;4;2;2;2;GR;MK;Monthly Value;Export;Harmonized;M;M
Physical Energy & Power Flows;2022;7;1;1;1;ME;XK;Monthly Value;Export;Harmonized;M;M
Physical Energy & Power Flows;2022;12;331;331;331;DE;NO;Monthly Value;Import;Harmonized;M;M
Physical Energy & Power Flows;2022;2;508;508;508;SI;IT;Monthly Value;Export;Harmonized;M;M
Physical Energy & Power Flows;2022;6;1199;1199;1199;CH;DE;Monthly Value;Import;Harmonized;M;M
Physical Energy & Power Flows;2022;3;171;171;171;NO;DK;Monthly Value;Import;Harmonized;M;M
Physical Energy & Power Flows;2022;1;9;9;9;RO;RS;Monthly Value;Import;Harmonized;M;M
Physical Energy & Power Flows;2022;1;78;78;78;IT;ME;Monthly Value;Export;Harmonized;M;M
Physical Energy & Power Flows;2022;3;28;28;28;GB;BE;Monthly Value;Export;Harmonized;M;M
Physical Energy & Power Flows;2022;3;4;4;4;BE;NL;Monthly Value;Export;Harmonized;M;M
Physical Energy & Power Flows;2022;2;0;0;0;EE;FI;Monthly Value;Export;Harmonized;M;M
Physical Energy & Power Flows;2022;11;0;0;0;AT;IT;Monthly Value;Import;Harmonized;M;M
Physical Energy & Power Flows;2022;12;18;18;18;BA;RS;Monthly Value;Export;Harmonized;M;M
Physical Energy & Power Flows;2022;9;367;367;367;BE;NL;Monthly Value;Export;Harmonized;M;M
Physical Energy & Power Flows;2022;5;256;256;256;DK;NL;Monthly Value;Export;Harmonized;M;M
Physical Energy & Power Flows;2022;5;481;481;481;HR;HU;Monthly Value;Import;Harmonized;M;M
Physical Energy & Power Flows;2022;7;37;37;37;DE;CH;Monthly Value;Import;Harmonized;M;M
Physical Energy & Power Flows;2022;1;522;522;522;DE;DK;Monthly Value;Import;Harmonized;M;M
Physical Energy & Power Flows;2022;3;329;329;329;GB;FR;Monthly Value;Export;Harmonized;M;M
Physical Energy & Power Flows;2022;1;914;914;914;PT;ES;Monthly Value;Import;Harmonized;M;M
Physical Energy & Power Flows;2022;11;1415;1415;1415;SK;HU;Monthly Value;Export;Harmonized;M;M
Physical Energy & Power Flows;2022;7;1182;1182;1182;SE;DK;Monthly Value;Export;Harmonized;M;M
Physical Energy & Power Flows;2022;12;95;95;95;GB;NO;Monthly Value;Export;Harmonized;M;M
Physical Energy & Power Flows;2022;9;2;2;2;EE;RU;Monthly Value;Import;Harmonized;M;NaM
Physical Energy & Power Flows;2022;9;0;0;0;SE;LT;Monthly Value;Import;Harmonized;M;M
Physical Energy & Power Flows;2022;10;478;478;478;BE;NL;Monthly Value;Export;Harmonized;M;M
Physical Energy & Power Flows;2022;2;0;0;0;IT;AT;Monthly Value;Export;Harmonized;M;M
Physical Energy & Power Flows;2022;6;30;30;30;BA;ME;Monthly Value;Import;Harmonized;M;M
Physical Energy & Power Flows;2022;2;325;325;325;LT;BY;Monthly Value;Import;Harmonized;M;NaM
Physical Energy & Power Flows;2022;8;583;583;583;FR;CH;Monthly Value;Import;Harmonized;M;M
Physical Energy & Power Flows;2022;1;1;1;1;PL;SK;Monthly Value;Import;Harmonized;M;M
Physical Energy & Power Flows;2022;8;356;356;356;BA;HR;Monthly Value;Export;Harmonized;M;M
Physical Energy & Power Flows;2022;6;708;708;708;PL;DE;Monthly Value;Import;Harmonized;M;M
Physical Energy & Power Flows;2022;11;171;171;171;MK;BG;Monthly Value;Import;Harmonized;M;M
Physical Energy & Power Flows;2022;1;414;414;414;HU;AT;Monthly Value;Import;Harmonized;M;M
Physical Energy & Power Flows;2022;12;2;2;2;UA;HU;Monthly Value;Import;Harmonized;NaM;M
Physical Energy & Power Flows;2022;7;43;43;43;SI;HR;Monthly Value;Export;Harmonized;M;M
Physical Energy & Power Flows;2022;11;36;36;36;HU;HR;Monthly Value;Import;Harmonized;M;M
Physical Energy & Power Flows;2022;1;24;24;24;BE;LU;Monthly Value;Import;Harmonized;M;M
Physical Energy & Power Flows;2022;7;219;219;219;NL;GB;Monthly Value;Import;Harmonized;M;M
Physical Energy & Power Flows;2022;10;5;5;5;HU;SI;Monthly Value;Import;Harmonized;M;M
Physical Energy & Power Flows;2022;7;37;37;37;CH;DE;Monthly Value;Export;Harmonized;M;M
Physical Energy & Power Flows;2022;2;410;410;410;DK;NL;Monthly Value;Export;Harmonized;M;M
Physical Energy & Power Flows;2022;2;33;33;33;HR;BA;Monthly Value;Export;Harmonized;M;M
Physical Energy & Power Flows;2022;5;38;38;38;HU;UA;Monthly Value;Export;Harmonized;M;NaM
Physical Energy & Power Flows;2022;9;17;17;17;MK;RS;Monthly Value;Export;Harmonized;M;M
Physical Energy & Power Flows;2022;1;414;414;414;AT;HU;Monthly Value;Export;Harmonized;M;M
Physical Energy & Power Flows;2022;4;399;399;399;HR;HU;Monthly Value;Import;Harmonized;M;M
Physical Energy & Power Flows;2022;9;4;4;4;DE;PL;Monthly Value;Import;Harmonized;M;M
Physical Energy & Power Flows;2022;10;33;33;33;NO;FI;Monthly Value;Export;Harmonized;M;M
Physical Energy & Power Flows;2022;3;324;324;324;NO;NL;Monthly Value;Export;Harmonized;M;M
Physical Energy & Power Flows;2022;11;459;459;459;NO;DK;Monthly Value;Export;Harmonized;M;M
Physical Energy & Power Flows;2022;9;288;288;288;DK;DE;Monthly Value;Import;Harmonized;M;M
Physical Energy & Power Flows;2022;12;458;458;458;CH;AT;Monthly Value;Import;Harmonized;M;M
Physical Energy & Power Flows;2022;11;432;432;432;PL;SK;Monthly Value;Export;Harmonized;M;M
Physical Energy & Power Flows;2022;10;467;467;467;LV;EE;Monthly Value;Import;Harmonized;M;M
Physical Energy & Power Flows;2022;11;497;497;497;DE;FR;Monthly Value;Export;Harmonized;M;M
Physical Energy & Power Flows;2022;11;31;31;31;LV;LT;Monthly Value;Import;Harmonized;M;M
Physical Energy & Power Flows;2022;8;177;177;177;HU;SI;Monthly Value;Export;Harmonized;M;M
Physical Energy & Power Flows;2022;12;6;6;6;RS;MK;Monthly Value;Export;Harmonized;M;M
Physical Energy & Power Flows;2022;1;153;153;153;UA;BY;Monthly Value;Import;Harmonized;NaM;NaM
Physical Energy & Power Flows;2022;8;202;202;202;MK;XK;Monthly Value;Export;Harmonized;M;M
Physical Energy & Power Flows;2022;6;102;102;102;PL;LT;Monthly Value;Export;Harmonized;M;M
Physical Energy & Power Flows;2022;5;336;336;336;NO;SE;Monthly Value;Export;Harmonized;M;M
Physical Energy & Power Flows;2022;10;26;26;26;MK;GR;Monthly Value;Import;Harmonized;M;M
Physical Energy & Power Flows;2022;6;249;249;249;BA;HR;Monthly Value;Export;Harmonized;M;M
Physical Energy & Power Flows;2022;5;0;0;0;AT;CZ;Monthly Value;Export;Harmonized;M;M
Physical Energy & Power Flows;2022;12;83;83;83;BE;LU;Monthly Value;Export;Harmonized;M;M
Physical Energy & Power Flows;2022;1;7;7;7;DE;SE;Monthly Value;Export;Harmonized;M;M
Physical Energy & Power Flows;2022;6;125;125;125;EE;RU;Monthly Value;Export;Harmonized;M;NaM
Physical Energy & Power Flows;2022;10;2;2;2;MK;BG;Monthly Value;Export;Harmonized;M;M
Physical Energy & Power Flows;2022;5;412;412;412;ES;FR;Monthly Value;Import;Harmonized;M;M
Physical Energy & Power Flows;2022;6;155;155;155;UA;PL;Monthly Value;Export;Harmonized;NaM;M
Physical Energy & Power Flows;2022;1;43;43;43;LV;LT;Monthly Value;Export;Harmonized;M;M
Physical Energy & Power Flows;2022;12;482;482;482;EE;FI;Monthly Value;Import;Harmonized;M;M
Physical Energy & Power Flows;2022;8;44;44;44;NO;FI;Monthly Value;Export;Harmonized;M;M
Physical Energy & Power Flows;2022;5;364;364;364;SE;LT;Monthly Value;Export;Harmonized;M;M
Physical Energy & Power Flows;2022;7;8;8;8;LU;BE;Monthly Value;Export;Harmonized;M;M
Physical Energy & Power Flows;2022;6;195;195;195;DE;FR;Monthly Value;Import;Harmonized;M;M
Physical Energy & Power Flows;2022;9;198;198;198;DE;NO;Monthly Value;Import;Harmonized;M;M
Physical Energy & Power Flows;2022;11;64;64;64;AT;SI;Monthly Value;Import;Harmonized;M;M
Physical Energy & Power Flows;2022;6;624;624;624;PL;CZ;Monthly Value;Export;Harmonized;M;M
Physical Energy & Power Flows;2022;5;7;7;7;MK;XK;Monthly Value;Export;Harmonized;M;M
Physical Energy & Power Flows;2022;2;264;264;264;HU;UA;Monthly Value;Import;Harmonized;M;NaM
Physical Energy & Power Flows;2022;4;937;937;937;CZ;AT;Monthly Value;Export;Harmonized;M;M
Physical Energy & Power Flows;2022;9;35;35;35;LT;PL;Monthly Value;Import;Harmonized;M;M
Physical Energy & Power Flows;2022;2;4;4;4;ME;BA;Monthly Value;Export;Harmonized;M;M
Physical Energy & Power Flows;2022;3;16;16;16;SI;HR;Monthly Value;Export;Harmonized;M;M
Physical Energy & Power Flows;2022;1;278;278;278;NO;SE;Monthly Value;Import;Harmonized;M;M
Physical Energy & Power Flows;2022;11;149;149;149;GB;FR;Monthly Value;Import;Harmonized;M;M
Physical Energy & Power Flows;2022;12;22;22;22;IT;MT;Monthly Value;Export;Harmonized;M;NaM
Physical Energy & Power Flows;2022;9;7;7;7;RS;ME;Monthly Value;Export;Harmonized;M;M
Physical Energy & Power Flows;2022;4;124;124;124;UA;PL;Monthly Value;Export;Harmonized;NaM;M
Physical Energy & Power Flows;2022;9;923;923;923;PT;ES;Monthly Value;Import;Harmonized;M;M
Physical Energy & Power Flows;2022;9;8;8;8;SK;UA;Monthly Value;Import;Harmonized;M;NaM
Physical Energy & Power Flows;2022;12;162;162;162;NO;NL;Monthly Value;Export;Harmonized;M;M
Physical Energy & Power Flows;2022;6;163;163;163;SK;UA;Monthly Value;Export;Harmonized;M;NaM
Physical Energy & Power Flows;2022;4;124;124;124;BE;GB;Monthly Value;Import;Harmonized;M;M
Physical Energy & Power Flows;2022;5;104;104;104;LU;BE;Monthly Value;Import;Harmonized;M;M
Physical Energy & Power Flows;2022;6;16;16;16;BA;HR;Monthly Value;Import;Harmonized;M;M
Physical Energy & Power Flows;2022;7;4;4;4;IT;GR;Monthly Value;Export;Harmonized;M;M
Physical Energy & Power Flows;2022;2;183;183;183;RO;RS;Monthly Value;Export;Harmonized;M;M
Physical Energy & Power Flows;2022;7;0;0;0;SI;IT;Monthly Value;Import;Harmonized;M;M
Physical Energy & Power Flows;2022;9;587;587;587;EE;FI;Monthly Value;Import;Harmonized;M;M
Physical Energy & Power Flows;2022;11;234;234;234;PT;ES;Monthly Value;Export;Harmonized;M;M
Physical Energy & Power Flows;2022;8;382;382;382;AT;CH;Monthly Value;Export;Harmonized;M;M
Physical Energy & Power Flows;2022;6;271;271;271;ME;IT;Monthly Value;Export;Harmonized;M;M
Physical Energy & Power Flows;2022;12;347;347;347;CH;FR;Monthly Value;Export;Harmonized;M;M
Physical Energy & Power Flows;2022;2;70;70;70;IT;ME;Monthly Value;Export;Harmonized;M;M
Physical Energy & Power Flows;2022;10;88;88;88;HR;BA;Monthly Value;Export;Harmonized;M;M
Physical Energy & Power Flows;2022;2;0;0;0;IT;SI;Monthly Value;Export;Harmonized;M;M
Physical Energy & Power Flows;2022;6;849;849;849;DK;SE;Monthly Value;Import;Harmonized;M;M
Physical Energy & Power Flows;2022;9;1310;1310;1310;DE;CH;Monthly Value;Export;Harmonized;M;M
Physical Energy & Power Flows;2022;9;152;152;152;RU;EE;Monthly Value;Import;Harmonized;NaM;M
Physical Energy & Power Flows;2022;3;295;295;295;SE;NO;Monthly Value;Import;Harmonized;M;M
Physical Energy & Power Flows;2022;9;1751;1751;1751;FR;ES;Monthly Value;Import;Harmonized;M;M
Physical Energy & Power Flows;2022;2;242;242;242;SE;DE;Monthly Value;Export;Harmonized;M;M
Physical Energy & Power Flows;2022;11;66;66;66;BA;RS;Monthly Value;Import;Harmonized;M;M
Physical Energy & Power Flows;2022;6;43;43;43;IE;GB;Monthly Value;Export;Harmonized;M;M
Physical Energy & Power Flows;2022;9;76;76;76;MT;IT;Monthly Value;Import;Harmonized;NaM;M
Physical Energy & Power Flows;2022;1;916;916;916;FR;ES;Monthly Value;Import;Harmonized;M;M
Physical Energy & Power Flows;2022;7;5;5;5;GB;FR;Monthly Value;Import;Harmonized;M;M
Physical Energy & Power Flows;2022;7;679;679;679;CZ;PL;Monthly Value;Import;Harmonized;M;M
Physical Energy & Power Flows;2022;5;137;137;137;AT;DE;Monthly Value;Export;Harmonized;M;M
Physical Energy & Power Flows;2022;5;123;123;123;GR;IT;Monthly Value;Export;Harmonized;M;M
Physical Energy & Power Flows;2022;8;1498;1498;1498;SE;FI;Monthly Value;Export;Harmonized;M;M
Physical Energy & Power Flows;2022;7;0;0;0;UA;HU;Monthly Value;Import;Harmonized;NaM;M
Physical Energy & Power Flows;2022;7;2;2;2;RU;LT;Monthly Value;Import;Harmonized;NaM;M
Physical Energy & Power Flows;2022;8;495;495;495;TR;GE;Monthly Value;Import;Harmonized;M;NaM
Physical Energy & Power Flows;2022;9;140;140;140;AT;CH;Monthly Value;Export;Harmonized;M;M
Physical Energy & Power Flows;2022;4;42;42;42;BA;RS;Monthly Value;Import;Harmonized;M;M
Physical Energy & Power Flows;2022;9;3;3;3;FI;SE;Monthly Value;Export;Harmonized;M;M
Physical Energy & Power Flows;2022;5;1780;1780;1780;IT;CH;Monthly Value;Import;Harmonized;M;M
Physical Energy & Power Flows;2022;7;106;106;106;NL;BE;Monthly Value;Import;Harmonized;M;M
Physical Energy & Power Flows;2022;9;3;3;3;GE;AM;Monthly Value;Export;Harmonized;NaM;NaM
Physical Energy & Power Flows;2022;11;30;30;30;RS;MK;Monthly Value;Import;Harmonized;M;M
Physical Energy & Power Flows;2022;3;2;2;2;BG;TR;Monthly Value;Import;Harmonized;M;M
Physical Energy & Power Flows;2022;6;198;198;198;DE;CZ;Monthly Value;Export;Harmonized;M;M
Physical Energy & Power Flows;2022;10;17;17;17;IT;CH;Monthly Value;Export;Harmonized;M;M
Physical Energy & Power Flows;2022;2;523;523;523;NL;GB;Monthly Value;Export;Harmonized;M;M
Physical Energy & Power Flows;2022;12;11;11;11;LV;EE;Monthly Value;Export;Harmonized;M;M
Physical Energy & Power Flows;2022;7;0;0;0;ME;AL;Monthly Value;Export;Harmonized;M;M
Physical Energy & Power Flows;2022;5;0;0;0;BE;LU;Monthly Value;Import;Harmonized;M;M
Physical Energy & Power Flows;2022;3;77;77;77;DK;DE;Monthly Value;Import;Harmonized;M;M
Physical Energy & Power Flows;2022;8;448;448;448;PL;SK;Monthly Value;Export;Harmonized;M;M
Physical Energy & Power Flows;2022;11;176;176;176;NL;DE;Monthly Value;Import;Harmonized;M;M
Physical Energy & Power Flows;2022;4;34;34;34;NO;FI;Monthly Value;Export;Harmonized;M;M
Physical Energy & Power Flows;2022;7;27;27;27;CH;AT;Monthly Value;Export;Harmonized;M;M
Physical Energy & Power Flows;2022;11;190;190;190;ME;IT;Monthly Value;Export;Harmonized;M;M
Physical Energy & Power Flows;2022;2;149;149;149;EE;LV;Monthly Value;Export;Harmonized;M;M
Physical Energy & Power Flows;2022;3;4;4;4;NL;BE;Monthly Value;Import;Harmonized;M;M
Physical Energy & Power Flows;2022;12;808;808;808;CZ;SK;Monthly Value;Export;Harmonized;M;M
Physical Energy & Power Flows;2022;12;132;132;132;ME;AL;Monthly Value;Import;Harmonized;M;M
Physical Energy & Power Flows;2022;6;13;13;13;GB;FR;Monthly Value;Import;Harmonized;M;M
Physical Energy & Power Flows;2022;2;14;14;14;DE;SE;Monthly Value;Export;Harmonized;M;M
Physical Energy & Power Flows;2022;12;258;258;258;DE;LU;Monthly Value;Export;Harmonized;M;M
Physical Energy & Power Flows;2022;12;7;7;7;GR;TR;Monthly Value;Export;Harmonized;M;M
Physical Energy & Power Flows;2022;8;6;6;6;SI;HU;Monthly Value;Export;Harmonized;M;M
Physical Energy & Power Flows;2022;7;7;7;7;BA;HR;Monthly Value;Import;Harmonized;M;M
Physical Energy & Power Flows;2022;11;121;121;121;BY;LT;Monthly Value;Export;Harmonized;NaM;M
Physical Energy & Power Flows;2022;11;36;36;36;XK;ME;Monthly Value;Import;Harmonized;M;M
Physical Energy & Power Flows;2022;8;376;376;376;BG;RS;Monthly Value;Export;Harmonized;M;M
Physical Energy & Power Flows;2022;3;33;33;33;NL;NO;Monthly Value;Export;Harmonized;M;M
Physical Energy & Power Flows;2022;5;62;62;62;RS;ME;Monthly Value;Import;Harmonized;M;M
Physical Energy & Power Flows;2022;7;797;797;797;BE;FR;Monthly Value;Export;Harmonized;M;M
Physical Energy & Power Flows;2022;4;20;20;20;HU;RO;Monthly Value;Import;Harmonized;M;M
Physical Energy & Power Flows;2022;11;177;177;177;NL;GB;Monthly Value;Export;Harmonized;M;M
Physical Energy & Power Flows;2022;12;42;42;42;XK;ME;Monthly Value;Import;Harmonized;M;M
Physical Energy & Power Flows;2022;6;1;1;1;GR;IT;Monthly Value;Import;Harmonized;M;M
Physical Energy & Power Flows;2022;3;355;355;355;FR;CH;Monthly Value;Export;Harmonized;M;M
Physical Energy & Power Flows;2022;12;44;44;44;IE;GB;Monthly Value;Import;Harmonized;M;M
Physical Energy & Power Flows;2022;7;183;183;183;SE;NO;Monthly Value;Export;Harmonized;M;M
Physical Energy & Power Flows;2022;1;18;18;18;AT;HU;Monthly Value;Import;Harmonized;M;M
Physical Energy & Power Flows;2022;7;1;1;1;XK;MK;Monthly Value;Export;Harmonized;M;M
Physical Energy & Power Flows;2022;8;43;43;43;LT;BY;Monthly Value;Export;Harmonized;M;NaM
Physical Energy & Power Flows;2022;12;338;338;338;BE;GB;Monthly Value;Export;Harmonized;M;M
Physical Energy & Power Flows;2022;7;1058;1058;1058;DE;CH;Monthly Value;Export;Harmonized;M;M
Physical Energy & Power Flows;2022;5;539;539;539;DE;NL;Monthly Value;Import;Harmonized;M;M
Physical Energy & Power Flows;2022;12;182;182;182;RS;HR;Monthly Value;Export;Harmonized;M;M
Physical Energy & Power Flows;2022;4;63;63;63;GR;AL;Monthly Value;Import;Harmonized;M;M
Physical Energy & Power Flows;2022;10;11;11;11;XK;AL;Monthly Value;Import;Harmonized;M;M
Physical Energy & Power Flows;2022;4;21;21;21;BA;HR;Monthly Value;Import;Harmonized;M;M
Physical Energy & Power Flows;2022;2;2;2;2;CH;AT;Monthly Value;Export;Harmonized;M;M
Physical Energy & Power Flows;2022;11;475;475;475;DE;NL;Monthly Value;Import;Harmonized;M;M
Physical Energy & Power Flows;2022;4;378;378;378;DK;DE;Monthly Value;Import;Harmonized;M;M
Physical Energy & Power Flows;2022;6;23;23;23;MK;RS;Monthly Value;Export;Harmonized;M;M
Physical Energy & Power Flows;2022;6;395;395;395;RO;BG;Monthly Value;Import;Harmonized;M;M
Physical Energy & Power Flows;2022;8;1;1;1;RS;HR;Monthly Value;Import;Harmonized;M;M
Physical Energy & Power Flows;2022;6;812;812;812;AT;CZ;Monthly Value;Import;Harmonized;M;M
Physical Energy & Power Flows;2022;5;250;250;250;ME;BA;Monthly Value;Import;Harmonized;M;M
Physical Energy & Power Flows;2022;6;624;624;624;CZ;PL;Monthly Value;Import;Harmonized;M;M
Physical Energy & Power Flows;2022;8;245;245;245;AL;ME;Monthly Value;Export;Harmonized;M;M
Physical Energy & Power Flows;2022;10;8;8;8;RU;EE;Monthly Value;Export;Harmonized;NaM;M
Physical Energy & Power Flows;2022;11;402;402;402;SE;PL;Monthly Value;Export;Harmonized;M;M
Physical Energy & Power Flows;2022;5;829;829;829;CZ;SK;Monthly Value;Export;Harmonized;M;M
Physical Energy & Power Flows;2022;2;231;231;231;SE;NO;Monthly Value;Import;Harmonized;M;M
Physical Energy & Power Flows;2022;7;158;158;158;IT;AT;Monthly Value;Import;Harmonized;M;M
Physical Energy & Power Flows;2022;4;42;42;42;RS;BA;Monthly Value;Export;Harmonized;M;M
Physical Energy & Power Flows;2022;3;971;971;971;DE;FR;Monthly Value;Export;Harmonized;M;M
Physical Energy & Power Flows;2022;11;73;73;73;XK;RS;Monthly Value;Import;Harmonized;M;M
Physical Energy & Power Flows;2022;1;1;1;1;SK;PL;Monthly Value;Export;Harmonized;M;M
Physical Energy & Power Flows;2022;12;235;235;235;GE;RU;Monthly Value;Import;Harmonized;NaM;NaM
Physical Energy & Power Flows;2022;1;1072;1072;1072;CZ;AT;Monthly Value;Export;Harmonized;M;M
Physical Energy & Power Flows;2022;6;48;48;48;DE;NO;Monthly Value;Export;Harmonized;M;M
Physical Energy & Power Flows;2022;5;105;105;105;ME;XK;Monthly Value;Import;Harmonized;M;M
Physical Energy & Power Flows;2022;8;1458;1458;1458;ES;FR;Monthly Value;Export;Harmonized;M;M
Physical Energy & Power Flows;2022;11;50;50;50;FR;CH;Monthly Value;Import;Harmonized;M;M
Physical Energy & Power Flows;2022;9;64;64;64;NO;GB;Monthly Value;Export;Harmonized;M;M
Physical Energy & Power Flows;2022;5;856;856;856;CZ;PL;Monthly Value;Import;Harmonized;M;M
Physical Energy & Power Flows;2022;5;7;7;7;RS;RO;Monthly Value;Export;Harmonized;M;M
Physical Energy & Power Flows;2022;2;5;5;5;RS;HU;Monthly Value;Export;Harmonized;M;M
Physical Energy & Power Flows;2022;2;183;183;183;RS;RO;Monthly Value;Import;Harmonized;M;M
Physical Energy & Power Flows;2022;5;115;115;115;PL;LT;Monthly Value;Import;Harmonized;M;M
Physical Energy & Power Flows;2022;5;53;53;53;RS;BA;Monthly Value;Import;Harmonized;M;M
Physical Energy & Power Flows;2022;6;6;6;6;BG;RO;Monthly Value;Import;Harmonized;M;M
Physical Energy & Power Flows;2022;5;137;137;137;DE;AT;Monthly Value;Import;Harmonized;M;M
Physical Energy & Power Flows;2022;3;11;11;11;ME;AL;Monthly Value;Export;Harmonized;M;M
Physical Energy & Power Flows;2022;9;161;161;161;BE;DE;Monthly Value;Import;Harmonized;M;M
Physical Energy & Power Flows;2022;2;0;0;0;BY;LT;Monthly Value;Import;Harmonized;NaM;M
Physical Energy & Power Flows;2022;3;79;79;79;AL;ME;Monthly Value;Export;Harmonized;M;M
Physical Energy & Power Flows;2022;6;224;224;224;CH;FR;Monthly Value;Export;Harmonized;M;M
Physical Energy & Power Flows;2022;3;539;539;539;FR;ES;Monthly Value;Export;Harmonized;M;M
Physical Energy & Power Flows;2022;2;212;212;212;BA;ME;Monthly Value;Export;Harmonized;M;M
Physical Energy & Power Flows;2022;4;15;15;15;RS;HR;Monthly Value;Import;Harmonized;M;M
Physical Energy & Power Flows;2022;10;285;285;285;NL;GB;Monthly Value;Import;Harmonized;M;M
Physical Energy & Power Flows;2022;1;53;53;53;NL;NO;Monthly Value;Export;Harmonized;M;M
Physical Energy & Power Flows;2022;3;12;12;12;LU;BE;Monthly Value;Export;Harmonized;M;M
Physical Energy & Power Flows;2022;2;0;0;0;RO;UA;Monthly Value;Export;Harmonized;M;NaM
Physical Energy & Power Flows;2022;5;276;276;276;SE;NO;Monthly Value;Export;Harmonized;M;M
Physical Energy & Power Flows;2022;6;198;198;198;CZ;DE;Monthly Value;Import;Harmonized;M;M
Physical Energy & Power Flows;2022;11;234;234;234;ES;PT;Monthly Value;Import;Harmonized;M;M
Physical Energy & Power Flows;2022;8;83;83;83;MD;UA;Monthly Value;Export;Harmonized;NaM;NaM
Physical Energy & Power Flows;2022;2;152;152;152;RS;XK;Monthly Value;Export;Harmonized;M;M
Physical Energy & Power Flows;2022;2;11;11;11;XK;MK;Monthly Value;Import;Harmonized;M;M
Physical Energy & Power Flows;2022;1;491;491;491;FR;GB;Monthly Value;Export;Harmonized;M;M
Physical Energy & Power Flows;2022;7;679;679;679;PL;CZ;Monthly Value;Export;Harmonized;M;M
Physical Energy & Power Flows;2022;5;83;83;83;BA;HR;Monthly Value;Export;Harmonized;M;M
Physical Energy & Power Flows;2022;12;230;230;230;HU;HR;Monthly Value;Export;Harmonized;M;M
Physical Energy & Power Flows;2022;6;220;220;220;MK;BG;Monthly Value;Import;Harmonized;M;M
Physical Energy & Power Flows;2022;3;818;818;818;ES;FR;Monthly Value;Export;Harmonized;M;M
Physical Energy & Power Flows;2022;6;2;2;2;PL;SE;Monthly Value;Export;Harmonized;M;M
Physical Energy & Power Flows;2022;4;10;10;10;AT;CH;Monthly Value;Import;Harmonized;M;M
Physical Energy & Power Flows;2022;4;16;16;16;MK;RS;Monthly Value;Import;Harmonized;M;M
Physical Energy & Power Flows;2022;2;659;659;659;NL;BE;Monthly Value;Export;Harmonized;M;M
Physical Energy & Power Flows;2022;4;214;214;214;DE;LU;Monthly Value;Export;Harmonized;M;M
Physical Energy & Power Flows;2022;7;683;683;683;DE;AT;Monthly Value;Export;Harmonized;M;M
Physical Energy & Power Flows;2022;1;82;82;82;GR;MK;Monthly Value;Export;Harmonized;M;M
Physical Energy & Power Flows;2022;1;11;11;11;AL;GR;Monthly Value;Export;Harmonized;M;M
Physical Energy & Power Flows;2022;10;663;663;663;FI;EE;Monthly Value;Export;Harmonized;M;M
Physical Energy & Power Flows;2022;2;288;288;288;DK;DE;Monthly Value;Import;Harmonized;M;M
Physical Energy & Power Flows;2022;4;220;220;220;DE;BE;Monthly Value;Export;Harmonized;M;M
Physical Energy & Power Flows;2022;5;114;114;114;HR;SI;Monthly Value;Export;Harmonized;M;M
Physical Energy & Power Flows;2022;4;233;233;233;FR;ES;Monthly Value;Export;Harmonized;M;M
Physical Energy & Power Flows;2022;1;17;17;17;ME;XK;Monthly Value;Import;Harmonized;M;M
Physical Energy & Power Flows;2022;10;8;8;8;RS;BA;Monthly Value;Import;Harmonized;M;M
Physical Energy & Power Flows;2022;5;63;63;63;RO;MD;Monthly Value;Export;Harmonized;M;NaM
Physical Energy & Power Flows;2022;9;399;399;399;HR;HU;Monthly Value;Import;Harmonized;M;M
Physical Energy & Power Flows;2022;9;69;69;69;RO;HU;Monthly Value;Import;Harmonized;M;M
Physical Energy & Power Flows;2022;3;480;480;480;HU;HR;Monthly Value;Export;Harmonized;M;M
Physical Energy & Power Flows;2022;1;37;37;37;MK;RS;Monthly Value;Import;Harmonized;M;M
Physical Energy & Power Flows;2022;1;18;18;18;RS;MK;Monthly Value;Import;Harmonized;M;M
Physical Energy & Power Flows;2022;1;7;7;7;SK;UA;Monthly Value;Import;Harmonized;M;NaM
Physical Energy & Power Flows;2022;4;251;251;251;BG;MK;Monthly Value;Export;Harmonized;M;M
Physical Energy & Power Flows;2022;11;497;497;497;FR;DE;Monthly Value;Import;Harmonized;M;M
Physical Energy & Power Flows;2022;7;965;965;965;FR;ES;Monthly Value;Import;Harmonized;M;M
Physical Energy & Power Flows;2022;7;328;328;328;DE;SE;Monthly Value;Import;Harmonized;M;M
Physical Energy & Power Flows;2022;11;2;2;2;SK;CZ;Monthly Value;Export;Harmonized;M;M
Physical Energy & Power Flows;2022;1;51;51;51;LT;PL;Monthly Value;Import;Harmonized;M;M
Physical Energy & Power Flows;2022;7;0;0;0;MT;IT;Monthly Value;Export;Harmonized;NaM;M
Physical Energy & Power Flows;2022;11;8;8;8;GR;BG;Monthly Value;Export;Harmonized;M;M
Physical Energy & Power Flows;2022;6;44;44;44;RO;HU;Monthly Value;Export;Harmonized;M;M
Physical Energy & Power Flows;2022;6;1020;1020;1020;ES;PT;Monthly Value;Export;Harmonized;M;M
Physical Energy & Power Flows;2022;12;6;6;6;MK;RS;Monthly Value;Import;Harmonized;M;M
Physical Energy & Power Flows;2022;11;276;276;276;BE;NL;Monthly Value;Import;Harmonized;M;M
Physical Energy & Power Flows;2022;1;27;27;27;LU;BE;Monthly Value;Import;Harmonized;M;M
Physical Energy & Power Flows;2022;6;873;873;873;NL;DE;Monthly Value;Export;Harmonized;M;M
Physical Energy & Power Flows;2022;9;8;8;8;AL;XK;Monthly Value;Export;Harmonized;M;M
Physical Energy & Power Flows;2022;9;3;3;3;FR;IT;Monthly Value;Import;Harmonized;M;M
Physical Energy & Power Flows;2022;2;32;32;32;CH;FR;Monthly Value;Export;Harmonized;M;M
Physical Energy & Power Flows;2022;7;2;2;2;MD;RO;Monthly Value;Export;Harmonized;NaM;M
Physical Energy & Power Flows;2022;5;9;9;9;AZ;GE;Monthly Value;Import;Harmonized;NaM;NaM
Physical Energy & Power Flows;2022;10;1222;1222;1222;SE;FI;Monthly Value;Export;Harmonized;M;M
Physical Energy & Power Flows;2022;4;0;0;0;LU;DE;Monthly Value;Export;Harmonized;M;M
Physical Energy & Power Flows;2022;9;4;4;4;UA;RO;Monthly Value;Import;Harmonized;NaM;M
Physical Energy & Power Flows;2022;11;924;924;924;NO;SE;Monthly Value;Export;Harmonized;M;M
Physical Energy & Power Flows;2022;3;12;12;12;BE;LU;Monthly Value;Import;Harmonized;M;M
Physical Energy & Power Flows;2022;3;0;0;0;AM;GE;Monthly Value;Import;Harmonized;NaM;NaM
Physical Energy & Power Flows;2022;10;69;69;69;LU;BE;Monthly Value;Import;Harmonized;M;M
Physical Energy & Power Flows;2022;4;1;1;1;SK;HU;Monthly Value;Import;Harmonized;M;M
Physical Energy & Power Flows;2022;6;838;838;838;DE;DK;Monthly Value;Import;Harmonized;M;M
Physical Energy & Power Flows;2022;7;102;102;102;GR;BG;Monthly Value;Import;Harmonized;M;M
Physical Energy & Power Flows;2022;3;76;76;76;LV;RU;Monthly Value;Import;Harmonized;M;NaM
Physical Energy & Power Flows;2022;1;9;9;9;PL;DE;Monthly Value;Export;Harmonized;M;M
Physical Energy & Power Flows;2022;1;24;24;24;LV;RU;Monthly Value;Export;Harmonized;M;NaM
Physical Energy & Power Flows;2022;7;407;407;407;HU;HR;Monthly Value;Export;Harmonized;M;M
Physical Energy & Power Flows;2022;6;337;337;337;BG;RS;Monthly Value;Export;Harmonized;M;M
Physical Energy & Power Flows;2022;9;302;302;302;SK;PL;Monthly Value;Import;Harmonized;M;M
Physical Energy & Power Flows;2022;3;2;2;2;SK;UA;Monthly Value;Import;Harmonized;M;NaM
Physical Energy & Power Flows;2022;9;5;5;5;RS;BA;Monthly Value;Import;Harmonized;M;M
Physical Energy & Power Flows;2022;12;49;49;49;RS;MK;Monthly Value;Import;Harmonized;M;M
Physical Energy & Power Flows;2022;9;59;59;59;ES;PT;Monthly Value;Import;Harmonized;M;M
Physical Energy & Power Flows;2022;12;78;78;78;AL;GR;Monthly Value;Export;Harmonized;M;M
Physical Energy & Power Flows;2022;11;156;156;156;DE;CZ;Monthly Value;Import;Harmonized;M;M
Physical Energy & Power Flows;2022;12;105;105;105;RO;HU;Monthly Value;Import;Harmonized;M;M
Physical Energy & Power Flows;2022;2;0;0;0;BG;TR;Monthly Value;Import;Harmonized;M;M
Physical Energy & Power Flows;2022;4;305;305;305;LT;SE;Monthly Value;Import;Harmonized;M;M
Physical Energy & Power Flows;2022;2;1184;1184;1184;IT;FR;Monthly Value;Import;Harmonized;M;M
Physical Energy & Power Flows;2022;8;522;522;522;BG;RO;Monthly Value;Export;Harmonized;M;M
Physical Energy & Power Flows;2022;7;983;983;983;SK;HU;Monthly Value;Export;Harmonized;M;M
Physical Energy & Power Flows;2022;5;0;0;0;FI;RU;Monthly Value;Export;Harmonized;M;NaM
Physical Energy & Power Flows;2022;5;1635;1635;1635;IT;FR;Monthly Value;Import;Harmonized;M;M
Physical Energy & Power Flows;2022;4;212;212;212;SE;NO;Monthly Value;Import;Harmonized;M;M
Physical Energy & Power Flows;2022;4;319;319;319;PL;SE;Monthly Value;Import;Harmonized;M;M
Physical Energy & Power Flows;2022;10;73;73;73;GB;IE;Monthly Value;Import;Harmonized;M;M
Physical Energy & Power Flows;2022;3;219;219;219;MK;BG;Monthly Value;Import;Harmonized;M;M
Physical Energy & Power Flows;2022;4;654;654;654;DK;SE;Monthly Value;Import;Harmonized;M;M
Physical Energy & Power Flows;2022;2;227;227;227;RO;UA;Monthly Value;Import;Harmonized;M;NaM
Physical Energy & Power Flows;2022;10;128;128;128;RS;XK;Monthly Value;Export;Harmonized;M;M
Physical Energy & Power Flows;2022;9;197;197;197;MK;GR;Monthly Value;Export;Harmonized;M;M
Physical Energy & Power Flows;2022;8;138;138;138;SI;AT;Monthly Value;Import;Harmonized;M;M
Physical Energy & Power Flows;2022;9;4;4;4;XK;ME;Monthly Value;Import;Harmonized;M;M
Physical Energy & Power Flows;2022;1;350;350;350;DE;CZ;Monthly Value;Export;Harmonized;M;M
Physical Energy & Power Flows;2022;7;186;186;186;MK;BG;Monthly Value;Import;Harmonized;M;M
Physical Energy & Power Flows;2022;8;1045;1045;1045;PT;ES;Monthly Value;Import;Harmonized;M;M
Physical Energy & Power Flows;2022;3;355;355;355;CH;FR;Monthly Value;Import;Harmonized;M;M
Physical Energy & Power Flows;2022;12;426;426;426;DE;BE;Monthly Value;Export;Harmonized;M;M
Physical Energy & Power Flows;2022;6;39;39;39;BE;FR;Monthly Value;Import;Harmonized;M;M
Physical Energy & Power Flows;2022;4;212;212;212;NO;SE;Monthly Value;Export;Harmonized;M;M
Physical Energy & Power Flows;2022;5;77;77;77;ME;AL;Monthly Value;Import;Harmonized;M;M
Physical Energy & Power Flows;2022;9;29;29;29;GR;MK;Monthly Value;Export;Harmonized;M;M
Physical Energy & Power Flows;2022;4;273;273;273;DK;NL;Monthly Value;Export;Harmonized;M;M
Physical Energy & Power Flows;2022;7;330;330;330;GE;AZ;Monthly Value;Import;Harmonized;NaM;NaM
Physical Energy & Power Flows;2022;6;286;286;286;ES;FR;Monthly Value;Import;Harmonized;M;M
Physical Energy & Power Flows;2022;9;2;2;2;SK;PL;Monthly Value;Export;Harmonized;M;M
Physical Energy & Power Flows;2022;3;609;609;609;GB;NL;Monthly Value;Import;Harmonized;M;M
Physical Energy & Power Flows;2022;8;90;90;90;UA;RO;Monthly Value;Export;Harmonized;NaM;M
Physical Energy & Power Flows;2022;2;60;60;60;XK;AL;Monthly Value;Export;Harmonized;M;M
Physical Energy & Power Flows;2022;5;12;12;12;RU;EE;Monthly Value;Export;Harmonized;NaM;M
Physical Energy & Power Flows;2022;5;351;351;351;SE;PL;Monthly Value;Export;Harmonized;M;M
Physical Energy & Power Flows;2022;10;5;5;5;SI;HU;Monthly Value;Export;Harmonized;M;M
Physical Energy & Power Flows;2022;10;878;878;878;FR;CH;Monthly Value;Export;Harmonized;M;M
Physical Energy & Power Flows;2022;9;339;339;339;SI;AT;Monthly Value;Import;Harmonized;M;M
Physical Energy & Power Flows;2022;6;164;164;164;NL;DK;Monthly Value;Import;Harmonized;M;M
Physical Energy & Power Flows;2022;6;168;168;168;IT;AT;Monthly Value;Import;Harmonized;M;M
Physical Energy & Power Flows;2022;4;378;378;378;AT;SI;Monthly Value;Export;Harmonized;M;M
Physical Energy & Power Flows;2022;4;14;14;14;DE;SE;Monthly Value;Export;Harmonized;M;M
Physical Energy & Power Flows;2022;1;361;361;361;DE;BE;Monthly Value;Export;Harmonized;M;M
Physical Energy & Power Flows;2022;6;3;3;3;HU;UA;Monthly Value;Export;Harmonized;M;NaM
Physical Energy & Power Flows;2022;9;1;1;1;PL;CZ;Monthly Value;Import;Harmonized;M;M
Physical Energy & Power Flows;2022;7;1;1;1;XK;ME;Monthly Value;Import;Harmonized;M;M
Physical Energy & Power Flows;2022;12;409;409;409;NO;DK;Monthly Value;Import;Harmonized;M;M
Physical Energy & Power Flows;2022;3;1120;1120;1120;BE;FR;Monthly Value;Export;Harmonized;M;M
Physical Energy & Power Flows;2022;8;22;22;22;AL;XK;Monthly Value;Export;Harmonized;M;M
Physical Energy & Power Flows;2022;7;1155;1155;1155;DE;FR;Monthly Value;Export;Harmonized;M;M
Physical Energy & Power Flows;2022;4;45;45;45;RS;HU;Monthly Value;Export;Harmonized;M;M
Physical Energy & Power Flows;2022;10;156;156;156;AT;CH;Monthly Value;Import;Harmonized;M;M
Physical Energy & Power Flows;2022;5;20;20;20;BY;LT;Monthly Value;Import;Harmonized;NaM;M
Physical Energy & Power Flows;2022;1;140;140;140;ES;PT;Monthly Value;Import;Harmonized;M;M
Physical Energy & Power Flows;2022;4;0;0;0;NO;FI;Monthly Value;Import;Harmonized;M;M
Physical Energy & Power Flows;2022;9;257;257;257;GB;NL;Monthly Value;Export;Harmonized;M;M
Physical Energy & Power Flows;2022;9;1;1;1;CZ;SK;Monthly Value;Import;Harmonized;M;M
Physical Energy & Power Flows;2022;11;75;75;75;NO;DK;Monthly Value;Import;Harmonized;M;M
Physical Energy & Power Flows;2022;6;160;160;160;BE;DE;Monthly Value;Export;Harmonized;M;M
Physical Energy & Power Flows;2022;1;8;8;8;BA;RS;Monthly Value;Import;Harmonized;M;M
Physical Energy & Power Flows;2022;1;292;292;292;DE;SE;Monthly Value;Import;Harmonized;M;M
Physical Energy & Power Flows;2022;9;1106;1106;1106;IT;FR;Monthly Value;Import;Harmonized;M;M
Physical Energy & Power Flows;2022;7;71;71;71;BA;ME;Monthly Value;Export;Harmonized;M;M
Physical Energy & Power Flows;2022;3;610;610;610;DK;NO;Monthly Value;Import;Harmonized;M;M
Physical Energy & Power Flows;2022;6;0;0;0;PL;SK;Monthly Value;Import;Harmonized;M;M
Physical Energy & Power Flows;2022;8;10;10;10;RU;LT;Monthly Value;Export;Harmonized;NaM;M
Physical Energy & Power Flows;2022;9;7;7;7;ME;RS;Monthly Value;Import;Harmonized;M;M
Physical Energy & Power Flows;2022;12;458;458;458;AT;CH;Monthly Value;Export;Harmonized;M;M
Physical Energy & Power Flows;2022;4;271;271;271;SI;HR;Monthly Value;Import;Harmonized;M;M
Physical Energy & Power Flows;2022;8;82;82;82;RS;HU;Monthly Value;Export;Harmonized;M;M
Physical Energy & Power Flows;2022;11;377;377;377;HR;SI;Monthly Value;Export;Harmonized;M;M
Physical Energy & Power Flows;2022;2;410;410;410;NL;DK;Monthly Value;Import;Harmonized;M;M
Physical Energy & Power Flows;2022;1;4;4;4;BG;GR;Monthly Value;Import;Harmonized;M;M
Physical Energy & Power Flows;2022;3;133;133;133;HU;RO;Monthly Value;Export;Harmonized;M;M
Physical Energy & Power Flows;2022;2;31;31;31;LV;RU;Monthly Value;Import;Harmonized;M;NaM
Physical Energy & Power Flows;2022;2;267;267;267;SK;UA;Monthly Value;Export;Harmonized;M;NaM
Physical Energy & Power Flows;2022;3;1205;1205;1205;DE;AT;Monthly Value;Export;Harmonized;M;M
Physical Energy & Power Flows;2022;9;140;140;140;LT;PL;Monthly Value;Export;Harmonized;M;M
Physical Energy & Power Flows;2022;6;13;13;13;UA;RO;Monthly Value;Import;Harmonized;NaM;M
Physical Energy & Power Flows;2022;3;14;14;14;NL;GB;Monthly Value;Import;Harmonized;M;M
Physical Energy & Power Flows;2022;5;181;181;181;BG;GR;Monthly Value;Export;Harmonized;M;M
Physical Energy & Power Flows;2022;8;102;102;102;ME;BA;Monthly Value;Export;Harmonized;M;M
Physical Energy & Power Flows;2022;1;119;119;119;SE;DK;Monthly Value;Import;Harmonized;M;M
Physical Energy & Power Flows;2022;3;132;132;132;MD;RO;Monthly Value;Import;Harmonized;NaM;M
Physical Energy & Power Flows;2022;11;6;6;6;EE;FI;Monthly Value;Export;Harmonized;M;M
Physical Energy & Power Flows;2022;2;1251;1251;1251;SK;HU;Monthly Value;Export;Harmonized;M;M
Physical Energy & Power Flows;2022;10;169;169;169;DE;BE;Monthly Value;Export;Harmonized;M;M
Physical Energy & Power Flows;2022;10;21;21;21;SE;FI;Monthly Value;Import;Harmonized;M;M
Physical Energy & Power Flows;2022;9;140;140;140;PL;LT;Monthly Value;Import;Harmonized;M;M
Physical Energy & Power Flows;2022;12;19;19;19;LT;SE;Monthly Value;Export;Harmonized;M;M
Physical Energy & Power Flows;2022;8;224;224;224;HR;HU;Monthly Value;Import;Harmonized;M;M
Physical Energy & Power Flows;2022;11;291;291;291;GB;BE;Monthly Value;Export;Harmonized;M;M
Physical Energy & Power Flows;2022;2;1;1;1;UA;RU;Monthly Value;Export;Harmonized;NaM;NaM
Physical Energy & Power Flows;2022;8;990;990;990;SK;HU;Monthly Value;Export;Harmonized;M;M
Physical Energy & Power Flows;2022;3;376;376;376;DE;SE;Monthly Value;Import;Harmonized;M;M
Physical Energy & Power Flows;2022;6;53;53;53;HU;AT;Monthly Value;Export;Harmonized;M;M
Physical Energy & Power Flows;2022;12;70;70;70;AM;GE;Monthly Value;Export;Harmonized;NaM;NaM
Physical Energy & Power Flows;2022;3;24;24;24;FI;NO;Monthly Value;Import;Harmonized;M;M
Physical Energy & Power Flows;2022;8;90;90;90;DE;BE;Monthly Value;Export;Harmonized;M;M
Physical Energy & Power Flows;2022;9;257;257;257;NL;GB;Monthly Value;Import;Harmonized;M;M
Physical Energy & Power Flows;2022;3;0;0;0;AZ;GE;Monthly Value;Import;Harmonized;NaM;NaM
Physical Energy & Power Flows;2022;5;24;24;24;RS;MK;Monthly Value;Import;Harmonized;M;M
Physical Energy & Power Flows;2022;6;108;108;108;ME;AL;Monthly Value;Import;Harmonized;M;M
Physical Energy & Power Flows;2022;6;711;711;711;DE;NO;Monthly Value;Import;Harmonized;M;M
Physical Energy & Power Flows;2022;3;1297;1297;1297;DE;DK;Monthly Value;Import;Harmonized;M;M
Physical Energy & Power Flows;2022;4;34;34;34;FI;NO;Monthly Value;Import;Harmonized;M;M
Physical Energy & Power Flows;2022;4;378;378;378;DE;DK;Monthly Value;Export;Harmonized;M;M
Physical Energy & Power Flows;2022;11;588;588;588;NO;DE;Monthly Value;Export;Harmonized;M;M
Physical Energy & Power Flows;2022;2;216;216;216;NO;DE;Monthly Value;Export;Harmonized;M;M
Physical Energy & Power Flows;2022;8;1095;1095;1095;CZ;AT;Monthly Value;Export;Harmonized;M;M
Physical Energy & Power Flows;2022;4;2;2;2;ME;BA;Monthly Value;Export;Harmonized;M;M
Physical Energy & Power Flows;2022;12;96;96;96;BE;GB;Monthly Value;Import;Harmonized;M;M
Physical Energy & Power Flows;2022;2;212;212;212;PL;LT;Monthly Value;Import;Harmonized;M;M
Physical Energy & Power Flows;2022;5;1635;1635;1635;FR;IT;Monthly Value;Export;Harmonized;M;M
Physical Energy & Power Flows;2022;11;269;269;269;SE;DE;Monthly Value;Export;Harmonized;M;M
Physical Energy & Power Flows;2022;4;251;251;251;MK;BG;Monthly Value;Import;Harmonized;M;M
Physical Energy & Power Flows;2022;10;663;663;663;EE;FI;Monthly Value;Import;Harmonized;M;M
Physical Energy & Power Flows;2022;9;42;42;42;UA;SK;Monthly Value;Import;Harmonized;NaM;M
Physical Energy & Power Flows;2022;12;549;549;549;DE;DK;Monthly Value;Import;Harmonized;M;M
Physical Energy & Power Flows;2022;10;129;129;129;NO;SE;Monthly Value;Export;Harmonized;M;M
Physical Energy & Power Flows;2022;2;168;168;168;TR;GE;Monthly Value;Import;Harmonized;M;NaM
Physical Energy & Power Flows;2022;7;285;285;285;GB;NL;Monthly Value;Import;Harmonized;M;M
Physical Energy & Power Flows;2022;6;395;395;395;BG;RO;Monthly Value;Export;Harmonized;M;M
Physical Energy & Power Flows;2022;7;74;74;74;MT;IT;Monthly Value;Import;Harmonized;NaM;M
Physical Energy & Power Flows;2022;9;356;356;356;CH;FR;Monthly Value;Export;Harmonized;M;M
Physical Energy & Power Flows;2022;11;31;31;31;LT;LV;Monthly Value;Export;Harmonized;M;M
Physical Energy & Power Flows;2022;8;0;0;0;TR;GR;Monthly Value;Import;Harmonized;M;M
Physical Energy & Power Flows;2022;6;40;40;40;NO;DK;Monthly Value;Import;Harmonized;M;M
Physical Energy & Power Flows;2022;8;0;0;0;AL;GR;Monthly Value;Export;Harmonized;M;M
Physical Energy & Power Flows;2022;11;9;9;9;MD;UA;Monthly Value;Import;Harmonized;NaM;NaM
Physical Energy & Power Flows;2022;7;12;12;12;LT;RU;Monthly Value;Import;Harmonized;M;NaM
Physical Energy & Power Flows;2022;11;924;924;924;SE;NO;Monthly Value;Import;Harmonized;M;M
Physical Energy & Power Flows;2022;5;33;33;33;FI;NO;Monthly Value;Import;Harmonized;M;M
Physical Energy & Power Flows;2022;7;87;87;87;BG;TR;Monthly Value;Export;Harmonized;M;M
Physical Energy & Power Flows;2022;9;5;5;5;LT;RU;Monthly Value;Export;Harmonized;M;NaM
Physical Energy & Power Flows;2022;2;172;172;172;SI;HR;Monthly Value;Import;Harmonized;M;M
Physical Energy & Power Flows;2022;12;138;138;138;TR;GR;Monthly Value;Export;Harmonized;M;M
Physical Energy & Power Flows;2022;6;1;1;1;SI;AT;Monthly Value;Export;Harmonized;M;M
Physical Energy & Power Flows;2022;3;99;99;99;RS;HR;Monthly Value;Export;Harmonized;M;M
Physical Energy & Power Flows;2022;11;40;40;40;RO;HU;Monthly Value;Export;Harmonized;M;M
Physical Energy & Power Flows;2022;5;1;1;1;EE;LV;Monthly Value;Import;Harmonized;M;M
Physical Energy & Power Flows;2022;8;10;10;10;IT;SI;Monthly Value;Export;Harmonized;M;M
Physical Energy & Power Flows;2022;12;7;7;7;FI;EE;Monthly Value;Import;Harmonized;M;M
Physical Energy & Power Flows;2022;9;197;197;197;RS;RO;Monthly Value;Import;Harmonized;M;M
Physical Energy & Power Flows;2022;6;0;0;0;AL;XK;Monthly Value;Export;Harmonized;M;M
Physical Energy & Power Flows;2022;10;305;305;305;SE;PL;Monthly Value;Export;Harmonized;M;M
Physical Energy & Power Flows;2022;5;144;144;144;UA;PL;Monthly Value;Export;Harmonized;NaM;M
Physical Energy & Power Flows;2022;1;100;100;100;DE;BE;Monthly Value;Import;Harmonized;M;M
Physical Energy & Power Flows;2022;2;495;495;495;CH;AT;Monthly Value;Import;Harmonized;M;M
Physical Energy & Power Flows;2022;8;0;0;0;MK;BG;Monthly Value;Export;Harmonized;M;M
Physical Energy & Power Flows;2022;6;3;3;3;RS;ME;Monthly Value;Export;Harmonized;M;M
Physical Energy & Power Flows;2022;12;292;292;292;ME;IT;Monthly Value;Export;Harmonized;M;M
Physical Energy & Power Flows;2022;10;115;115;115;UA;MD;Monthly Value;Import;Harmonized;NaM;NaM
Physical Energy & Power Flows;2022;9;391;391;391;GE;AZ;Monthly Value;Import;Harmonized;NaM;NaM
Physical Energy & Power Flows;2022;1;36;36;36;NO;GB;Monthly Value;Import;Harmonized;M;M
Physical Energy & Power Flows;2022;11;46;46;46;XK;AL;Monthly Value;Import;Harmonized;M;M
Physical Energy & Power Flows;2022;9;3;3;3;AM;GE;Monthly Value;Import;Harmonized;NaM;NaM
Physical Energy & Power Flows;2022;10;3;3;3;HU;RO;Monthly Value;Import;Harmonized;M;M
Physical Energy & Power Flows;2022;10;1;1;1;DE;PL;Monthly Value;Import;Harmonized;M;M
Physical Energy & Power Flows;2022;12;4;4;4;UA;MD;Monthly Value;Export;Harmonized;NaM;NaM
Physical Energy & Power Flows;2022;5;110;110;110;RS;HU;Monthly Value;Import;Harmonized;M;M
Physical Energy & Power Flows;2022;2;2139;2139;2139;DE;CH;Monthly Value;Export;Harmonized;M;M
Physical Energy & Power Flows;2022;6;533;533;533;IT;SI;Monthly Value;Import;Harmonized;M;M
Physical Energy & Power Flows;2022;6;538;538;538;FI;EE;Monthly Value;Export;Harmonized;M;M
Physical Energy & Power Flows;2022;10;206;206;206;NL;DK;Monthly Value;Import;Harmonized;M;M
Physical Energy & Power Flows;2022;7;502;502;502;SK;PL;Monthly Value;Import;Harmonized;M;M
Physical Energy & Power Flows;2022;1;505;505;505;SE;NO;Monthly Value;Import;Harmonized;M;M
Physical Energy & Power Flows;2022;10;140;140;140;FR;CH;Monthly Value;Import;Harmonized;M;M
Physical Energy & Power Flows;2022;1;24;24;24;LU;BE;Monthly Value;Export;Harmonized;M;M
Physical Energy & Power Flows;2022;2;5;5;5;SE;PL;Monthly Value;Import;Harmonized;M;M
Physical Energy & Power Flows;2022;11;135;135;135;HU;RO;Monthly Value;Export;Harmonized;M;M
Physical Energy & Power Flows;2022;7;302;302;302;BE;GB;Monthly Value;Import;Harmonized;M;M
Physical Energy & Power Flows;2022;6;0;0;0;TR;GR;Monthly Value;Import;Harmonized;M;M
Physical Energy & Power Flows;2022;7;1;1;1;TR;GR;Monthly Value;Import;Harmonized;M;M
Physical Energy & Power Flows;2022;10;1;1;1;HU;UA;Monthly Value;Export;Harmonized;M;NaM
Physical Energy & Power Flows;2022;8;0;0;0;SE;DK;Monthly Value;Import;Harmonized;M;M
Physical Energy & Power Flows;2022;12;103;103;103;HR;HU;Monthly Value;Export;Harmonized;M;M
Physical Energy & Power Flows;2022;10;892;892;892;DE;PL;Monthly Value;Export;Harmonized;M;M
Physical Energy & Power Flows;2022;3;139;139;139;NO;DE;Monthly Value;Import;Harmonized;M;M
Physical Energy & Power Flows;2022;6;108;108;108;AL;ME;Monthly Value;Export;Harmonized;M;M
Physical Energy & Power Flows;2022;11;46;46;46;AL;XK;Monthly Value;Export;Harmonized;M;M
Physical Energy & Power Flows;2022;5;467;467;467;FI;EE;Monthly Value;Export;Harmonized;M;M
Physical Energy & Power Flows;2022;5;114;114;114;DE;BE;Monthly Value;Export;Harmonized;M;M
Physical Energy & Power Flows;2022;8;352;352;352;GE;AZ;Monthly Value;Import;Harmonized;NaM;NaM
Physical Energy & Power Flows;2022;10;18;18;18;AT;HU;Monthly Value;Import;Harmonized;M;M
Physical Energy & Power Flows;2022;6;114;114;114;RS;HR;Monthly Value;Export;Harmonized;M;M
Physical Energy & Power Flows;2022;4;48;48;48;HU;RS;Monthly Value;Export;Harmonized;M;M
Physical Energy & Power Flows;2022;8;157;157;157;CZ;DE;Monthly Value;Import;Harmonized;M;M
Physical Energy & Power Flows;2022;6;84;84;84;BE;GB;Monthly Value;Export;Harmonized;M;M
Physical Energy & Power Flows;2022;4;9;9;9;SE;FI;Monthly Value;Import;Harmonized;M;M
Physical Energy & Power Flows;2022;8;6;6;6;HU;SI;Monthly Value;Import;Harmonized;M;M
Physical Energy & Power Flows;2022;2;242;242;242;DE;SE;Monthly Value;Import;Harmonized;M;M
Physical Energy & Power Flows;2022;4;38;38;38;IT;CH;Monthly Value;Export;Harmonized;M;M
Physical Energy & Power Flows;2022;4;138;138;138;TR;GE;Monthly Value;Import;Harmonized;M;NaM
Physical Energy & Power Flows;2022;1;55;55;55;MK;XK;Monthly Value;Export;Harmonized;M;M
Physical Energy & Power Flows;2022;11;11;11;11;RU;LV;Monthly Value;Import;Harmonized;NaM;M
Physical Energy & Power Flows;2022;5;31;31;31;HR;RS;Monthly Value;Import;Harmonized;M;M
Physical Energy & Power Flows;2022;1;162;162;162;HR;BA;Monthly Value;Import;Harmonized;M;M
Physical Energy & Power Flows;2022;4;0;0;0;GB;IE;Monthly Value;Export;Harmonized;M;M
Physical Energy & Power Flows;2022;2;212;212;212;ME;BA;Monthly Value;Import;Harmonized;M;M
Physical Energy & Power Flows;2022;9;2;2;2;GR;BG;Monthly Value;Export;Harmonized;M;M
Physical Energy & Power Flows;2022;4;0;0;0;IT;MT;Monthly Value;Import;Harmonized;M;NaM
Physical Energy & Power Flows;2022;12;114;114;114;RS;ME;Monthly Value;Import;Harmonized;M;M
Physical Energy & Power Flows;2022;1;21;21;21;GB;IE;Monthly Value;Export;Harmonized;M;M
Physical Energy & Power Flows;2022;12;1331;1331;1331;CH;DE;Monthly Value;Import;Harmonized;M;M
Physical Energy & Power Flows;2022;11;43;43;43;XK;MK;Monthly Value;Export;Harmonized;M;M
Physical Energy & Power Flows;2022;7;0;0;0;RU;FI;Monthly Value;Import;Harmonized;NaM;M
Physical Energy & Power Flows;2022;11;206;206;206;EE;LV;Monthly Value;Export;Harmonized;M;M
Physical Energy & Power Flows;2022;2;40;40;40;RS;HR;Monthly Value;Import;Harmonized;M;M
Physical Energy & Power Flows;2022;3;124;124;124;GE;TR;Monthly Value;Export;Harmonized;NaM;M
Physical Energy & Power Flows;2022;7;18;18;18;RS;RO;Monthly Value;Export;Harmonized;M;M
Physical Energy & Power Flows;2022;6;349;349;349;CZ;DE;Monthly Value;Export;Harmonized;M;M
Physical Energy & Power Flows;2022;11;475;475;475;NL;DE;Monthly Value;Export;Harmonized;M;M
Physical Energy & Power Flows;2022;4;179;179;179;NL;NO;Monthly Value;Import;Harmonized;M;M
Physical Energy & Power Flows;2022;11;36;36;36;HR;HU;Monthly Value;Export;Harmonized;M;M
Physical Energy & Power Flows;2022;11;1148;1148;1148;CZ;SK;Monthly Value;Export;Harmonized;M;M
Physical Energy & Power Flows;2022;7;312;312;312;GR;AL;Monthly Value;Export;Harmonized;M;M
Physical Energy & Power Flows;2022;6;92;92;92;GR;IT;Monthly Value;Export;Harmonized;M;M
Physical Energy & Power Flows;2022;5;17;17;17;ME;RS;Monthly Value;Import;Harmonized;M;M
Physical Energy & Power Flows;2022;2;15;15;15;MD;UA;Monthly Value;Export;Harmonized;NaM;NaM
Physical Energy & Power Flows;2022;3;59;59;59;AT;HU;Monthly Value;Import;Harmonized;M;M
Physical Energy & Power Flows;2022;4;778;778;778;SE;FI;Monthly Value;Export;Harmonized;M;M
Physical Energy & Power Flows;2022;2;350;350;350;TR;GR;Monthly Value;Export;Harmonized;M;M
Physical Energy & Power Flows;2022;8;150;150;150;RS;HR;Monthly Value;Export;Harmonized;M;M
Physical Energy & Power Flows;2022;10;4;4;4;SK;UA;Monthly Value;Import;Harmonized;M;NaM
Physical Energy & Power Flows;2022;8;82;82;82;AT;HU;Monthly Value;Import;Harmonized;M;M
Physical Energy & Power Flows;2022;2;47;47;47;ME;RS;Monthly Value;Export;Harmonized;M;M
Physical Energy & Power Flows;2022;9;408;408;408;NO;SE;Monthly Value;Import;Harmonized;M;M
Physical Energy & Power Flows;2022;3;972;972;972;CZ;PL;Monthly Value;Import;Harmonized;M;M
Physical Energy & Power Flows;2022;9;319;319;319;LV;LT;Monthly Value;Export;Harmonized;M;M
Physical Energy & Power Flows;2022;2;1;1;1;CH;IT;Monthly Value;Import;Harmonized;M;M
Physical Energy & Power Flows;2022;3;4;4;4;HU;HR;Monthly Value;Import;Harmonized;M;M
Physical Energy & Power Flows;2022;5;72;72;72;PL;LT;Monthly Value;Export;Harmonized;M;M
Physical Energy & Power Flows;2022;4;159;159;159;RU;EE;Monthly Value;Import;Harmonized;NaM;M
Physical Energy & Power Flows;2022;9;0;0;0;RS;BG;Monthly Value;Export;Harmonized;M;M
Physical Energy & Power Flows;2022;4;24;24;24;ME;AL;Monthly Value;Export;Harmonized;M;M
Physical Energy & Power Flows;2022;2;77;77;77;IT;GR;Monthly Value;Import;Harmonized;M;M
Physical Energy & Power Flows;2022;2;293;293;293;DE;LU;Monthly Value;Export;Harmonized;M;M
Physical Energy & Power Flows;2022;2;33;33;33;NO;NL;Monthly Value;Import;Harmonized;M;M
Physical Energy & Power Flows;2022;3;78;78;78;XK;AL;Monthly Value;Export;Harmonized;M;M
Physical Energy & Power Flows;2022;9;111;111;111;ME;BA;Monthly Value;Import;Harmonized;M;M
Physical Energy & Power Flows;2022;9;217;217;217;MK;BG;Monthly Value;Import;Harmonized;M;M
Physical Energy & Power Flows;2022;9;119;119;119;GB;BE;Monthly Value;Import;Harmonized;M;M
Physical Energy & Power Flows;2022;9;201;201;201;DK;NL;Monthly Value;Import;Harmonized;M;M
Physical Energy & Power Flows;2022;12;1066;1066;1066;FI;SE;Monthly Value;Import;Harmonized;M;M
Physical Energy & Power Flows;2022;9;146;146;146;PL;SE;Monthly Value;Import;Harmonized;M;M
Physical Energy & Power Flows;2022;10;260;260;260;DE;LU;Monthly Value;Export;Harmonized;M;M
Physical Energy & Power Flows;2022;12;41;41;41;SI;HR;Monthly Value;Export;Harmonized;M;M
Physical Energy & Power Flows;2022;5;106;106;106;SI;HR;Monthly Value;Export;Harmonized;M;M
Physical Energy & Power Flows;2022;8;21;21;21;ME;IT;Monthly Value;Import;Harmonized;M;M
Physical Energy & Power Flows;2022;2;20;20;20;SI;HR;Monthly Value;Export;Harmonized;M;M
Physical Energy & Power Flows;2022;12;3;3;3;LT;RU;Monthly Value;Export;Harmonized;M;NaM
Physical Energy & Power Flows;2022;11;121;121;121;LT;BY;Monthly Value;Import;Harmonized;M;NaM
Physical Energy & Power Flows;2022;4;271;271;271;HU;UA;Monthly Value;Import;Harmonized;M;NaM
Physical Energy & Power Flows;2022;1;310;310;310;HR;SI;Monthly Value;Export;Harmonized;M;M
Physical Energy & Power Flows;2022;3;50;50;50;RS;HU;Monthly Value;Export;Harmonized;M;M
Physical Energy & Power Flows;2022;7;125;125;125;RS;XK;Monthly Value;Export;Harmonized;M;M
Physical Energy & Power Flows;2022;12;493;493;493;NO;GB;Monthly Value;Export;Harmonized;M;M
Physical Energy & Power Flows;2022;8;32;32;32;UA;MD;Monthly Value;Export;Harmonized;NaM;NaM
Physical Energy & Power Flows;2022;11;3;3;3;DE;AT;Monthly Value;Import;Harmonized;M;M
Physical Energy & Power Flows;2022;9;79;79;79;IT;GR;Monthly Value;Export;Harmonized;M;M
Physical Energy & Power Flows;2022;4;214;214;214;LU;DE;Monthly Value;Import;Harmonized;M;M
Physical Energy & Power Flows;2022;2;0;0;0;SI;IT;Monthly Value;Import;Harmonized;M;M
Physical Energy & Power Flows;2022;3;174;174;174;GR;AL;Monthly Value;Export;Harmonized;M;M
Physical Energy & Power Flows;2022;1;243;243;243;SK;UA;Monthly Value;Export;Harmonized;M;NaM
Physical Energy & Power Flows;2022;5;215;215;215;RO;RS;Monthly Value;Export;Harmonized;M;M
Physical Energy & Power Flows;2022;1;85;85;85;XK;AL;Monthly Value;Import;Harmonized;M;M
Physical Energy & Power Flows;2022;11;1;1;1;NO;FI;Monthly Value;Import;Harmonized;M;M
Physical Energy & Power Flows;2022;12;100;100;100;RS;XK;Monthly Value;Import;Harmonized;M;M
Physical Energy & Power Flows;2022;4;2;2;2;LT;LV;Monthly Value;Export;Harmonized;M;M
Physical Energy & Power Flows;2022;2;1058;1058;1058;FR;BE;Monthly Value;Import;Harmonized;M;M
Physical Energy & Power Flows;2022;12;336;336;336;RO;BG;Monthly Value;Import;Harmonized;M;M
Physical Energy & Power Flows;2022;10;627;627;627;NO;SE;Monthly Value;Import;Harmonized;M;M
Physical Energy & Power Flows;2022;3;153;153;153;CZ;DE;Monthly Value;Import;Harmonized;M;M
Physical Energy & Power Flows;2022;3;40;40;40;BE;FR;Monthly Value;Import;Harmonized;M;M
Physical Energy & Power Flows;2022;6;83;83;83;MK;GR;Monthly Value;Export;Harmonized;M;M
Physical Energy & Power Flows;2022;1;3;3;3;LT;SE;Monthly Value;Export;Harmonized;M;M
Physical Energy & Power Flows;2022;3;213;213;213;HU;UA;Monthly Value;Import;Harmonized;M;NaM
Physical Energy & Power Flows;2022;1;30;30;30;IT;CH;Monthly Value;Export;Harmonized;M;M
Physical Energy & Power Flows;2022;6;349;349;349;DE;CZ;Monthly Value;Import;Harmonized;M;M
Physical Energy & Power Flows;2022;2;149;149;149;LV;EE;Monthly Value;Import;Harmonized;M;M
Physical Energy & Power Flows;2022;2;1;1;1;NO;FI;Monthly Value;Import;Harmonized;M;M
Physical Energy & Power Flows;2022;12;462;462;462;IT;SI;Monthly Value;Import;Harmonized;M;M
Physical Energy & Power Flows;2022;4;31;31;31;AT;HU;Monthly Value;Import;Harmonized;M;M
Physical Energy & Power Flows;2022;1;21;21;21;BA;ME;Monthly Value;Import;Harmonized;M;M
Physical Energy & Power Flows;2022;4;61;61;61;XK;MK;Monthly Value;Export;Harmonized;M;M
Physical Energy & Power Flows;2022;9;514;514;514;IT;SI;Monthly Value;Import;Harmonized;M;M
Physical Energy & Power Flows;2022;12;496;496;496;SI;HR;Monthly Value;Import;Harmonized;M;M
Physical Energy & Power Flows;2022;3;1297;1297;1297;DK;DE;Monthly Value;Export;Harmonized;M;M
Physical Energy & Power Flows;2022;6;0;0;0;ME;XK;Monthly Value;Export;Harmonized;M;M
Physical Energy & Power Flows;2022;10;680;680;680;DE;FR;Monthly Value;Import;Harmonized;M;M
Physical Energy & Power Flows;2022;3;432;432;432;RU;GE;Monthly Value;Export;Harmonized;NaM;NaM
Physical Energy & Power Flows;2022;11;33;33;33;HU;AT;Monthly Value;Export;Harmonized;M;M
Physical Energy & Power Flows;2022;8;120;120;120;DK;NL;Monthly Value;Export;Harmonized;M;M
Physical Energy & Power Flows;2022;12;690;690;690;PT;ES;Monthly Value;Export;Harmonized;M;M
Physical Energy & Power Flows;2022;11;37;37;37;NO;FI;Monthly Value;Export;Harmonized;M;M
Physical Energy & Power Flows;2022;3;79;79;79;ME;AL;Monthly Value;Import;Harmonized;M;M
Physical Energy & Power Flows;2022;4;575;575;575;NL;BE;Monthly Value;Export;Harmonized;M;M
Physical Energy & Power Flows;2022;6;0;0;0;TR;GE;Monthly Value;Export;Harmonized;M;NaM
Physical Energy & Power Flows;2022;5;324;324;324;TR;GR;Monthly Value;Export;Harmonized;M;M
Physical Energy & Power Flows;2022;1;212;212;212;RS;RO;Monthly Value;Import;Harmonized;M;M
Physical Energy & Power Flows;2022;7;0;0;0;AM;GE;Monthly Value;Import;Harmonized;NaM;NaM
Physical Energy & Power Flows;2022;5;178;178;178;BG;RS;Monthly Value;Export;Harmonized;M;M
Physical Energy & Power Flows;2022;3;214;214;214;UA;SK;Monthly Value;Import;Harmonized;NaM;M
Physical Energy & Power Flows;2022;8;48;48;48;DE;AT;Monthly Value;Import;Harmonized;M;M
Physical Energy & Power Flows;2022;2;90;90;90;AT;IT;Monthly Value;Export;Harmonized;M;M
Physical Energy & Power Flows;2022;6;183;183;183;NL;GB;Monthly Value;Export;Harmonized;M;M
Physical Energy & Power Flows;2022;5;610;610;610;SI;IT;Monthly Value;Export;Harmonized;M;M
Physical Energy & Power Flows;2022;11;1175;1175;1175;DE;AT;Monthly Value;Export;Harmonized;M;M
Physical Energy & Power Flows;2022;7;1308;1308;1308;ES;PT;Monthly Value;Export;Harmonized;M;M
Physical Energy & Power Flows;2022;10;60;60;60;AL;GR;Monthly Value;Import;Harmonized;M;M
Physical Energy & Power Flows;2022;3;124;124;124;TR;GE;Monthly Value;Import;Harmonized;M;NaM
Physical Energy & Power Flows;2022;11;87;87;87;BE;LU;Monthly Value;Export;Harmonized;M;M
Physical Energy & Power Flows;2022;6;4;4;4;RS;RO;Monthly Value;Export;Harmonized;M;M
Physical Energy & Power Flows;2022;3;103;103;103;XK;RS;Monthly Value;Import;Harmonized;M;M
Physical Energy & Power Flows;2022;7;6;6;6;EE;RU;Monthly Value;Import;Harmonized;M;NaM
Physical Energy & Power Flows;2022;3;1178;1178;1178;HU;SK;Monthly Value;Import;Harmonized;M;M
Physical Energy & Power Flows;2022;9;350;350;350;HU;UA;Monthly Value;Import;Harmonized;M;NaM
Physical Energy & Power Flows;2022;8;118;118;118;LT;PL;Monthly Value;Export;Harmonized;M;M
Physical Energy & Power Flows;2022;10;108;108;108;LT;PL;Monthly Value;Export;Harmonized;M;M
Physical Energy & Power Flows;2022;11;36;36;36;ME;XK;Monthly Value;Export;Harmonized;M;M
Physical Energy & Power Flows;2022;8;19;19;19;HU;RS;Monthly Value;Export;Harmonized;M;M
Physical Energy & Power Flows;2022;6;163;163;163;UA;SK;Monthly Value;Import;Harmonized;NaM;M
Physical Energy & Power Flows;2022;4;169;169;169;PT;ES;Monthly Value;Export;Harmonized;M;M
Physical Energy & Power Flows;2022;8;97;97;97;FR;BE;Monthly Value;Export;Harmonized;M;M
Physical Energy & Power Flows;2022;10;192;192;192;DK;NL;Monthly Value;Import;Harmonized;M;M
Physical Energy & Power Flows;2022;11;29;29;29;BA;HR;Monthly Value;Import;Harmonized;M;M
Physical Energy & Power Flows;2022;8;136;136;136;HU;AT;Monthly Value;Import;Harmonized;M;M
Physical Energy & Power Flows;2022;12;66;66;66;RS;RO;Monthly Value;Export;Harmonized;M;M
Physical Energy & Power Flows;2022;7;182;182;182;RO;RS;Monthly Value;Export;Harmonized;M;M
Physical Energy & Power Flows;2022;8;1;1;1;BA;RS;Monthly Value;Export;Harmonized;M;M
Physical Energy & Power Flows;2022;1;1793;1793;1793;CH;DE;Monthly Value;Import;Harmonized;M;M
Physical Energy & Power Flows;2022;4;415;415;415;DE;CZ;Monthly Value;Export;Harmonized;M;M
Physical Energy & Power Flows;2022;7;130;130;130;LT;PL;Monthly Value;Export;Harmonized;M;M
Physical Energy & Power Flows;2022;6;5;5;5;RU;LT;Monthly Value;Export;Harmonized;NaM;M
Physical Energy & Power Flows;2022;8;82;82;82;HU;RS;Monthly Value;Import;Harmonized;M;M
Physical Energy & Power Flows;2022;5;3;3;3;HU;HR;Monthly Value;Import;Harmonized;M;M
Physical Energy & Power Flows;2022;12;7;7;7;TR;GR;Monthly Value;Import;Harmonized;M;M
Physical Energy & Power Flows;2022;5;4;4;4;RO;UA;Monthly Value;Export;Harmonized;M;NaM
Physical Energy & Power Flows;2022;3;1200;1200;1200;NL;BE;Monthly Value;Export;Harmonized;M;M
Physical Energy & Power Flows;2022;7;0;0;0;AT;IT;Monthly Value;Import;Harmonized;M;M
Physical Energy & Power Flows;2022;4;579;579;579;DE;NL;Monthly Value;Export;Harmonized;M;M
Physical Energy & Power Flows;2022;2;52;52;52;NL;DE;Monthly Value;Export;Harmonized;M;M
Physical Energy & Power Flows;2022;4;81;81;81;DK;NL;Monthly Value;Import;Harmonized;M;M
Physical Energy & Power Flows;2022;5;152;152;152;CH;DE;Monthly Value;Export;Harmonized;M;M
Physical Energy & Power Flows;2022;1;444;444;444;HR;HU;Monthly Value;Import;Harmonized;M;M
Physical Energy & Power Flows;2022;3;33;33;33;NO;NL;Monthly Value;Import;Harmonized;M;M
Physical Energy & Power Flows;2022;8;2;2;2;MD;RO;Monthly Value;Export;Harmonized;NaM;M
Physical Energy & Power Flows;2022;5;106;106;106;HR;SI;Monthly Value;Import;Harmonized;M;M
Physical Energy & Power Flows;2022;6;533;533;533;SI;IT;Monthly Value;Export;Harmonized;M;M
Physical Energy & Power Flows;2022;10;21;21;21;RS;RO;Monthly Value;Export;Harmonized;M;M
Physical Energy & Power Flows;2022;10;0;0;0;MT;IT;Monthly Value;Export;Harmonized;NaM;M
Physical Energy & Power Flows;2022;5;64;64;64;UA;MD;Monthly Value;Export;Harmonized;NaM;NaM
Physical Energy & Power Flows;2022;5;3;3;3;SE;FI;Monthly Value;Import;Harmonized;M;M
Physical Energy & Power Flows;2022;11;1148;1148;1148;SK;CZ;Monthly Value;Import;Harmonized;M;M
Physical Energy & Power Flows;2022;1;497;497;497;CH;AT;Monthly Value;Import;Harmonized;M;M
Physical Energy & Power Flows;2022;10;61;61;61;AL;XK;Monthly Value;Import;Harmonized;M;M
Physical Energy & Power Flows;2022;12;884;884;884;DE;AT;Monthly Value;Export;Harmonized;M;M
Physical Energy & Power Flows;2022;10;116;116;116;MK;BG;Monthly Value;Import;Harmonized;M;M
Physical Energy & Power Flows;2022;9;115;115;115;ME;AL;Monthly Value;Import;Harmonized;M;M
Physical Energy & Power Flows;2022;5;113;113;113;HU;UA;Monthly Value;Import;Harmonized;M;NaM
Physical Energy & Power Flows;2022;1;1383;1383;1383;FI;SE;Monthly Value;Import;Harmonized;M;M
Physical Energy & Power Flows;2022;6;155;155;155;PL;UA;Monthly Value;Import;Harmonized;M;NaM
Physical Energy & Power Flows;2022;11;4;4;4;BG;RS;Monthly Value;Import;Harmonized;M;M
Physical Energy & Power Flows;2022;4;10;10;10;CH;AT;Monthly Value;Export;Harmonized;M;M
Physical Energy & Power Flows;2022;10;1317;1317;1317;GB;FR;Monthly Value;Export;Harmonized;M;M
Physical Energy & Power Flows;2022;6;2;2;2;GR;AL;Monthly Value;Import;Harmonized;M;M
Physical Energy & Power Flows;2022;4;1;1;1;LT;BY;Monthly Value;Export;Harmonized;M;NaM
Physical Energy & Power Flows;2022;1;109;109;109;BG;RO;Monthly Value;Export;Harmonized;M;M
Physical Energy & Power Flows;2022;12;278;278;278;HU;UA;Monthly Value;Import;Harmonized;M;NaM
Physical Energy & Power Flows;2022;11;279;279;279;NL;GB;Monthly Value;Import;Harmonized;M;M
Physical Energy & Power Flows;2022;1;1163;1163;1163;SK;HU;Monthly Value;Export;Harmonized;M;M
Physical Energy & Power Flows;2022;6;807;807;807;SK;CZ;Monthly Value;Import;Harmonized;M;M
Physical Energy & Power Flows;2022;11;397;397;397;LT;SE;Monthly Value;Import;Harmonized;M;M
Physical Energy & Power Flows;2022;5;539;539;539;NL;DE;Monthly Value;Export;Harmonized;M;M
Physical Energy & Power Flows;2022;12;186;186;186;CH;IT;Monthly Value;Import;Harmonized;M;M
Physical Energy & Power Flows;2022;6;29;29;29;GE;RU;Monthly Value;Import;Harmonized;NaM;NaM
Physical Energy & Power Flows;2022;4;0;0;0;AZ;GE;Monthly Value;Import;Harmonized;NaM;NaM
Physical Energy & Power Flows;2022;7;7;7;7;UA;RO;Monthly Value;Import;Harmonized;NaM;M
Physical Energy & Power Flows;2022;8;0;0;0;NO;NL;Monthly Value;Import;Harmonized;M;M
Physical Energy & Power Flows;2022;6;8;8;8;AL;ME;Monthly Value;Import;Harmonized;M;M
Physical Energy & Power Flows;2022;9;152;152;152;EE;RU;Monthly Value;Export;Harmonized;M;NaM
Physical Energy & Power Flows;2022;12;0;0;0;LU;DE;Monthly Value;Export;Harmonized;M;M
Physical Energy & Power Flows;2022;9;0;0;0;LT;SE;Monthly Value;Export;Harmonized;M;M
Physical Energy & Power Flows;2022;2;11;11;11;LV;EE;Monthly Value;Export;Harmonized;M;M
Physical Energy & Power Flows;2022;3;4;4;4;HR;HU;Monthly Value;Export;Harmonized;M;M
Physical Energy & Power Flows;2022;11;515;515;515;SE;DK;Monthly Value;Export;Harmonized;M;M
Physical Energy & Power Flows;2022;6;105;105;105;LT;PL;Monthly Value;Export;Harmonized;M;M
Physical Energy & Power Flows;2022;4;1;1;1;BY;LT;Monthly Value;Import;Harmonized;NaM;M
Physical Energy & Power Flows;2022;12;496;496;496;HR;SI;Monthly Value;Export;Harmonized;M;M
Physical Energy & Power Flows;2022;8;248;248;248;NL;GB;Monthly Value;Export;Harmonized;M;M
Physical Energy & Power Flows;2022;4;1;1;1;AZ;GE;Monthly Value;Export;Harmonized;NaM;NaM
Physical Energy & Power Flows;2022;10;66;66;66;MT;IT;Monthly Value;Import;Harmonized;NaM;M
Physical Energy & Power Flows;2022;12;2;2;2;MD;RO;Monthly Value;Export;Harmonized;NaM;M
Physical Energy & Power Flows;2022;7;1155;1155;1155;FR;DE;Monthly Value;Import;Harmonized;M;M
Physical Energy & Power Flows;2022;9;1;1;1;CZ;PL;Monthly Value;Export;Harmonized;M;M
Physical Energy & Power Flows;2022;3;177;177;177;BG;TR;Monthly Value;Export;Harmonized;M;M
Physical Energy & Power Flows;2022;8;79;79;79;SI;HR;Monthly Value;Export;Harmonized;M;M
Physical Energy & Power Flows;2022;12;55;55;55;HU;RS;Monthly Value;Export;Harmonized;M;M
Physical Energy & Power Flows;2022;6;13;13;13;RO;UA;Monthly Value;Export;Harmonized;M;NaM
Physical Energy & Power Flows;2022;12;183;183;183;BE;NL;Monthly Value;Export;Harmonized;M;M
Physical Energy & Power Flows;2022;12;28;28;28;RO;UA;Monthly Value;Export;Harmonized;M;NaM
Physical Energy & Power Flows;2022;9;29;29;29;MK;GR;Monthly Value;Import;Harmonized;M;M
Physical Energy & Power Flows;2022;9;42;42;42;SK;UA;Monthly Value;Export;Harmonized;M;NaM
Physical Energy & Power Flows;2022;5;34;34;34;IT;MT;Monthly Value;Export;Harmonized;M;NaM
Physical Energy & Power Flows;2022;4;0;0;0;FI;EE;Monthly Value;Import;Harmonized;M;M
Physical Energy & Power Flows;2022;4;215;215;215;CZ;DE;Monthly Value;Export;Harmonized;M;M
Physical Energy & Power Flows;2022;1;3;3;3;SE;LT;Monthly Value;Import;Harmonized;M;M
Physical Energy & Power Flows;2022;10;365;365;365;NO;DK;Monthly Value;Export;Harmonized;M;M
Physical Energy & Power Flows;2022;11;1;1;1;IT;MT;Monthly Value;Import;Harmonized;M;NaM
Physical Energy & Power Flows;2022;4;169;169;169;ES;PT;Monthly Value;Import;Harmonized;M;M
Physical Energy & Power Flows;2022;1;879;879;879;CZ;SK;Monthly Value;Export;Harmonized;M;M
Physical Energy & Power Flows;2022;3;76;76;76;RU;LV;Monthly Value;Export;Harmonized;NaM;M
Physical Energy & Power Flows;2022;5;64;64;64;MD;UA;Monthly Value;Import;Harmonized;NaM;NaM
Physical Energy & Power Flows;2022;9;64;64;64;GB;NO;Monthly Value;Import;Harmonized;M;M
Physical Energy & Power Flows;2022;9;309;309;309;LU;DE;Monthly Value;Import;Harmonized;M;M
Physical Energy & Power Flows;2022;5;1;1;1;LV;RU;Monthly Value;Export;Harmonized;M;NaM
Physical Energy & Power Flows;2022;2;88;88;88;LV;LT;Monthly Value;Export;Harmonized;M;M
Physical Energy & Power Flows;2022;4;240;240;240;BG;TR;Monthly Value;Export;Harmonized;M;M
Physical Energy & Power Flows;2022;1;383;383;383;TR;GR;Monthly Value;Export;Harmonized;M;M
Physical Energy & Power Flows;2022;8;0;0;0;FI;NO;Monthly Value;Export;Harmonized;M;M
Physical Energy & Power Flows;2022;3;5;5;5;GE;AZ;Monthly Value;Import;Harmonized;NaM;NaM
Physical Energy & Power Flows;2022;11;137;137;137;AT;IT;Monthly Value;Export;Harmonized;M;M
Physical Energy & Power Flows;2022;2;32;32;32;FR;CH;Monthly Value;Import;Harmonized;M;M
Physical Energy & Power Flows;2022;4;6;6;6;LT;PL;Monthly Value;Import;Harmonized;M;M
Physical Energy & Power Flows;2022;10;226;226;226;UA;SK;Monthly Value;Import;Harmonized;NaM;M
Physical Energy & Power Flows;2022;11;6;6;6;DK;NL;Monthly Value;Import;Harmonized;M;M
Physical Energy & Power Flows;2022;12;571;571;571;CZ;PL;Monthly Value;Import;Harmonized;M;M
Physical Energy & Power Flows;2022;8;738;738;738;SK;CZ;Monthly Value;Import;Harmonized;M;M
Physical Energy & Power Flows;2022;9;2;2;2;PL;SK;Monthly Value;Import;Harmonized;M;M
Physical Energy & Power Flows;2022;10;86;86;86;BE;FR;Monthly Value;Import;Harmonized;M;M
Physical Energy & Power Flows;2022;12;256;256;256;SE;PL;Monthly Value;Export;Harmonized;M;M
Physical Energy & Power Flows;2022;11;55;55;55;BG;RO;Monthly Value;Import;Harmonized;M;M
Physical Energy & Power Flows;2022;8;100;100;100;GB;FR;Monthly Value;Import;Harmonized;M;M
Physical Energy & Power Flows;2022;10;365;365;365;DK;NO;Monthly Value;Import;Harmonized;M;M
Physical Energy & Power Flows;2022;12;4;4;4;BG;RS;Monthly Value;Import;Harmonized;M;M
Physical Energy & Power Flows;2022;4;83;83;83;RS;HR;Monthly Value;Export;Harmonized;M;M
Physical Energy & Power Flows;2022;3;564;564;564;DE;PL;Monthly Value;Export;Harmonized;M;M
Physical Energy & Power Flows;2022;2;664;664;664;PL;CZ;Monthly Value;Export;Harmonized;M;M
Physical Energy & Power Flows;2022;5;217;217;217;NL;BE;Monthly Value;Export;Harmonized;M;M
Physical Energy & Power Flows;2022;11;79;79;79;GB;NO;Monthly Value;Export;Harmonized;M;M
Physical Energy & Power Flows;2022;6;0;0;0;LV;RU;Monthly Value;Export;Harmonized;M;NaM
Physical Energy & Power Flows;2022;4;0;0;0;EE;LV;Monthly Value;Import;Harmonized;M;M
Physical Energy & Power Flows;2022;9;91;91;91;HR;RS;Monthly Value;Import;Harmonized;M;M
Physical Energy & Power Flows;2022;11;78;78;78;DE;BE;Monthly Value;Import;Harmonized;M;M
Physical Energy & Power Flows;2022;12;49;49;49;MK;RS;Monthly Value;Export;Harmonized;M;M
Physical Energy & Power Flows;2022;8;8;8;8;PL;DE;Monthly Value;Export;Harmonized;M;M
Physical Energy & Power Flows;2022;9;151;151;151;HR;BA;Monthly Value;Import;Harmonized;M;M
Physical Energy & Power Flows;2022;12;132;132;132;AL;ME;Monthly Value;Export;Harmonized;M;M
Physical Energy & Power Flows;2022;8;109;109;109;LT;PL;Monthly Value;Import;Harmonized;M;M
Physical Energy & Power Flows;2022;3;727;727;727;EE;FI;Monthly Value;Import;Harmonized;M;M
Physical Energy & Power Flows;2022;3;133;133;133;BG;GR;Monthly Value;Export;Harmonized;M;M
Physical Energy & Power Flows;2022;11;172;172;172;MD;UA;Monthly Value;Export;Harmonized;NaM;NaM
Physical Energy & Power Flows;2022;9;1310;1310;1310;CH;DE;Monthly Value;Import;Harmonized;M;M
Physical Energy & Power Flows;2022;3;620;620;620;PL;SK;Monthly Value;Export;Harmonized;M;M
Physical Energy & Power Flows;2022;4;233;233;233;SE;DE;Monthly Value;Export;Harmonized;M;M
Physical Energy & Power Flows;2022;2;404;404;404;LT;SE;Monthly Value;Import;Harmonized;M;M
Physical Energy & Power Flows;2022;7;571;571;571;FR;CH;Monthly Value;Import;Harmonized;M;M
Physical Energy & Power Flows;2022;6;49;49;49;MT;IT;Monthly Value;Import;Harmonized;NaM;M
Physical Energy & Power Flows;2022;5;603;603;603;DE;PL;Monthly Value;Export;Harmonized;M;M
Physical Energy & Power Flows;2022;4;62;62;62;NO;NL;Monthly Value;Import;Harmonized;M;M
Physical Energy & Power Flows;2022;7;125;125;125;XK;RS;Monthly Value;Import;Harmonized;M;M
Physical Energy & Power Flows;2022;5;0;0;0;GE;AM;Monthly Value;Import;Harmonized;NaM;NaM
Physical Energy & Power Flows;2022;6;45;45;45;CH;AT;Monthly Value;Export;Harmonized;M;M
Physical Energy & Power Flows;2022;8;275;275;275;DE;BE;Monthly Value;Import;Harmonized;M;M
Physical Energy & Power Flows;2022;1;12;12;12;RS;XK;Monthly Value;Import;Harmonized;M;M
Physical Energy & Power Flows;2022;12;158;158;158;ES;PT;Monthly Value;Export;Harmonized;M;M
Physical Energy & Power Flows;2022;3;133;133;133;BA;ME;Monthly Value;Export;Harmonized;M;M
Physical Energy & Power Flows;2022;9;48;48;48;ME;BA;Monthly Value;Export;Harmonized;M;M
Physical Energy & Power Flows;2022;5;17;17;17;PL;DE;Monthly Value;Export;Harmonized;M;M
Physical Energy & Power Flows;2022;5;1;1;1;RS;XK;Monthly Value;Import;Harmonized;M;M
Physical Energy & Power Flows;2022;5;3;3;3;LT;SE;Monthly Value;Export;Harmonized;M;M
Physical Energy & Power Flows;2022;7;1;1;1;MK;XK;Monthly Value;Import;Harmonized;M;M
Physical Energy & Power Flows;2022;10;511;511;511;SK;PL;Monthly Value;Import;Harmonized;M;M
Physical Energy & Power Flows;2022;9;163;163;163;GB;NL;Monthly Value;Import;Harmonized;M;M
Physical Energy & Power Flows;2022;5;460;460;460;FR;DE;Monthly Value;Export;Harmonized;M;M
Physical Energy & Power Flows;2022;9;26;26;26;UA;MD;Monthly Value;Export;Harmonized;NaM;NaM
Physical Energy & Power Flows;2022;10;271;271;271;NO;GB;Monthly Value;Export;Harmonized;M;M
Physical Energy & Power Flows;2022;10;1512;1512;1512;FR;IT;Monthly Value;Export;Harmonized;M;M
Physical Energy & Power Flows;2022;3;85;85;85;ME;XK;Monthly Value;Import;Harmonized;M;M
Physical Energy & Power Flows;2022;4;319;319;319;NO;DK;Monthly Value;Import;Harmonized;M;M
Physical Energy & Power Flows;2022;7;302;302;302;GB;BE;Monthly Value;Export;Harmonized;M;M
Physical Energy & Power Flows;2022;4;371;371;371;BE;GB;Monthly Value;Export;Harmonized;M;M
Physical Energy & Power Flows;2022;12;9;9;9;SK;HU;Monthly Value;Import;Harmonized;M;M
Physical Energy & Power Flows;2022;8;688;688;688;DE;CH;Monthly Value;Export;Harmonized;M;M
Physical Energy & Power Flows;2022;11;70;70;70;GE;RU;Monthly Value;Import;Harmonized;NaM;NaM
Physical Energy & Power Flows;2022;4;81;81;81;NL;DK;Monthly Value;Export;Harmonized;M;M
Physical Energy & Power Flows;2022;12;18;18;18;ME;AL;Monthly Value;Export;Harmonized;M;M
Physical Energy & Power Flows;2022;10;627;627;627;SE;NO;Monthly Value;Export;Harmonized;M;M
Physical Energy & Power Flows;2022;11;40;40;40;HU;RO;Monthly Value;Import;Harmonized;M;M
Physical Energy & Power Flows;2022;10;168;168;168;DK;NO;Monthly Value;Export;Harmonized;M;M
Physical Energy & Power Flows;2022;6;807;807;807;CZ;SK;Monthly Value;Export;Harmonized;M;M
Physical Energy & Power Flows;2022;11;3;3;3;TR;BG;Monthly Value;Export;Harmonized;M;M
Physical Energy & Power Flows;2022;2;152;152;152;XK;RS;Monthly Value;Import;Harmonized;M;M
Physical Energy & Power Flows;2022;3;2;2;2;UA;SK;Monthly Value;Export;Harmonized;NaM;M
Physical Energy & Power Flows;2022;3;2;2;2;FI;NO;Monthly Value;Export;Harmonized;M;M
Physical Energy & Power Flows;2022;11;505;505;505;TR;GE;Monthly Value;Import;Harmonized;M;NaM
Physical Energy & Power Flows;2022;10;1387;1387;1387;SK;HU;Monthly Value;Export;Harmonized;M;M
Physical Energy & Power Flows;2022;1;2;2;2;CZ;PL;Monthly Value;Export;Harmonized;M;M
Physical Energy & Power Flows;2022;2;483;483;483;AT;SI;Monthly Value;Export;Harmonized;M;M
Physical Energy & Power Flows;2022;11;38;38;38;LV;RU;Monthly Value;Import;Harmonized;M;NaM
Physical Energy & Power Flows;2022;6;286;286;286;LT;LV;Monthly Value;Import;Harmonized;M;M
Physical Energy & Power Flows;2022;6;3;3;3;EE;RU;Monthly Value;Import;Harmonized;M;NaM
Physical Energy & Power Flows;2022;8;21;21;21;IT;ME;Monthly Value;Export;Harmonized;M;M
Physical Energy & Power Flows;2022;8;62;62;62;HU;RO;Monthly Value;Export;Harmonized;M;M
Physical Energy & Power Flows;2022;4;3;3;3;SK;CZ;Monthly Value;Export;Harmonized;M;M
Physical Energy & Power Flows;2022;10;40;40;40;MK;RS;Monthly Value;Export;Harmonized;M;M
Physical Energy & Power Flows;2022;8;0;0;0;GE;TR;Monthly Value;Import;Harmonized;NaM;M
Physical Energy & Power Flows;2022;8;812;812;812;DE;NL;Monthly Value;Import;Harmonized;M;M
Physical Energy & Power Flows;2022;8;251;251;251;RS;ME;Monthly Value;Import;Harmonized;M;M
Physical Energy & Power Flows;2022;5;10;10;10;SE;DE;Monthly Value;Import;Harmonized;M;M
Physical Energy & Power Flows;2022;6;0;0;0;IT;CH;Monthly Value;Export;Harmonized;M;M
Physical Energy & Power Flows;2022;1;373;373;373;LU;DE;Monthly Value;Import;Harmonized;M;M
Physical Energy & Power Flows;2022;1;505;505;505;NO;SE;Monthly Value;Export;Harmonized;M;M
Physical Energy & Power Flows;2022;2;581;581;581;CZ;DE;Monthly Value;Import;Harmonized;M;M
Physical Energy & Power Flows;2022;5;65;65;65;LT;RU;Monthly Value;Import;Harmonized;M;NaM
Physical Energy & Power Flows;2022;6;1;1;1;LT;LV;Monthly Value;Export;Harmonized;M;M
Physical Energy & Power Flows;2022;5;77;77;77;AL;ME;Monthly Value;Export;Harmonized;M;M
Physical Energy & Power Flows;2022;12;81;81;81;HR;BA;Monthly Value;Export;Harmonized;M;M
Physical Energy & Power Flows;2022;9;23;23;23;LU;BE;Monthly Value;Export;Harmonized;M;M
Physical Energy & Power Flows;2022;4;31;31;31;LV;RU;Monthly Value;Import;Harmonized;M;NaM
Physical Energy & Power Flows;2022;1;675;675;675;DE;PL;Monthly Value;Export;Harmonized;M;M
Physical Energy & Power Flows;2022;9;193;193;193;HU;SI;Monthly Value;Export;Harmonized;M;M
Physical Energy & Power Flows;2022;5;110;110;110;NO;DE;Monthly Value;Import;Harmonized;M;M
Physical Energy & Power Flows;2022;5;2;2;2;MT;IT;Monthly Value;Export;Harmonized;NaM;M
Physical Energy & Power Flows;2022;2;129;129;129;GB;IE;Monthly Value;Import;Harmonized;M;M
Physical Energy & Power Flows;2022;6;48;48;48;NO;DE;Monthly Value;Import;Harmonized;M;M
Physical Energy & Power Flows;2022;4;271;271;271;HR;SI;Monthly Value;Export;Harmonized;M;M
Physical Energy & Power Flows;2022;8;57;57;57;IT;FR;Monthly Value;Export;Harmonized;M;M
Physical Energy & Power Flows;2022;12;105;105;105;ME;BA;Monthly Value;Import;Harmonized;M;M
Physical Energy & Power Flows;2022;10;118;118;118;ME;IT;Monthly Value;Export;Harmonized;M;M
Physical Energy & Power Flows;2022;7;751;751;751;CZ;SK;Monthly Value;Export;Harmonized;M;M
Physical Energy & Power Flows;2022;8;125;125;125;RU;EE;Monthly Value;Import;Harmonized;NaM;M
Physical Energy & Power Flows;2022;12;60;60;60;IE;GB;Monthly Value;Export;Harmonized;M;M
Physical Energy & Power Flows;2022;4;94;94;94;BE;FR;Monthly Value;Import;Harmonized;M;M
Physical Energy & Power Flows;2022;12;44;44;44;GB;NL;Monthly Value;Export;Harmonized;M;M
Physical Energy & Power Flows;2022;11;249;249;249;NL;BE;Monthly Value;Import;Harmonized;M;M
Physical Energy & Power Flows;2022;1;27;27;27;BE;LU;Monthly Value;Export;Harmonized;M;M
Physical Energy & Power Flows;2022;10;0;0;0;SI;AT;Monthly Value;Export;Harmonized;M;M
Physical Energy & Power Flows;2022;11;14;14;14;BA;RS;Monthly Value;Export;Harmonized;M;M
Physical Energy & Power Flows;2022;8;622;622;622;DE;PL;Monthly Value;Export;Harmonized;M;M
Physical Energy & Power Flows;2022;8;0;0;0;SE;DE;Monthly Value;Import;Harmonized;M;M
Physical Energy & Power Flows;2022;9;0;0;0;MT;IT;Monthly Value;Export;Harmonized;NaM;M
Physical Energy & Power Flows;2022;2;88;88;88;LT;LV;Monthly Value;Import;Harmonized;M;M
Physical Energy & Power Flows;2022;5;10;10;10;DE;SE;Monthly Value;Export;Harmonized;M;M
Physical Energy & Power Flows;2022;11;0;0;0;PL;UA;Monthly Value;Import;Harmonized;M;NaM
Physical Energy & Power Flows;2022;2;7;7;7;RU;EE;Monthly Value;Export;Harmonized;NaM;M
Physical Energy & Power Flows;2022;2;242;242;242;DE;NO;Monthly Value;Export;Harmonized;M;M
Physical Energy & Power Flows;2022;12;213;213;213;LT;LV;Monthly Value;Import;Harmonized;M;M
Physical Energy & Power Flows;2022;1;469;469;469;NO;DE;Monthly Value;Export;Harmonized;M;M
Physical Energy & Power Flows;2022;4;739;739;739;CZ;SK;Monthly Value;Export;Harmonized;M;M
Physical Energy & Power Flows;2022;11;88;88;88;ME;RS;Monthly Value;Export;Harmonized;M;M
Physical Energy & Power Flows;2022;10;25;25;25;MD;UA;Monthly Value;Import;Harmonized;NaM;NaM
Physical Energy & Power Flows;2022;7;130;130;130;PL;LT;Monthly Value;Import;Harmonized;M;M
Physical Energy & Power Flows;2022;7;1;1;1;DE;SE;Monthly Value;Export;Harmonized;M;M
Physical Energy & Power Flows;2022;10;670;670;670;CZ;PL;Monthly Value;Import;Harmonized;M;M
Physical Energy & Power Flows;2022;9;1014;1014;1014;FI;SE;Monthly Value;Import;Harmonized;M;M
Physical Energy & Power Flows;2022;1;8;8;8;RS;BA;Monthly Value;Export;Harmonized;M;M
Physical Energy & Power Flows;2022;6;0;0;0;SK;PL;Monthly Value;Export;Harmonized;M;M
Physical Energy & Power Flows;2022;10;8;8;8;EE;RU;Monthly Value;Import;Harmonized;M;NaM
Physical Energy & Power Flows;2022;5;0;0;0;BG;TR;Monthly Value;Import;Harmonized;M;M
Physical Energy & Power Flows;2022;2;181;181;181;DE;FR;Monthly Value;Import;Harmonized;M;M
Physical Energy & Power Flows;2022;9;133;133;133;UA;PL;Monthly Value;Export;Harmonized;NaM;M
Physical Energy & Power Flows;2022;11;136;136;136;GR;BG;Monthly Value;Import;Harmonized;M;M
Physical Energy & Power Flows;2022;11;120;120;120;RS;RO;Monthly Value;Import;Harmonized;M;M
Physical Energy & Power Flows;2022;7;20;20;20;PT;ES;Monthly Value;Export;Harmonized;M;M
Physical Energy & Power Flows;2022;6;47;47;47;PT;ES;Monthly Value;Export;Harmonized;M;M
Physical Energy & Power Flows;2022;3;3;3;3;NO;GB;Monthly Value;Import;Harmonized;M;M
Physical Energy & Power Flows;2022;7;14;14;14;MD;UA;Monthly Value;Import;Harmonized;NaM;NaM
Physical Energy & Power Flows;2022;8;0;0;0;LU;BE;Monthly Value;Export;Harmonized;M;M
Physical Energy & Power Flows;2022;10;275;275;275;SE;DE;Monthly Value;Export;Harmonized;M;M
Physical Energy & Power Flows;2022;1;324;324;324;RU;UA;Monthly Value;Export;Harmonized;NaM;NaM
Physical Energy & Power Flows;2022;12;56;56;56;BE;DE;Monthly Value;Export;Harmonized;M;M
Physical Energy & Power Flows;2022;7;147;147;147;HU;AT;Monthly Value;Import;Harmonized;M;M
Physical Energy & Power Flows;2022;12;24;24;24;SK;CZ;Monthly Value;Export;Harmonized;M;M
Physical Energy & Power Flows;2022;4;879;879;879;CZ;PL;Monthly Value;Import;Harmonized;M;M
Physical Energy & Power Flows;2022;1;369;369;369;NL;NO;Monthly Value;Import;Harmonized;M;M
Physical Energy & Power Flows;2022;5;113;113;113;UA;HU;Monthly Value;Export;Harmonized;NaM;M
Physical Energy & Power Flows;2022;11;13;13;13;IT;MT;Monthly Value;Export;Harmonized;M;NaM
Physical Energy & Power Flows;2022;2;299;299;299;RS;BG;Monthly Value;Import;Harmonized;M;M
Physical Energy & Power Flows;2022;10;146;146;146;DE;NL;Monthly Value;Export;Harmonized;M;M
Physical Energy & Power Flows;2022;1;82;82;82;MK;GR;Monthly Value;Import;Harmonized;M;M
Physical Energy & Power Flows;2022;4;218;218;218;ME;BA;Monthly Value;Import;Harmonized;M;M
Physical Energy & Power Flows;2022;9;850;850;850;FR;BE;Monthly Value;Import;Harmonized;M;M
Physical Energy & Power Flows;2022;4;2;2;2;BA;ME;Monthly Value;Import;Harmonized;M;M
Physical Energy & Power Flows;2022;10;127;127;127;BE;GB;Monthly Value;Export;Harmonized;M;M
Physical Energy & Power Flows;2022;8;0;0;0;BE;LU;Monthly Value;Import;Harmonized;M;M
Physical Energy & Power Flows;2022;6;116;116;116;BA;RS;Monthly Value;Import;Harmonized;M;M
Physical Energy & Power Flows;2022;10;0;0;0;IT;MT;Monthly Value;Import;Harmonized;M;NaM
Physical Energy & Power Flows;2022;12;347;347;347;FR;CH;Monthly Value;Import;Harmonized;M;M
Physical Energy & Power Flows;2022;9;58;58;58;SE;DK;Monthly Value;Import;Harmonized;M;M
Physical Energy & Power Flows;2022;12;42;42;42;ME;XK;Monthly Value;Export;Harmonized;M;M
Physical Energy & Power Flows;2022;3;418;418;418;LV;EE;Monthly Value;Import;Harmonized;M;M
Physical Energy & Power Flows;2022;11;182;182;182;GR;TR;Monthly Value;Import;Harmonized;M;M
Physical Energy & Power Flows;2022;11;0;0;0;BG;MK;Monthly Value;Import;Harmonized;M;M
Physical Energy & Power Flows;2022;2;49;49;49;MK;XK;Monthly Value;Import;Harmonized;M;M
Physical Energy & Power Flows;2022;1;364;364;364;AT;SI;Monthly Value;Export;Harmonized;M;M
Physical Energy & Power Flows;2022;4;90;90;90;RS;ME;Monthly Value;Import;Harmonized;M;M
Physical Energy & Power Flows;2022;3;214;214;214;SK;UA;Monthly Value;Export;Harmonized;M;NaM
Physical Energy & Power Flows;2022;4;539;539;539;DK;DE;Monthly Value;Export;Harmonized;M;M
Physical Energy & Power Flows;2022;12;69;69;69;DE;AT;Monthly Value;Import;Harmonized;M;M
Physical Energy & Power Flows;2022;4;1;1;1;IT;ME;Monthly Value;Export;Harmonized;M;M
Physical Energy & Power Flows;2022;10;4;4;4;SI;IT;Monthly Value;Import;Harmonized;M;M
Physical Energy & Power Flows;2022;2;220;220;220;PL;SE;Monthly Value;Import;Harmonized;M;M
Physical Energy & Power Flows;2022;3;971;971;971;FR;DE;Monthly Value;Import;Harmonized;M;M
Physical Energy & Power Flows;2022;9;150;150;150;ME;XK;Monthly Value;Import;Harmonized;M;M
Physical Energy & Power Flows;2022;4;1;1;1;ME;IT;Monthly Value;Import;Harmonized;M;M
Physical Energy & Power Flows;2022;5;2;2;2;IT;MT;Monthly Value;Import;Harmonized;M;NaM
Physical Energy & Power Flows;2022;7;345;345;345;GR;IT;Monthly Value;Export;Harmonized;M;M
Physical Energy & Power Flows;2022;10;1512;1512;1512;IT;FR;Monthly Value;Import;Harmonized;M;M
Physical Energy & Power Flows;2022;1;361;361;361;BE;DE;Monthly Value;Import;Harmonized;M;M
Physical Energy & Power Flows;2022;4;781;781;781;DE;AT;Monthly Value;Export;Harmonized;M;M
Physical Energy & Power Flows;2022;6;45;45;45;RO;HU;Monthly Value;Import;Harmonized;M;M
Physical Energy & Power Flows;2022;12;2;2;2;IT;MT;Monthly Value;Import;Harmonized;M;NaM
Physical Energy & Power Flows;2022;5;4;4;4;UA;RO;Monthly Value;Import;Harmonized;NaM;M
Physical Energy & Power Flows;2022;3;686;686;686;CH;AT;Monthly Value;Import;Harmonized;M;M
Physical Energy & Power Flows;2022;4;395;395;395;ME;IT;Monthly Value;Export;Harmonized;M;M
Physical Energy & Power Flows;2022;11;4;4;4;DE;SE;Monthly Value;Export;Harmonized;M;M
Physical Energy & Power Flows;2022;3;416;416;416;CZ;DE;Monthly Value;Export;Harmonized;M;M
Physical Energy & Power Flows;2022;2;348;348;348;DK;DE;Monthly Value;Export;Harmonized;M;M
Physical Energy & Power Flows;2022;11;210;210;210;FR;ES;Monthly Value;Export;Harmonized;M;M
Physical Energy & Power Flows;2022;8;89;89;89;BG;GR;Monthly Value;Export;Harmonized;M;M
Physical Energy & Power Flows;2022;11;255;255;255;DE;FR;Monthly Value;Import;Harmonized;M;M
Physical Energy & Power Flows;2022;12;40;40;40;TR;BG;Monthly Value;Export;Harmonized;M;M
Physical Energy & Power Flows;2022;9;69;69;69;HU;RO;Monthly Value;Export;Harmonized;M;M
Physical Energy & Power Flows;2022;6;711;711;711;NO;DE;Monthly Value;Export;Harmonized;M;M
Physical Energy & Power Flows;2022;11;199;199;199;HU;UA;Monthly Value;Import;Harmonized;M;NaM
Physical Energy & Power Flows;2022;10;1202;1202;1202;CH;DE;Monthly Value;Import;Harmonized;M;M
Physical Energy & Power Flows;2022;4;2;2;2;LV;RU;Monthly Value;Export;Harmonized;M;NaM
Physical Energy & Power Flows;2022;5;152;152;152;DE;CH;Monthly Value;Import;Harmonized;M;M
Physical Energy & Power Flows;2022;11;156;156;156;CZ;DE;Monthly Value;Export;Harmonized;M;M
Physical Energy & Power Flows;2022;9;1;1;1;ES;FR;Monthly Value;Import;Harmonized;M;M
Physical Energy & Power Flows;2022;3;9;9;9;AT;SI;Monthly Value;Import;Harmonized;M;M
Physical Energy & Power Flows;2022;8;49;49;49;IT;CH;Monthly Value;Export;Harmonized;M;M
Physical Energy & Power Flows;2022;3;34;34;34;RS;RO;Monthly Value;Export;Harmonized;M;M
Physical Energy & Power Flows;2022;11;435;435;435;CH;AT;Monthly Value;Import;Harmonized;M;M
Physical Energy & Power Flows;2022;3;195;195;195;PT;ES;Monthly Value;Export;Harmonized;M;M
Physical Energy & Power Flows;2022;10;280;280;280;GE;AZ;Monthly Value;Import;Harmonized;NaM;NaM
Physical Energy & Power Flows;2022;6;241;241;241;DE;BE;Monthly Value;Export;Harmonized;M;M
Physical Energy & Power Flows;2022;7;271;271;271;NL;DK;Monthly Value;Import;Harmonized;M;M
Physical Energy & Power Flows;2022;11;429;429;429;EE;FI;Monthly Value;Import;Harmonized;M;M
Physical Energy & Power Flows;2022;3;1682;1682;1682;CH;IT;Monthly Value;Export;Harmonized;M;M
Physical Energy & Power Flows;2022;8;43;43;43;BY;LT;Monthly Value;Import;Harmonized;NaM;M
Physical Energy & Power Flows;2022;11;140;140;140;NL;DK;Monthly Value;Import;Harmonized;M;M
Physical Energy & Power Flows;2022;3;0;0;0;MT;IT;Monthly Value;Export;Harmonized;NaM;M
Physical Energy & Power Flows;2022;4;250;250;250;BG;GR;Monthly Value;Export;Harmonized;M;M
Physical Energy & Power Flows;2022;11;533;533;533;DE;CZ;Monthly Value;Export;Harmonized;M;M
Physical Energy & Power Flows;2022;4;44;44;44;IT;FR;Monthly Value;Export;Harmonized;M;M
Physical Energy & Power Flows;2022;4;733;733;733;FR;GB;Monthly Value;Import;Harmonized;M;M
Physical Energy & Power Flows;2022;6;0;0;0;FI;EE;Monthly Value;Import;Harmonized;M;M
Physical Energy & Power Flows;2022;1;28;28;28;XK;MK;Monthly Value;Export;Harmonized;M;M
Physical Energy & Power Flows;2022;1;13;13;13;HR;HU;Monthly Value;Export;Harmonized;M;M
Physical Energy & Power Flows;2022;2;265;265;265;FR;GB;Monthly Value;Import;Harmonized;M;M
Physical Energy & Power Flows;2022;3;380;380;380;DE;BE;Monthly Value;Export;Harmonized;M;M
Physical Energy & Power Flows;2022;10;41;41;41;RS;HR;Monthly Value;Export;Harmonized;M;M
Physical Energy & Power Flows;2022;3;5;5;5;LT;SE;Monthly Value;Export;Harmonized;M;M
Physical Energy & Power Flows;2022;7;70;70;70;HU;RO;Monthly Value;Export;Harmonized;M;M
Physical Energy & Power Flows;2022;5;133;133;133;SK;UA;Monthly Value;Export;Harmonized;M;NaM
Physical Energy & Power Flows;2022;8;726;726;726;DK;NO;Monthly Value;Import;Harmonized;M;M
Physical Energy & Power Flows;2022;11;2;2;2;BY;LT;Monthly Value;Import;Harmonized;NaM;M
Physical Energy & Power Flows;2022;9;145;145;145;DE;FR;Monthly Value;Import;Harmonized;M;M
Physical Energy & Power Flows;2022;8;21;21;21;XK;RS;Monthly Value;Export;Harmonized;M;M
Physical Energy & Power Flows;2022;9;20;20;20;CH;DE;Monthly Value;Export;Harmonized;M;M
Physical Energy & Power Flows;2022;9;23;23;23;HR;RS;Monthly Value;Export;Harmonized;M;M
Physical Energy & Power Flows;2022;12;4;4;4;HU;SI;Monthly Value;Import;Harmonized;M;M
Physical Energy & Power Flows;2022;2;0;0;0;SI;AT;Monthly Value;Export;Harmonized;M;M
Physical Energy & Power Flows;2022;5;919;919;919;CH;DE;Monthly Value;Import;Harmonized;M;M
Physical Energy & Power Flows;2022;11;0;0;0;RO;MD;Monthly Value;Import;Harmonized;M;NaM
Physical Energy & Power Flows;2022;7;1747;1747;1747;SE;FI;Monthly Value;Export;Harmonized;M;M
Physical Energy & Power Flows;2022;12;76;76;76;RS;XK;Monthly Value;Export;Harmonized;M;M
Physical Energy & Power Flows;2022;4;124;124;124;PL;UA;Monthly Value;Import;Harmonized;M;NaM
Physical Energy & Power Flows;2022;3;0;0;0;IT;MT;Monthly Value;Import;Harmonized;M;NaM
Physical Energy & Power Flows;2022;9;138;138;138;RS;BA;Monthly Value;Export;Harmonized;M;M
Physical Energy & Power Flows;2022;7;0;0;0;IT;MT;Monthly Value;Import;Harmonized;M;NaM
Physical Energy & Power Flows;2022;1;51;51;51;PL;LT;Monthly Value;Export;Harmonized;M;M
Physical Energy & Power Flows;2022;2;188;188;188;RU;EE;Monthly Value;Import;Harmonized;NaM;M
Physical Energy & Power Flows;2022;9;120;120;120;XK;AL;Monthly Value;Export;Harmonized;M;M
Physical Energy & Power Flows;2022;9;26;26;26;LU;BE;Monthly Value;Import;Harmonized;M;M
Physical Energy & Power Flows;2022;8;688;688;688;CH;DE;Monthly Value;Import;Harmonized;M;M
Physical Energy & Power Flows;2022;11;73;73;73;RS;XK;Monthly Value;Export;Harmonized;M;M
Physical Energy & Power Flows;2022;12;100;100;100;XK;RS;Monthly Value;Export;Harmonized;M;M
Physical Energy & Power Flows;2022;5;610;610;610;IT;SI;Monthly Value;Import;Harmonized;M;M
Physical Energy & Power Flows;2022;12;4;4;4;RS;BG;Monthly Value;Export;Harmonized;M;M
Physical Energy & Power Flows;2022;2;503;503;503;DK;SE;Monthly Value;Import;Harmonized;M;M
Physical Energy & Power Flows;2022;6;425;425;425;LV;EE;Monthly Value;Import;Harmonized;M;M
Physical Energy & Power Flows;2022;2;12;12;12;GR;AL;Monthly Value;Import;Harmonized;M;M
Physical Energy & Power Flows;2022;9;125;125;125;AL;GR;Monthly Value;Import;Harmonized;M;M
Physical Energy & Power Flows;2022;8;0;0;0;IT;MT;Monthly Value;Import;Harmonized;M;NaM
Physical Energy & Power Flows;2022;9;5;5;5;BA;RS;Monthly Value;Export;Harmonized;M;M
Physical Energy & Power Flows;2022;12;2;2;2;IT;SI;Monthly Value;Export;Harmonized;M;M
Physical Energy & Power Flows;2022;9;367;367;367;NL;BE;Monthly Value;Import;Harmonized;M;M
Physical Energy & Power Flows;2022;6;160;160;160;DE;BE;Monthly Value;Import;Harmonized;M;M
Physical Energy & Power Flows;2022;5;114;114;114;SI;HR;Monthly Value;Import;Harmonized;M;M
Physical Energy & Power Flows;2022;12;56;56;56;DE;BE;Monthly Value;Import;Harmonized;M;M
Physical Energy & Power Flows;2022;2;49;49;49;XK;MK;Monthly Value;Export;Harmonized;M;M
Physical Energy & Power Flows;2022;7;171;171;171;RO;MD;Monthly Value;Export;Harmonized;M;NaM
Physical Energy & Power Flows;2022;10;461;461;461;NO;DE;Monthly Value;Export;Harmonized;M;M
Physical Energy & Power Flows;2022;12;236;236;236;AT;SI;Monthly Value;Import;Harmonized;M;M
Physical Energy & Power Flows;2022;5;9;9;9;AZ;GE;Monthly Value;Export;Harmonized;NaM;NaM
Physical Energy & Power Flows;2022;3;0;0;0;GR;AL;Monthly Value;Import;Harmonized;M;M
Physical Energy & Power Flows;2022;3;416;416;416;DE;CZ;Monthly Value;Import;Harmonized;M;M
Physical Energy & Power Flows;2022;1;87;87;87;GR;AL;Monthly Value;Export;Harmonized;M;M
Physical Energy & Power Flows;2022;6;0;0;0;RU;FI;Monthly Value;Import;Harmonized;NaM;M
Physical Energy & Power Flows;2022;2;582;582;582;FI;EE;Monthly Value;Export;Harmonized;M;M
Physical Energy & Power Flows;2022;8;93;93;93;XK;AL;Monthly Value;Export;Harmonized;M;M
Physical Energy & Power Flows;2022;2;46;46;46;IT;MT;Monthly Value;Export;Harmonized;M;NaM
Physical Energy & Power Flows;2022;11;37;37;37;BE;FR;Monthly Value;Import;Harmonized;M;M
Physical Energy & Power Flows;2022;5;1;1;1;IT;CH;Monthly Value;Export;Harmonized;M;M
Physical Energy & Power Flows;2022;8;242;242;242;NL;BE;Monthly Value;Export;Harmonized;M;M
Physical Energy & Power Flows;2022;2;613;613;613;GB;NO;Monthly Value;Import;Harmonized;M;M
Physical Energy & Power Flows;2022;6;72;72;72;LU;BE;Monthly Value;Import;Harmonized;M;M
Physical Energy & Power Flows;2022;3;668;668;668;DE;NO;Monthly Value;Import;Harmonized;M;M
Physical Energy & Power Flows;2022;6;1;1;1;LV;LT;Monthly Value;Import;Harmonized;M;M
Physical Energy & Power Flows;2022;1;950;950;950;FI;RU;Monthly Value;Import;Harmonized;M;NaM
Physical Energy & Power Flows;2022;8;202;202;202;XK;MK;Monthly Value;Import;Harmonized;M;M
Physical Energy & Power Flows;2022;9;79;79;79;XK;MK;Monthly Value;Import;Harmonized;M;M
Physical Energy & Power Flows;2022;12;60;60;60;XK;MK;Monthly Value;Export;Harmonized;M;M
Physical Energy & Power Flows;2022;6;137;137;137;NL;DE;Monthly Value;Import;Harmonized;M;M
Physical Energy & Power Flows;2022;5;370;370;370;AT;HU;Monthly Value;Export;Harmonized;M;M
Physical Energy & Power Flows;2022;4;10;10;10;RO;UA;Monthly Value;Export;Harmonized;M;NaM
Physical Energy & Power Flows;2022;3;329;329;329;RS;BG;Monthly Value;Import;Harmonized;M;M
Physical Energy & Power Flows;2022;7;145;145;145;RU;EE;Monthly Value;Import;Harmonized;NaM;M
Physical Energy & Power Flows;2022;6;3;3;3;LT;RU;Monthly Value;Export;Harmonized;M;NaM
Physical Energy & Power Flows;2022;2;77;77;77;GR;IT;Monthly Value;Export;Harmonized;M;M
Physical Energy & Power Flows;2022;11;139;139;139;RS;HR;Monthly Value;Export;Harmonized;M;M
Physical Energy & Power Flows;2022;9;198;198;198;NO;DE;Monthly Value;Export;Harmonized;M;M
Physical Energy & Power Flows;2022;7;194;194;194;TR;GR;Monthly Value;Export;Harmonized;M;M
Physical Energy & Power Flows;2022;5;1086;1086;1086;FI;SE;Monthly Value;Import;Harmonized;M;M
Physical Energy & Power Flows;2022;8;73;73;73;TR;BG;Monthly Value;Import;Harmonized;M;M
Physical Energy & Power Flows;2022;9;132;132;132;CZ;DE;Monthly Value;Import;Harmonized;M;M
Physical Energy & Power Flows;2022;3;620;620;620;SK;PL;Monthly Value;Import;Harmonized;M;M
Physical Energy & Power Flows;2022;12;3;3;3;DE;PL;Monthly Value;Import;Harmonized;M;M
Physical Energy & Power Flows;2022;6;538;538;538;EE;FI;Monthly Value;Import;Harmonized;M;M
Physical Energy & Power Flows;2022;9;153;153;153;RS;XK;Monthly Value;Export;Harmonized;M;M
Physical Energy & Power Flows;2022;1;316;316;316;HU;UA;Monthly Value;Import;Harmonized;M;NaM
Physical Energy & Power Flows;2022;1;530;530;530;GB;BE;Monthly Value;Import;Harmonized;M;M
Physical Energy & Power Flows;2022;7;34;34;34;BE;FR;Monthly Value;Import;Harmonized;M;M
Physical Energy & Power Flows;2022;6;115;115;115;RU;LV;Monthly Value;Export;Harmonized;NaM;M
Physical Energy & Power Flows;2022;11;14;14;14;RS;BA;Monthly Value;Import;Harmonized;M;M
Physical Energy & Power Flows;2022;1;222;222;222;IT;ME;Monthly Value;Import;Harmonized;M;M
Physical Energy & Power Flows;2022;6;180;180;180;HR;SI;Monthly Value;Export;Harmonized;M;M
Physical Energy & Power Flows;2022;12;105;105;105;BA;ME;Monthly Value;Export;Harmonized;M;M
Physical Energy & Power Flows;2022;10;212;212;212;HU;RO;Monthly Value;Export;Harmonized;M;M
Physical Energy & Power Flows;2022;7;151;151;151;CZ;DE;Monthly Value;Import;Harmonized;M;M
Physical Energy & Power Flows;2022;10;2;2;2;LT;LV;Monthly Value;Export;Harmonized;M;M
Physical Energy & Power Flows;2022;1;415;415;415;FR;GB;Monthly Value;Import;Harmonized;M;M
Physical Energy & Power Flows;2022;4;45;45;45;HU;RS;Monthly Value;Import;Harmonized;M;M
Physical Energy & Power Flows;2022;6;105;105;105;NO;GB;Monthly Value;Import;Harmonized;M;M
Physical Energy & Power Flows;2022;4;2;2;2;MK;GR;Monthly Value;Import;Harmonized;M;M
Physical Energy & Power Flows;2022;6;7;7;7;BG;TR;Monthly Value;Import;Harmonized;M;M
Physical Energy & Power Flows;2022;11;74;74;74;AL;GR;Monthly Value;Import;Harmonized;M;M
Physical Energy & Power Flows;2022;11;8;8;8;HR;RS;Monthly Value;Export;Harmonized;M;M
Physical Energy & Power Flows;2022;2;404;404;404;SE;LT;Monthly Value;Export;Harmonized;M;M
Physical Energy & Power Flows;2022;8;91;91;91;RS;XK;Monthly Value;Export;Harmonized;M;M
Physical Energy & Power Flows;2022;12;303;303;303;PL;SK;Monthly Value;Export;Harmonized;M;M
Physical Energy & Power Flows;2022;3;137;137;137;RO;UA;Monthly Value;Import;Harmonized;M;NaM
Physical Energy & Power Flows;2022;6;41;41;41;LT;BY;Monthly Value;Export;Harmonized;M;NaM
Physical Energy & Power Flows;2022;1;491;491;491;GB;FR;Monthly Value;Import;Harmonized;M;M
Physical Energy & Power Flows;2022;6;0;0;0;RU;LV;Monthly Value;Import;Harmonized;NaM;M
Physical Energy & Power Flows;2022;3;10;10;10;ME;XK;Monthly Value;Export;Harmonized;M;M
Physical Energy & Power Flows;2022;11;134;134;134;SE;DK;Monthly Value;Import;Harmonized;M;M
Physical Energy & Power Flows;2022;7;101;101;101;LT;PL;Monthly Value;Import;Harmonized;M;M
Physical Energy & Power Flows;2022;6;46;46;46;GE;AM;Monthly Value;Export;Harmonized;NaM;NaM
Physical Energy & Power Flows;2022;4;306;306;306;NO;GB;Monthly Value;Export;Harmonized;M;M
Physical Energy & Power Flows;2022;12;186;186;186;IT;CH;Monthly Value;Export;Harmonized;M;M
Physical Energy & Power Flows;2022;5;1064;1064;1064;SK;HU;Monthly Value;Export;Harmonized;M;M
Physical Energy & Power Flows;2022;11;210;210;210;ES;FR;Monthly Value;Import;Harmonized;M;M
Physical Energy & Power Flows;2022;12;32;32;32;ME;RS;Monthly Value;Import;Harmonized;M;M
Physical Energy & Power Flows;2022;4;1018;1018;1018;FR;ES;Monthly Value;Import;Harmonized;M;M
Physical Energy & Power Flows;2022;2;0;0;0;LT;BY;Monthly Value;Export;Harmonized;M;NaM
Physical Energy & Power Flows;2022;3;441;441;441;BG;RO;Monthly Value;Export;Harmonized;M;M
Physical Energy & Power Flows;2022;12;5;5;5;LU;BE;Monthly Value;Export;Harmonized;M;M
Physical Energy & Power Flows;2022;2;5;5;5;PL;SE;Monthly Value;Export;Harmonized;M;M
Physical Energy & Power Flows;2022;5;8;8;8;RS;MK;Monthly Value;Export;Harmonized;M;M
Physical Energy & Power Flows;2022;3;3;3;3;RS;ME;Monthly Value;Export;Harmonized;M;M
Physical Energy & Power Flows;2022;7;43;43;43;HR;SI;Monthly Value;Import;Harmonized;M;M
Physical Energy & Power Flows;2022;9;941;941;941;CZ;SK;Monthly Value;Export;Harmonized;M;M
Physical Energy & Power Flows;2022;6;240;240;240;HU;AT;Monthly Value;Import;Harmonized;M;M
Physical Energy & Power Flows;2022;6;0;0;0;NO;NL;Monthly Value;Import;Harmonized;M;M
Physical Energy & Power Flows;2022;1;950;950;950;RU;FI;Monthly Value;Export;Harmonized;NaM;M
Physical Energy & Power Flows;2022;12;9;9;9;PL;SK;Monthly Value;Import;Harmonized;M;M
Physical Energy & Power Flows;2022;3;5;5;5;SE;LT;Monthly Value;Import;Harmonized;M;M
Physical Energy & Power Flows;2022;9;0;0;0;HR;HU;Monthly Value;Export;Harmonized;M;M
Physical Energy & Power Flows;2022;12;1550;1550;1550;ES;FR;Monthly Value;Export;Harmonized;M;M
Physical Energy & Power Flows;2022;2;50;50;50;CZ;DE;Monthly Value;Export;Harmonized;M;M
Physical Energy & Power Flows;2022;10;39;39;39;SI;HR;Monthly Value;Export;Harmonized;M;M
Physical Energy & Power Flows;2022;8;382;382;382;CH;AT;Monthly Value;Import;Harmonized;M;M
Physical Energy & Power Flows;2022;1;1;1;1;RU;UA;Monthly Value;Import;Harmonized;NaM;NaM
Physical Energy & Power Flows;2022;10;592;592;592;SI;AT;Monthly Value;Import;Harmonized;M;M
Physical Energy & Power Flows;2022;1;1;1;1;IT;SI;Monthly Value;Export;Harmonized;M;M
Physical Energy & Power Flows;2022;1;87;87;87;AL;GR;Monthly Value;Import;Harmonized;M;M
Physical Energy & Power Flows;2022;12;2;2;2;MT;IT;Monthly Value;Export;Harmonized;NaM;M
Physical Energy & Power Flows;2022;12;397;397;397;DK;SE;Monthly Value;Import;Harmonized;M;M
Physical Energy & Power Flows;2022;3;804;804;804;IT;FR;Monthly Value;Import;Harmonized;M;M
Physical Energy & Power Flows;2022;4;0;0;0;DE;LU;Monthly Value;Import;Harmonized;M;M
Physical Energy & Power Flows;2022;1;549;549;549;DK;SE;Monthly Value;Import;Harmonized;M;M
Physical Energy & Power Flows;2022;9;308;308;308;GB;BE;Monthly Value;Export;Harmonized;M;M
Physical Energy & Power Flows;2022;3;8;8;8;HR;BA;Monthly Value;Export;Harmonized;M;M
Physical Energy & Power Flows;2022;9;82;82;82;RO;UA;Monthly Value;Import;Harmonized;M;NaM
Physical Energy & Power Flows;2022;1;199;199;199;LT;PL;Monthly Value;Export;Harmonized;M;M
Physical Energy & Power Flows;2022;9;0;0;0;NL;NO;Monthly Value;Export;Harmonized;M;M
Physical Energy & Power Flows;2022;11;186;186;186;LT;PL;Monthly Value;Import;Harmonized;M;M
Physical Energy & Power Flows;2022;10;51;51;51;SE;DK;Monthly Value;Import;Harmonized;M;M
Physical Energy & Power Flows;2022;10;128;128;128;XK;RS;Monthly Value;Import;Harmonized;M;M
Physical Energy & Power Flows;2022;12;0;0;0;PL;UA;Monthly Value;Import;Harmonized;M;NaM
Physical Energy & Power Flows;2022;6;174;174;174;DE;AT;Monthly Value;Import;Harmonized;M;M
Physical Energy & Power Flows;2022;5;1064;1064;1064;HU;SK;Monthly Value;Import;Harmonized;M;M
Physical Energy & Power Flows;2022;7;1313;1313;1313;DK;DE;Monthly Value;Export;Harmonized;M;M
Physical Energy & Power Flows;2022;4;52;52;52;GE;AM;Monthly Value;Import;Harmonized;NaM;NaM
Physical Energy & Power Flows;2022;8;687;687;687;FR;IT;Monthly Value;Export;Harmonized;M;M
Physical Energy & Power Flows;2022;11;395;395;395;NL;NO;Monthly Value;Import;Harmonized;M;M
Physical Energy & Power Flows;2022;1;37;37;37;RS;MK;Monthly Value;Export;Harmonized;M;M
Physical Energy & Power Flows;2022;12;0;0;0;AT;IT;Monthly Value;Import;Harmonized;M;M
Physical Energy & Power Flows;2022;8;248;248;248;GB;NL;Monthly Value;Import;Harmonized;M;M
Physical Energy & Power Flows;2022;6;195;195;195;RS;RO;Monthly Value;Import;Harmonized;M;M
Physical Energy & Power Flows;2022;2;258;258;258;NO;SE;Monthly Value;Import;Harmonized;M;M
Physical Energy & Power Flows;2022;4;21;21;21;HR;BA;Monthly Value;Export;Harmonized;M;M
Physical Energy & Power Flows;2022;9;121;121;121;IT;GR;Monthly Value;Import;Harmonized;M;M
Physical Energy & Power Flows;2022;7;0;0;0;FI;RU;Monthly Value;Export;Harmonized;M;NaM
Physical Energy & Power Flows;2022;4;327;327;327;AT;HU;Monthly Value;Export;Harmonized;M;M
Physical Energy & Power Flows;2022;12;87;87;87;ES;FR;Monthly Value;Import;Harmonized;M;M
Physical Energy & Power Flows;2022;11;37;37;37;FI;NO;Monthly Value;Import;Harmonized;M;M
Physical Energy & Power Flows;2022;4;249;249;249;BG;RS;Monthly Value;Export;Harmonized;M;M
Physical Energy & Power Flows;2022;1;18;18;18;HU;AT;Monthly Value;Export;Harmonized;M;M
Physical Energy & Power Flows;2022;11;21;21;21;HU;UA;Monthly Value;Export;Harmonized;M;NaM
Physical Energy & Power Flows;2022;9;8;8;8;UA;SK;Monthly Value;Export;Harmonized;NaM;M
Physical Energy & Power Flows;2022;12;444;444;444;NL;GB;Monthly Value;Export;Harmonized;M;M
Physical Energy & Power Flows;2022;8;12;12;12;HR;HU;Monthly Value;Export;Harmonized;M;M
Physical Energy & Power Flows;2022;11;0;0;0;UA;PL;Monthly Value;Import;Harmonized;NaM;M
Physical Energy & Power Flows;2022;9;17;17;17;RS;MK;Monthly Value;Import;Harmonized;M;M
Physical Energy & Power Flows;2022;4;242;242;242;LV;EE;Monthly Value;Import;Harmonized;M;M
Physical Energy & Power Flows;2022;12;168;168;168;BG;TR;Monthly Value;Export;Harmonized;M;M
Physical Energy & Power Flows;2022;12;183;183;183;NL;BE;Monthly Value;Import;Harmonized;M;M
Physical Energy & Power Flows;2022;6;700;700;700;FR;BE;Monthly Value;Import;Harmonized;M;M
Physical Energy & Power Flows;2022;10;156;156;156;CH;AT;Monthly Value;Export;Harmonized;M;M
Physical Energy & Power Flows;2022;11;134;134;134;DK;SE;Monthly Value;Export;Harmonized;M;M
Physical Energy & Power Flows;2022;8;171;171;171;GR;TR;Monthly Value;Import;Harmonized;M;M
Physical Energy & Power Flows;2022;11;1101;1101;1101;FR;CH;Monthly Value;Export;Harmonized;M;M
Physical Energy & Power Flows;2022;4;935;935;935;PT;ES;Monthly Value;Import;Harmonized;M;M
Physical Energy & Power Flows;2022;3;115;115;115;DK;NL;Monthly Value;Import;Harmonized;M;M
Physical Energy & Power Flows;2022;3;6;6;6;XK;MK;Monthly Value;Export;Harmonized;M;M
Physical Energy & Power Flows;2022;12;168;168;168;TR;BG;Monthly Value;Import;Harmonized;M;M
Physical Energy & Power Flows;2022;2;22;22;22;ME;RS;Monthly Value;Import;Harmonized;M;M
Physical Energy & Power Flows;2022;10;192;192;192;NL;DK;Monthly Value;Export;Harmonized;M;M
Physical Energy & Power Flows;2022;5;10;10;10;NL;NO;Monthly Value;Export;Harmonized;M;M
Physical Energy & Power Flows;2022;8;644;644;644;CZ;PL;Monthly Value;Import;Harmonized;M;M
Physical Energy & Power Flows;2022;6;183;183;183;GB;NL;Monthly Value;Import;Harmonized;M;M
Physical Energy & Power Flows;2022;11;78;78;78;BE;DE;Monthly Value;Export;Harmonized;M;M
Physical Energy & Power Flows;2022;8;10;10;10;LT;RU;Monthly Value;Import;Harmonized;M;NaM
Physical Energy & Power Flows;2022;3;10;10;10;RO;UA;Monthly Value;Export;Harmonized;M;NaM
Physical Energy & Power Flows;2022;4;309;309;309;NL;GB;Monthly Value;Export;Harmonized;M;M
Physical Energy & Power Flows;2022;11;45;45;45;ME;XK;Monthly Value;Import;Harmonized;M;M
Physical Energy & Power Flows;2022;3;108;108;108;DE;FR;Monthly Value;Import;Harmonized;M;M
Physical Energy & Power Flows;2022;7;164;164;164;BA;RS;Monthly Value;Import;Harmonized;M;M
Physical Energy & Power Flows;2022;10;41;41;41;HR;RS;Monthly Value;Import;Harmonized;M;M
Physical Energy & Power Flows;2022;12;101;101;101;SE;DE;Monthly Value;Export;Harmonized;M;M
Physical Energy & Power Flows;2022;2;20;20;20;UA;BY;Monthly Value;Export;Harmonized;NaM;NaM
Physical Energy & Power Flows;2022;2;212;212;212;LT;PL;Monthly Value;Export;Harmonized;M;M
Physical Energy & Power Flows;2022;2;4;4;4;BA;ME;Monthly Value;Import;Harmonized;M;M
Physical Energy & Power Flows;2022;3;3;3;3;GB;NO;Monthly Value;Export;Harmonized;M;M
Physical Energy & Power Flows;2022;4;0;0;0;GR;TR;Monthly Value;Export;Harmonized;M;M
Physical Energy & Power Flows;2022;5;454;454;454;AT;DE;Monthly Value;Import;Harmonized;M;M
Physical Energy & Power Flows;2022;2;0;0;0;IT;MT;Monthly Value;Import;Harmonized;M;NaM
Physical Energy & Power Flows;2022;2;45;45;45;BE;DE;Monthly Value;Export;Harmonized;M;M
Physical Energy & Power Flows;2022;9;484;484;484;GE;TR;Monthly Value;Export;Harmonized;NaM;M
Physical Energy & Power Flows;2022;9;1;1;1;SK;CZ;Monthly Value;Export;Harmonized;M;M
Physical Energy & Power Flows;2022;2;20;20;20;BY;UA;Monthly Value;Import;Harmonized;NaM;NaM
Physical Energy & Power Flows;2022;7;393;393;393;LV;EE;Monthly Value;Import;Harmonized;M;M
Physical Energy & Power Flows;2022;6;23;23;23;PL;DE;Monthly Value;Export;Harmonized;M;M
Physical Energy & Power Flows;2022;1;278;278;278;SE;NO;Monthly Value;Export;Harmonized;M;M
Physical Energy & Power Flows;2022;4;309;309;309;GB;NL;Monthly Value;Import;Harmonized;M;M
Physical Energy & Power Flows;2022;3;13;13;13;RO;BG;Monthly Value;Export;Harmonized;M;M
Physical Energy & Power Flows;2022;4;9;9;9;RS;RO;Monthly Value;Export;Harmonized;M;M
Physical Energy & Power Flows;2022;8;1045;1045;1045;ES;PT;Monthly Value;Export;Harmonized;M;M
Physical Energy & Power Flows;2022;8;212;212;212;XK;ME;Monthly Value;Export;Harmonized;M;M
Physical Energy & Power Flows;2022;1;231;231;231;DE;FR;Monthly Value;Import;Harmonized;M;M
Physical Energy & Power Flows;2022;1;66;66;66;AL;ME;Monthly Value;Import;Harmonized;M;M
Physical Energy & Power Flows;2022;2;95;95;95;ME;AL;Monthly Value;Export;Harmonized;M;M
Physical Energy & Power Flows;2022;5;116;116;116;DE;DK;Monthly Value;Export;Harmonized;M;M
Physical Energy & Power Flows;2022;10;33;33;33;AT;IT;Monthly Value;Export;Harmonized;M;M
Physical Energy & Power Flows;2022;8;712;712;712;DE;AT;Monthly Value;Export;Harmonized;M;M
Physical Energy & Power Flows;2022;7;473;473;473;RO;BG;Monthly Value;Import;Harmonized;M;M
Physical Energy & Power Flows;2022;3;609;609;609;NL;GB;Monthly Value;Export;Harmonized;M;M
Physical Energy & Power Flows;2022;8;0;0;0;XK;MK;Monthly Value;Export;Harmonized;M;M
Physical Energy & Power Flows;2022;11;191;191;191;RS;BG;Monthly Value;Import;Harmonized;M;M
Physical Energy & Power Flows;2022;5;144;144;144;PL;UA;Monthly Value;Import;Harmonized;M;NaM
Physical Energy & Power Flows;2022;11;120;120;120;RO;RS;Monthly Value;Export;Harmonized;M;M
Physical Energy & Power Flows;2022;2;503;503;503;SE;DK;Monthly Value;Export;Harmonized;M;M
Physical Energy & Power Flows;2022;5;241;241;241;GB;NO;Monthly Value;Export;Harmonized;M;M
Physical Energy & Power Flows;2022;9;242;242;242;TR;GR;Monthly Value;Export;Harmonized;M;M
Physical Energy & Power Flows;2022;2;316;316;316;NL;NO;Monthly Value;Import;Harmonized;M;M
Physical Energy & Power Flows;2022;11;182;182;182;TR;GR;Monthly Value;Export;Harmonized;M;M
Physical Energy & Power Flows;2022;8;3;3;3;RO;BG;Monthly Value;Export;Harmonized;M;M
Physical Energy & Power Flows;2022;7;49;49;49;FI;NO;Monthly Value;Import;Harmonized;M;M
Physical Energy & Power Flows;2022;5;218;218;218;TR;GE;Monthly Value;Import;Harmonized;M;NaM
Physical Energy & Power Flows;2022;5;250;250;250;BA;ME;Monthly Value;Export;Harmonized;M;M
Physical Energy & Power Flows;2022;4;794;794;794;FR;DE;Monthly Value;Import;Harmonized;M;M
Physical Energy & Power Flows;2022;4;0;0;0;TR;GE;Monthly Value;Export;Harmonized;M;NaM
Physical Energy & Power Flows;2022;6;1199;1199;1199;DE;CH;Monthly Value;Export;Harmonized;M;M
Physical Energy & Power Flows;2022;5;293;293;293;DE;FR;Monthly Value;Export;Harmonized;M;M
Physical Energy & Power Flows;2022;3;3;3;3;CH;AT;Monthly Value;Export;Harmonized;M;M
Physical Energy & Power Flows;2022;8;429;429;429;PL;SE;Monthly Value;Import;Harmonized;M;M
Physical Energy & Power Flows;2022;3;133;133;133;RO;HU;Monthly Value;Import;Harmonized;M;M
Physical Energy & Power Flows;2022;9;850;850;850;BE;FR;Monthly Value;Export;Harmonized;M;M
Physical Energy & Power Flows;2022;3;13;13;13;RO;HU;Monthly Value;Export;Harmonized;M;M
Physical Energy & Power Flows;2022;10;2;2;2;LT;RU;Monthly Value;Export;Harmonized;M;NaM
Physical Energy & Power Flows;2022;2;87;87;87;LT;LV;Monthly Value;Export;Harmonized;M;M
Physical Energy & Power Flows;2022;12;303;303;303;SK;PL;Monthly Value;Import;Harmonized;M;M
Physical Energy & Power Flows;2022;5;103;103;103;RO;UA;Monthly Value;Import;Harmonized;M;NaM
Physical Energy & Power Flows;2022;3;5;5;5;AZ;GE;Monthly Value;Export;Harmonized;NaM;NaM
Physical Energy & Power Flows;2022;2;258;258;258;SE;NO;Monthly Value;Export;Harmonized;M;M
Physical Energy & Power Flows;2022;10;1317;1317;1317;FR;GB;Monthly Value;Import;Harmonized;M;M
Physical Energy & Power Flows;2022;3;4;4;4;FR;IT;Monthly Value;Import;Harmonized;M;M
Physical Energy & Power Flows;2022;10;8;8;8;RU;LT;Monthly Value;Export;Harmonized;NaM;M
Physical Energy & Power Flows;2022;11;40;40;40;DK;DE;Monthly Value;Import;Harmonized;M;M
Physical Energy & Power Flows;2022;7;428;428;428;SE;PL;Monthly Value;Export;Harmonized;M;M
Physical Energy & Power Flows;2022;4;281;281;281;DE;NL;Monthly Value;Import;Harmonized;M;M
Physical Energy & Power Flows;2022;12;172;172;172;EE;RU;Monthly Value;Export;Harmonized;M;NaM
Physical Energy & Power Flows;2022;3;906;906;906;FI;SE;Monthly Value;Import;Harmonized;M;M
Physical Energy & Power Flows;2022;10;30;30;30;ME;AL;Monthly Value;Import;Harmonized;M;M
Physical Energy & Power Flows;2022;1;18;18;18;MK;RS;Monthly Value;Export;Harmonized;M;M
Physical Energy & Power Flows;2022;9;115;115;115;AL;ME;Monthly Value;Export;Harmonized;M;M
Physical Energy & Power Flows;2022;7;483;483;483;DE;NL;Monthly Value;Import;Harmonized;M;M
Physical Energy & Power Flows;2022;12;103;103;103;RS;RO;Monthly Value;Import;Harmonized;M;M
Physical Energy & Power Flows;2022;8;182;182;182;DE;CH;Monthly Value;Import;Harmonized;M;M
Physical Energy & Power Flows;2022;5;31;31;31;RS;HR;Monthly Value;Export;Harmonized;M;M
Physical Energy & Power Flows;2022;8;429;429;429;SE;PL;Monthly Value;Export;Harmonized;M;M
Physical Energy & Power Flows;2022;5;171;171;171;NO;DK;Monthly Value;Import;Harmonized;M;M
Physical Energy & Power Flows;2022;12;0;0;0;FI;NO;Monthly Value;Export;Harmonized;M;M
Physical Energy & Power Flows;2022;3;24;24;24;NO;FI;Monthly Value;Export;Harmonized;M;M
Physical Energy & Power Flows;2022;5;93;93;93;GB;NO;Monthly Value;Import;Harmonized;M;M
Physical Energy & Power Flows;2022;5;217;217;217;BE;NL;Monthly Value;Import;Harmonized;M;M
Physical Energy & Power Flows;2022;5;110;110;110;DE;NO;Monthly Value;Export;Harmonized;M;M
Physical Energy & Power Flows;2022;10;40;40;40;LT;BY;Monthly Value;Import;Harmonized;M;NaM
Physical Energy & Power Flows;2022;10;73;73;73;BA;HR;Monthly Value;Export;Harmonized;M;M
Physical Energy & Power Flows;2022;6;2;2;2;SI;HU;Monthly Value;Import;Harmonized;M;M
Physical Energy & Power Flows;2022;3;527;527;527;GB;BE;Monthly Value;Import;Harmonized;M;M
Physical Energy & Power Flows;2022;9;408;408;408;SE;NO;Monthly Value;Export;Harmonized;M;M
Physical Energy & Power Flows;2022;3;1840;1840;1840;DE;CH;Monthly Value;Export;Harmonized;M;M
Physical Energy & Power Flows;2022;1;316;316;316;UA;HU;Monthly Value;Export;Harmonized;NaM;M
Physical Energy & Power Flows;2022;7;155;155;155;UA;PL;Monthly Value;Export;Harmonized;NaM;M
Physical Energy & Power Flows;2022;12;44;44;44;NL;GB;Monthly Value;Import;Harmonized;M;M
Physical Energy & Power Flows;2022;7;8;8;8;RU;GE;Monthly Value;Export;Harmonized;NaM;NaM
Physical Energy & Power Flows;2022;7;172;172;172;DE;BE;Monthly Value;Import;Harmonized;M;M
Physical Energy & Power Flows;2022;7;205;205;205;ME;AL;Monthly Value;Import;Harmonized;M;M
Physical Energy & Power Flows;2022;12;60;60;60;MK;XK;Monthly Value;Import;Harmonized;M;M
Physical Energy & Power Flows;2022;4;9;9;9;FI;SE;Monthly Value;Export;Harmonized;M;M
Physical Energy & Power Flows;2022;10;0;0;0;RU;FI;Monthly Value;Import;Harmonized;NaM;M
Physical Energy & Power Flows;2022;3;316;316;316;SI;AT;Monthly Value;Import;Harmonized;M;M
Physical Energy & Power Flows;2022;7;312;312;312;UA;HU;Monthly Value;Export;Harmonized;NaM;M
Physical Energy & Power Flows;2022;2;12;12;12;GB;NL;Monthly Value;Export;Harmonized;M;M
Physical Energy & Power Flows;2022;11;359;359;359;BG;RO;Monthly Value;Export;Harmonized;M;M
Physical Energy & Power Flows;2022;4;179;179;179;NO;NL;Monthly Value;Export;Harmonized;M;M
Physical Energy & Power Flows;2022;2;242;242;242;NO;DE;Monthly Value;Import;Harmonized;M;M
Physical Energy & Power Flows;2022;8;151;151;151;RO;MD;Monthly Value;Export;Harmonized;M;NaM
Physical Energy & Power Flows;2022;7;2;2;2;RO;MD;Monthly Value;Import;Harmonized;M;NaM
Physical Energy & Power Flows;2022;2;1400;1400;1400;ES;PT;Monthly Value;Export;Harmonized;M;M
Physical Energy & Power Flows;2022;4;277;277;277;PL;LT;Monthly Value;Import;Harmonized;M;M
Physical Energy & Power Flows;2022;8;70;70;70;ME;BA;Monthly Value;Import;Harmonized;M;M
Physical Energy & Power Flows;2022;11;377;377;377;SI;HR;Monthly Value;Import;Harmonized;M;M
Physical Energy & Power Flows;2022;7;2;2;2;EE;FI;Monthly Value;Export;Harmonized;M;M
Physical Energy & Power Flows;2022;2;917;917;917;CZ;SK;Monthly Value;Export;Harmonized;M;M
Physical Energy & Power Flows;2022;6;0;0;0;DE;LU;Monthly Value;Import;Harmonized;M;M
Physical Energy & Power Flows;2022;10;2;2;2;BG;MK;Monthly Value;Import;Harmonized;M;M
Physical Energy & Power Flows;2022;8;0;0;0;ME;XK;Monthly Value;Export;Harmonized;M;M
Physical Energy & Power Flows;2022;12;17;17;17;MK;BG;Monthly Value;Export;Harmonized;M;M
Physical Energy & Power Flows;2022;9;1027;1027;1027;CZ;AT;Monthly Value;Export;Harmonized;M;M
Physical Energy & Power Flows;2022;5;115;115;115;LT;PL;Monthly Value;Export;Harmonized;M;M
Physical Energy & Power Flows;2022;1;914;914;914;ES;PT;Monthly Value;Export;Harmonized;M;M
Physical Energy & Power Flows;2022;11;13;13;13;SK;UA;Monthly Value;Import;Harmonized;M;NaM
Physical Energy & Power Flows;2022;4;96;96;96;HU;RO;Monthly Value;Export;Harmonized;M;M
Physical Energy & Power Flows;2022;5;19;19;19;NL;NO;Monthly Value;Import;Harmonized;M;M
Physical Energy & Power Flows;2022;6;1335;1335;1335;IT;FR;Monthly Value;Import;Harmonized;M;M
Physical Energy & Power Flows;2022;9;0;0;0;RU;LV;Monthly Value;Import;Harmonized;NaM;M
Physical Energy & Power Flows;2022;1;24;24;24;RU;LV;Monthly Value;Import;Harmonized;NaM;M
Physical Energy & Power Flows;2022;3;377;377;377;PL;SE;Monthly Value;Import;Harmonized;M;M
Physical Energy & Power Flows;2022;4;371;371;371;GB;BE;Monthly Value;Import;Harmonized;M;M
Physical Energy & Power Flows;2022;2;0;0;0;RO;MD;Monthly Value;Import;Harmonized;M;NaM
Physical Energy & Power Flows;2022;8;1095;1095;1095;AT;CZ;Monthly Value;Import;Harmonized;M;M
Physical Energy & Power Flows;2022;6;242;242;242;DE;LU;Monthly Value;Export;Harmonized;M;M
Physical Energy & Power Flows;2022;6;873;873;873;DE;NL;Monthly Value;Import;Harmonized;M;M
Physical Energy & Power Flows;2022;4;88;88;88;LU;BE;Monthly Value;Import;Harmonized;M;M
Physical Energy & Power Flows;2022;5;26;26;26;RO;MD;Monthly Value;Import;Harmonized;M;NaM
Physical Energy & Power Flows;2022;12;394;394;394;HR;BA;Monthly Value;Import;Harmonized;M;M
Physical Energy & Power Flows;2022;12;55;55;55;RS;HU;Monthly Value;Import;Harmonized;M;M
Physical Energy & Power Flows;2022;5;35;35;35;HR;RS;Monthly Value;Export;Harmonized;M;M
Physical Energy & Power Flows;2022;10;66;66;66;ES;PT;Monthly Value;Import;Harmonized;M;M
Physical Energy & Power Flows;2022;10;260;260;260;LU;DE;Monthly Value;Import;Harmonized;M;M
Physical Energy & Power Flows;2022;4;249;249;249;RS;BG;Monthly Value;Import;Harmonized;M;M
Physical Energy & Power Flows;2022;5;365;365;365;NL;BE;Monthly Value;Import;Harmonized;M;M
Physical Energy & Power Flows;2022;7;1418;1418;1418;IT;FR;Monthly Value;Import;Harmonized;M;M
Physical Energy & Power Flows;2022;1;64;64;64;IT;MT;Monthly Value;Export;Harmonized;M;NaM
Physical Energy & Power Flows;2022;10;73;73;73;IE;GB;Monthly Value;Export;Harmonized;M;M
Physical Energy & Power Flows;2022;3;14;14;14;DE;CH;Monthly Value;Import;Harmonized;M;M
Physical Energy & Power Flows;2022;6;527;527;527;CH;FR;Monthly Value;Import;Harmonized;M;M
Physical Energy & Power Flows;2022;11;55;55;55;MK;GR;Monthly Value;Import;Harmonized;M;M
Physical Energy & Power Flows;2022;3;246;246;246;SE;NO;Monthly Value;Export;Harmonized;M;M
Physical Energy & Power Flows;2022;12;103;103;103;HU;HR;Monthly Value;Import;Harmonized;M;M
Physical Energy & Power Flows;2022;1;31;31;31;AL;ME;Monthly Value;Export;Harmonized;M;M
Physical Energy & Power Flows;2022;3;7;7;7;DE;PL;Monthly Value;Import;Harmonized;M;M
Physical Energy & Power Flows;2022;1;38;38;38;NL;GB;Monthly Value;Import;Harmonized;M;M
Physical Energy & Power Flows;2022;7;183;183;183;NO;SE;Monthly Value;Import;Harmonized;M;M
Physical Energy & Power Flows;2022;10;0;0;0;GE;TR;Monthly Value;Import;Harmonized;NaM;M
Physical Energy & Power Flows;2022;7;8;8;8;GE;RU;Monthly Value;Import;Harmonized;NaM;NaM
Physical Energy & Power Flows;2022;9;222;222;222;DK;NO;Monthly Value;Import;Harmonized;M;M
Physical Energy & Power Flows;2022;11;28;28;28;RO;RS;Monthly Value;Import;Harmonized;M;M
Physical Energy & Power Flows;2022;11;0;0;0;MK;BG;Monthly Value;Export;Harmonized;M;M
Physical Energy & Power Flows;2022;10;326;326;326;HU;AT;Monthly Value;Import;Harmonized;M;M
Physical Energy & Power Flows;2022;6;474;474;474;NL;BE;Monthly Value;Export;Harmonized;M;M
Physical Energy & Power Flows;2022;1;150;150;150;LT;LV;Monthly Value;Export;Harmonized;M;M
Physical Energy & Power Flows;2022;7;0;0;0;GE;AM;Monthly Value;Import;Harmonized;NaM;NaM
Physical Energy & Power Flows;2022;3;284;284;284;IT;ME;Monthly Value;Import;Harmonized;M;M
Physical Energy & Power Flows;2022;11;79;79;79;NO;GB;Monthly Value;Import;Harmonized;M;M
Physical Energy & Power Flows;2022;6;1;1;1;IT;ME;Monthly Value;Export;Harmonized;M;M
Physical Energy & Power Flows;2022;2;629;629;629;DE;NL;Monthly Value;Export;Harmonized;M;M
Physical Energy & Power Flows;2022;1;273;273;273;NO;DK;Monthly Value;Export;Harmonized;M;M
Physical Energy & Power Flows;2022;3;174;174;174;AL;GR;Monthly Value;Import;Harmonized;M;M
Physical Energy & Power Flows;2022;10;226;226;226;SK;UA;Monthly Value;Export;Harmonized;M;NaM
Physical Energy & Power Flows;2022;4;28;28;28;MK;RS;Monthly Value;Export;Harmonized;M;M
Physical Energy & Power Flows;2022;1;1423;1423;1423;BE;FR;Monthly Value;Export;Harmonized;M;M
Physical Energy & Power Flows;2022;2;1;1;1;RU;UA;Monthly Value;Import;Harmonized;NaM;NaM
Physical Energy & Power Flows;2022;9;7;7;7;RO;MD;Monthly Value;Import;Harmonized;M;NaM
Physical Energy & Power Flows;2022;8;508;508;508;SE;LT;Monthly Value;Export;Harmonized;M;M
Physical Energy & Power Flows;2022;4;31;31;31;RU;LV;Monthly Value;Export;Harmonized;NaM;M
Physical Energy & Power Flows;2022;6;849;849;849;SE;DK;Monthly Value;Export;Harmonized;M;M
Physical Energy & Power Flows;2022;11;291;291;291;BE;GB;Monthly Value;Import;Harmonized;M;M
Physical Energy & Power Flows;2022;4;53;53;53;DE;CH;Monthly Value;Import;Harmonized;M;M
Physical Energy & Power Flows;2022;9;319;319;319;LT;LV;Monthly Value;Import;Harmonized;M;M
Physical Energy & Power Flows;2022;7;373;373;373;AT;CH;Monthly Value;Export;Harmonized;M;M
Physical Energy & Power Flows;2022;11;150;150;150;SK;UA;Monthly Value;Export;Harmonized;M;NaM
Physical Energy & Power Flows;2022;8;15;15;15;RO;RS;Monthly Value;Import;Harmonized;M;M
Physical Energy & Power Flows;2022;10;232;232;232;BE;DE;Monthly Value;Export;Harmonized;M;M
Physical Energy & Power Flows;2022;11;4;4;4;SE;DE;Monthly Value;Import;Harmonized;M;M
Physical Energy & Power Flows;2022;8;376;376;376;RS;BG;Monthly Value;Import;Harmonized;M;M
Physical Energy & Power Flows;2022;12;181;181;181;GR;MK;Monthly Value;Import;Harmonized;M;M
Physical Energy & Power Flows;2022;7;368;368;368;RS;BG;Monthly Value;Import;Harmonized;M;M
Physical Energy & Power Flows;2022;9;47;47;47;AT;DE;Monthly Value;Export;Harmonized;M;M
Physical Energy & Power Flows;2022;9;46;46;46;GB;FR;Monthly Value;Import;Harmonized;M;M
Physical Energy & Power Flows;2022;2;1;1;1;FI;NO;Monthly Value;Export;Harmonized;M;M
Physical Energy & Power Flows;2022;7;334;334;334;CH;FR;Monthly Value;Import;Harmonized;M;M
Physical Energy & Power Flows;2022;10;238;238;238;LT;LV;Monthly Value;Import;Harmonized;M;M
Physical Energy & Power Flows;2022;9;0;0;0;IT;MT;Monthly Value;Import;Harmonized;M;NaM
Physical Energy & Power Flows;2022;2;232;232;232;AZ;GE;Monthly Value;Export;Harmonized;NaM;NaM
Physical Energy & Power Flows;2022;12;11;11;11;EE;LV;Monthly Value;Import;Harmonized;M;M
Physical Energy & Power Flows;2022;3;74;74;74;MK;XK;Monthly Value;Export;Harmonized;M;M
Physical Energy & Power Flows;2022;11;176;176;176;DE;NL;Monthly Value;Export;Harmonized;M;M
Physical Energy & Power Flows;2022;12;300;300;300;SE;DK;Monthly Value;Import;Harmonized;M;M
Physical Energy & Power Flows;2022;10;73;73;73;HR;BA;Monthly Value;Import;Harmonized;M;M
Physical Energy & Power Flows;2022;3;34;34;34;GE;AM;Monthly Value;Import;Harmonized;NaM;NaM
Physical Energy & Power Flows;2022;3;138;138;138;UA;MD;Monthly Value;Import;Harmonized;NaM;NaM
Physical Energy & Power Flows;2022;7;7;7;7;BG;GR;Monthly Value;Import;Harmonized;M;M
Physical Energy & Power Flows;2022;5;139;139;139;GB;BE;Monthly Value;Import;Harmonized;M;M
Physical Energy & Power Flows;2022;3;379;379;379;LT;SE;Monthly Value;Import;Harmonized;M;M
Physical Energy & Power Flows;2022;2;46;46;46;MT;IT;Monthly Value;Import;Harmonized;NaM;M
Physical Energy & Power Flows;2022;3;379;379;379;SE;LT;Monthly Value;Export;Harmonized;M;M
Physical Energy & Power Flows;2022;12;103;103;103;RO;RS;Monthly Value;Export;Harmonized;M;M
Physical Energy & Power Flows;2022;4;90;90;90;ME;RS;Monthly Value;Export;Harmonized;M;M
Physical Energy & Power Flows;2022;4;2;2;2;RU;LV;Monthly Value;Import;Harmonized;NaM;M
Physical Energy & Power Flows;2022;12;246;246;246;DE;NO;Monthly Value;Export;Harmonized;M;M
Physical Energy & Power Flows;2022;6;220;220;220;BG;MK;Monthly Value;Export;Harmonized;M;M
Physical Energy & Power Flows;2022;6;249;249;249;HR;BA;Monthly Value;Import;Harmonized;M;M
Physical Energy & Power Flows;2022;3;61;61;61;HU;RS;Monthly Value;Export;Harmonized;M;M
Physical Energy & Power Flows;2022;6;180;180;180;SI;HR;Monthly Value;Import;Harmonized;M;M
Physical Energy & Power Flows;2022;11;465;465;465;SI;IT;Monthly Value;Export;Harmonized;M;M
Physical Energy & Power Flows;2022;7;11;11;11;DE;FR;Monthly Value;Import;Harmonized;M;M
Physical Energy & Power Flows;2022;12;40;40;40;BG;TR;Monthly Value;Import;Harmonized;M;M
Physical Energy & Power Flows;2022;11;4;4;4;RS;BG;Monthly Value;Export;Harmonized;M;M
Physical Energy & Power Flows;2022;5;93;93;93;RO;HU;Monthly Value;Import;Harmonized;M;M
Physical Energy & Power Flows;2022;10;127;127;127;GB;BE;Monthly Value;Import;Harmonized;M;M
Physical Energy & Power Flows;2022;5;563;563;563;PL;SK;Monthly Value;Export;Harmonized;M;M
Physical Energy & Power Flows;2022;5;59;59;59;GB;FR;Monthly Value;Import;Harmonized;M;M
Physical Energy & Power Flows;2022;9;8;8;8;IT;ME;Monthly Value;Export;Harmonized;M;M
Physical Energy & Power Flows;2022;10;2;2;2;IT;FR;Monthly Value;Export;Harmonized;M;M
Physical Energy & Power Flows;2022;8;139;139;139;GR;IT;Monthly Value;Export;Harmonized;M;M
Physical Energy & Power Flows;2022;2;266;266;266;RU;UA;Monthly Value;Export;Harmonized;NaM;NaM
Physical Energy & Power Flows;2022;2;479;479;479;HR;HU;Monthly Value;Import;Harmonized;M;M
Physical Energy & Power Flows;2022;9;111;111;111;BA;ME;Monthly Value;Export;Harmonized;M;M
Physical Energy & Power Flows;2022;3;324;324;324;NL;NO;Monthly Value;Import;Harmonized;M;M
Physical Energy & Power Flows;2022;11;206;206;206;LV;EE;Monthly Value;Import;Harmonized;M;M
Physical Energy & Power Flows;2022;8;401;401;401;EE;LV;Monthly Value;Export;Harmonized;M;M
Physical Energy & Power Flows;2022;4;23;23;23;RS;ME;Monthly Value;Export;Harmonized;M;M
Physical Energy & Power Flows;2022;1;362;362;362;RS;BG;Monthly Value;Import;Harmonized;M;M
Physical Energy & Power Flows;2022;6;7;7;7;XK;RS;Monthly Value;Export;Harmonized;M;M
Physical Energy & Power Flows;2022;5;7;7;7;XK;MK;Monthly Value;Import;Harmonized;M;M
Physical Energy & Power Flows;2022;10;916;916;916;NL;DE;Monthly Value;Export;Harmonized;M;M
Physical Energy & Power Flows;2022;11;37;37;37;FR;BE;Monthly Value;Export;Harmonized;M;M
Physical Energy & Power Flows;2022;8;32;32;32;MD;UA;Monthly Value;Import;Harmonized;NaM;NaM
Physical Energy & Power Flows;2022;11;48;48;48;AL;XK;Monthly Value;Import;Harmonized;M;M
Physical Energy & Power Flows;2022;8;20;20;20;TR;BG;Monthly Value;Export;Harmonized;M;M
Physical Energy & Power Flows;2022;8;63;63;63;DK;NO;Monthly Value;Export;Harmonized;M;M
Physical Energy & Power Flows;2022;6;262;262;262;GB;NL;Monthly Value;Export;Harmonized;M;M
Physical Energy & Power Flows;2022;1;73;73;73;IT;GR;Monthly Value;Import;Harmonized;M;M
Physical Energy & Power Flows;2022;11;88;88;88;RS;ME;Monthly Value;Import;Harmonized;M;M
Physical Energy & Power Flows;2022;4;0;0;0;GE;TR;Monthly Value;Import;Harmonized;NaM;M
Physical Energy & Power Flows;2022;3;139;139;139;DE;NO;Monthly Value;Export;Harmonized;M;M
Physical Energy & Power Flows;2022;12;829;829;829;IT;FR;Monthly Value;Import;Harmonized;M;M
Physical Energy & Power Flows;2022;9;8;8;8;TR;BG;Monthly Value;Export;Harmonized;M;M
Physical Energy & Power Flows;2022;10;113;113;113;CH;DE;Monthly Value;Export;Harmonized;M;M
Physical Energy & Power Flows;2022;4;243;243;243;FR;CH;Monthly Value;Import;Harmonized;M;M
Physical Energy & Power Flows;2022;4;1;1;1;HU;SK;Monthly Value;Export;Harmonized;M;M
Physical Energy & Power Flows;2022;1;171;171;171;XK;RS;Monthly Value;Import;Harmonized;M;M
Physical Energy & Power Flows;2022;4;89;89;89;XK;ME;Monthly Value;Export;Harmonized;M;M
Physical Energy & Power Flows;2022;8;172;172;172;SE;NO;Monthly Value;Export;Harmonized;M;M
Physical Energy & Power Flows;2022;5;0;0;0;SI;IT;Monthly Value;Import;Harmonized;M;M
Physical Energy & Power Flows;2022;10;120;120;120;RU;LV;Monthly Value;Export;Harmonized;NaM;M
Physical Energy & Power Flows;2022;1;502;502;502;GB;NL;Monthly Value;Import;Harmonized;M;M
Physical Energy & Power Flows;2022;3;1;1;1;HU;UA;Monthly Value;Export;Harmonized;M;NaM
Physical Energy & Power Flows;2022;2;14;14;14;RU;LV;Monthly Value;Import;Harmonized;NaM;M
Physical Energy & Power Flows;2022;1;344;344;344;SE;PL;Monthly Value;Export;Harmonized;M;M
Physical Energy & Power Flows;2022;8;11;11;11;BG;GR;Monthly Value;Import;Harmonized;M;M
Physical Energy & Power Flows;2022;1;26;26;26;FR;BE;Monthly Value;Export;Harmonized;M;M
Physical Energy & Power Flows;2022;12;186;186;186;LV;EE;Monthly Value;Import;Harmonized;M;M
Physical Energy & Power Flows;2022;7;12;12;12;BG;TR;Monthly Value;Import;Harmonized;M;M
Physical Energy & Power Flows;2022;9;16;16;16;MK;XK;Monthly Value;Import;Harmonized;M;M
Physical Energy & Power Flows;2022;6;33;33;33;RS;HU;Monthly Value;Import;Harmonized;M;M
Physical Energy & Power Flows;2022;7;339;339;339;NL;BE;Monthly Value;Export;Harmonized;M;M
Physical Energy & Power Flows;2022;4;115;115;115;SE;DK;Monthly Value;Import;Harmonized;M;M
Physical Energy & Power Flows;2022;2;644;644;644;CH;FR;Monthly Value;Import;Harmonized;M;M
Physical Energy & Power Flows;2022;12;3;3;3;RU;LT;Monthly Value;Import;Harmonized;NaM;M
Physical Energy & Power Flows;2022;11;153;153;153;MK;GR;Monthly Value;Export;Harmonized;M;M
Physical Energy & Power Flows;2022;9;3;3;3;NO;NL;Monthly Value;Export;Harmonized;M;M
Physical Energy & Power Flows;2022;6;240;240;240;AT;HU;Monthly Value;Export;Harmonized;M;M
Physical Energy & Power Flows;2022;11;31;31;31;GR;AL;Monthly Value;Import;Harmonized;M;M
Physical Energy & Power Flows;2022;2;508;508;508;IT;SI;Monthly Value;Import;Harmonized;M;M
Physical Energy & Power Flows;2022;1;292;292;292;SE;DE;Monthly Value;Export;Harmonized;M;M
Physical Energy & Power Flows;2022;11;74;74;74;ME;AL;Monthly Value;Export;Harmonized;M;M
Physical Energy & Power Flows;2022;4;178;178;178;BE;NL;Monthly Value;Export;Harmonized;M;M
Physical Energy & Power Flows;2022;11;207;207;207;HU;SI;Monthly Value;Export;Harmonized;M;M
Physical Energy & Power Flows;2022;5;26;26;26;MD;RO;Monthly Value;Export;Harmonized;NaM;M
Physical Energy & Power Flows;2022;5;104;104;104;NL;DK;Monthly Value;Export;Harmonized;M;M
Physical Energy & Power Flows;2022;11;87;87;87;LU;BE;Monthly Value;Import;Harmonized;M;M
Physical Energy & Power Flows;2022;2;52;52;52;NL;BE;Monthly Value;Import;Harmonized;M;M
Physical Energy & Power Flows;2022;3;727;727;727;FI;EE;Monthly Value;Export;Harmonized;M;M
Physical Energy & Power Flows;2022;9;28;28;28;BE;FR;Monthly Value;Import;Harmonized;M;M
Physical Energy & Power Flows;2022;5;5;5;5;GR;MK;Monthly Value;Export;Harmonized;M;M
Physical Energy & Power Flows;2022;4;288;288;288;DE;NO;Monthly Value;Export;Harmonized;M;M
