MeasureItem;Year;Month;Value;ProvidedValue;AVG_Value;FromAreaCode;ToAreaCode;MeasureTime;Direction;Flag;FromAreaMemberType;ToAreaMemberType
Physical Energy & Power Flows;2021;1;98;98;98;AL;GR;Monthly Value;Export;Harmonized;M;M
Physical Energy & Power Flows;2021;1;15;15;15;AL;GR;Monthly Value;Import;Harmonized;M;M
Physical Energy & Power Flows;2021;1;359;359;359;AL;GR;Value on 3rd Wed. at 03;Export;Harmonized;M;M
Physical Energy & Power Flows;2021;1;90;90;90;AL;GR;Value on 3rd Wed. at 11;Export;Harmonized;M;M
Physical Energy & Power Flows;2021;2;232;232;232;AL;GR;Monthly Value;Export;Harmonized;M;M
Physical Energy & Power Flows;2021;2;1;1;1;AL;GR;Monthly Value;Import;Harmonized;M;M
Physical Energy & Power Flows;2021;2;613;613;613;AL;GR;Value on 3rd Wed. at 03;Export;Harmonized;M;M
Physical Energy & Power Flows;2021;2;363;363;363;AL;GR;Value on 3rd Wed. at 11;Export;Harmonized;M;M
Physical Energy & Power Flows;2021;3;117;117;117;AL;GR;Monthly Value;Export;Harmonized;M;M
Physical Energy & Power Flows;2021;3;13;13;13;AL;GR;Monthly Value;Import;Harmonized;M;M
Physical Energy & Power Flows;2021;3;21;21;21;AL;GR;Value on 3rd Wed. at 03;Export;Harmonized;M;M
Physical Energy & Power Flows;2021;3;169;169;169;AL;GR;Value on 3rd Wed. at 11;Export;Harmonized;M;M
Physical Energy & Power Flows;2021;4;34;34;34;AL;GR;Monthly Value;Export;Harmonized;M;M
Physical Energy & Power Flows;2021;4;37;37;37;AL;GR;Monthly Value;Import;Harmonized;M;M
Physical Energy & Power Flows;2021;4;23;23;23;AL;GR;Value on 3rd Wed. at 03;Export;Harmonized;M;M
Physical Energy & Power Flows;2021;4;172;172;172;AL;GR;Value on 3rd Wed. at 11;Import;Harmonized;M;M
Physical Energy & Power Flows;2021;5;92;92;92;AL;GR;Monthly Value;Export;Harmonized;M;M
Physical Energy & Power Flows;2021;5;9;9;9;AL;GR;Monthly Value;Import;Harmonized;M;M
Physical Energy & Power Flows;2021;5;146;146;146;AL;GR;Value on 3rd Wed. at 03;Export;Harmonized;M;M
Physical Energy & Power Flows;2021;5;55;55;55;AL;GR;Value on 3rd Wed. at 11;Export;Harmonized;M;M
Physical Energy & Power Flows;2021;6;50;50;50;AL;GR;Monthly Value;Export;Harmonized;M;M
Physical Energy & Power Flows;2021;6;29;29;29;AL;GR;Monthly Value;Import;Harmonized;M;M
Physical Energy & Power Flows;2021;6;112;112;112;AL;GR;Value on 3rd Wed. at 03;Import;Harmonized;M;M
Physical Energy & Power Flows;2021;6;235;235;235;AL;GR;Value on 3rd Wed. at 11;Import;Harmonized;M;M
Physical Energy & Power Flows;2021;7;32;32;32;AL;GR;Monthly Value;Export;Harmonized;M;M
Physical Energy & Power Flows;2021;7;69;69;69;AL;GR;Monthly Value;Import;Harmonized;M;M
Physical Energy & Power Flows;2021;7;66;66;66;AL;GR;Value on 3rd Wed. at 03;Import;Harmonized;M;M
Physical Energy & Power Flows;2021;7;49;49;49;AL;GR;Value on 3rd Wed. at 11;Export;Harmonized;M;M
Physical Energy & Power Flows;2021;8;18;18;18;AL;GR;Monthly Value;Export;Harmonized;M;M
Physical Energy & Power Flows;2021;8;128;128;128;AL;GR;Monthly Value;Import;Harmonized;M;M
Physical Energy & Power Flows;2021;8;176;176;176;AL;GR;Value on 3rd Wed. at 03;Import;Harmonized;M;M
Physical Energy & Power Flows;2021;8;77;77;77;AL;GR;Value on 3rd Wed. at 11;Import;Harmonized;M;M
Physical Energy & Power Flows;2021;9;210;210;210;AL;GR;Monthly Value;Import;Harmonized;M;M
Physical Energy & Power Flows;2021;9;407;407;407;AL;GR;Value on 3rd Wed. at 03;Import;Harmonized;M;M
Physical Energy & Power Flows;2021;9;99;99;99;AL;GR;Value on 3rd Wed. at 11;Import;Harmonized;M;M
Physical Energy & Power Flows;2021;10;0;0;0;AL;GR;Monthly Value;Export;Harmonized;M;M
Physical Energy & Power Flows;2021;10;232;232;232;AL;GR;Monthly Value;Import;Harmonized;M;M
Physical Energy & Power Flows;2021;10;156;156;156;AL;GR;Value on 3rd Wed. at 03;Import;Harmonized;M;M
Physical Energy & Power Flows;2021;10;257;257;257;AL;GR;Value on 3rd Wed. at 11;Import;Harmonized;M;M
Physical Energy & Power Flows;2021;11;2;2;2;AL;GR;Monthly Value;Export;Harmonized;M;M
Physical Energy & Power Flows;2021;11;145;145;145;AL;GR;Monthly Value;Import;Harmonized;M;M
Physical Energy & Power Flows;2021;11;158;158;158;AL;GR;Value on 3rd Wed. at 03;Import;Harmonized;M;M
Physical Energy & Power Flows;2021;11;216;216;216;AL;GR;Value on 3rd Wed. at 11;Import;Harmonized;M;M
Physical Energy & Power Flows;2021;12;10;10;10;AL;GR;Monthly Value;Export;Harmonized;M;M
Physical Energy & Power Flows;2021;12;147;147;147;AL;GR;Monthly Value;Import;Harmonized;M;M
Physical Energy & Power Flows;2021;12;354;354;354;AL;GR;Value on 3rd Wed. at 03;Import;Harmonized;M;M
Physical Energy & Power Flows;2021;12;432;432;432;AL;GR;Value on 3rd Wed. at 11;Import;Harmonized;M;M
Physical Energy & Power Flows;2021;1;135;135;135;AL;ME;Monthly Value;Export;Harmonized;M;M
Physical Energy & Power Flows;2021;1;19;19;19;AL;ME;Monthly Value;Import;Harmonized;M;M
Physical Energy & Power Flows;2021;1;190;190;190;AL;ME;Value on 3rd Wed. at 03;Export;Harmonized;M;M
Physical Energy & Power Flows;2021;1;27;27;27;AL;ME;Value on 3rd Wed. at 11;Export;Harmonized;M;M
Physical Energy & Power Flows;2021;2;120;120;120;AL;ME;Monthly Value;Export;Harmonized;M;M
Physical Energy & Power Flows;2021;2;13;13;13;AL;ME;Monthly Value;Import;Harmonized;M;M
Physical Energy & Power Flows;2021;2;111;111;111;AL;ME;Value on 3rd Wed. at 03;Export;Harmonized;M;M
Physical Energy & Power Flows;2021;2;74;74;74;AL;ME;Value on 3rd Wed. at 11;Export;Harmonized;M;M
Physical Energy & Power Flows;2021;3;58;58;58;AL;ME;Monthly Value;Export;Harmonized;M;M
Physical Energy & Power Flows;2021;3;27;27;27;AL;ME;Monthly Value;Import;Harmonized;M;M
Physical Energy & Power Flows;2021;3;22;22;22;AL;ME;Value on 3rd Wed. at 03;Export;Harmonized;M;M
Physical Energy & Power Flows;2021;3;146;146;146;AL;ME;Value on 3rd Wed. at 11;Export;Harmonized;M;M
Physical Energy & Power Flows;2021;4;191;191;191;AL;ME;Monthly Value;Export;Harmonized;M;M
Physical Energy & Power Flows;2021;4;3;3;3;AL;ME;Monthly Value;Import;Harmonized;M;M
Physical Energy & Power Flows;2021;4;103;103;103;AL;ME;Value on 3rd Wed. at 03;Export;Harmonized;M;M
Physical Energy & Power Flows;2021;4;581;581;581;AL;ME;Value on 3rd Wed. at 11;Export;Harmonized;M;M
Physical Energy & Power Flows;2021;5;210;210;210;AL;ME;Monthly Value;Export;Harmonized;M;M
Physical Energy & Power Flows;2021;5;3;3;3;AL;ME;Monthly Value;Import;Harmonized;M;M
Physical Energy & Power Flows;2021;5;325;325;325;AL;ME;Value on 3rd Wed. at 03;Export;Harmonized;M;M
Physical Energy & Power Flows;2021;5;324;324;324;AL;ME;Value on 3rd Wed. at 11;Export;Harmonized;M;M
Physical Energy & Power Flows;2021;6;94;94;94;AL;ME;Monthly Value;Export;Harmonized;M;M
Physical Energy & Power Flows;2021;6;18;18;18;AL;ME;Monthly Value;Import;Harmonized;M;M
Physical Energy & Power Flows;2021;6;213;213;213;AL;ME;Value on 3rd Wed. at 03;Export;Harmonized;M;M
Physical Energy & Power Flows;2021;6;313;313;313;AL;ME;Value on 3rd Wed. at 11;Export;Harmonized;M;M
Physical Energy & Power Flows;2021;7;71;71;71;AL;ME;Monthly Value;Export;Harmonized;M;M
Physical Energy & Power Flows;2021;7;44;44;44;AL;ME;Monthly Value;Import;Harmonized;M;M
Physical Energy & Power Flows;2021;7;157;157;157;AL;ME;Value on 3rd Wed. at 03;Import;Harmonized;M;M
Physical Energy & Power Flows;2021;7;4;4;4;AL;ME;Value on 3rd Wed. at 11;Export;Harmonized;M;M
Physical Energy & Power Flows;2021;8;27;27;27;AL;ME;Monthly Value;Export;Harmonized;M;M
Physical Energy & Power Flows;2021;8;92;92;92;AL;ME;Monthly Value;Import;Harmonized;M;M
Physical Energy & Power Flows;2021;8;46;46;46;AL;ME;Value on 3rd Wed. at 03;Import;Harmonized;M;M
Physical Energy & Power Flows;2021;8;270;270;270;AL;ME;Value on 3rd Wed. at 11;Import;Harmonized;M;M
Physical Energy & Power Flows;2021;9;71;71;71;AL;ME;Monthly Value;Export;Harmonized;M;M
Physical Energy & Power Flows;2021;9;9;9;9;AL;ME;Monthly Value;Import;Harmonized;M;M
Physical Energy & Power Flows;2021;9;269;269;269;AL;ME;Value on 3rd Wed. at 03;Export;Harmonized;M;M
Physical Energy & Power Flows;2021;9;27;27;27;AL;ME;Value on 3rd Wed. at 11;Import;Harmonized;M;M
Physical Energy & Power Flows;2021;10;45;45;45;AL;ME;Monthly Value;Export;Harmonized;M;M
Physical Energy & Power Flows;2021;10;41;41;41;AL;ME;Monthly Value;Import;Harmonized;M;M
Physical Energy & Power Flows;2021;10;13;13;13;AL;ME;Value on 3rd Wed. at 03;Import;Harmonized;M;M
Physical Energy & Power Flows;2021;10;177;177;177;AL;ME;Value on 3rd Wed. at 11;Import;Harmonized;M;M
Physical Energy & Power Flows;2021;11;23;23;23;AL;ME;Monthly Value;Export;Harmonized;M;M
Physical Energy & Power Flows;2021;11;120;120;120;AL;ME;Monthly Value;Import;Harmonized;M;M
Physical Energy & Power Flows;2021;11;10;10;10;AL;ME;Value on 3rd Wed. at 03;Export;Harmonized;M;M
Physical Energy & Power Flows;2021;11;480;480;480;AL;ME;Value on 3rd Wed. at 11;Import;Harmonized;M;M
Physical Energy & Power Flows;2021;12;126;126;126;AL;ME;Monthly Value;Export;Harmonized;M;M
Physical Energy & Power Flows;2021;12;17;17;17;AL;ME;Monthly Value;Import;Harmonized;M;M
Physical Energy & Power Flows;2021;12;354;354;354;AL;ME;Value on 3rd Wed. at 03;Export;Harmonized;M;M
Physical Energy & Power Flows;2021;12;340;340;340;AL;ME;Value on 3rd Wed. at 11;Export;Harmonized;M;M
Physical Energy & Power Flows;2021;1;126;126;126;AL;XK;Monthly Value;Export;Harmonized;M;M
Physical Energy & Power Flows;2021;1;0;0;0;AL;XK;Monthly Value;Import;Harmonized;M;M
Physical Energy & Power Flows;2021;1;228;228;228;AL;XK;Value on 3rd Wed. at 03;Export;Harmonized;M;M
Physical Energy & Power Flows;2021;1;232;232;232;AL;XK;Value on 3rd Wed. at 11;Export;Harmonized;M;M
Physical Energy & Power Flows;2021;2;124;124;124;AL;XK;Monthly Value;Export;Harmonized;M;M
Physical Energy & Power Flows;2021;2;180;180;180;AL;XK;Value on 3rd Wed. at 03;Export;Harmonized;M;M
Physical Energy & Power Flows;2021;2;236;236;236;AL;XK;Value on 3rd Wed. at 11;Export;Harmonized;M;M
Physical Energy & Power Flows;2021;3;121;121;121;AL;XK;Monthly Value;Export;Harmonized;M;M
Physical Energy & Power Flows;2021;3;0;0;0;AL;XK;Monthly Value;Import;Harmonized;M;M
Physical Energy & Power Flows;2021;3;0;0;0;AL;XK;Value on 3rd Wed. at 03;Import;Harmonized;M;M
Physical Energy & Power Flows;2021;3;218;218;218;AL;XK;Value on 3rd Wed. at 11;Export;Harmonized;M;M
Physical Energy & Power Flows;2021;4;104;104;104;AL;XK;Monthly Value;Export;Harmonized;M;M
Physical Energy & Power Flows;2021;4;0;0;0;AL;XK;Monthly Value;Import;Harmonized;M;M
Physical Energy & Power Flows;2021;4;34;34;34;AL;XK;Value on 3rd Wed. at 03;Export;Harmonized;M;M
Physical Energy & Power Flows;2021;4;105;105;105;AL;XK;Value on 3rd Wed. at 11;Export;Harmonized;M;M
Physical Energy & Power Flows;2021;5;75;75;75;AL;XK;Monthly Value;Export;Harmonized;M;M
Physical Energy & Power Flows;2021;5;13;13;13;AL;XK;Monthly Value;Import;Harmonized;M;M
Physical Energy & Power Flows;2021;5;4;4;4;AL;XK;Value on 3rd Wed. at 03;Export;Harmonized;M;M
Physical Energy & Power Flows;2021;5;194;194;194;AL;XK;Value on 3rd Wed. at 11;Export;Harmonized;M;M
Physical Energy & Power Flows;2021;6;25;25;25;AL;XK;Monthly Value;Export;Harmonized;M;M
Physical Energy & Power Flows;2021;6;68;68;68;AL;XK;Monthly Value;Import;Harmonized;M;M
Physical Energy & Power Flows;2021;6;205;205;205;AL;XK;Value on 3rd Wed. at 03;Import;Harmonized;M;M
Physical Energy & Power Flows;2021;6;154;154;154;AL;XK;Value on 3rd Wed. at 11;Import;Harmonized;M;M
Physical Energy & Power Flows;2021;7;24;24;24;AL;XK;Monthly Value;Export;Harmonized;M;M
Physical Energy & Power Flows;2021;7;84;84;84;AL;XK;Monthly Value;Import;Harmonized;M;M
Physical Energy & Power Flows;2021;7;312;312;312;AL;XK;Value on 3rd Wed. at 03;Import;Harmonized;M;M
Physical Energy & Power Flows;2021;7;29;29;29;AL;XK;Value on 3rd Wed. at 11;Export;Harmonized;M;M
Physical Energy & Power Flows;2021;8;14;14;14;AL;XK;Monthly Value;Export;Harmonized;M;M
Physical Energy & Power Flows;2021;8;115;115;115;AL;XK;Monthly Value;Import;Harmonized;M;M
Physical Energy & Power Flows;2021;8;396;396;396;AL;XK;Value on 3rd Wed. at 03;Import;Harmonized;M;M
Physical Energy & Power Flows;2021;8;77;77;77;AL;XK;Value on 3rd Wed. at 11;Import;Harmonized;M;M
Physical Energy & Power Flows;2021;9;0;0;0;AL;XK;Monthly Value;Export;Harmonized;M;M
Physical Energy & Power Flows;2021;9;161;161;161;AL;XK;Monthly Value;Import;Harmonized;M;M
Physical Energy & Power Flows;2021;9;359;359;359;AL;XK;Value on 3rd Wed. at 03;Import;Harmonized;M;M
Physical Energy & Power Flows;2021;9;355;355;355;AL;XK;Value on 3rd Wed. at 11;Import;Harmonized;M;M
Physical Energy & Power Flows;2021;10;15;15;15;AL;XK;Monthly Value;Export;Harmonized;M;M
Physical Energy & Power Flows;2021;10;106;106;106;AL;XK;Monthly Value;Import;Harmonized;M;M
Physical Energy & Power Flows;2021;10;243;243;243;AL;XK;Value on 3rd Wed. at 03;Import;Harmonized;M;M
Physical Energy & Power Flows;2021;10;160;160;160;AL;XK;Value on 3rd Wed. at 11;Import;Harmonized;M;M
Physical Energy & Power Flows;2021;11;12;12;12;AL;XK;Monthly Value;Export;Harmonized;M;M
Physical Energy & Power Flows;2021;11;88;88;88;AL;XK;Monthly Value;Import;Harmonized;M;M
Physical Energy & Power Flows;2021;11;248;248;248;AL;XK;Value on 3rd Wed. at 03;Import;Harmonized;M;M
Physical Energy & Power Flows;2021;11;57;57;57;AL;XK;Value on 3rd Wed. at 11;Import;Harmonized;M;M
Physical Energy & Power Flows;2021;12;122;122;122;AL;XK;Monthly Value;Export;Harmonized;M;M
Physical Energy & Power Flows;2021;12;5;5;5;AL;XK;Monthly Value;Import;Harmonized;M;M
Physical Energy & Power Flows;2021;12;40;40;40;AL;XK;Value on 3rd Wed. at 03;Export;Harmonized;M;M
Physical Energy & Power Flows;2021;12;422;422;422;AL;XK;Value on 3rd Wed. at 11;Export;Harmonized;M;M
Physical Energy & Power Flows;2021;12;0;0;0;AM;GE;Monthly Value;Import;Harmonized;NaM;NaM
Physical Energy & Power Flows;2021;1;611;611;611;AT;CH;Monthly Value;Export;Harmonized;M;M
Physical Energy & Power Flows;2021;1;8;8;8;AT;CH;Monthly Value;Import;Harmonized;M;M
Physical Energy & Power Flows;2021;1;676;676;676;AT;CH;Value on 3rd Wed. at 03;Export;Harmonized;M;M
Physical Energy & Power Flows;2021;1;848;848;848;AT;CH;Value on 3rd Wed. at 11;Export;Harmonized;M;M
Physical Energy & Power Flows;2021;2;512;512;512;AT;CH;Monthly Value;Export;Harmonized;M;M
Physical Energy & Power Flows;2021;2;9;9;9;AT;CH;Monthly Value;Import;Harmonized;M;M
Physical Energy & Power Flows;2021;2;759;759;759;AT;CH;Value on 3rd Wed. at 03;Export;Harmonized;M;M
Physical Energy & Power Flows;2021;2;972;972;972;AT;CH;Value on 3rd Wed. at 11;Export;Harmonized;M;M
Physical Energy & Power Flows;2021;3;440;440;440;AT;CH;Monthly Value;Export;Harmonized;M;M
Physical Energy & Power Flows;2021;3;17;17;17;AT;CH;Monthly Value;Import;Harmonized;M;M
Physical Energy & Power Flows;2021;3;409;409;409;AT;CH;Value on 3rd Wed. at 03;Export;Harmonized;M;M
Physical Energy & Power Flows;2021;3;255;255;255;AT;CH;Value on 3rd Wed. at 11;Export;Harmonized;M;M
Physical Energy & Power Flows;2021;4;203;203;203;AT;CH;Monthly Value;Export;Harmonized;M;M
Physical Energy & Power Flows;2021;4;15;15;15;AT;CH;Monthly Value;Import;Harmonized;M;M
Physical Energy & Power Flows;2021;4;464;464;464;AT;CH;Value on 3rd Wed. at 03;Export;Harmonized;M;M
Physical Energy & Power Flows;2021;4;391;391;391;AT;CH;Value on 3rd Wed. at 11;Export;Harmonized;M;M
Physical Energy & Power Flows;2021;5;187;187;187;AT;CH;Monthly Value;Export;Harmonized;M;M
Physical Energy & Power Flows;2021;5;23;23;23;AT;CH;Monthly Value;Import;Harmonized;M;M
Physical Energy & Power Flows;2021;5;286;286;286;AT;CH;Value on 3rd Wed. at 03;Export;Harmonized;M;M
Physical Energy & Power Flows;2021;5;398;398;398;AT;CH;Value on 3rd Wed. at 11;Export;Harmonized;M;M
Physical Energy & Power Flows;2021;6;74;74;74;AT;CH;Monthly Value;Export;Harmonized;M;M
Physical Energy & Power Flows;2021;6;63;63;63;AT;CH;Monthly Value;Import;Harmonized;M;M
Physical Energy & Power Flows;2021;6;61;61;61;AT;CH;Value on 3rd Wed. at 03;Export;Harmonized;M;M
Physical Energy & Power Flows;2021;6;273;273;273;AT;CH;Value on 3rd Wed. at 11;Export;Harmonized;M;M
Physical Energy & Power Flows;2021;7;61;61;61;AT;CH;Monthly Value;Export;Harmonized;M;M
Physical Energy & Power Flows;2021;7;102;102;102;AT;CH;Monthly Value;Import;Harmonized;M;M
Physical Energy & Power Flows;2021;7;177;177;177;AT;CH;Value on 3rd Wed. at 03;Export;Harmonized;M;M
Physical Energy & Power Flows;2021;7;430;430;430;AT;CH;Value on 3rd Wed. at 11;Export;Harmonized;M;M
Physical Energy & Power Flows;2021;8;409;409;409;AT;CH;Monthly Value;Export;Harmonized;M;M
Physical Energy & Power Flows;2021;8;4;4;4;AT;CH;Monthly Value;Import;Harmonized;M;M
Physical Energy & Power Flows;2021;8;283;283;283;AT;CH;Value on 3rd Wed. at 03;Export;Harmonized;M;M
Physical Energy & Power Flows;2021;8;793;793;793;AT;CH;Value on 3rd Wed. at 11;Export;Harmonized;M;M
Physical Energy & Power Flows;2021;9;185;185;185;AT;CH;Monthly Value;Export;Harmonized;M;M
Physical Energy & Power Flows;2021;9;62;62;62;AT;CH;Monthly Value;Import;Harmonized;M;M
Physical Energy & Power Flows;2021;9;432;432;432;AT;CH;Value on 3rd Wed. at 03;Export;Harmonized;M;M
Physical Energy & Power Flows;2021;9;135;135;135;AT;CH;Value on 3rd Wed. at 11;Import;Harmonized;M;M
Physical Energy & Power Flows;2021;10;71;71;71;AT;CH;Monthly Value;Export;Harmonized;M;M
Physical Energy & Power Flows;2021;10;81;81;81;AT;CH;Monthly Value;Import;Harmonized;M;M
Physical Energy & Power Flows;2021;10;284;284;284;AT;CH;Value on 3rd Wed. at 03;Import;Harmonized;M;M
Physical Energy & Power Flows;2021;10;1;1;1;AT;CH;Value on 3rd Wed. at 11;Export;Harmonized;M;M
Physical Energy & Power Flows;2021;11;229;229;229;AT;CH;Monthly Value;Export;Harmonized;M;M
Physical Energy & Power Flows;2021;11;30;30;30;AT;CH;Monthly Value;Import;Harmonized;M;M
Physical Energy & Power Flows;2021;11;161;161;161;AT;CH;Value on 3rd Wed. at 03;Export;Harmonized;M;M
Physical Energy & Power Flows;2021;11;77;77;77;AT;CH;Value on 3rd Wed. at 11;Export;Harmonized;M;M
Physical Energy & Power Flows;2021;12;402;402;402;AT;CH;Monthly Value;Export;Harmonized;M;M
Physical Energy & Power Flows;2021;12;7;7;7;AT;CH;Monthly Value;Import;Harmonized;M;M
Physical Energy & Power Flows;2021;12;108;108;108;AT;CH;Value on 3rd Wed. at 03;Export;Harmonized;M;M
Physical Energy & Power Flows;2021;12;546;546;546;AT;CH;Value on 3rd Wed. at 11;Export;Harmonized;M;M
Physical Energy & Power Flows;2021;1;0;0;0;AT;CZ;Monthly Value;Export;Harmonized;M;M
Physical Energy & Power Flows;2021;1;925;925;925;AT;CZ;Monthly Value;Import;Harmonized;M;M
Physical Energy & Power Flows;2021;1;1584;1584;1584;AT;CZ;Value on 3rd Wed. at 03;Import;Harmonized;M;M
Physical Energy & Power Flows;2021;1;2077;2077;2077;AT;CZ;Value on 3rd Wed. at 11;Import;Harmonized;M;M
Physical Energy & Power Flows;2021;2;3;3;3;AT;CZ;Monthly Value;Export;Harmonized;M;M
Physical Energy & Power Flows;2021;2;550;550;550;AT;CZ;Monthly Value;Import;Harmonized;M;M
Physical Energy & Power Flows;2021;2;993;993;993;AT;CZ;Value on 3rd Wed. at 03;Import;Harmonized;M;M
Physical Energy & Power Flows;2021;2;1110;1110;1110;AT;CZ;Value on 3rd Wed. at 11;Import;Harmonized;M;M
Physical Energy & Power Flows;2021;3;867;867;867;AT;CZ;Monthly Value;Import;Harmonized;M;M
Physical Energy & Power Flows;2021;3;562;562;562;AT;CZ;Value on 3rd Wed. at 03;Import;Harmonized;M;M
Physical Energy & Power Flows;2021;3;741;741;741;AT;CZ;Value on 3rd Wed. at 11;Import;Harmonized;M;M
Physical Energy & Power Flows;2021;4;1;1;1;AT;CZ;Monthly Value;Export;Harmonized;M;M
Physical Energy & Power Flows;2021;4;845;845;845;AT;CZ;Monthly Value;Import;Harmonized;M;M
Physical Energy & Power Flows;2021;4;1725;1725;1725;AT;CZ;Value on 3rd Wed. at 03;Import;Harmonized;M;M
Physical Energy & Power Flows;2021;4;1412;1412;1412;AT;CZ;Value on 3rd Wed. at 11;Import;Harmonized;M;M
Physical Energy & Power Flows;2021;5;41;41;41;AT;CZ;Monthly Value;Export;Harmonized;M;M
Physical Energy & Power Flows;2021;5;331;331;331;AT;CZ;Monthly Value;Import;Harmonized;M;M
Physical Energy & Power Flows;2021;5;51;51;51;AT;CZ;Value on 3rd Wed. at 03;Import;Harmonized;M;M
Physical Energy & Power Flows;2021;5;433;433;433;AT;CZ;Value on 3rd Wed. at 11;Import;Harmonized;M;M
Physical Energy & Power Flows;2021;6;2;2;2;AT;CZ;Monthly Value;Export;Harmonized;M;M
Physical Energy & Power Flows;2021;6;402;402;402;AT;CZ;Monthly Value;Import;Harmonized;M;M
Physical Energy & Power Flows;2021;6;279;279;279;AT;CZ;Value on 3rd Wed. at 03;Import;Harmonized;M;M
Physical Energy & Power Flows;2021;6;817;817;817;AT;CZ;Value on 3rd Wed. at 11;Import;Harmonized;M;M
Physical Energy & Power Flows;2021;7;833;833;833;AT;CZ;Monthly Value;Import;Harmonized;M;M
Physical Energy & Power Flows;2021;7;801;801;801;AT;CZ;Value on 3rd Wed. at 03;Import;Harmonized;M;M
Physical Energy & Power Flows;2021;7;918;918;918;AT;CZ;Value on 3rd Wed. at 11;Import;Harmonized;M;M
Physical Energy & Power Flows;2021;8;0;0;0;AT;CZ;Monthly Value;Export;Harmonized;M;M
Physical Energy & Power Flows;2021;8;803;803;803;AT;CZ;Monthly Value;Import;Harmonized;M;M
Physical Energy & Power Flows;2021;8;1378;1378;1378;AT;CZ;Value on 3rd Wed. at 03;Import;Harmonized;M;M
Physical Energy & Power Flows;2021;8;1422;1422;1422;AT;CZ;Value on 3rd Wed. at 11;Import;Harmonized;M;M
Physical Energy & Power Flows;2021;9;1306;1306;1306;AT;CZ;Monthly Value;Import;Harmonized;M;M
Physical Energy & Power Flows;2021;9;1966;1966;1966;AT;CZ;Value on 3rd Wed. at 03;Import;Harmonized;M;M
Physical Energy & Power Flows;2021;9;2010;2010;2010;AT;CZ;Value on 3rd Wed. at 11;Import;Harmonized;M;M
Physical Energy & Power Flows;2021;10;1589;1589;1589;AT;CZ;Monthly Value;Import;Harmonized;M;M
Physical Energy & Power Flows;2021;10;2095;2095;2095;AT;CZ;Value on 3rd Wed. at 03;Import;Harmonized;M;M
Physical Energy & Power Flows;2021;10;1887;1887;1887;AT;CZ;Value on 3rd Wed. at 11;Import;Harmonized;M;M
Physical Energy & Power Flows;2021;11;1266;1266;1266;AT;CZ;Monthly Value;Import;Harmonized;M;M
Physical Energy & Power Flows;2021;11;2021;2021;2021;AT;CZ;Value on 3rd Wed. at 03;Import;Harmonized;M;M
Physical Energy & Power Flows;2021;11;2021;2021;2021;AT;CZ;Value on 3rd Wed. at 11;Import;Harmonized;M;M
Physical Energy & Power Flows;2021;12;1050;1050;1050;AT;CZ;Monthly Value;Import;Harmonized;M;M
Physical Energy & Power Flows;2021;12;1380;1380;1380;AT;CZ;Value on 3rd Wed. at 03;Import;Harmonized;M;M
Physical Energy & Power Flows;2021;12;1181;1181;1181;AT;CZ;Value on 3rd Wed. at 11;Import;Harmonized;M;M
Physical Energy & Power Flows;2021;1;27;27;27;AT;DE;Monthly Value;Export;Harmonized;M;M
Physical Energy & Power Flows;2021;1;947;947;947;AT;DE;Monthly Value;Import;Harmonized;M;M
Physical Energy & Power Flows;2021;1;3211;3211;3211;AT;DE;Value on 3rd Wed. at 03;Import;Harmonized;M;M
Physical Energy & Power Flows;2021;1;2803;2803;2803;AT;DE;Value on 3rd Wed. at 11;Import;Harmonized;M;M
Physical Energy & Power Flows;2021;2;46;46;46;AT;DE;Monthly Value;Export;Harmonized;M;M
Physical Energy & Power Flows;2021;2;914;914;914;AT;DE;Monthly Value;Import;Harmonized;M;M
Physical Energy & Power Flows;2021;2;2991;2991;2991;AT;DE;Value on 3rd Wed. at 03;Import;Harmonized;M;M
Physical Energy & Power Flows;2021;2;2715;2715;2715;AT;DE;Value on 3rd Wed. at 11;Import;Harmonized;M;M
Physical Energy & Power Flows;2021;3;3;3;3;AT;DE;Monthly Value;Export;Harmonized;M;M
Physical Energy & Power Flows;2021;3;1228;1228;1228;AT;DE;Monthly Value;Import;Harmonized;M;M
Physical Energy & Power Flows;2021;3;1079;1079;1079;AT;DE;Value on 3rd Wed. at 03;Import;Harmonized;M;M
Physical Energy & Power Flows;2021;3;1363;1363;1363;AT;DE;Value on 3rd Wed. at 11;Import;Harmonized;M;M
Physical Energy & Power Flows;2021;4;14;14;14;AT;DE;Monthly Value;Export;Harmonized;M;M
Physical Energy & Power Flows;2021;4;974;974;974;AT;DE;Monthly Value;Import;Harmonized;M;M
Physical Energy & Power Flows;2021;4;2146;2146;2146;AT;DE;Value on 3rd Wed. at 03;Import;Harmonized;M;M
Physical Energy & Power Flows;2021;4;2362;2362;2362;AT;DE;Value on 3rd Wed. at 11;Import;Harmonized;M;M
Physical Energy & Power Flows;2021;5;276;276;276;AT;DE;Monthly Value;Export;Harmonized;M;M
Physical Energy & Power Flows;2021;5;356;356;356;AT;DE;Monthly Value;Import;Harmonized;M;M
Physical Energy & Power Flows;2021;5;1053;1053;1053;AT;DE;Value on 3rd Wed. at 03;Export;Harmonized;M;M
Physical Energy & Power Flows;2021;5;540;540;540;AT;DE;Value on 3rd Wed. at 11;Import;Harmonized;M;M
Physical Energy & Power Flows;2021;6;288;288;288;AT;DE;Monthly Value;Export;Harmonized;M;M
Physical Energy & Power Flows;2021;6;283;283;283;AT;DE;Monthly Value;Import;Harmonized;M;M
Physical Energy & Power Flows;2021;6;1078;1078;1078;AT;DE;Value on 3rd Wed. at 03;Export;Harmonized;M;M
Physical Energy & Power Flows;2021;6;850;850;850;AT;DE;Value on 3rd Wed. at 11;Import;Harmonized;M;M
Physical Energy & Power Flows;2021;7;192;192;192;AT;DE;Monthly Value;Export;Harmonized;M;M
Physical Energy & Power Flows;2021;7;349;349;349;AT;DE;Monthly Value;Import;Harmonized;M;M
Physical Energy & Power Flows;2021;7;710;710;710;AT;DE;Value on 3rd Wed. at 03;Export;Harmonized;M;M
Physical Energy & Power Flows;2021;7;1476;1476;1476;AT;DE;Value on 3rd Wed. at 11;Import;Harmonized;M;M
Physical Energy & Power Flows;2021;8;140;140;140;AT;DE;Monthly Value;Export;Harmonized;M;M
Physical Energy & Power Flows;2021;8;468;468;468;AT;DE;Monthly Value;Import;Harmonized;M;M
Physical Energy & Power Flows;2021;8;829;829;829;AT;DE;Value on 3rd Wed. at 03;Import;Harmonized;M;M
Physical Energy & Power Flows;2021;8;638;638;638;AT;DE;Value on 3rd Wed. at 11;Import;Harmonized;M;M
Physical Energy & Power Flows;2021;9;73;73;73;AT;DE;Monthly Value;Export;Harmonized;M;M
Physical Energy & Power Flows;2021;9;575;575;575;AT;DE;Monthly Value;Import;Harmonized;M;M
Physical Energy & Power Flows;2021;9;888;888;888;AT;DE;Value on 3rd Wed. at 03;Import;Harmonized;M;M
Physical Energy & Power Flows;2021;9;193;193;193;AT;DE;Value on 3rd Wed. at 11;Import;Harmonized;M;M
Physical Energy & Power Flows;2021;10;53;53;53;AT;DE;Monthly Value;Export;Harmonized;M;M
Physical Energy & Power Flows;2021;10;795;795;795;AT;DE;Monthly Value;Import;Harmonized;M;M
Physical Energy & Power Flows;2021;10;2158;2158;2158;AT;DE;Value on 3rd Wed. at 03;Import;Harmonized;M;M
Physical Energy & Power Flows;2021;10;2263;2263;2263;AT;DE;Value on 3rd Wed. at 11;Import;Harmonized;M;M
Physical Energy & Power Flows;2021;11;30;30;30;AT;DE;Monthly Value;Export;Harmonized;M;M
Physical Energy & Power Flows;2021;11;771;771;771;AT;DE;Monthly Value;Import;Harmonized;M;M
Physical Energy & Power Flows;2021;11;1309;1309;1309;AT;DE;Value on 3rd Wed. at 03;Import;Harmonized;M;M
Physical Energy & Power Flows;2021;11;360;360;360;AT;DE;Value on 3rd Wed. at 11;Import;Harmonized;M;M
Physical Energy & Power Flows;2021;12;7;7;7;AT;DE;Monthly Value;Export;Harmonized;M;M
Physical Energy & Power Flows;2021;12;1048;1048;1048;AT;DE;Monthly Value;Import;Harmonized;M;M
Physical Energy & Power Flows;2021;12;1934;1934;1934;AT;DE;Value on 3rd Wed. at 03;Import;Harmonized;M;M
Physical Energy & Power Flows;2021;12;1409;1409;1409;AT;DE;Value on 3rd Wed. at 11;Import;Harmonized;M;M
Physical Energy & Power Flows;2021;1;146;146;146;AT;HU;Monthly Value;Export;Harmonized;M;M
Physical Energy & Power Flows;2021;1;155;155;155;AT;HU;Monthly Value;Import;Harmonized;M;M
Physical Energy & Power Flows;2021;1;281;281;281;AT;HU;Value on 3rd Wed. at 03;Export;Harmonized;M;M
Physical Energy & Power Flows;2021;1;339;339;339;AT;HU;Value on 3rd Wed. at 11;Export;Harmonized;M;M
Physical Energy & Power Flows;2021;2;239;239;239;AT;HU;Monthly Value;Export;Harmonized;M;M
Physical Energy & Power Flows;2021;2;31;31;31;AT;HU;Monthly Value;Import;Harmonized;M;M
Physical Energy & Power Flows;2021;2;407;407;407;AT;HU;Value on 3rd Wed. at 03;Export;Harmonized;M;M
Physical Energy & Power Flows;2021;2;1115;1115;1115;AT;HU;Value on 3rd Wed. at 11;Export;Harmonized;M;M
Physical Energy & Power Flows;2021;3;222;222;222;AT;HU;Monthly Value;Export;Harmonized;M;M
Physical Energy & Power Flows;2021;3;13;13;13;AT;HU;Monthly Value;Import;Harmonized;M;M
Physical Energy & Power Flows;2021;3;217;217;217;AT;HU;Value on 3rd Wed. at 03;Export;Harmonized;M;M
Physical Energy & Power Flows;2021;3;203;203;203;AT;HU;Value on 3rd Wed. at 11;Export;Harmonized;M;M
Physical Energy & Power Flows;2021;4;215;215;215;AT;HU;Monthly Value;Export;Harmonized;M;M
Physical Energy & Power Flows;2021;4;15;15;15;AT;HU;Monthly Value;Import;Harmonized;M;M
Physical Energy & Power Flows;2021;4;156;156;156;AT;HU;Value on 3rd Wed. at 03;Export;Harmonized;M;M
Physical Energy & Power Flows;2021;4;147;147;147;AT;HU;Value on 3rd Wed. at 11;Import;Harmonized;M;M
Physical Energy & Power Flows;2021;5;371;371;371;AT;HU;Monthly Value;Export;Harmonized;M;M
Physical Energy & Power Flows;2021;5;12;12;12;AT;HU;Monthly Value;Import;Harmonized;M;M
Physical Energy & Power Flows;2021;5;63;63;63;AT;HU;Value on 3rd Wed. at 03;Export;Harmonized;M;M
Physical Energy & Power Flows;2021;5;17;17;17;AT;HU;Value on 3rd Wed. at 11;Export;Harmonized;M;M
Physical Energy & Power Flows;2021;6;255;255;255;AT;HU;Monthly Value;Export;Harmonized;M;M
Physical Energy & Power Flows;2021;6;23;23;23;AT;HU;Monthly Value;Import;Harmonized;M;M
Physical Energy & Power Flows;2021;6;396;396;396;AT;HU;Value on 3rd Wed. at 03;Import;Harmonized;M;M
Physical Energy & Power Flows;2021;6;138;138;138;AT;HU;Value on 3rd Wed. at 11;Import;Harmonized;M;M
Physical Energy & Power Flows;2021;7;400;400;400;AT;HU;Monthly Value;Export;Harmonized;M;M
Physical Energy & Power Flows;2021;7;16;16;16;AT;HU;Monthly Value;Import;Harmonized;M;M
Physical Energy & Power Flows;2021;7;178;178;178;AT;HU;Value on 3rd Wed. at 03;Import;Harmonized;M;M
Physical Energy & Power Flows;2021;7;574;574;574;AT;HU;Value on 3rd Wed. at 11;Export;Harmonized;M;M
Physical Energy & Power Flows;2021;8;432;432;432;AT;HU;Monthly Value;Export;Harmonized;M;M
Physical Energy & Power Flows;2021;8;2;2;2;AT;HU;Monthly Value;Import;Harmonized;M;M
Physical Energy & Power Flows;2021;8;442;442;442;AT;HU;Value on 3rd Wed. at 03;Export;Harmonized;M;M
Physical Energy & Power Flows;2021;8;282;282;282;AT;HU;Value on 3rd Wed. at 11;Export;Harmonized;M;M
Physical Energy & Power Flows;2021;9;62;62;62;AT;HU;Monthly Value;Export;Harmonized;M;M
Physical Energy & Power Flows;2021;9;155;155;155;AT;HU;Monthly Value;Import;Harmonized;M;M
Physical Energy & Power Flows;2021;9;609;609;609;AT;HU;Value on 3rd Wed. at 03;Import;Harmonized;M;M
Physical Energy & Power Flows;2021;9;670;670;670;AT;HU;Value on 3rd Wed. at 11;Import;Harmonized;M;M
Physical Energy & Power Flows;2021;10;304;304;304;AT;HU;Monthly Value;Export;Harmonized;M;M
Physical Energy & Power Flows;2021;10;26;26;26;AT;HU;Monthly Value;Import;Harmonized;M;M
Physical Energy & Power Flows;2021;10;346;346;346;AT;HU;Value on 3rd Wed. at 03;Export;Harmonized;M;M
Physical Energy & Power Flows;2021;10;698;698;698;AT;HU;Value on 3rd Wed. at 11;Export;Harmonized;M;M
Physical Energy & Power Flows;2021;11;316;316;316;AT;HU;Monthly Value;Export;Harmonized;M;M
Physical Energy & Power Flows;2021;11;30;30;30;AT;HU;Monthly Value;Import;Harmonized;M;M
Physical Energy & Power Flows;2021;11;190;190;190;AT;HU;Value on 3rd Wed. at 03;Export;Harmonized;M;M
Physical Energy & Power Flows;2021;11;339;339;339;AT;HU;Value on 3rd Wed. at 11;Export;Harmonized;M;M
Physical Energy & Power Flows;2021;12;164;164;164;AT;HU;Monthly Value;Export;Harmonized;M;M
Physical Energy & Power Flows;2021;12;94;94;94;AT;HU;Monthly Value;Import;Harmonized;M;M
Physical Energy & Power Flows;2021;12;189;189;189;AT;HU;Value on 3rd Wed. at 03;Import;Harmonized;M;M
Physical Energy & Power Flows;2021;12;243;243;243;AT;HU;Value on 3rd Wed. at 11;Export;Harmonized;M;M
Physical Energy & Power Flows;2021;1;112;112;112;AT;IT;Monthly Value;Export;Harmonized;M;M
Physical Energy & Power Flows;2021;1;0;0;0;AT;IT;Monthly Value;Import;Harmonized;M;M
Physical Energy & Power Flows;2021;1;13;13;13;AT;IT;Value on 3rd Wed. at 03;Export;Harmonized;M;M
Physical Energy & Power Flows;2021;1;161;161;161;AT;IT;Value on 3rd Wed. at 11;Export;Harmonized;M;M
Physical Energy & Power Flows;2021;2;95;95;95;AT;IT;Monthly Value;Export;Harmonized;M;M
Physical Energy & Power Flows;2021;2;0;0;0;AT;IT;Monthly Value;Import;Harmonized;M;M
Physical Energy & Power Flows;2021;2;68;68;68;AT;IT;Value on 3rd Wed. at 03;Export;Harmonized;M;M
Physical Energy & Power Flows;2021;2;151;151;151;AT;IT;Value on 3rd Wed. at 11;Export;Harmonized;M;M
Physical Energy & Power Flows;2021;3;103;103;103;AT;IT;Monthly Value;Export;Harmonized;M;M
Physical Energy & Power Flows;2021;3;0;0;0;AT;IT;Monthly Value;Import;Harmonized;M;M
Physical Energy & Power Flows;2021;3;147;147;147;AT;IT;Value on 3rd Wed. at 03;Export;Harmonized;M;M
Physical Energy & Power Flows;2021;3;160;160;160;AT;IT;Value on 3rd Wed. at 11;Export;Harmonized;M;M
Physical Energy & Power Flows;2021;4;76;76;76;AT;IT;Monthly Value;Export;Harmonized;M;M
Physical Energy & Power Flows;2021;4;2;2;2;AT;IT;Monthly Value;Import;Harmonized;M;M
Physical Energy & Power Flows;2021;4;37;37;37;AT;IT;Value on 3rd Wed. at 03;Export;Harmonized;M;M
Physical Energy & Power Flows;2021;4;16;16;16;AT;IT;Value on 3rd Wed. at 11;Import;Harmonized;M;M
Physical Energy & Power Flows;2021;5;102;102;102;AT;IT;Monthly Value;Export;Harmonized;M;M
Physical Energy & Power Flows;2021;5;0;0;0;AT;IT;Monthly Value;Import;Harmonized;M;M
Physical Energy & Power Flows;2021;5;175;175;175;AT;IT;Value on 3rd Wed. at 03;Export;Harmonized;M;M
Physical Energy & Power Flows;2021;5;173;173;173;AT;IT;Value on 3rd Wed. at 11;Export;Harmonized;M;M
Physical Energy & Power Flows;2021;6;113;113;113;AT;IT;Monthly Value;Export;Harmonized;M;M
Physical Energy & Power Flows;2021;6;0;0;0;AT;IT;Monthly Value;Import;Harmonized;M;M
Physical Energy & Power Flows;2021;6;153;153;153;AT;IT;Value on 3rd Wed. at 03;Export;Harmonized;M;M
Physical Energy & Power Flows;2021;6;142;142;142;AT;IT;Value on 3rd Wed. at 11;Export;Harmonized;M;M
Physical Energy & Power Flows;2021;7;121;121;121;AT;IT;Monthly Value;Export;Harmonized;M;M
Physical Energy & Power Flows;2021;7;0;0;0;AT;IT;Monthly Value;Import;Harmonized;M;M
Physical Energy & Power Flows;2021;7;28;28;28;AT;IT;Value on 3rd Wed. at 03;Export;Harmonized;M;M
Physical Energy & Power Flows;2021;7;35;35;35;AT;IT;Value on 3rd Wed. at 11;Export;Harmonized;M;M
Physical Energy & Power Flows;2021;8;124;124;124;AT;IT;Monthly Value;Export;Harmonized;M;M
Physical Energy & Power Flows;2021;8;0;0;0;AT;IT;Monthly Value;Import;Harmonized;M;M
Physical Energy & Power Flows;2021;8;136;136;136;AT;IT;Value on 3rd Wed. at 03;Export;Harmonized;M;M
Physical Energy & Power Flows;2021;8;135;135;135;AT;IT;Value on 3rd Wed. at 11;Export;Harmonized;M;M
Physical Energy & Power Flows;2021;9;123;123;123;AT;IT;Monthly Value;Export;Harmonized;M;M
Physical Energy & Power Flows;2021;9;0;0;0;AT;IT;Monthly Value;Import;Harmonized;M;M
Physical Energy & Power Flows;2021;9;175;175;175;AT;IT;Value on 3rd Wed. at 03;Export;Harmonized;M;M
Physical Energy & Power Flows;2021;9;186;186;186;AT;IT;Value on 3rd Wed. at 11;Export;Harmonized;M;M
Physical Energy & Power Flows;2021;10;109;109;109;AT;IT;Monthly Value;Export;Harmonized;M;M
Physical Energy & Power Flows;2021;10;0;0;0;AT;IT;Monthly Value;Import;Harmonized;M;M
Physical Energy & Power Flows;2021;10;112;112;112;AT;IT;Value on 3rd Wed. at 03;Export;Harmonized;M;M
Physical Energy & Power Flows;2021;10;119;119;119;AT;IT;Value on 3rd Wed. at 11;Export;Harmonized;M;M
Physical Energy & Power Flows;2021;11;82;82;82;AT;IT;Monthly Value;Export;Harmonized;M;M
Physical Energy & Power Flows;2021;11;1;1;1;AT;IT;Monthly Value;Import;Harmonized;M;M
Physical Energy & Power Flows;2021;11;146;146;146;AT;IT;Value on 3rd Wed. at 03;Export;Harmonized;M;M
Physical Energy & Power Flows;2021;11;145;145;145;AT;IT;Value on 3rd Wed. at 11;Export;Harmonized;M;M
Physical Energy & Power Flows;2021;12;91;91;91;AT;IT;Monthly Value;Export;Harmonized;M;M
Physical Energy & Power Flows;2021;12;1;1;1;AT;IT;Monthly Value;Import;Harmonized;M;M
Physical Energy & Power Flows;2021;12;13;13;13;AT;IT;Value on 3rd Wed. at 03;Import;Harmonized;M;M
Physical Energy & Power Flows;2021;12;174;174;174;AT;IT;Value on 3rd Wed. at 11;Export;Harmonized;M;M
Physical Energy & Power Flows;2021;1;44;44;44;AT;SI;Monthly Value;Export;Harmonized;M;M
Physical Energy & Power Flows;2021;1;298;298;298;AT;SI;Monthly Value;Import;Harmonized;M;M
Physical Energy & Power Flows;2021;1;275;275;275;AT;SI;Value on 3rd Wed. at 03;Export;Harmonized;M;M
Physical Energy & Power Flows;2021;1;274;274;274;AT;SI;Value on 3rd Wed. at 11;Export;Harmonized;M;M
Physical Energy & Power Flows;2021;2;64;64;64;AT;SI;Monthly Value;Export;Harmonized;M;M
Physical Energy & Power Flows;2021;2;185;185;185;AT;SI;Monthly Value;Import;Harmonized;M;M
Physical Energy & Power Flows;2021;2;15;15;15;AT;SI;Value on 3rd Wed. at 03;Import;Harmonized;M;M
Physical Energy & Power Flows;2021;2;595;595;595;AT;SI;Value on 3rd Wed. at 11;Export;Harmonized;M;M
Physical Energy & Power Flows;2021;3;167;167;167;AT;SI;Monthly Value;Export;Harmonized;M;M
Physical Energy & Power Flows;2021;3;27;27;27;AT;SI;Monthly Value;Import;Harmonized;M;M
Physical Energy & Power Flows;2021;3;239;239;239;AT;SI;Value on 3rd Wed. at 03;Export;Harmonized;M;M
Physical Energy & Power Flows;2021;3;216;216;216;AT;SI;Value on 3rd Wed. at 11;Import;Harmonized;M;M
Physical Energy & Power Flows;2021;4;554;554;554;AT;SI;Monthly Value;Export;Harmonized;M;M
Physical Energy & Power Flows;2021;4;1;1;1;AT;SI;Monthly Value;Import;Harmonized;M;M
Physical Energy & Power Flows;2021;4;1023;1023;1023;AT;SI;Value on 3rd Wed. at 03;Export;Harmonized;M;M
Physical Energy & Power Flows;2021;4;503;503;503;AT;SI;Value on 3rd Wed. at 11;Export;Harmonized;M;M
Physical Energy & Power Flows;2021;5;254;254;254;AT;SI;Monthly Value;Export;Harmonized;M;M
Physical Energy & Power Flows;2021;5;18;18;18;AT;SI;Monthly Value;Import;Harmonized;M;M
Physical Energy & Power Flows;2021;5;82;82;82;AT;SI;Value on 3rd Wed. at 03;Import;Harmonized;M;M
Physical Energy & Power Flows;2021;5;48;48;48;AT;SI;Value on 3rd Wed. at 11;Export;Harmonized;M;M
Physical Energy & Power Flows;2021;6;340;340;340;AT;SI;Monthly Value;Export;Harmonized;M;M
Physical Energy & Power Flows;2021;6;4;4;4;AT;SI;Monthly Value;Import;Harmonized;M;M
Physical Energy & Power Flows;2021;6;11;11;11;AT;SI;Value on 3rd Wed. at 03;Import;Harmonized;M;M
Physical Energy & Power Flows;2021;6;536;536;536;AT;SI;Value on 3rd Wed. at 11;Export;Harmonized;M;M
Physical Energy & Power Flows;2021;7;489;489;489;AT;SI;Monthly Value;Export;Harmonized;M;M
Physical Energy & Power Flows;2021;7;0;0;0;AT;SI;Monthly Value;Import;Harmonized;M;M
Physical Energy & Power Flows;2021;7;393;393;393;AT;SI;Value on 3rd Wed. at 03;Export;Harmonized;M;M
Physical Energy & Power Flows;2021;7;810;810;810;AT;SI;Value on 3rd Wed. at 11;Export;Harmonized;M;M
Physical Energy & Power Flows;2021;8;440;440;440;AT;SI;Monthly Value;Export;Harmonized;M;M
Physical Energy & Power Flows;2021;8;1;1;1;AT;SI;Monthly Value;Import;Harmonized;M;M
Physical Energy & Power Flows;2021;8;719;719;719;AT;SI;Value on 3rd Wed. at 03;Export;Harmonized;M;M
Physical Energy & Power Flows;2021;8;373;373;373;AT;SI;Value on 3rd Wed. at 11;Export;Harmonized;M;M
Physical Energy & Power Flows;2021;9;499;499;499;AT;SI;Monthly Value;Export;Harmonized;M;M
Physical Energy & Power Flows;2021;9;2;2;2;AT;SI;Monthly Value;Import;Harmonized;M;M
Physical Energy & Power Flows;2021;9;808;808;808;AT;SI;Value on 3rd Wed. at 03;Export;Harmonized;M;M
Physical Energy & Power Flows;2021;9;834;834;834;AT;SI;Value on 3rd Wed. at 11;Export;Harmonized;M;M
Physical Energy & Power Flows;2021;10;546;546;546;AT;SI;Monthly Value;Export;Harmonized;M;M
Physical Energy & Power Flows;2021;10;1;1;1;AT;SI;Monthly Value;Import;Harmonized;M;M
Physical Energy & Power Flows;2021;10;622;622;622;AT;SI;Value on 3rd Wed. at 03;Export;Harmonized;M;M
Physical Energy & Power Flows;2021;10;1175;1175;1175;AT;SI;Value on 3rd Wed. at 11;Export;Harmonized;M;M
Physical Energy & Power Flows;2021;11;306;306;306;AT;SI;Monthly Value;Export;Harmonized;M;M
Physical Energy & Power Flows;2021;11;21;21;21;AT;SI;Monthly Value;Import;Harmonized;M;M
Physical Energy & Power Flows;2021;11;623;623;623;AT;SI;Value on 3rd Wed. at 03;Export;Harmonized;M;M
Physical Energy & Power Flows;2021;11;435;435;435;AT;SI;Value on 3rd Wed. at 11;Export;Harmonized;M;M
Physical Energy & Power Flows;2021;12;167;167;167;AT;SI;Monthly Value;Export;Harmonized;M;M
Physical Energy & Power Flows;2021;12;54;54;54;AT;SI;Monthly Value;Import;Harmonized;M;M
Physical Energy & Power Flows;2021;12;236;236;236;AT;SI;Value on 3rd Wed. at 03;Export;Harmonized;M;M
Physical Energy & Power Flows;2021;12;250;250;250;AT;SI;Value on 3rd Wed. at 11;Export;Harmonized;M;M
Physical Energy & Power Flows;2021;12;37;37;37;AZ;GE;Monthly Value;Export;Harmonized;NaM;NaM
Physical Energy & Power Flows;2021;1;592;592;592;BA;HR;Monthly Value;Export;Harmonized;M;M
Physical Energy & Power Flows;2021;1;0;0;0;BA;HR;Monthly Value;Import;Harmonized;M;M
Physical Energy & Power Flows;2021;1;304;304;304;BA;HR;Value on 3rd Wed. at 03;Export;Harmonized;M;M
Physical Energy & Power Flows;2021;1;738;738;738;BA;HR;Value on 3rd Wed. at 11;Export;Harmonized;M;M
Physical Energy & Power Flows;2021;2;570;570;570;BA;HR;Monthly Value;Export;Harmonized;M;M
Physical Energy & Power Flows;2021;2;620;620;620;BA;HR;Value on 3rd Wed. at 03;Export;Harmonized;M;M
Physical Energy & Power Flows;2021;2;978;978;978;BA;HR;Value on 3rd Wed. at 11;Export;Harmonized;M;M
Physical Energy & Power Flows;2021;3;345;345;345;BA;HR;Monthly Value;Export;Harmonized;M;M
Physical Energy & Power Flows;2021;3;21;21;21;BA;HR;Monthly Value;Import;Harmonized;M;M
Physical Energy & Power Flows;2021;3;392;392;392;BA;HR;Value on 3rd Wed. at 03;Export;Harmonized;M;M
Physical Energy & Power Flows;2021;3;414;414;414;BA;HR;Value on 3rd Wed. at 11;Export;Harmonized;M;M
Physical Energy & Power Flows;2021;4;267;267;267;BA;HR;Monthly Value;Export;Harmonized;M;M
Physical Energy & Power Flows;2021;4;34;34;34;BA;HR;Monthly Value;Import;Harmonized;M;M
Physical Energy & Power Flows;2021;4;313;313;313;BA;HR;Value on 3rd Wed. at 03;Export;Harmonized;M;M
Physical Energy & Power Flows;2021;4;826;826;826;BA;HR;Value on 3rd Wed. at 11;Export;Harmonized;M;M
Physical Energy & Power Flows;2021;5;258;258;258;BA;HR;Monthly Value;Export;Harmonized;M;M
Physical Energy & Power Flows;2021;5;58;58;58;BA;HR;Monthly Value;Import;Harmonized;M;M
Physical Energy & Power Flows;2021;5;542;542;542;BA;HR;Value on 3rd Wed. at 03;Export;Harmonized;M;M
Physical Energy & Power Flows;2021;5;935;935;935;BA;HR;Value on 3rd Wed. at 11;Export;Harmonized;M;M
Physical Energy & Power Flows;2021;6;154;154;154;BA;HR;Monthly Value;Export;Harmonized;M;M
Physical Energy & Power Flows;2021;6;59;59;59;BA;HR;Monthly Value;Import;Harmonized;M;M
Physical Energy & Power Flows;2021;6;767;767;767;BA;HR;Value on 3rd Wed. at 03;Export;Harmonized;M;M
Physical Energy & Power Flows;2021;6;551;551;551;BA;HR;Value on 3rd Wed. at 11;Export;Harmonized;M;M
Physical Energy & Power Flows;2021;7;145;145;145;BA;HR;Monthly Value;Export;Harmonized;M;M
Physical Energy & Power Flows;2021;7;81;81;81;BA;HR;Monthly Value;Import;Harmonized;M;M
Physical Energy & Power Flows;2021;7;533;533;533;BA;HR;Value on 3rd Wed. at 03;Export;Harmonized;M;M
Physical Energy & Power Flows;2021;7;162;162;162;BA;HR;Value on 3rd Wed. at 11;Export;Harmonized;M;M
Physical Energy & Power Flows;2021;8;47;47;47;BA;HR;Monthly Value;Export;Harmonized;M;M
Physical Energy & Power Flows;2021;8;145;145;145;BA;HR;Monthly Value;Import;Harmonized;M;M
Physical Energy & Power Flows;2021;8;495;495;495;BA;HR;Value on 3rd Wed. at 03;Import;Harmonized;M;M
Physical Energy & Power Flows;2021;8;261;261;261;BA;HR;Value on 3rd Wed. at 11;Import;Harmonized;M;M
Physical Energy & Power Flows;2021;9;233;233;233;BA;HR;Monthly Value;Export;Harmonized;M;M
Physical Energy & Power Flows;2021;9;11;11;11;BA;HR;Monthly Value;Import;Harmonized;M;M
Physical Energy & Power Flows;2021;9;573;573;573;BA;HR;Value on 3rd Wed. at 03;Export;Harmonized;M;M
Physical Energy & Power Flows;2021;9;483;483;483;BA;HR;Value on 3rd Wed. at 11;Export;Harmonized;M;M
Physical Energy & Power Flows;2021;10;90;90;90;BA;HR;Monthly Value;Export;Harmonized;M;M
Physical Energy & Power Flows;2021;10;73;73;73;BA;HR;Monthly Value;Import;Harmonized;M;M
Physical Energy & Power Flows;2021;10;218;218;218;BA;HR;Value on 3rd Wed. at 03;Import;Harmonized;M;M
Physical Energy & Power Flows;2021;10;30;30;30;BA;HR;Value on 3rd Wed. at 11;Export;Harmonized;M;M
Physical Energy & Power Flows;2021;11;135;135;135;BA;HR;Monthly Value;Export;Harmonized;M;M
Physical Energy & Power Flows;2021;11;40;40;40;BA;HR;Monthly Value;Import;Harmonized;M;M
Physical Energy & Power Flows;2021;11;5;5;5;BA;HR;Value on 3rd Wed. at 03;Export;Harmonized;M;M
Physical Energy & Power Flows;2021;11;169;169;169;BA;HR;Value on 3rd Wed. at 11;Export;Harmonized;M;M
Physical Energy & Power Flows;2021;12;337;337;337;BA;HR;Monthly Value;Export;Harmonized;M;M
Physical Energy & Power Flows;2021;12;16;16;16;BA;HR;Monthly Value;Import;Harmonized;M;M
Physical Energy & Power Flows;2021;12;330;330;330;BA;HR;Value on 3rd Wed. at 03;Export;Harmonized;M;M
Physical Energy & Power Flows;2021;12;966;966;966;BA;HR;Value on 3rd Wed. at 11;Export;Harmonized;M;M
Physical Energy & Power Flows;2021;1;180;180;180;BA;ME;Monthly Value;Export;Harmonized;M;M
Physical Energy & Power Flows;2021;1;12;12;12;BA;ME;Monthly Value;Import;Harmonized;M;M
Physical Energy & Power Flows;2021;1;407;407;407;BA;ME;Value on 3rd Wed. at 03;Export;Harmonized;M;M
Physical Energy & Power Flows;2021;1;242;242;242;BA;ME;Value on 3rd Wed. at 11;Export;Harmonized;M;M
Physical Energy & Power Flows;2021;2;245;245;245;BA;ME;Monthly Value;Export;Harmonized;M;M
Physical Energy & Power Flows;2021;2;2;2;2;BA;ME;Monthly Value;Import;Harmonized;M;M
Physical Energy & Power Flows;2021;2;682;682;682;BA;ME;Value on 3rd Wed. at 03;Export;Harmonized;M;M
Physical Energy & Power Flows;2021;2;327;327;327;BA;ME;Value on 3rd Wed. at 11;Export;Harmonized;M;M
Physical Energy & Power Flows;2021;3;261;261;261;BA;ME;Monthly Value;Export;Harmonized;M;M
Physical Energy & Power Flows;2021;3;2;2;2;BA;ME;Monthly Value;Import;Harmonized;M;M
Physical Energy & Power Flows;2021;3;216;216;216;BA;ME;Value on 3rd Wed. at 03;Export;Harmonized;M;M
Physical Energy & Power Flows;2021;3;210;210;210;BA;ME;Value on 3rd Wed. at 11;Export;Harmonized;M;M
Physical Energy & Power Flows;2021;4;133;133;133;BA;ME;Monthly Value;Export;Harmonized;M;M
Physical Energy & Power Flows;2021;4;26;26;26;BA;ME;Monthly Value;Import;Harmonized;M;M
Physical Energy & Power Flows;2021;4;144;144;144;BA;ME;Value on 3rd Wed. at 03;Export;Harmonized;M;M
Physical Energy & Power Flows;2021;4;412;412;412;BA;ME;Value on 3rd Wed. at 11;Import;Harmonized;M;M
Physical Energy & Power Flows;2021;5;124;124;124;BA;ME;Monthly Value;Export;Harmonized;M;M
Physical Energy & Power Flows;2021;5;29;29;29;BA;ME;Monthly Value;Import;Harmonized;M;M
Physical Energy & Power Flows;2021;5;52;52;52;BA;ME;Value on 3rd Wed. at 03;Export;Harmonized;M;M
Physical Energy & Power Flows;2021;5;326;326;326;BA;ME;Value on 3rd Wed. at 11;Import;Harmonized;M;M
Physical Energy & Power Flows;2021;6;137;137;137;BA;ME;Monthly Value;Export;Harmonized;M;M
Physical Energy & Power Flows;2021;6;33;33;33;BA;ME;Monthly Value;Import;Harmonized;M;M
Physical Energy & Power Flows;2021;6;245;245;245;BA;ME;Value on 3rd Wed. at 03;Import;Harmonized;M;M
Physical Energy & Power Flows;2021;6;177;177;177;BA;ME;Value on 3rd Wed. at 11;Import;Harmonized;M;M
Physical Energy & Power Flows;2021;7;174;174;174;BA;ME;Monthly Value;Export;Harmonized;M;M
Physical Energy & Power Flows;2021;7;14;14;14;BA;ME;Monthly Value;Import;Harmonized;M;M
Physical Energy & Power Flows;2021;7;79;79;79;BA;ME;Value on 3rd Wed. at 03;Export;Harmonized;M;M
Physical Energy & Power Flows;2021;7;112;112;112;BA;ME;Value on 3rd Wed. at 11;Export;Harmonized;M;M
Physical Energy & Power Flows;2021;8;273;273;273;BA;ME;Monthly Value;Export;Harmonized;M;M
Physical Energy & Power Flows;2021;8;3;3;3;BA;ME;Monthly Value;Import;Harmonized;M;M
Physical Energy & Power Flows;2021;8;452;452;452;BA;ME;Value on 3rd Wed. at 03;Export;Harmonized;M;M
Physical Energy & Power Flows;2021;8;351;351;351;BA;ME;Value on 3rd Wed. at 11;Export;Harmonized;M;M
Physical Energy & Power Flows;2021;9;98;98;98;BA;ME;Monthly Value;Export;Harmonized;M;M
Physical Energy & Power Flows;2021;9;16;16;16;BA;ME;Monthly Value;Import;Harmonized;M;M
Physical Energy & Power Flows;2021;9;6;6;6;BA;ME;Value on 3rd Wed. at 03;Export;Harmonized;M;M
Physical Energy & Power Flows;2021;9;43;43;43;BA;ME;Value on 3rd Wed. at 11;Import;Harmonized;M;M
Physical Energy & Power Flows;2021;10;221;221;221;BA;ME;Monthly Value;Export;Harmonized;M;M
Physical Energy & Power Flows;2021;10;3;3;3;BA;ME;Monthly Value;Import;Harmonized;M;M
Physical Energy & Power Flows;2021;10;534;534;534;BA;ME;Value on 3rd Wed. at 03;Export;Harmonized;M;M
Physical Energy & Power Flows;2021;10;296;296;296;BA;ME;Value on 3rd Wed. at 11;Export;Harmonized;M;M
Physical Energy & Power Flows;2021;11;269;269;269;BA;ME;Monthly Value;Export;Harmonized;M;M
Physical Energy & Power Flows;2021;11;6;6;6;BA;ME;Monthly Value;Import;Harmonized;M;M
Physical Energy & Power Flows;2021;11;323;323;323;BA;ME;Value on 3rd Wed. at 03;Export;Harmonized;M;M
Physical Energy & Power Flows;2021;11;249;249;249;BA;ME;Value on 3rd Wed. at 11;Export;Harmonized;M;M
Physical Energy & Power Flows;2021;12;213;213;213;BA;ME;Monthly Value;Export;Harmonized;M;M
Physical Energy & Power Flows;2021;12;19;19;19;BA;ME;Monthly Value;Import;Harmonized;M;M
Physical Energy & Power Flows;2021;12;176;176;176;BA;ME;Value on 3rd Wed. at 03;Export;Harmonized;M;M
Physical Energy & Power Flows;2021;12;216;216;216;BA;ME;Value on 3rd Wed. at 11;Import;Harmonized;M;M
Physical Energy & Power Flows;2021;1;87;87;87;BA;RS;Monthly Value;Export;Harmonized;M;M
Physical Energy & Power Flows;2021;1;8;8;8;BA;RS;Monthly Value;Import;Harmonized;M;M
Physical Energy & Power Flows;2021;1;135;135;135;BA;RS;Value on 3rd Wed. at 03;Export;Harmonized;M;M
Physical Energy & Power Flows;2021;1;179;179;179;BA;RS;Value on 3rd Wed. at 11;Export;Harmonized;M;M
Physical Energy & Power Flows;2021;2;80;80;80;BA;RS;Monthly Value;Export;Harmonized;M;M
Physical Energy & Power Flows;2021;2;6;6;6;BA;RS;Monthly Value;Import;Harmonized;M;M
Physical Energy & Power Flows;2021;2;333;333;333;BA;RS;Value on 3rd Wed. at 03;Export;Harmonized;M;M
Physical Energy & Power Flows;2021;2;167;167;167;BA;RS;Value on 3rd Wed. at 11;Export;Harmonized;M;M
Physical Energy & Power Flows;2021;3;14;14;14;BA;RS;Monthly Value;Export;Harmonized;M;M
Physical Energy & Power Flows;2021;3;57;57;57;BA;RS;Monthly Value;Import;Harmonized;M;M
Physical Energy & Power Flows;2021;3;376;376;376;BA;RS;Value on 3rd Wed. at 03;Import;Harmonized;M;M
Physical Energy & Power Flows;2021;3;184;184;184;BA;RS;Value on 3rd Wed. at 11;Import;Harmonized;M;M
Physical Energy & Power Flows;2021;4;11;11;11;BA;RS;Monthly Value;Export;Harmonized;M;M
Physical Energy & Power Flows;2021;4;82;82;82;BA;RS;Monthly Value;Import;Harmonized;M;M
Physical Energy & Power Flows;2021;4;112;112;112;BA;RS;Value on 3rd Wed. at 03;Import;Harmonized;M;M
Physical Energy & Power Flows;2021;4;19;19;19;BA;RS;Value on 3rd Wed. at 11;Import;Harmonized;M;M
Physical Energy & Power Flows;2021;5;31;31;31;BA;RS;Monthly Value;Export;Harmonized;M;M
Physical Energy & Power Flows;2021;5;75;75;75;BA;RS;Monthly Value;Import;Harmonized;M;M
Physical Energy & Power Flows;2021;5;112;112;112;BA;RS;Value on 3rd Wed. at 03;Import;Harmonized;M;M
Physical Energy & Power Flows;2021;5;144;144;144;BA;RS;Value on 3rd Wed. at 11;Import;Harmonized;M;M
Physical Energy & Power Flows;2021;6;37;37;37;BA;RS;Monthly Value;Export;Harmonized;M;M
Physical Energy & Power Flows;2021;6;30;30;30;BA;RS;Monthly Value;Import;Harmonized;M;M
Physical Energy & Power Flows;2021;6;257;257;257;BA;RS;Value on 3rd Wed. at 03;Import;Harmonized;M;M
Physical Energy & Power Flows;2021;6;145;145;145;BA;RS;Value on 3rd Wed. at 11;Import;Harmonized;M;M
Physical Energy & Power Flows;2021;7;28;28;28;BA;RS;Monthly Value;Export;Harmonized;M;M
Physical Energy & Power Flows;2021;7;44;44;44;BA;RS;Monthly Value;Import;Harmonized;M;M
Physical Energy & Power Flows;2021;7;67;67;67;BA;RS;Value on 3rd Wed. at 03;Import;Harmonized;M;M
Physical Energy & Power Flows;2021;7;10;10;10;BA;RS;Value on 3rd Wed. at 11;Import;Harmonized;M;M
Physical Energy & Power Flows;2021;8;54;54;54;BA;RS;Monthly Value;Export;Harmonized;M;M
Physical Energy & Power Flows;2021;8;32;32;32;BA;RS;Monthly Value;Import;Harmonized;M;M
Physical Energy & Power Flows;2021;8;89;89;89;BA;RS;Value on 3rd Wed. at 03;Import;Harmonized;M;M
Physical Energy & Power Flows;2021;8;94;94;94;BA;RS;Value on 3rd Wed. at 11;Export;Harmonized;M;M
Physical Energy & Power Flows;2021;9;4;4;4;BA;RS;Monthly Value;Export;Harmonized;M;M
Physical Energy & Power Flows;2021;9;131;131;131;BA;RS;Monthly Value;Import;Harmonized;M;M
Physical Energy & Power Flows;2021;9;295;295;295;BA;RS;Value on 3rd Wed. at 03;Import;Harmonized;M;M
Physical Energy & Power Flows;2021;9;287;287;287;BA;RS;Value on 3rd Wed. at 11;Import;Harmonized;M;M
Physical Energy & Power Flows;2021;10;20;20;20;BA;RS;Monthly Value;Export;Harmonized;M;M
Physical Energy & Power Flows;2021;10;71;71;71;BA;RS;Monthly Value;Import;Harmonized;M;M
Physical Energy & Power Flows;2021;10;68;68;68;BA;RS;Value on 3rd Wed. at 03;Import;Harmonized;M;M
Physical Energy & Power Flows;2021;10;92;92;92;BA;RS;Value on 3rd Wed. at 11;Import;Harmonized;M;M
Physical Energy & Power Flows;2021;11;73;73;73;BA;RS;Monthly Value;Export;Harmonized;M;M
Physical Energy & Power Flows;2021;11;13;13;13;BA;RS;Monthly Value;Import;Harmonized;M;M
Physical Energy & Power Flows;2021;11;65;65;65;BA;RS;Value on 3rd Wed. at 03;Import;Harmonized;M;M
Physical Energy & Power Flows;2021;11;161;161;161;BA;RS;Value on 3rd Wed. at 11;Export;Harmonized;M;M
Physical Energy & Power Flows;2021;12;83;83;83;BA;RS;Monthly Value;Export;Harmonized;M;M
Physical Energy & Power Flows;2021;12;23;23;23;BA;RS;Monthly Value;Import;Harmonized;M;M
Physical Energy & Power Flows;2021;12;2;2;2;BA;RS;Value on 3rd Wed. at 03;Import;Harmonized;M;M
Physical Energy & Power Flows;2021;12;122;122;122;BA;RS;Value on 3rd Wed. at 11;Export;Harmonized;M;M
Physical Energy & Power Flows;2021;1;88;88;88;BE;DE;Monthly Value;Export;Harmonized;M;M
Physical Energy & Power Flows;2021;1;408;408;408;BE;DE;Monthly Value;Import;Harmonized;M;M
Physical Energy & Power Flows;2021;1;1002;1002;1002;BE;DE;Value on 3rd Wed. at 03;Import;Harmonized;M;M
Physical Energy & Power Flows;2021;1;1002;1002;1002;BE;DE;Value on 3rd Wed. at 11;Import;Harmonized;M;M
Physical Energy & Power Flows;2021;2;237;237;237;BE;DE;Monthly Value;Export;Harmonized;M;M
Physical Energy & Power Flows;2021;2;147;147;147;BE;DE;Monthly Value;Import;Harmonized;M;M
Physical Energy & Power Flows;2021;2;355;355;355;BE;DE;Value on 3rd Wed. at 03;Import;Harmonized;M;M
Physical Energy & Power Flows;2021;2;975;975;975;BE;DE;Value on 3rd Wed. at 11;Import;Harmonized;M;M
Physical Energy & Power Flows;2021;3;229;229;229;BE;DE;Monthly Value;Export;Harmonized;M;M
Physical Energy & Power Flows;2021;3;164;164;164;BE;DE;Monthly Value;Import;Harmonized;M;M
Physical Energy & Power Flows;2021;3;986;986;986;BE;DE;Value on 3rd Wed. at 03;Export;Harmonized;M;M
Physical Energy & Power Flows;2021;3;949;949;949;BE;DE;Value on 3rd Wed. at 11;Export;Harmonized;M;M
Physical Energy & Power Flows;2021;4;129;129;129;BE;DE;Monthly Value;Export;Harmonized;M;M
Physical Energy & Power Flows;2021;4;261;261;261;BE;DE;Monthly Value;Import;Harmonized;M;M
Physical Energy & Power Flows;2021;4;349;349;349;BE;DE;Value on 3rd Wed. at 03;Import;Harmonized;M;M
Physical Energy & Power Flows;2021;4;97;97;97;BE;DE;Value on 3rd Wed. at 11;Import;Harmonized;M;M
Physical Energy & Power Flows;2021;5;114;114;114;BE;DE;Monthly Value;Export;Harmonized;M;M
Physical Energy & Power Flows;2021;5;128;128;128;BE;DE;Monthly Value;Import;Harmonized;M;M
Physical Energy & Power Flows;2021;5;0;0;0;BE;DE;Value on 3rd Wed. at 03;Import;Harmonized;M;M
Physical Energy & Power Flows;2021;5;0;0;0;BE;DE;Value on 3rd Wed. at 11;Import;Harmonized;M;M
Physical Energy & Power Flows;2021;6;185;185;185;BE;DE;Monthly Value;Export;Harmonized;M;M
Physical Energy & Power Flows;2021;6;116;116;116;BE;DE;Monthly Value;Import;Harmonized;M;M
Physical Energy & Power Flows;2021;6;413;413;413;BE;DE;Value on 3rd Wed. at 03;Export;Harmonized;M;M
Physical Energy & Power Flows;2021;6;826;826;826;BE;DE;Value on 3rd Wed. at 11;Import;Harmonized;M;M
Physical Energy & Power Flows;2021;7;238;238;238;BE;DE;Monthly Value;Export;Harmonized;M;M
Physical Energy & Power Flows;2021;7;94;94;94;BE;DE;Monthly Value;Import;Harmonized;M;M
Physical Energy & Power Flows;2021;7;16;16;16;BE;DE;Value on 3rd Wed. at 03;Export;Harmonized;M;M
Physical Energy & Power Flows;2021;7;859;859;859;BE;DE;Value on 3rd Wed. at 11;Export;Harmonized;M;M
Physical Energy & Power Flows;2021;8;129;129;129;BE;DE;Monthly Value;Export;Harmonized;M;M
Physical Energy & Power Flows;2021;8;67;67;67;BE;DE;Monthly Value;Import;Harmonized;M;M
Physical Energy & Power Flows;2021;8;900;900;900;BE;DE;Value on 3rd Wed. at 03;Export;Harmonized;M;M
Physical Energy & Power Flows;2021;8;665;665;665;BE;DE;Value on 3rd Wed. at 11;Import;Harmonized;M;M
Physical Energy & Power Flows;2021;9;49;49;49;BE;DE;Monthly Value;Export;Harmonized;M;M
Physical Energy & Power Flows;2021;9;280;280;280;BE;DE;Monthly Value;Import;Harmonized;M;M
Physical Energy & Power Flows;2021;9;735;735;735;BE;DE;Value on 3rd Wed. at 03;Import;Harmonized;M;M
Physical Energy & Power Flows;2021;9;345;345;345;BE;DE;Value on 3rd Wed. at 11;Import;Harmonized;M;M
Physical Energy & Power Flows;2021;10;120;120;120;BE;DE;Monthly Value;Export;Harmonized;M;M
Physical Energy & Power Flows;2021;10;226;226;226;BE;DE;Monthly Value;Import;Harmonized;M;M
Physical Energy & Power Flows;2021;10;73;73;73;BE;DE;Value on 3rd Wed. at 03;Import;Harmonized;M;M
Physical Energy & Power Flows;2021;10;394;394;394;BE;DE;Value on 3rd Wed. at 11;Import;Harmonized;M;M
Physical Energy & Power Flows;2021;11;152;152;152;BE;DE;Monthly Value;Export;Harmonized;M;M
Physical Energy & Power Flows;2021;11;297;297;297;BE;DE;Monthly Value;Import;Harmonized;M;M
Physical Energy & Power Flows;2021;11;166;166;166;BE;DE;Value on 3rd Wed. at 03;Export;Harmonized;M;M
Physical Energy & Power Flows;2021;11;842;842;842;BE;DE;Value on 3rd Wed. at 11;Import;Harmonized;M;M
Physical Energy & Power Flows;2021;12;116;116;116;BE;DE;Monthly Value;Export;Harmonized;M;M
Physical Energy & Power Flows;2021;12;384;384;384;BE;DE;Monthly Value;Import;Harmonized;M;M
Physical Energy & Power Flows;2021;12;822;822;822;BE;DE;Value on 3rd Wed. at 03;Import;Harmonized;M;M
Physical Energy & Power Flows;2021;12;997;997;997;BE;DE;Value on 3rd Wed. at 11;Export;Harmonized;M;M
Physical Energy & Power Flows;2021;1;1022;1022;1022;BE;FR;Monthly Value;Export;Harmonized;M;M
Physical Energy & Power Flows;2021;1;162;162;162;BE;FR;Monthly Value;Import;Harmonized;M;M
Physical Energy & Power Flows;2021;1;1449;1449;1449;BE;FR;Value on 3rd Wed. at 03;Export;Harmonized;M;M
Physical Energy & Power Flows;2021;1;1441;1441;1441;BE;FR;Value on 3rd Wed. at 11;Export;Harmonized;M;M
Physical Energy & Power Flows;2021;2;664;664;664;BE;FR;Monthly Value;Export;Harmonized;M;M
Physical Energy & Power Flows;2021;2;291;291;291;BE;FR;Monthly Value;Import;Harmonized;M;M
Physical Energy & Power Flows;2021;2;1019;1019;1019;BE;FR;Value on 3rd Wed. at 03;Export;Harmonized;M;M
Physical Energy & Power Flows;2021;2;1275;1275;1275;BE;FR;Value on 3rd Wed. at 11;Export;Harmonized;M;M
Physical Energy & Power Flows;2021;3;987;987;987;BE;FR;Monthly Value;Export;Harmonized;M;M
Physical Energy & Power Flows;2021;3;85;85;85;BE;FR;Monthly Value;Import;Harmonized;M;M
Physical Energy & Power Flows;2021;3;765;765;765;BE;FR;Value on 3rd Wed. at 03;Import;Harmonized;M;M
Physical Energy & Power Flows;2021;3;323;323;323;BE;FR;Value on 3rd Wed. at 11;Export;Harmonized;M;M
Physical Energy & Power Flows;2021;4;982;982;982;BE;FR;Monthly Value;Export;Harmonized;M;M
Physical Energy & Power Flows;2021;4;104;104;104;BE;FR;Monthly Value;Import;Harmonized;M;M
Physical Energy & Power Flows;2021;4;1419;1419;1419;BE;FR;Value on 3rd Wed. at 03;Export;Harmonized;M;M
Physical Energy & Power Flows;2021;4;952;952;952;BE;FR;Value on 3rd Wed. at 11;Export;Harmonized;M;M
Physical Energy & Power Flows;2021;5;228;228;228;BE;FR;Monthly Value;Export;Harmonized;M;M
Physical Energy & Power Flows;2021;5;757;757;757;BE;FR;Monthly Value;Import;Harmonized;M;M
Physical Energy & Power Flows;2021;5;1144;1144;1144;BE;FR;Value on 3rd Wed. at 03;Import;Harmonized;M;M
Physical Energy & Power Flows;2021;5;787;787;787;BE;FR;Value on 3rd Wed. at 11;Import;Harmonized;M;M
Physical Energy & Power Flows;2021;6;151;151;151;BE;FR;Monthly Value;Export;Harmonized;M;M
Physical Energy & Power Flows;2021;6;863;863;863;BE;FR;Monthly Value;Import;Harmonized;M;M
Physical Energy & Power Flows;2021;6;1007;1007;1007;BE;FR;Value on 3rd Wed. at 03;Import;Harmonized;M;M
Physical Energy & Power Flows;2021;6;2487;2487;2487;BE;FR;Value on 3rd Wed. at 11;Export;Harmonized;M;M
Physical Energy & Power Flows;2021;7;214;214;214;BE;FR;Monthly Value;Export;Harmonized;M;M
Physical Energy & Power Flows;2021;7;608;608;608;BE;FR;Monthly Value;Import;Harmonized;M;M
Physical Energy & Power Flows;2021;7;1447;1447;1447;BE;FR;Value on 3rd Wed. at 03;Import;Harmonized;M;M
Physical Energy & Power Flows;2021;7;1752;1752;1752;BE;FR;Value on 3rd Wed. at 11;Export;Harmonized;M;M
Physical Energy & Power Flows;2021;8;124;124;124;BE;FR;Monthly Value;Export;Harmonized;M;M
Physical Energy & Power Flows;2021;8;636;636;636;BE;FR;Monthly Value;Import;Harmonized;M;M
Physical Energy & Power Flows;2021;8;2119;2119;2119;BE;FR;Value on 3rd Wed. at 03;Import;Harmonized;M;M
Physical Energy & Power Flows;2021;8;175;175;175;BE;FR;Value on 3rd Wed. at 11;Export;Harmonized;M;M
Physical Energy & Power Flows;2021;9;182;182;182;BE;FR;Monthly Value;Export;Harmonized;M;M
Physical Energy & Power Flows;2021;9;579;579;579;BE;FR;Monthly Value;Import;Harmonized;M;M
Physical Energy & Power Flows;2021;9;1514;1514;1514;BE;FR;Value on 3rd Wed. at 03;Import;Harmonized;M;M
Physical Energy & Power Flows;2021;9;1043;1043;1043;BE;FR;Value on 3rd Wed. at 11;Import;Harmonized;M;M
Physical Energy & Power Flows;2021;10;416;416;416;BE;FR;Monthly Value;Export;Harmonized;M;M
Physical Energy & Power Flows;2021;10;169;169;169;BE;FR;Monthly Value;Import;Harmonized;M;M
Physical Energy & Power Flows;2021;10;353;353;353;BE;FR;Value on 3rd Wed. at 03;Import;Harmonized;M;M
Physical Energy & Power Flows;2021;10;395;395;395;BE;FR;Value on 3rd Wed. at 11;Import;Harmonized;M;M
Physical Energy & Power Flows;2021;11;820;820;820;BE;FR;Monthly Value;Export;Harmonized;M;M
Physical Energy & Power Flows;2021;11;69;69;69;BE;FR;Monthly Value;Import;Harmonized;M;M
Physical Energy & Power Flows;2021;11;420;420;420;BE;FR;Value on 3rd Wed. at 03;Export;Harmonized;M;M
Physical Energy & Power Flows;2021;11;2034;2034;2034;BE;FR;Value on 3rd Wed. at 11;Export;Harmonized;M;M
Physical Energy & Power Flows;2021;12;1186;1186;1186;BE;FR;Monthly Value;Export;Harmonized;M;M
Physical Energy & Power Flows;2021;12;49;49;49;BE;FR;Monthly Value;Import;Harmonized;M;M
Physical Energy & Power Flows;2021;12;1092;1092;1092;BE;FR;Value on 3rd Wed. at 03;Export;Harmonized;M;M
Physical Energy & Power Flows;2021;12;2166;2166;2166;BE;FR;Value on 3rd Wed. at 11;Export;Harmonized;M;M
Physical Energy & Power Flows;2021;1;640;640;640;BE;GB;Monthly Value;Export;Harmonized;M;M
Physical Energy & Power Flows;2021;1;8;8;8;BE;GB;Monthly Value;Import;Harmonized;M;M
Physical Energy & Power Flows;2021;1;772;772;772;BE;GB;Value on 3rd Wed. at 03;Export;Harmonized;M;M
Physical Energy & Power Flows;2021;1;911;911;911;BE;GB;Value on 3rd Wed. at 11;Export;Harmonized;M;M
Physical Energy & Power Flows;2021;2;541;541;541;BE;GB;Monthly Value;Export;Harmonized;M;M
Physical Energy & Power Flows;2021;2;6;6;6;BE;GB;Monthly Value;Import;Harmonized;M;M
Physical Energy & Power Flows;2021;2;724;724;724;BE;GB;Value on 3rd Wed. at 03;Export;Harmonized;M;M
Physical Energy & Power Flows;2021;2;1022;1022;1022;BE;GB;Value on 3rd Wed. at 11;Export;Harmonized;M;M
Physical Energy & Power Flows;2021;3;634;634;634;BE;GB;Monthly Value;Export;Harmonized;M;M
Physical Energy & Power Flows;2021;3;12;12;12;BE;GB;Monthly Value;Import;Harmonized;M;M
Physical Energy & Power Flows;2021;3;722;722;722;BE;GB;Value on 3rd Wed. at 03;Export;Harmonized;M;M
Physical Energy & Power Flows;2021;3;1023;1023;1023;BE;GB;Value on 3rd Wed. at 11;Export;Harmonized;M;M
Physical Energy & Power Flows;2021;4;658;658;658;BE;GB;Monthly Value;Export;Harmonized;M;M
Physical Energy & Power Flows;2021;4;5;5;5;BE;GB;Monthly Value;Import;Harmonized;M;M
Physical Energy & Power Flows;2021;4;971;971;971;BE;GB;Value on 3rd Wed. at 03;Export;Harmonized;M;M
Physical Energy & Power Flows;2021;4;1023;1023;1023;BE;GB;Value on 3rd Wed. at 11;Export;Harmonized;M;M
Physical Energy & Power Flows;2021;5;668;668;668;BE;GB;Monthly Value;Export;Harmonized;M;M
Physical Energy & Power Flows;2021;5;0;0;0;BE;GB;Monthly Value;Import;Harmonized;M;M
Physical Energy & Power Flows;2021;5;973;973;973;BE;GB;Value on 3rd Wed. at 03;Export;Harmonized;M;M
Physical Energy & Power Flows;2021;5;1023;1023;1023;BE;GB;Value on 3rd Wed. at 11;Export;Harmonized;M;M
Physical Energy & Power Flows;2021;6;602;602;602;BE;GB;Monthly Value;Export;Harmonized;M;M
Physical Energy & Power Flows;2021;6;1;1;1;BE;GB;Monthly Value;Import;Harmonized;M;M
Physical Energy & Power Flows;2021;6;696;696;696;BE;GB;Value on 3rd Wed. at 03;Export;Harmonized;M;M
Physical Energy & Power Flows;2021;6;1023;1023;1023;BE;GB;Value on 3rd Wed. at 11;Export;Harmonized;M;M
Physical Energy & Power Flows;2021;7;683;683;683;BE;GB;Monthly Value;Export;Harmonized;M;M
Physical Energy & Power Flows;2021;7;1;1;1;BE;GB;Monthly Value;Import;Harmonized;M;M
Physical Energy & Power Flows;2021;7;974;974;974;BE;GB;Value on 3rd Wed. at 03;Export;Harmonized;M;M
Physical Energy & Power Flows;2021;7;1024;1024;1024;BE;GB;Value on 3rd Wed. at 11;Export;Harmonized;M;M
Physical Energy & Power Flows;2021;8;647;647;647;BE;GB;Monthly Value;Export;Harmonized;M;M
Physical Energy & Power Flows;2021;8;721;721;721;BE;GB;Value on 3rd Wed. at 03;Export;Harmonized;M;M
Physical Energy & Power Flows;2021;8;867;867;867;BE;GB;Value on 3rd Wed. at 11;Export;Harmonized;M;M
Physical Energy & Power Flows;2021;9;551;551;551;BE;GB;Monthly Value;Export;Harmonized;M;M
Physical Energy & Power Flows;2021;9;3;3;3;BE;GB;Monthly Value;Import;Harmonized;M;M
Physical Energy & Power Flows;2021;9;971;971;971;BE;GB;Value on 3rd Wed. at 03;Export;Harmonized;M;M
Physical Energy & Power Flows;2021;9;1023;1023;1023;BE;GB;Value on 3rd Wed. at 11;Export;Harmonized;M;M
Physical Energy & Power Flows;2021;10;590;590;590;BE;GB;Monthly Value;Export;Harmonized;M;M
Physical Energy & Power Flows;2021;10;14;14;14;BE;GB;Monthly Value;Import;Harmonized;M;M
Physical Energy & Power Flows;2021;10;321;321;321;BE;GB;Value on 3rd Wed. at 03;Export;Harmonized;M;M
Physical Energy & Power Flows;2021;10;1024;1024;1024;BE;GB;Value on 3rd Wed. at 11;Export;Harmonized;M;M
Physical Energy & Power Flows;2021;11;387;387;387;BE;GB;Monthly Value;Export;Harmonized;M;M
Physical Energy & Power Flows;2021;11;60;60;60;BE;GB;Monthly Value;Import;Harmonized;M;M
Physical Energy & Power Flows;2021;11;404;404;404;BE;GB;Value on 3rd Wed. at 03;Export;Harmonized;M;M
Physical Energy & Power Flows;2021;11;292;292;292;BE;GB;Value on 3rd Wed. at 11;Import;Harmonized;M;M
Physical Energy & Power Flows;2021;12;555;555;555;BE;GB;Monthly Value;Export;Harmonized;M;M
Physical Energy & Power Flows;2021;12;29;29;29;BE;GB;Monthly Value;Import;Harmonized;M;M
Physical Energy & Power Flows;2021;12;989;989;989;BE;GB;Value on 3rd Wed. at 03;Export;Harmonized;M;M
Physical Energy & Power Flows;2021;12;161;161;161;BE;GB;Value on 3rd Wed. at 11;Export;Harmonized;M;M
Physical Energy & Power Flows;2021;1;54;54;54;BE;LU;Monthly Value;Export;Harmonized;M;M
Physical Energy & Power Flows;2021;1;7;7;7;BE;LU;Monthly Value;Import;Harmonized;M;M
Physical Energy & Power Flows;2021;1;198;198;198;BE;LU;Value on 3rd Wed. at 03;Export;Harmonized;M;M
Physical Energy & Power Flows;2021;1;69;69;69;BE;LU;Value on 3rd Wed. at 11;Export;Harmonized;M;M
Physical Energy & Power Flows;2021;2;47;47;47;BE;LU;Monthly Value;Export;Harmonized;M;M
Physical Energy & Power Flows;2021;2;9;9;9;BE;LU;Monthly Value;Import;Harmonized;M;M
Physical Energy & Power Flows;2021;2;78;78;78;BE;LU;Value on 3rd Wed. at 03;Export;Harmonized;M;M
Physical Energy & Power Flows;2021;2;167;167;167;BE;LU;Value on 3rd Wed. at 11;Export;Harmonized;M;M
Physical Energy & Power Flows;2021;3;67;67;67;BE;LU;Monthly Value;Export;Harmonized;M;M
Physical Energy & Power Flows;2021;3;7;7;7;BE;LU;Monthly Value;Import;Harmonized;M;M
Physical Energy & Power Flows;2021;3;65;65;65;BE;LU;Value on 3rd Wed. at 03;Export;Harmonized;M;M
Physical Energy & Power Flows;2021;3;80;80;80;BE;LU;Value on 3rd Wed. at 11;Export;Harmonized;M;M
Physical Energy & Power Flows;2021;4;89;89;89;BE;LU;Monthly Value;Export;Harmonized;M;M
Physical Energy & Power Flows;2021;4;0;0;0;BE;LU;Monthly Value;Import;Harmonized;M;M
Physical Energy & Power Flows;2021;4;197;197;197;BE;LU;Value on 3rd Wed. at 03;Export;Harmonized;M;M
Physical Energy & Power Flows;2021;4;163;163;163;BE;LU;Value on 3rd Wed. at 11;Export;Harmonized;M;M
Physical Energy & Power Flows;2021;5;108;108;108;BE;LU;Monthly Value;Export;Harmonized;M;M
Physical Energy & Power Flows;2021;5;189;189;189;BE;LU;Value on 3rd Wed. at 03;Export;Harmonized;M;M
Physical Energy & Power Flows;2021;5;75;75;75;BE;LU;Value on 3rd Wed. at 11;Export;Harmonized;M;M
Physical Energy & Power Flows;2021;6;101;101;101;BE;LU;Monthly Value;Export;Harmonized;M;M
Physical Energy & Power Flows;2021;6;229;229;229;BE;LU;Value on 3rd Wed. at 03;Export;Harmonized;M;M
Physical Energy & Power Flows;2021;6;51;51;51;BE;LU;Value on 3rd Wed. at 11;Export;Harmonized;M;M
Physical Energy & Power Flows;2021;7;88;88;88;BE;LU;Monthly Value;Export;Harmonized;M;M
Physical Energy & Power Flows;2021;7;0;0;0;BE;LU;Monthly Value;Import;Harmonized;M;M
Physical Energy & Power Flows;2021;7;207;207;207;BE;LU;Value on 3rd Wed. at 03;Export;Harmonized;M;M
Physical Energy & Power Flows;2021;7;47;47;47;BE;LU;Value on 3rd Wed. at 11;Export;Harmonized;M;M
Physical Energy & Power Flows;2021;8;84;84;84;BE;LU;Monthly Value;Export;Harmonized;M;M
Physical Energy & Power Flows;2021;8;0;0;0;BE;LU;Monthly Value;Import;Harmonized;M;M
Physical Energy & Power Flows;2021;8;209;209;209;BE;LU;Value on 3rd Wed. at 03;Export;Harmonized;M;M
Physical Energy & Power Flows;2021;8;101;101;101;BE;LU;Value on 3rd Wed. at 11;Export;Harmonized;M;M
Physical Energy & Power Flows;2021;9;87;87;87;BE;LU;Monthly Value;Export;Harmonized;M;M
Physical Energy & Power Flows;2021;9;3;3;3;BE;LU;Monthly Value;Import;Harmonized;M;M
Physical Energy & Power Flows;2021;9;226;226;226;BE;LU;Value on 3rd Wed. at 03;Export;Harmonized;M;M
Physical Energy & Power Flows;2021;9;237;237;237;BE;LU;Value on 3rd Wed. at 11;Export;Harmonized;M;M
Physical Energy & Power Flows;2021;10;54;54;54;BE;LU;Monthly Value;Export;Harmonized;M;M
Physical Energy & Power Flows;2021;10;7;7;7;BE;LU;Monthly Value;Import;Harmonized;M;M
Physical Energy & Power Flows;2021;10;213;213;213;BE;LU;Value on 3rd Wed. at 03;Export;Harmonized;M;M
Physical Energy & Power Flows;2021;10;56;56;56;BE;LU;Value on 3rd Wed. at 11;Export;Harmonized;M;M
Physical Energy & Power Flows;2021;11;55;55;55;BE;LU;Monthly Value;Export;Harmonized;M;M
Physical Energy & Power Flows;2021;11;11;11;11;BE;LU;Monthly Value;Import;Harmonized;M;M
Physical Energy & Power Flows;2021;11;126;126;126;BE;LU;Value on 3rd Wed. at 03;Export;Harmonized;M;M
Physical Energy & Power Flows;2021;11;243;243;243;BE;LU;Value on 3rd Wed. at 11;Export;Harmonized;M;M
Physical Energy & Power Flows;2021;12;57;57;57;BE;LU;Monthly Value;Export;Harmonized;M;M
Physical Energy & Power Flows;2021;12;10;10;10;BE;LU;Monthly Value;Import;Harmonized;M;M
Physical Energy & Power Flows;2021;12;114;114;114;BE;LU;Value on 3rd Wed. at 03;Export;Harmonized;M;M
Physical Energy & Power Flows;2021;12;27;27;27;BE;LU;Value on 3rd Wed. at 11;Import;Harmonized;M;M
Physical Energy & Power Flows;2021;1;112;112;112;BE;NL;Monthly Value;Export;Harmonized;M;M
Physical Energy & Power Flows;2021;1;1072;1072;1072;BE;NL;Monthly Value;Import;Harmonized;M;M
Physical Energy & Power Flows;2021;1;201;201;201;BE;NL;Value on 3rd Wed. at 03;Export;Harmonized;M;M
Physical Energy & Power Flows;2021;1;694;694;694;BE;NL;Value on 3rd Wed. at 11;Import;Harmonized;M;M
Physical Energy & Power Flows;2021;2;297;297;297;BE;NL;Monthly Value;Export;Harmonized;M;M
Physical Energy & Power Flows;2021;2;437;437;437;BE;NL;Monthly Value;Import;Harmonized;M;M
Physical Energy & Power Flows;2021;2;679;679;679;BE;NL;Value on 3rd Wed. at 03;Export;Harmonized;M;M
Physical Energy & Power Flows;2021;2;1098;1098;1098;BE;NL;Value on 3rd Wed. at 11;Export;Harmonized;M;M
Physical Energy & Power Flows;2021;3;190;190;190;BE;NL;Monthly Value;Export;Harmonized;M;M
Physical Energy & Power Flows;2021;3;389;389;389;BE;NL;Monthly Value;Import;Harmonized;M;M
Physical Energy & Power Flows;2021;3;712;712;712;BE;NL;Value on 3rd Wed. at 03;Export;Harmonized;M;M
Physical Energy & Power Flows;2021;3;4;4;4;BE;NL;Value on 3rd Wed. at 11;Import;Harmonized;M;M
Physical Energy & Power Flows;2021;4;90;90;90;BE;NL;Monthly Value;Export;Harmonized;M;M
Physical Energy & Power Flows;2021;4;503;503;503;BE;NL;Monthly Value;Import;Harmonized;M;M
Physical Energy & Power Flows;2021;4;638;638;638;BE;NL;Value on 3rd Wed. at 03;Import;Harmonized;M;M
Physical Energy & Power Flows;2021;4;295;295;295;BE;NL;Value on 3rd Wed. at 11;Export;Harmonized;M;M
Physical Energy & Power Flows;2021;5;569;569;569;BE;NL;Monthly Value;Export;Harmonized;M;M
Physical Energy & Power Flows;2021;5;167;167;167;BE;NL;Monthly Value;Import;Harmonized;M;M
Physical Energy & Power Flows;2021;5;430;430;430;BE;NL;Value on 3rd Wed. at 03;Export;Harmonized;M;M
Physical Energy & Power Flows;2021;5;527;527;527;BE;NL;Value on 3rd Wed. at 11;Import;Harmonized;M;M
Physical Energy & Power Flows;2021;6;552;552;552;BE;NL;Monthly Value;Export;Harmonized;M;M
Physical Energy & Power Flows;2021;6;63;63;63;BE;NL;Monthly Value;Import;Harmonized;M;M
Physical Energy & Power Flows;2021;6;295;295;295;BE;NL;Value on 3rd Wed. at 03;Export;Harmonized;M;M
Physical Energy & Power Flows;2021;6;1203;1203;1203;BE;NL;Value on 3rd Wed. at 11;Import;Harmonized;M;M
Physical Energy & Power Flows;2021;7;539;539;539;BE;NL;Monthly Value;Export;Harmonized;M;M
Physical Energy & Power Flows;2021;7;78;78;78;BE;NL;Monthly Value;Import;Harmonized;M;M
Physical Energy & Power Flows;2021;7;1011;1011;1011;BE;NL;Value on 3rd Wed. at 03;Export;Harmonized;M;M
Physical Energy & Power Flows;2021;7;388;388;388;BE;NL;Value on 3rd Wed. at 11;Import;Harmonized;M;M
Physical Energy & Power Flows;2021;8;457;457;457;BE;NL;Monthly Value;Export;Harmonized;M;M
Physical Energy & Power Flows;2021;8;103;103;103;BE;NL;Monthly Value;Import;Harmonized;M;M
Physical Energy & Power Flows;2021;8;67;67;67;BE;NL;Value on 3rd Wed. at 03;Import;Harmonized;M;M
Physical Energy & Power Flows;2021;8;633;633;633;BE;NL;Value on 3rd Wed. at 11;Import;Harmonized;M;M
Physical Energy & Power Flows;2021;9;48;48;48;BE;NL;Monthly Value;Export;Harmonized;M;M
Physical Energy & Power Flows;2021;9;469;469;469;BE;NL;Monthly Value;Import;Harmonized;M;M
Physical Energy & Power Flows;2021;9;531;531;531;BE;NL;Value on 3rd Wed. at 03;Import;Harmonized;M;M
Physical Energy & Power Flows;2021;9;618;618;618;BE;NL;Value on 3rd Wed. at 11;Import;Harmonized;M;M
Physical Energy & Power Flows;2021;10;155;155;155;BE;NL;Monthly Value;Export;Harmonized;M;M
Physical Energy & Power Flows;2021;10;524;524;524;BE;NL;Monthly Value;Import;Harmonized;M;M
Physical Energy & Power Flows;2021;10;2109;2109;2109;BE;NL;Value on 3rd Wed. at 03;Export;Harmonized;M;M
Physical Energy & Power Flows;2021;10;879;879;879;BE;NL;Value on 3rd Wed. at 11;Export;Harmonized;M;M
Physical Energy & Power Flows;2021;11;57;57;57;BE;NL;Monthly Value;Export;Harmonized;M;M
Physical Energy & Power Flows;2021;11;765;765;765;BE;NL;Monthly Value;Import;Harmonized;M;M
Physical Energy & Power Flows;2021;11;1629;1629;1629;BE;NL;Value on 3rd Wed. at 03;Import;Harmonized;M;M
Physical Energy & Power Flows;2021;11;628;628;628;BE;NL;Value on 3rd Wed. at 11;Import;Harmonized;M;M
Physical Energy & Power Flows;2021;12;143;143;143;BE;NL;Monthly Value;Export;Harmonized;M;M
Physical Energy & Power Flows;2021;12;722;722;722;BE;NL;Monthly Value;Import;Harmonized;M;M
Physical Energy & Power Flows;2021;12;611;611;611;BE;NL;Value on 3rd Wed. at 03;Import;Harmonized;M;M
Physical Energy & Power Flows;2021;12;2277;2277;2277;BE;NL;Value on 3rd Wed. at 11;Import;Harmonized;M;M
Physical Energy & Power Flows;2021;1;63;63;63;BG;GR;Monthly Value;Export;Harmonized;M;M
Physical Energy & Power Flows;2021;1;14;14;14;BG;GR;Monthly Value;Import;Harmonized;M;M
Physical Energy & Power Flows;2021;1;70;70;70;BG;GR;Value on 3rd Wed. at 03;Export;Harmonized;M;M
Physical Energy & Power Flows;2021;1;10;10;10;BG;GR;Value on 3rd Wed. at 11;Import;Harmonized;M;M
Physical Energy & Power Flows;2021;2;122;122;122;BG;GR;Monthly Value;Export;Harmonized;M;M
Physical Energy & Power Flows;2021;2;2;2;2;BG;GR;Monthly Value;Import;Harmonized;M;M
Physical Energy & Power Flows;2021;2;233;233;233;BG;GR;Value on 3rd Wed. at 03;Export;Harmonized;M;M
Physical Energy & Power Flows;2021;2;187;187;187;BG;GR;Value on 3rd Wed. at 11;Export;Harmonized;M;M
Physical Energy & Power Flows;2021;3;202;202;202;BG;GR;Monthly Value;Export;Harmonized;M;M
Physical Energy & Power Flows;2021;3;1;1;1;BG;GR;Monthly Value;Import;Harmonized;M;M
Physical Energy & Power Flows;2021;3;355;355;355;BG;GR;Value on 3rd Wed. at 03;Export;Harmonized;M;M
Physical Energy & Power Flows;2021;3;209;209;209;BG;GR;Value on 3rd Wed. at 11;Export;Harmonized;M;M
Physical Energy & Power Flows;2021;4;145;145;145;BG;GR;Monthly Value;Export;Harmonized;M;M
Physical Energy & Power Flows;2021;4;6;6;6;BG;GR;Monthly Value;Import;Harmonized;M;M
Physical Energy & Power Flows;2021;4;185;185;185;BG;GR;Value on 3rd Wed. at 03;Export;Harmonized;M;M
Physical Energy & Power Flows;2021;4;117;117;117;BG;GR;Value on 3rd Wed. at 11;Import;Harmonized;M;M
Physical Energy & Power Flows;2021;5;150;150;150;BG;GR;Monthly Value;Export;Harmonized;M;M
Physical Energy & Power Flows;2021;5;0;0;0;BG;GR;Monthly Value;Import;Harmonized;M;M
Physical Energy & Power Flows;2021;5;227;227;227;BG;GR;Value on 3rd Wed. at 03;Export;Harmonized;M;M
Physical Energy & Power Flows;2021;5;0;0;0;BG;GR;Value on 3rd Wed. at 11;Import;Harmonized;M;M
Physical Energy & Power Flows;2021;6;220;220;220;BG;GR;Monthly Value;Export;Harmonized;M;M
Physical Energy & Power Flows;2021;6;0;0;0;BG;GR;Monthly Value;Import;Harmonized;M;M
Physical Energy & Power Flows;2021;6;282;282;282;BG;GR;Value on 3rd Wed. at 03;Export;Harmonized;M;M
Physical Energy & Power Flows;2021;6;145;145;145;BG;GR;Value on 3rd Wed. at 11;Export;Harmonized;M;M
Physical Energy & Power Flows;2021;7;241;241;241;BG;GR;Monthly Value;Export;Harmonized;M;M
Physical Energy & Power Flows;2021;7;426;426;426;BG;GR;Value on 3rd Wed. at 03;Export;Harmonized;M;M
Physical Energy & Power Flows;2021;7;360;360;360;BG;GR;Value on 3rd Wed. at 11;Export;Harmonized;M;M
Physical Energy & Power Flows;2021;8;212;212;212;BG;GR;Monthly Value;Export;Harmonized;M;M
Physical Energy & Power Flows;2021;8;0;0;0;BG;GR;Monthly Value;Import;Harmonized;M;M
Physical Energy & Power Flows;2021;8;367;367;367;BG;GR;Value on 3rd Wed. at 03;Export;Harmonized;M;M
Physical Energy & Power Flows;2021;8;355;355;355;BG;GR;Value on 3rd Wed. at 11;Export;Harmonized;M;M
Physical Energy & Power Flows;2021;9;194;194;194;BG;GR;Monthly Value;Export;Harmonized;M;M
Physical Energy & Power Flows;2021;9;1;1;1;BG;GR;Monthly Value;Import;Harmonized;M;M
Physical Energy & Power Flows;2021;9;336;336;336;BG;GR;Value on 3rd Wed. at 03;Export;Harmonized;M;M
Physical Energy & Power Flows;2021;9;39;39;39;BG;GR;Value on 3rd Wed. at 11;Export;Harmonized;M;M
Physical Energy & Power Flows;2021;10;118;118;118;BG;GR;Monthly Value;Export;Harmonized;M;M
Physical Energy & Power Flows;2021;10;15;15;15;BG;GR;Monthly Value;Import;Harmonized;M;M
Physical Energy & Power Flows;2021;10;407;407;407;BG;GR;Value on 3rd Wed. at 03;Export;Harmonized;M;M
Physical Energy & Power Flows;2021;10;283;283;283;BG;GR;Value on 3rd Wed. at 11;Export;Harmonized;M;M
Physical Energy & Power Flows;2021;11;175;175;175;BG;GR;Monthly Value;Export;Harmonized;M;M
Physical Energy & Power Flows;2021;11;3;3;3;BG;GR;Monthly Value;Import;Harmonized;M;M
Physical Energy & Power Flows;2021;11;357;357;357;BG;GR;Value on 3rd Wed. at 03;Export;Harmonized;M;M
Physical Energy & Power Flows;2021;11;25;25;25;BG;GR;Value on 3rd Wed. at 11;Export;Harmonized;M;M
Physical Energy & Power Flows;2021;12;117;117;117;BG;GR;Monthly Value;Export;Harmonized;M;M
Physical Energy & Power Flows;2021;12;22;22;22;BG;GR;Monthly Value;Import;Harmonized;M;M
Physical Energy & Power Flows;2021;12;149;149;149;BG;GR;Value on 3rd Wed. at 03;Export;Harmonized;M;M
Physical Energy & Power Flows;2021;12;152;152;152;BG;GR;Value on 3rd Wed. at 11;Import;Harmonized;M;M
Physical Energy & Power Flows;2021;1;112;112;112;BG;MK;Monthly Value;Export;Harmonized;M;M
Physical Energy & Power Flows;2021;1;1;1;1;BG;MK;Monthly Value;Import;Harmonized;M;M
Physical Energy & Power Flows;2021;1;66;66;66;BG;MK;Value on 3rd Wed. at 03;Export;Harmonized;M;M
Physical Energy & Power Flows;2021;1;87;87;87;BG;MK;Value on 3rd Wed. at 11;Export;Harmonized;M;M
Physical Energy & Power Flows;2021;2;122;122;122;BG;MK;Monthly Value;Export;Harmonized;M;M
Physical Energy & Power Flows;2021;2;0;0;0;BG;MK;Monthly Value;Import;Harmonized;M;M
Physical Energy & Power Flows;2021;2;174;174;174;BG;MK;Value on 3rd Wed. at 03;Export;Harmonized;M;M
Physical Energy & Power Flows;2021;2;236;236;236;BG;MK;Value on 3rd Wed. at 11;Export;Harmonized;M;M
Physical Energy & Power Flows;2021;3;219;219;219;BG;MK;Monthly Value;Export;Harmonized;M;M
Physical Energy & Power Flows;2021;3;332;332;332;BG;MK;Value on 3rd Wed. at 03;Export;Harmonized;M;M
Physical Energy & Power Flows;2021;3;270;270;270;BG;MK;Value on 3rd Wed. at 11;Export;Harmonized;M;M
Physical Energy & Power Flows;2021;4;195;195;195;BG;MK;Monthly Value;Export;Harmonized;M;M
Physical Energy & Power Flows;2021;4;0;0;0;BG;MK;Monthly Value;Import;Harmonized;M;M
Physical Energy & Power Flows;2021;4;186;186;186;BG;MK;Value on 3rd Wed. at 03;Export;Harmonized;M;M
Physical Energy & Power Flows;2021;4;46;46;46;BG;MK;Value on 3rd Wed. at 11;Export;Harmonized;M;M
Physical Energy & Power Flows;2021;5;174;174;174;BG;MK;Monthly Value;Export;Harmonized;M;M
Physical Energy & Power Flows;2021;5;0;0;0;BG;MK;Monthly Value;Import;Harmonized;M;M
Physical Energy & Power Flows;2021;5;260;260;260;BG;MK;Value on 3rd Wed. at 03;Export;Harmonized;M;M
Physical Energy & Power Flows;2021;5;215;215;215;BG;MK;Value on 3rd Wed. at 11;Export;Harmonized;M;M
Physical Energy & Power Flows;2021;6;206;206;206;BG;MK;Monthly Value;Export;Harmonized;M;M
Physical Energy & Power Flows;2021;6;0;0;0;BG;MK;Monthly Value;Import;Harmonized;M;M
Physical Energy & Power Flows;2021;6;339;339;339;BG;MK;Value on 3rd Wed. at 03;Export;Harmonized;M;M
Physical Energy & Power Flows;2021;6;208;208;208;BG;MK;Value on 3rd Wed. at 11;Export;Harmonized;M;M
Physical Energy & Power Flows;2021;7;229;229;229;BG;MK;Monthly Value;Export;Harmonized;M;M
Physical Energy & Power Flows;2021;7;401;401;401;BG;MK;Value on 3rd Wed. at 03;Export;Harmonized;M;M
Physical Energy & Power Flows;2021;7;334;334;334;BG;MK;Value on 3rd Wed. at 11;Export;Harmonized;M;M
Physical Energy & Power Flows;2021;8;223;223;223;BG;MK;Monthly Value;Export;Harmonized;M;M
Physical Energy & Power Flows;2021;8;336;336;336;BG;MK;Value on 3rd Wed. at 03;Export;Harmonized;M;M
Physical Energy & Power Flows;2021;8;377;377;377;BG;MK;Value on 3rd Wed. at 11;Export;Harmonized;M;M
Physical Energy & Power Flows;2021;9;262;262;262;BG;MK;Monthly Value;Export;Harmonized;M;M
Physical Energy & Power Flows;2021;9;416;416;416;BG;MK;Value on 3rd Wed. at 03;Export;Harmonized;M;M
Physical Energy & Power Flows;2021;9;278;278;278;BG;MK;Value on 3rd Wed. at 11;Export;Harmonized;M;M
Physical Energy & Power Flows;2021;10;174;174;174;BG;MK;Monthly Value;Export;Harmonized;M;M
Physical Energy & Power Flows;2021;10;0;0;0;BG;MK;Monthly Value;Import;Harmonized;M;M
Physical Energy & Power Flows;2021;10;0;0;0;BG;MK;Value on 3rd Wed. at 03;Import;Harmonized;M;M
Physical Energy & Power Flows;2021;10;0;0;0;BG;MK;Value on 3rd Wed. at 11;Import;Harmonized;M;M
Physical Energy & Power Flows;2021;11;262;262;262;BG;MK;Monthly Value;Export;Harmonized;M;M
Physical Energy & Power Flows;2021;11;410;410;410;BG;MK;Value on 3rd Wed. at 03;Export;Harmonized;M;M
Physical Energy & Power Flows;2021;11;177;177;177;BG;MK;Value on 3rd Wed. at 11;Export;Harmonized;M;M
Physical Energy & Power Flows;2021;12;226;226;226;BG;MK;Monthly Value;Export;Harmonized;M;M
Physical Energy & Power Flows;2021;12;0;0;0;BG;MK;Monthly Value;Import;Harmonized;M;M
Physical Energy & Power Flows;2021;12;372;372;372;BG;MK;Value on 3rd Wed. at 03;Export;Harmonized;M;M
Physical Energy & Power Flows;2021;12;207;207;207;BG;MK;Value on 3rd Wed. at 11;Export;Harmonized;M;M
Physical Energy & Power Flows;2021;1;96;96;96;BG;RO;Monthly Value;Export;Harmonized;M;M
Physical Energy & Power Flows;2021;1;121;121;121;BG;RO;Monthly Value;Import;Harmonized;M;M
Physical Energy & Power Flows;2021;1;387;387;387;BG;RO;Value on 3rd Wed. at 03;Import;Harmonized;M;M
Physical Energy & Power Flows;2021;1;171;171;171;BG;RO;Value on 3rd Wed. at 11;Export;Harmonized;M;M
Physical Energy & Power Flows;2021;2;81;81;81;BG;RO;Monthly Value;Export;Harmonized;M;M
Physical Energy & Power Flows;2021;2;114;114;114;BG;RO;Monthly Value;Import;Harmonized;M;M
Physical Energy & Power Flows;2021;2;388;388;388;BG;RO;Value on 3rd Wed. at 03;Import;Harmonized;M;M
Physical Energy & Power Flows;2021;2;51;51;51;BG;RO;Value on 3rd Wed. at 11;Import;Harmonized;M;M
Physical Energy & Power Flows;2021;3;65;65;65;BG;RO;Monthly Value;Export;Harmonized;M;M
Physical Energy & Power Flows;2021;3;134;134;134;BG;RO;Monthly Value;Import;Harmonized;M;M
Physical Energy & Power Flows;2021;3;525;525;525;BG;RO;Value on 3rd Wed. at 03;Import;Harmonized;M;M
Physical Energy & Power Flows;2021;3;5;5;5;BG;RO;Value on 3rd Wed. at 11;Export;Harmonized;M;M
Physical Energy & Power Flows;2021;4;112;112;112;BG;RO;Monthly Value;Export;Harmonized;M;M
Physical Energy & Power Flows;2021;4;63;63;63;BG;RO;Monthly Value;Import;Harmonized;M;M
Physical Energy & Power Flows;2021;4;180;180;180;BG;RO;Value on 3rd Wed. at 03;Import;Harmonized;M;M
Physical Energy & Power Flows;2021;4;365;365;365;BG;RO;Value on 3rd Wed. at 11;Export;Harmonized;M;M
Physical Energy & Power Flows;2021;5;91;91;91;BG;RO;Monthly Value;Export;Harmonized;M;M
Physical Energy & Power Flows;2021;5;123;123;123;BG;RO;Monthly Value;Import;Harmonized;M;M
Physical Energy & Power Flows;2021;5;694;694;694;BG;RO;Value on 3rd Wed. at 03;Import;Harmonized;M;M
Physical Energy & Power Flows;2021;5;27;27;27;BG;RO;Value on 3rd Wed. at 11;Export;Harmonized;M;M
Physical Energy & Power Flows;2021;6;21;21;21;BG;RO;Monthly Value;Export;Harmonized;M;M
Physical Energy & Power Flows;2021;6;201;201;201;BG;RO;Monthly Value;Import;Harmonized;M;M
Physical Energy & Power Flows;2021;6;225;225;225;BG;RO;Value on 3rd Wed. at 03;Import;Harmonized;M;M
Physical Energy & Power Flows;2021;6;134;134;134;BG;RO;Value on 3rd Wed. at 11;Export;Harmonized;M;M
Physical Energy & Power Flows;2021;7;74;74;74;BG;RO;Monthly Value;Export;Harmonized;M;M
Physical Energy & Power Flows;2021;7;69;69;69;BG;RO;Monthly Value;Import;Harmonized;M;M
Physical Energy & Power Flows;2021;7;375;375;375;BG;RO;Value on 3rd Wed. at 03;Import;Harmonized;M;M
Physical Energy & Power Flows;2021;7;326;326;326;BG;RO;Value on 3rd Wed. at 11;Import;Harmonized;M;M
Physical Energy & Power Flows;2021;8;122;122;122;BG;RO;Monthly Value;Export;Harmonized;M;M
Physical Energy & Power Flows;2021;8;53;53;53;BG;RO;Monthly Value;Import;Harmonized;M;M
Physical Energy & Power Flows;2021;8;23;23;23;BG;RO;Value on 3rd Wed. at 03;Export;Harmonized;M;M
Physical Energy & Power Flows;2021;8;25;25;25;BG;RO;Value on 3rd Wed. at 11;Import;Harmonized;M;M
Physical Energy & Power Flows;2021;9;329;329;329;BG;RO;Monthly Value;Export;Harmonized;M;M
Physical Energy & Power Flows;2021;9;7;7;7;BG;RO;Monthly Value;Import;Harmonized;M;M
Physical Energy & Power Flows;2021;9;412;412;412;BG;RO;Value on 3rd Wed. at 03;Export;Harmonized;M;M
Physical Energy & Power Flows;2021;9;973;973;973;BG;RO;Value on 3rd Wed. at 11;Export;Harmonized;M;M
Physical Energy & Power Flows;2021;10;185;185;185;BG;RO;Monthly Value;Export;Harmonized;M;M
Physical Energy & Power Flows;2021;10;46;46;46;BG;RO;Monthly Value;Import;Harmonized;M;M
Physical Energy & Power Flows;2021;10;60;60;60;BG;RO;Value on 3rd Wed. at 03;Export;Harmonized;M;M
Physical Energy & Power Flows;2021;10;182;182;182;BG;RO;Value on 3rd Wed. at 11;Export;Harmonized;M;M
Physical Energy & Power Flows;2021;11;295;295;295;BG;RO;Monthly Value;Export;Harmonized;M;M
Physical Energy & Power Flows;2021;11;9;9;9;BG;RO;Monthly Value;Import;Harmonized;M;M
Physical Energy & Power Flows;2021;11;306;306;306;BG;RO;Value on 3rd Wed. at 03;Export;Harmonized;M;M
Physical Energy & Power Flows;2021;11;680;680;680;BG;RO;Value on 3rd Wed. at 11;Export;Harmonized;M;M
Physical Energy & Power Flows;2021;12;346;346;346;BG;RO;Monthly Value;Export;Harmonized;M;M
Physical Energy & Power Flows;2021;12;29;29;29;BG;RO;Monthly Value;Import;Harmonized;M;M
Physical Energy & Power Flows;2021;12;135;135;135;BG;RO;Value on 3rd Wed. at 03;Export;Harmonized;M;M
Physical Energy & Power Flows;2021;12;547;547;547;BG;RO;Value on 3rd Wed. at 11;Export;Harmonized;M;M
Physical Energy & Power Flows;2021;1;125;125;125;BG;RS;Monthly Value;Export;Harmonized;M;M
Physical Energy & Power Flows;2021;1;3;3;3;BG;RS;Monthly Value;Import;Harmonized;M;M
Physical Energy & Power Flows;2021;1;18;18;18;BG;RS;Value on 3rd Wed. at 03;Import;Harmonized;M;M
Physical Energy & Power Flows;2021;1;49;49;49;BG;RS;Value on 3rd Wed. at 11;Export;Harmonized;M;M
Physical Energy & Power Flows;2021;2;73;73;73;BG;RS;Monthly Value;Export;Harmonized;M;M
Physical Energy & Power Flows;2021;2;14;14;14;BG;RS;Monthly Value;Import;Harmonized;M;M
Physical Energy & Power Flows;2021;2;88;88;88;BG;RS;Value on 3rd Wed. at 03;Import;Harmonized;M;M
Physical Energy & Power Flows;2021;2;144;144;144;BG;RS;Value on 3rd Wed. at 11;Export;Harmonized;M;M
Physical Energy & Power Flows;2021;3;177;177;177;BG;RS;Monthly Value;Export;Harmonized;M;M
Physical Energy & Power Flows;2021;3;0;0;0;BG;RS;Monthly Value;Import;Harmonized;M;M
Physical Energy & Power Flows;2021;3;288;288;288;BG;RS;Value on 3rd Wed. at 03;Export;Harmonized;M;M
Physical Energy & Power Flows;2021;3;250;250;250;BG;RS;Value on 3rd Wed. at 11;Export;Harmonized;M;M
Physical Energy & Power Flows;2021;4;213;213;213;BG;RS;Monthly Value;Export;Harmonized;M;M
Physical Energy & Power Flows;2021;4;0;0;0;BG;RS;Monthly Value;Import;Harmonized;M;M
Physical Energy & Power Flows;2021;4;54;54;54;BG;RS;Value on 3rd Wed. at 03;Export;Harmonized;M;M
Physical Energy & Power Flows;2021;4;191;191;191;BG;RS;Value on 3rd Wed. at 11;Export;Harmonized;M;M
Physical Energy & Power Flows;2021;5;139;139;139;BG;RS;Monthly Value;Export;Harmonized;M;M
Physical Energy & Power Flows;2021;5;10;10;10;BG;RS;Monthly Value;Import;Harmonized;M;M
Physical Energy & Power Flows;2021;5;218;218;218;BG;RS;Value on 3rd Wed. at 03;Export;Harmonized;M;M
Physical Energy & Power Flows;2021;5;277;277;277;BG;RS;Value on 3rd Wed. at 11;Export;Harmonized;M;M
Physical Energy & Power Flows;2021;6;164;164;164;BG;RS;Monthly Value;Export;Harmonized;M;M
Physical Energy & Power Flows;2021;6;1;1;1;BG;RS;Monthly Value;Import;Harmonized;M;M
Physical Energy & Power Flows;2021;6;453;453;453;BG;RS;Value on 3rd Wed. at 03;Export;Harmonized;M;M
Physical Energy & Power Flows;2021;6;247;247;247;BG;RS;Value on 3rd Wed. at 11;Export;Harmonized;M;M
Physical Energy & Power Flows;2021;7;227;227;227;BG;RS;Monthly Value;Export;Harmonized;M;M
Physical Energy & Power Flows;2021;7;453;453;453;BG;RS;Value on 3rd Wed. at 03;Export;Harmonized;M;M
Physical Energy & Power Flows;2021;7;271;271;271;BG;RS;Value on 3rd Wed. at 11;Export;Harmonized;M;M
Physical Energy & Power Flows;2021;8;252;252;252;BG;RS;Monthly Value;Export;Harmonized;M;M
Physical Energy & Power Flows;2021;8;0;0;0;BG;RS;Monthly Value;Import;Harmonized;M;M
Physical Energy & Power Flows;2021;8;298;298;298;BG;RS;Value on 3rd Wed. at 03;Export;Harmonized;M;M
Physical Energy & Power Flows;2021;8;440;440;440;BG;RS;Value on 3rd Wed. at 11;Export;Harmonized;M;M
Physical Energy & Power Flows;2021;9;366;366;366;BG;RS;Monthly Value;Export;Harmonized;M;M
Physical Energy & Power Flows;2021;9;0;0;0;BG;RS;Monthly Value;Import;Harmonized;M;M
Physical Energy & Power Flows;2021;9;607;607;607;BG;RS;Value on 3rd Wed. at 03;Export;Harmonized;M;M
Physical Energy & Power Flows;2021;9;595;595;595;BG;RS;Value on 3rd Wed. at 11;Export;Harmonized;M;M
Physical Energy & Power Flows;2021;10;261;261;261;BG;RS;Monthly Value;Export;Harmonized;M;M
Physical Energy & Power Flows;2021;10;0;0;0;BG;RS;Monthly Value;Import;Harmonized;M;M
Physical Energy & Power Flows;2021;10;465;465;465;BG;RS;Value on 3rd Wed. at 03;Export;Harmonized;M;M
Physical Energy & Power Flows;2021;10;536;536;536;BG;RS;Value on 3rd Wed. at 11;Export;Harmonized;M;M
Physical Energy & Power Flows;2021;11;317;317;317;BG;RS;Monthly Value;Export;Harmonized;M;M
Physical Energy & Power Flows;2021;11;421;421;421;BG;RS;Value on 3rd Wed. at 03;Export;Harmonized;M;M
Physical Energy & Power Flows;2021;11;135;135;135;BG;RS;Value on 3rd Wed. at 11;Export;Harmonized;M;M
Physical Energy & Power Flows;2021;12;374;374;374;BG;RS;Monthly Value;Export;Harmonized;M;M
Physical Energy & Power Flows;2021;12;0;0;0;BG;RS;Monthly Value;Import;Harmonized;M;M
Physical Energy & Power Flows;2021;12;734;734;734;BG;RS;Value on 3rd Wed. at 03;Export;Harmonized;M;M
Physical Energy & Power Flows;2021;12;671;671;671;BG;RS;Value on 3rd Wed. at 11;Export;Harmonized;M;M
Physical Energy & Power Flows;2021;1;39;39;39;BG;TR;Monthly Value;Export;Harmonized;M;M
Physical Energy & Power Flows;2021;1;31;31;31;BG;TR;Monthly Value;Import;Harmonized;M;M
Physical Energy & Power Flows;2021;1;53;53;53;BG;TR;Value on 3rd Wed. at 03;Export;Harmonized;M;M
Physical Energy & Power Flows;2021;1;33;33;33;BG;TR;Value on 3rd Wed. at 11;Import;Harmonized;M;M
Physical Energy & Power Flows;2021;2;71;71;71;BG;TR;Monthly Value;Export;Harmonized;M;M
Physical Energy & Power Flows;2021;2;13;13;13;BG;TR;Monthly Value;Import;Harmonized;M;M
Physical Energy & Power Flows;2021;2;146;146;146;BG;TR;Value on 3rd Wed. at 03;Export;Harmonized;M;M
Physical Energy & Power Flows;2021;2;130;130;130;BG;TR;Value on 3rd Wed. at 11;Export;Harmonized;M;M
Physical Energy & Power Flows;2021;3;80;80;80;BG;TR;Monthly Value;Export;Harmonized;M;M
Physical Energy & Power Flows;2021;3;19;19;19;BG;TR;Monthly Value;Import;Harmonized;M;M
Physical Energy & Power Flows;2021;3;231;231;231;BG;TR;Value on 3rd Wed. at 03;Export;Harmonized;M;M
Physical Energy & Power Flows;2021;3;126;126;126;BG;TR;Value on 3rd Wed. at 11;Export;Harmonized;M;M
Physical Energy & Power Flows;2021;4;85;85;85;BG;TR;Monthly Value;Export;Harmonized;M;M
Physical Energy & Power Flows;2021;4;11;11;11;BG;TR;Monthly Value;Import;Harmonized;M;M
Physical Energy & Power Flows;2021;4;238;238;238;BG;TR;Value on 3rd Wed. at 03;Export;Harmonized;M;M
Physical Energy & Power Flows;2021;4;17;17;17;BG;TR;Value on 3rd Wed. at 11;Import;Harmonized;M;M
Physical Energy & Power Flows;2021;5;142;142;142;BG;TR;Monthly Value;Export;Harmonized;M;M
Physical Energy & Power Flows;2021;5;1;1;1;BG;TR;Monthly Value;Import;Harmonized;M;M
Physical Energy & Power Flows;2021;5;232;232;232;BG;TR;Value on 3rd Wed. at 03;Export;Harmonized;M;M
Physical Energy & Power Flows;2021;5;56;56;56;BG;TR;Value on 3rd Wed. at 11;Export;Harmonized;M;M
Physical Energy & Power Flows;2021;6;50;50;50;BG;TR;Monthly Value;Export;Harmonized;M;M
Physical Energy & Power Flows;2021;6;25;25;25;BG;TR;Monthly Value;Import;Harmonized;M;M
Physical Energy & Power Flows;2021;6;26;26;26;BG;TR;Value on 3rd Wed. at 03;Import;Harmonized;M;M
Physical Energy & Power Flows;2021;6;178;178;178;BG;TR;Value on 3rd Wed. at 11;Import;Harmonized;M;M
Physical Energy & Power Flows;2021;7;34;34;34;BG;TR;Monthly Value;Export;Harmonized;M;M
Physical Energy & Power Flows;2021;7;23;23;23;BG;TR;Monthly Value;Import;Harmonized;M;M
Physical Energy & Power Flows;2021;7;105;105;105;BG;TR;Value on 3rd Wed. at 03;Export;Harmonized;M;M
Physical Energy & Power Flows;2021;7;47;47;47;BG;TR;Value on 3rd Wed. at 11;Export;Harmonized;M;M
Physical Energy & Power Flows;2021;8;67;67;67;BG;TR;Monthly Value;Export;Harmonized;M;M
Physical Energy & Power Flows;2021;8;9;9;9;BG;TR;Monthly Value;Import;Harmonized;M;M
Physical Energy & Power Flows;2021;8;61;61;61;BG;TR;Value on 3rd Wed. at 03;Export;Harmonized;M;M
Physical Energy & Power Flows;2021;8;199;199;199;BG;TR;Value on 3rd Wed. at 11;Export;Harmonized;M;M
Physical Energy & Power Flows;2021;9;86;86;86;BG;TR;Monthly Value;Export;Harmonized;M;M
Physical Energy & Power Flows;2021;9;9;9;9;BG;TR;Monthly Value;Import;Harmonized;M;M
Physical Energy & Power Flows;2021;9;120;120;120;BG;TR;Value on 3rd Wed. at 03;Export;Harmonized;M;M
Physical Energy & Power Flows;2021;9;2;2;2;BG;TR;Value on 3rd Wed. at 11;Export;Harmonized;M;M
Physical Energy & Power Flows;2021;10;93;93;93;BG;TR;Monthly Value;Export;Harmonized;M;M
Physical Energy & Power Flows;2021;10;21;21;21;BG;TR;Monthly Value;Import;Harmonized;M;M
Physical Energy & Power Flows;2021;10;101;101;101;BG;TR;Value on 3rd Wed. at 03;Export;Harmonized;M;M
Physical Energy & Power Flows;2021;10;120;120;120;BG;TR;Value on 3rd Wed. at 11;Export;Harmonized;M;M
Physical Energy & Power Flows;2021;11;98;98;98;BG;TR;Monthly Value;Export;Harmonized;M;M
Physical Energy & Power Flows;2021;11;32;32;32;BG;TR;Monthly Value;Import;Harmonized;M;M
Physical Energy & Power Flows;2021;11;245;245;245;BG;TR;Value on 3rd Wed. at 03;Export;Harmonized;M;M
Physical Energy & Power Flows;2021;11;80;80;80;BG;TR;Value on 3rd Wed. at 11;Import;Harmonized;M;M
Physical Energy & Power Flows;2021;12;164;164;164;BG;TR;Monthly Value;Export;Harmonized;M;M
Physical Energy & Power Flows;2021;12;7;7;7;BG;TR;Monthly Value;Import;Harmonized;M;M
Physical Energy & Power Flows;2021;12;208;208;208;BG;TR;Value on 3rd Wed. at 03;Export;Harmonized;M;M
Physical Energy & Power Flows;2021;12;31;31;31;BG;TR;Value on 3rd Wed. at 11;Export;Harmonized;M;M
Physical Energy & Power Flows;2021;1;357;357;357;BY;LT;Monthly Value;Export;Harmonized;NaM;M
Physical Energy & Power Flows;2021;1;3;3;3;BY;LT;Monthly Value;Import;Harmonized;NaM;M
Physical Energy & Power Flows;2021;1;750;750;750;BY;LT;Value on 3rd Wed. at 03;Export;Harmonized;NaM;M
Physical Energy & Power Flows;2021;1;277;277;277;BY;LT;Value on 3rd Wed. at 11;Export;Harmonized;NaM;M
Physical Energy & Power Flows;2021;2;252;252;252;BY;LT;Monthly Value;Export;Harmonized;NaM;M
Physical Energy & Power Flows;2021;2;5;5;5;BY;LT;Monthly Value;Import;Harmonized;NaM;M
Physical Energy & Power Flows;2021;2;478;478;478;BY;LT;Value on 3rd Wed. at 03;Export;Harmonized;NaM;M
Physical Energy & Power Flows;2021;2;357;357;357;BY;LT;Value on 3rd Wed. at 11;Export;Harmonized;NaM;M
Physical Energy & Power Flows;2021;3;260;260;260;BY;LT;Monthly Value;Export;Harmonized;NaM;M
Physical Energy & Power Flows;2021;3;2;2;2;BY;LT;Monthly Value;Import;Harmonized;NaM;M
Physical Energy & Power Flows;2021;3;663;663;663;BY;LT;Value on 3rd Wed. at 03;Export;Harmonized;NaM;M
Physical Energy & Power Flows;2021;3;221;221;221;BY;LT;Value on 3rd Wed. at 11;Export;Harmonized;NaM;M
Physical Energy & Power Flows;2021;4;264;264;264;BY;LT;Monthly Value;Export;Harmonized;NaM;M
Physical Energy & Power Flows;2021;4;1;1;1;BY;LT;Monthly Value;Import;Harmonized;NaM;M
Physical Energy & Power Flows;2021;4;561;561;561;BY;LT;Value on 3rd Wed. at 03;Export;Harmonized;NaM;M
Physical Energy & Power Flows;2021;4;320;320;320;BY;LT;Value on 3rd Wed. at 11;Export;Harmonized;NaM;M
Physical Energy & Power Flows;2021;5;323;323;323;BY;LT;Monthly Value;Export;Harmonized;NaM;M
Physical Energy & Power Flows;2021;5;0;0;0;BY;LT;Monthly Value;Import;Harmonized;NaM;M
Physical Energy & Power Flows;2021;5;628;628;628;BY;LT;Value on 3rd Wed. at 03;Export;Harmonized;NaM;M
Physical Energy & Power Flows;2021;5;244;244;244;BY;LT;Value on 3rd Wed. at 11;Export;Harmonized;NaM;M
Physical Energy & Power Flows;2021;6;293;293;293;BY;LT;Monthly Value;Export;Harmonized;NaM;M
Physical Energy & Power Flows;2021;6;0;0;0;BY;LT;Monthly Value;Import;Harmonized;NaM;M
Physical Energy & Power Flows;2021;6;639;639;639;BY;LT;Value on 3rd Wed. at 03;Export;Harmonized;NaM;M
Physical Energy & Power Flows;2021;6;208;208;208;BY;LT;Value on 3rd Wed. at 11;Export;Harmonized;NaM;M
Physical Energy & Power Flows;2021;7;166;166;166;BY;LT;Monthly Value;Export;Harmonized;NaM;M
Physical Energy & Power Flows;2021;7;21;21;21;BY;LT;Monthly Value;Import;Harmonized;NaM;M
Physical Energy & Power Flows;2021;7;304;304;304;BY;LT;Value on 3rd Wed. at 03;Export;Harmonized;NaM;M
Physical Energy & Power Flows;2021;7;29;29;29;BY;LT;Value on 3rd Wed. at 11;Export;Harmonized;NaM;M
Physical Energy & Power Flows;2021;8;171;171;171;BY;LT;Monthly Value;Export;Harmonized;NaM;M
Physical Energy & Power Flows;2021;8;8;8;8;BY;LT;Monthly Value;Import;Harmonized;NaM;M
Physical Energy & Power Flows;2021;8;417;417;417;BY;LT;Value on 3rd Wed. at 03;Export;Harmonized;NaM;M
Physical Energy & Power Flows;2021;8;14;14;14;BY;LT;Value on 3rd Wed. at 11;Import;Harmonized;NaM;M
Physical Energy & Power Flows;2021;9;179;179;179;BY;LT;Monthly Value;Export;Harmonized;NaM;M
Physical Energy & Power Flows;2021;9;5;5;5;BY;LT;Monthly Value;Import;Harmonized;NaM;M
Physical Energy & Power Flows;2021;9;167;167;167;BY;LT;Value on 3rd Wed. at 03;Export;Harmonized;NaM;M
Physical Energy & Power Flows;2021;9;126;126;126;BY;LT;Value on 3rd Wed. at 11;Export;Harmonized;NaM;M
Physical Energy & Power Flows;2021;10;291;291;291;BY;LT;Monthly Value;Export;Harmonized;NaM;M
Physical Energy & Power Flows;2021;10;2;2;2;BY;LT;Monthly Value;Import;Harmonized;NaM;M
Physical Energy & Power Flows;2021;10;594;594;594;BY;LT;Value on 3rd Wed. at 03;Export;Harmonized;NaM;M
Physical Energy & Power Flows;2021;10;404;404;404;BY;LT;Value on 3rd Wed. at 11;Export;Harmonized;NaM;M
Physical Energy & Power Flows;2021;11;389;389;389;BY;LT;Monthly Value;Export;Harmonized;NaM;M
Physical Energy & Power Flows;2021;11;0;0;0;BY;LT;Monthly Value;Import;Harmonized;NaM;M
Physical Energy & Power Flows;2021;11;747;747;747;BY;LT;Value on 3rd Wed. at 03;Export;Harmonized;NaM;M
Physical Energy & Power Flows;2021;11;566;566;566;BY;LT;Value on 3rd Wed. at 11;Export;Harmonized;NaM;M
Physical Energy & Power Flows;2021;12;400;400;400;BY;LT;Monthly Value;Export;Harmonized;NaM;M
Physical Energy & Power Flows;2021;12;725;725;725;BY;LT;Value on 3rd Wed. at 03;Export;Harmonized;NaM;M
Physical Energy & Power Flows;2021;12;545;545;545;BY;LT;Value on 3rd Wed. at 11;Export;Harmonized;NaM;M
Physical Energy & Power Flows;2021;1;46;46;46;BY;UA;Monthly Value;Export;Harmonized;NaM;NaM
Physical Energy & Power Flows;2021;1;52;52;52;BY;UA;Monthly Value;Import;Harmonized;NaM;NaM
Physical Energy & Power Flows;2021;1;1;1;1;BY;UA;Value on 3rd Wed. at 03;Import;Harmonized;NaM;NaM
Physical Energy & Power Flows;2021;1;176;176;176;BY;UA;Value on 3rd Wed. at 11;Export;Harmonized;NaM;NaM
Physical Energy & Power Flows;2021;2;103;103;103;BY;UA;Monthly Value;Export;Harmonized;NaM;NaM
Physical Energy & Power Flows;2021;2;26;26;26;BY;UA;Monthly Value;Import;Harmonized;NaM;NaM
Physical Energy & Power Flows;2021;2;110;110;110;BY;UA;Value on 3rd Wed. at 03;Export;Harmonized;NaM;NaM
Physical Energy & Power Flows;2021;2;273;273;273;BY;UA;Value on 3rd Wed. at 11;Export;Harmonized;NaM;NaM
Physical Energy & Power Flows;2021;3;2;2;2;BY;UA;Monthly Value;Export;Harmonized;NaM;NaM
Physical Energy & Power Flows;2021;3;130;130;130;BY;UA;Monthly Value;Import;Harmonized;NaM;NaM
Physical Energy & Power Flows;2021;3;336;336;336;BY;UA;Value on 3rd Wed. at 03;Import;Harmonized;NaM;NaM
Physical Energy & Power Flows;2021;3;219;219;219;BY;UA;Value on 3rd Wed. at 11;Import;Harmonized;NaM;NaM
Physical Energy & Power Flows;2021;4;0;0;0;BY;UA;Monthly Value;Export;Harmonized;NaM;NaM
Physical Energy & Power Flows;2021;4;251;251;251;BY;UA;Monthly Value;Import;Harmonized;NaM;NaM
Physical Energy & Power Flows;2021;4;466;466;466;BY;UA;Value on 3rd Wed. at 03;Import;Harmonized;NaM;NaM
Physical Energy & Power Flows;2021;4;334;334;334;BY;UA;Value on 3rd Wed. at 11;Import;Harmonized;NaM;NaM
Physical Energy & Power Flows;2021;5;357;357;357;BY;UA;Monthly Value;Import;Harmonized;NaM;NaM
Physical Energy & Power Flows;2021;5;514;514;514;BY;UA;Value on 3rd Wed. at 03;Import;Harmonized;NaM;NaM
Physical Energy & Power Flows;2021;5;474;474;474;BY;UA;Value on 3rd Wed. at 11;Import;Harmonized;NaM;NaM
Physical Energy & Power Flows;2021;6;0;0;0;BY;UA;Monthly Value;Export;Harmonized;NaM;NaM
Physical Energy & Power Flows;2021;6;221;221;221;BY;UA;Monthly Value;Import;Harmonized;NaM;NaM
Physical Energy & Power Flows;2021;6;257;257;257;BY;UA;Value on 3rd Wed. at 03;Import;Harmonized;NaM;NaM
Physical Energy & Power Flows;2021;6;100;100;100;BY;UA;Value on 3rd Wed. at 11;Import;Harmonized;NaM;NaM
Physical Energy & Power Flows;2021;7;34;34;34;BY;UA;Monthly Value;Export;Harmonized;NaM;NaM
Physical Energy & Power Flows;2021;7;75;75;75;BY;UA;Monthly Value;Import;Harmonized;NaM;NaM
Physical Energy & Power Flows;2021;7;13;13;13;BY;UA;Value on 3rd Wed. at 03;Export;Harmonized;NaM;NaM
Physical Energy & Power Flows;2021;7;80;80;80;BY;UA;Value on 3rd Wed. at 11;Export;Harmonized;NaM;NaM
Physical Energy & Power Flows;2021;8;10;10;10;BY;UA;Monthly Value;Export;Harmonized;NaM;NaM
Physical Energy & Power Flows;2021;8;122;122;122;BY;UA;Monthly Value;Import;Harmonized;NaM;NaM
Physical Energy & Power Flows;2021;8;29;29;29;BY;UA;Value on 3rd Wed. at 03;Import;Harmonized;NaM;NaM
Physical Energy & Power Flows;2021;8;201;201;201;BY;UA;Value on 3rd Wed. at 11;Export;Harmonized;NaM;NaM
Physical Energy & Power Flows;2021;9;0;0;0;BY;UA;Monthly Value;Export;Harmonized;NaM;NaM
Physical Energy & Power Flows;2021;9;257;257;257;BY;UA;Monthly Value;Import;Harmonized;NaM;NaM
Physical Energy & Power Flows;2021;9;377;377;377;BY;UA;Value on 3rd Wed. at 03;Import;Harmonized;NaM;NaM
Physical Energy & Power Flows;2021;9;107;107;107;BY;UA;Value on 3rd Wed. at 11;Import;Harmonized;NaM;NaM
Physical Energy & Power Flows;2021;10;0;0;0;BY;UA;Monthly Value;Export;Harmonized;NaM;NaM
Physical Energy & Power Flows;2021;10;186;186;186;BY;UA;Monthly Value;Import;Harmonized;NaM;NaM
Physical Energy & Power Flows;2021;10;252;252;252;BY;UA;Value on 3rd Wed. at 03;Import;Harmonized;NaM;NaM
Physical Energy & Power Flows;2021;10;242;242;242;BY;UA;Value on 3rd Wed. at 11;Import;Harmonized;NaM;NaM
Physical Energy & Power Flows;2021;11;20;20;20;BY;UA;Monthly Value;Export;Harmonized;NaM;NaM
Physical Energy & Power Flows;2021;11;61;61;61;BY;UA;Monthly Value;Import;Harmonized;NaM;NaM
Physical Energy & Power Flows;2021;11;106;106;106;BY;UA;Value on 3rd Wed. at 03;Import;Harmonized;NaM;NaM
Physical Energy & Power Flows;2021;11;20;20;20;BY;UA;Value on 3rd Wed. at 11;Import;Harmonized;NaM;NaM
Physical Energy & Power Flows;2021;12;121;121;121;BY;UA;Monthly Value;Export;Harmonized;NaM;NaM
Physical Energy & Power Flows;2021;12;29;29;29;BY;UA;Monthly Value;Import;Harmonized;NaM;NaM
Physical Energy & Power Flows;2021;12;180;180;180;BY;UA;Value on 3rd Wed. at 03;Import;Harmonized;NaM;NaM
Physical Energy & Power Flows;2021;12;41;41;41;BY;UA;Value on 3rd Wed. at 11;Import;Harmonized;NaM;NaM
Physical Energy & Power Flows;2021;1;8;8;8;CH;AT;Monthly Value;Export;Harmonized;M;M
Physical Energy & Power Flows;2021;1;611;611;611;CH;AT;Monthly Value;Import;Harmonized;M;M
Physical Energy & Power Flows;2021;1;676;676;676;CH;AT;Value on 3rd Wed. at 03;Import;Harmonized;M;M
Physical Energy & Power Flows;2021;1;848;848;848;CH;AT;Value on 3rd Wed. at 11;Import;Harmonized;M;M
Physical Energy & Power Flows;2021;2;9;9;9;CH;AT;Monthly Value;Export;Harmonized;M;M
Physical Energy & Power Flows;2021;2;512;512;512;CH;AT;Monthly Value;Import;Harmonized;M;M
Physical Energy & Power Flows;2021;2;759;759;759;CH;AT;Value on 3rd Wed. at 03;Import;Harmonized;M;M
Physical Energy & Power Flows;2021;2;972;972;972;CH;AT;Value on 3rd Wed. at 11;Import;Harmonized;M;M
Physical Energy & Power Flows;2021;3;17;17;17;CH;AT;Monthly Value;Export;Harmonized;M;M
Physical Energy & Power Flows;2021;3;440;440;440;CH;AT;Monthly Value;Import;Harmonized;M;M
Physical Energy & Power Flows;2021;3;409;409;409;CH;AT;Value on 3rd Wed. at 03;Import;Harmonized;M;M
Physical Energy & Power Flows;2021;3;255;255;255;CH;AT;Value on 3rd Wed. at 11;Import;Harmonized;M;M
Physical Energy & Power Flows;2021;4;15;15;15;CH;AT;Monthly Value;Export;Harmonized;M;M
Physical Energy & Power Flows;2021;4;203;203;203;CH;AT;Monthly Value;Import;Harmonized;M;M
Physical Energy & Power Flows;2021;4;464;464;464;CH;AT;Value on 3rd Wed. at 03;Import;Harmonized;M;M
Physical Energy & Power Flows;2021;4;391;391;391;CH;AT;Value on 3rd Wed. at 11;Import;Harmonized;M;M
Physical Energy & Power Flows;2021;5;23;23;23;CH;AT;Monthly Value;Export;Harmonized;M;M
Physical Energy & Power Flows;2021;5;187;187;187;CH;AT;Monthly Value;Import;Harmonized;M;M
Physical Energy & Power Flows;2021;5;286;286;286;CH;AT;Value on 3rd Wed. at 03;Import;Harmonized;M;M
Physical Energy & Power Flows;2021;5;398;398;398;CH;AT;Value on 3rd Wed. at 11;Import;Harmonized;M;M
Physical Energy & Power Flows;2021;6;63;63;63;CH;AT;Monthly Value;Export;Harmonized;M;M
Physical Energy & Power Flows;2021;6;74;74;74;CH;AT;Monthly Value;Import;Harmonized;M;M
Physical Energy & Power Flows;2021;6;61;61;61;CH;AT;Value on 3rd Wed. at 03;Import;Harmonized;M;M
Physical Energy & Power Flows;2021;6;273;273;273;CH;AT;Value on 3rd Wed. at 11;Import;Harmonized;M;M
Physical Energy & Power Flows;2021;7;102;102;102;CH;AT;Monthly Value;Export;Harmonized;M;M
Physical Energy & Power Flows;2021;7;61;61;61;CH;AT;Monthly Value;Import;Harmonized;M;M
Physical Energy & Power Flows;2021;7;177;177;177;CH;AT;Value on 3rd Wed. at 03;Import;Harmonized;M;M
Physical Energy & Power Flows;2021;7;430;430;430;CH;AT;Value on 3rd Wed. at 11;Import;Harmonized;M;M
Physical Energy & Power Flows;2021;8;4;4;4;CH;AT;Monthly Value;Export;Harmonized;M;M
Physical Energy & Power Flows;2021;8;409;409;409;CH;AT;Monthly Value;Import;Harmonized;M;M
Physical Energy & Power Flows;2021;8;283;283;283;CH;AT;Value on 3rd Wed. at 03;Import;Harmonized;M;M
Physical Energy & Power Flows;2021;8;793;793;793;CH;AT;Value on 3rd Wed. at 11;Import;Harmonized;M;M
Physical Energy & Power Flows;2021;9;62;62;62;CH;AT;Monthly Value;Export;Harmonized;M;M
Physical Energy & Power Flows;2021;9;185;185;185;CH;AT;Monthly Value;Import;Harmonized;M;M
Physical Energy & Power Flows;2021;9;432;432;432;CH;AT;Value on 3rd Wed. at 03;Import;Harmonized;M;M
Physical Energy & Power Flows;2021;9;135;135;135;CH;AT;Value on 3rd Wed. at 11;Export;Harmonized;M;M
Physical Energy & Power Flows;2021;10;81;81;81;CH;AT;Monthly Value;Export;Harmonized;M;M
Physical Energy & Power Flows;2021;10;71;71;71;CH;AT;Monthly Value;Import;Harmonized;M;M
Physical Energy & Power Flows;2021;10;284;284;284;CH;AT;Value on 3rd Wed. at 03;Export;Harmonized;M;M
Physical Energy & Power Flows;2021;10;1;1;1;CH;AT;Value on 3rd Wed. at 11;Import;Harmonized;M;M
Physical Energy & Power Flows;2021;11;30;30;30;CH;AT;Monthly Value;Export;Harmonized;M;M
Physical Energy & Power Flows;2021;11;229;229;229;CH;AT;Monthly Value;Import;Harmonized;M;M
Physical Energy & Power Flows;2021;11;161;161;161;CH;AT;Value on 3rd Wed. at 03;Import;Harmonized;M;M
Physical Energy & Power Flows;2021;11;77;77;77;CH;AT;Value on 3rd Wed. at 11;Import;Harmonized;M;M
Physical Energy & Power Flows;2021;12;7;7;7;CH;AT;Monthly Value;Export;Harmonized;M;M
Physical Energy & Power Flows;2021;12;402;402;402;CH;AT;Monthly Value;Import;Harmonized;M;M
Physical Energy & Power Flows;2021;12;108;108;108;CH;AT;Value on 3rd Wed. at 03;Import;Harmonized;M;M
Physical Energy & Power Flows;2021;12;546;546;546;CH;AT;Value on 3rd Wed. at 11;Import;Harmonized;M;M
Physical Energy & Power Flows;2021;1;24;24;24;CH;DE;Monthly Value;Export;Harmonized;M;M
Physical Energy & Power Flows;2021;1;1482;1482;1482;CH;DE;Monthly Value;Import;Harmonized;M;M
Physical Energy & Power Flows;2021;1;3284;3284;3284;CH;DE;Value on 3rd Wed. at 03;Import;Harmonized;M;M
Physical Energy & Power Flows;2021;1;2776;2776;2776;CH;DE;Value on 3rd Wed. at 11;Import;Harmonized;M;M
Physical Energy & Power Flows;2021;2;52;52;52;CH;DE;Monthly Value;Export;Harmonized;M;M
Physical Energy & Power Flows;2021;2;1042;1042;1042;CH;DE;Monthly Value;Import;Harmonized;M;M
Physical Energy & Power Flows;2021;2;3181;3181;3181;CH;DE;Value on 3rd Wed. at 03;Import;Harmonized;M;M
Physical Energy & Power Flows;2021;2;2190;2190;2190;CH;DE;Value on 3rd Wed. at 11;Import;Harmonized;M;M
Physical Energy & Power Flows;2021;3;35;35;35;CH;DE;Monthly Value;Export;Harmonized;M;M
Physical Energy & Power Flows;2021;3;1237;1237;1237;CH;DE;Monthly Value;Import;Harmonized;M;M
Physical Energy & Power Flows;2021;3;1592;1592;1592;CH;DE;Value on 3rd Wed. at 03;Import;Harmonized;M;M
Physical Energy & Power Flows;2021;3;948;948;948;CH;DE;Value on 3rd Wed. at 11;Import;Harmonized;M;M
Physical Energy & Power Flows;2021;4;38;38;38;CH;DE;Monthly Value;Export;Harmonized;M;M
Physical Energy & Power Flows;2021;4;1033;1033;1033;CH;DE;Monthly Value;Import;Harmonized;M;M
Physical Energy & Power Flows;2021;4;1930;1930;1930;CH;DE;Value on 3rd Wed. at 03;Import;Harmonized;M;M
Physical Energy & Power Flows;2021;4;1111;1111;1111;CH;DE;Value on 3rd Wed. at 11;Import;Harmonized;M;M
Physical Energy & Power Flows;2021;5;290;290;290;CH;DE;Monthly Value;Export;Harmonized;M;M
Physical Energy & Power Flows;2021;5;542;542;542;CH;DE;Monthly Value;Import;Harmonized;M;M
Physical Energy & Power Flows;2021;5;295;295;295;CH;DE;Value on 3rd Wed. at 03;Import;Harmonized;M;M
Physical Energy & Power Flows;2021;5;285;285;285;CH;DE;Value on 3rd Wed. at 11;Import;Harmonized;M;M
Physical Energy & Power Flows;2021;6;245;245;245;CH;DE;Monthly Value;Export;Harmonized;M;M
Physical Energy & Power Flows;2021;6;475;475;475;CH;DE;Monthly Value;Import;Harmonized;M;M
Physical Energy & Power Flows;2021;6;718;718;718;CH;DE;Value on 3rd Wed. at 03;Import;Harmonized;M;M
Physical Energy & Power Flows;2021;6;2637;2637;2637;CH;DE;Value on 3rd Wed. at 11;Import;Harmonized;M;M
Physical Energy & Power Flows;2021;7;192;192;192;CH;DE;Monthly Value;Export;Harmonized;M;M
Physical Energy & Power Flows;2021;7;520;520;520;CH;DE;Monthly Value;Import;Harmonized;M;M
Physical Energy & Power Flows;2021;7;1005;1005;1005;CH;DE;Value on 3rd Wed. at 03;Import;Harmonized;M;M
Physical Energy & Power Flows;2021;7;2058;2058;2058;CH;DE;Value on 3rd Wed. at 11;Import;Harmonized;M;M
Physical Energy & Power Flows;2021;8;324;324;324;CH;DE;Monthly Value;Export;Harmonized;M;M
Physical Energy & Power Flows;2021;8;502;502;502;CH;DE;Monthly Value;Import;Harmonized;M;M
Physical Energy & Power Flows;2021;8;812;812;812;CH;DE;Value on 3rd Wed. at 03;Import;Harmonized;M;M
Physical Energy & Power Flows;2021;8;786;786;786;CH;DE;Value on 3rd Wed. at 11;Import;Harmonized;M;M
Physical Energy & Power Flows;2021;9;66;66;66;CH;DE;Monthly Value;Export;Harmonized;M;M
Physical Energy & Power Flows;2021;9;1296;1296;1296;CH;DE;Monthly Value;Import;Harmonized;M;M
Physical Energy & Power Flows;2021;9;2818;2818;2818;CH;DE;Value on 3rd Wed. at 03;Import;Harmonized;M;M
Physical Energy & Power Flows;2021;9;382;382;382;CH;DE;Value on 3rd Wed. at 11;Export;Harmonized;M;M
Physical Energy & Power Flows;2021;10;23;23;23;CH;DE;Monthly Value;Export;Harmonized;M;M
Physical Energy & Power Flows;2021;10;1981;1981;1981;CH;DE;Monthly Value;Import;Harmonized;M;M
Physical Energy & Power Flows;2021;10;2423;2423;2423;CH;DE;Value on 3rd Wed. at 03;Import;Harmonized;M;M
Physical Energy & Power Flows;2021;10;2924;2924;2924;CH;DE;Value on 3rd Wed. at 11;Import;Harmonized;M;M
Physical Energy & Power Flows;2021;11;12;12;12;CH;DE;Monthly Value;Export;Harmonized;M;M
Physical Energy & Power Flows;2021;11;2089;2089;2089;CH;DE;Monthly Value;Import;Harmonized;M;M
Physical Energy & Power Flows;2021;11;4036;4036;4036;CH;DE;Value on 3rd Wed. at 03;Import;Harmonized;M;M
Physical Energy & Power Flows;2021;11;3341;3341;3341;CH;DE;Value on 3rd Wed. at 11;Import;Harmonized;M;M
Physical Energy & Power Flows;2021;12;5;5;5;CH;DE;Monthly Value;Export;Harmonized;M;M
Physical Energy & Power Flows;2021;12;1676;1676;1676;CH;DE;Monthly Value;Import;Harmonized;M;M
Physical Energy & Power Flows;2021;12;1948;1948;1948;CH;DE;Value on 3rd Wed. at 03;Import;Harmonized;M;M
Physical Energy & Power Flows;2021;12;1666;1666;1666;CH;DE;Value on 3rd Wed. at 11;Import;Harmonized;M;M
Physical Energy & Power Flows;2021;1;470;470;470;CH;FR;Monthly Value;Export;Harmonized;M;M
Physical Energy & Power Flows;2021;1;528;528;528;CH;FR;Monthly Value;Import;Harmonized;M;M
Physical Energy & Power Flows;2021;1;1871;1871;1871;CH;FR;Value on 3rd Wed. at 03;Import;Harmonized;M;M
Physical Energy & Power Flows;2021;1;497;497;497;CH;FR;Value on 3rd Wed. at 11;Import;Harmonized;M;M
Physical Energy & Power Flows;2021;2;100;100;100;CH;FR;Monthly Value;Export;Harmonized;M;M
Physical Energy & Power Flows;2021;2;1074;1074;1074;CH;FR;Monthly Value;Import;Harmonized;M;M
Physical Energy & Power Flows;2021;2;2411;2411;2411;CH;FR;Value on 3rd Wed. at 03;Import;Harmonized;M;M
Physical Energy & Power Flows;2021;2;1946;1946;1946;CH;FR;Value on 3rd Wed. at 11;Import;Harmonized;M;M
Physical Energy & Power Flows;2021;3;48;48;48;CH;FR;Monthly Value;Export;Harmonized;M;M
Physical Energy & Power Flows;2021;3;889;889;889;CH;FR;Monthly Value;Import;Harmonized;M;M
Physical Energy & Power Flows;2021;3;3010;3010;3010;CH;FR;Value on 3rd Wed. at 03;Import;Harmonized;M;M
Physical Energy & Power Flows;2021;3;2113;2113;2113;CH;FR;Value on 3rd Wed. at 11;Import;Harmonized;M;M
Physical Energy & Power Flows;2021;4;210;210;210;CH;FR;Monthly Value;Export;Harmonized;M;M
Physical Energy & Power Flows;2021;4;384;384;384;CH;FR;Monthly Value;Import;Harmonized;M;M
Physical Energy & Power Flows;2021;4;787;787;787;CH;FR;Value on 3rd Wed. at 03;Import;Harmonized;M;M
Physical Energy & Power Flows;2021;4;53;53;53;CH;FR;Value on 3rd Wed. at 11;Import;Harmonized;M;M
Physical Energy & Power Flows;2021;5;155;155;155;CH;FR;Monthly Value;Export;Harmonized;M;M
Physical Energy & Power Flows;2021;5;664;664;664;CH;FR;Monthly Value;Import;Harmonized;M;M
Physical Energy & Power Flows;2021;5;1370;1370;1370;CH;FR;Value on 3rd Wed. at 03;Import;Harmonized;M;M
Physical Energy & Power Flows;2021;5;357;357;357;CH;FR;Value on 3rd Wed. at 11;Import;Harmonized;M;M
Physical Energy & Power Flows;2021;6;129;129;129;CH;FR;Monthly Value;Export;Harmonized;M;M
Physical Energy & Power Flows;2021;6;460;460;460;CH;FR;Monthly Value;Import;Harmonized;M;M
Physical Energy & Power Flows;2021;6;1153;1153;1153;CH;FR;Value on 3rd Wed. at 03;Import;Harmonized;M;M
Physical Energy & Power Flows;2021;6;1172;1172;1172;CH;FR;Value on 3rd Wed. at 11;Export;Harmonized;M;M
Physical Energy & Power Flows;2021;7;161;161;161;CH;FR;Monthly Value;Export;Harmonized;M;M
Physical Energy & Power Flows;2021;7;557;557;557;CH;FR;Monthly Value;Import;Harmonized;M;M
Physical Energy & Power Flows;2021;7;1082;1082;1082;CH;FR;Value on 3rd Wed. at 03;Import;Harmonized;M;M
Physical Energy & Power Flows;2021;7;353;353;353;CH;FR;Value on 3rd Wed. at 11;Export;Harmonized;M;M
Physical Energy & Power Flows;2021;8;185;185;185;CH;FR;Monthly Value;Export;Harmonized;M;M
Physical Energy & Power Flows;2021;8;595;595;595;CH;FR;Monthly Value;Import;Harmonized;M;M
Physical Energy & Power Flows;2021;8;1994;1994;1994;CH;FR;Value on 3rd Wed. at 03;Import;Harmonized;M;M
Physical Energy & Power Flows;2021;8;157;157;157;CH;FR;Value on 3rd Wed. at 11;Export;Harmonized;M;M
Physical Energy & Power Flows;2021;9;79;79;79;CH;FR;Monthly Value;Export;Harmonized;M;M
Physical Energy & Power Flows;2021;9;708;708;708;CH;FR;Monthly Value;Import;Harmonized;M;M
Physical Energy & Power Flows;2021;9;1764;1764;1764;CH;FR;Value on 3rd Wed. at 03;Import;Harmonized;M;M
Physical Energy & Power Flows;2021;9;65;65;65;CH;FR;Value on 3rd Wed. at 11;Import;Harmonized;M;M
Physical Energy & Power Flows;2021;10;17;17;17;CH;FR;Monthly Value;Export;Harmonized;M;M
Physical Energy & Power Flows;2021;10;1221;1221;1221;CH;FR;Monthly Value;Import;Harmonized;M;M
Physical Energy & Power Flows;2021;10;4076;4076;4076;CH;FR;Value on 3rd Wed. at 03;Import;Harmonized;M;M
Physical Energy & Power Flows;2021;10;1970;1970;1970;CH;FR;Value on 3rd Wed. at 11;Import;Harmonized;M;M
Physical Energy & Power Flows;2021;11;156;156;156;CH;FR;Monthly Value;Export;Harmonized;M;M
Physical Energy & Power Flows;2021;11;563;563;563;CH;FR;Monthly Value;Import;Harmonized;M;M
Physical Energy & Power Flows;2021;11;1729;1729;1729;CH;FR;Value on 3rd Wed. at 03;Import;Harmonized;M;M
Physical Energy & Power Flows;2021;11;112;112;112;CH;FR;Value on 3rd Wed. at 11;Export;Harmonized;M;M
Physical Energy & Power Flows;2021;12;245;245;245;CH;FR;Monthly Value;Export;Harmonized;M;M
Physical Energy & Power Flows;2021;12;575;575;575;CH;FR;Monthly Value;Import;Harmonized;M;M
Physical Energy & Power Flows;2021;12;1048;1048;1048;CH;FR;Value on 3rd Wed. at 03;Import;Harmonized;M;M
Physical Energy & Power Flows;2021;12;63;63;63;CH;FR;Value on 3rd Wed. at 11;Export;Harmonized;M;M
Physical Energy & Power Flows;2021;1;1506;1506;1506;CH;IT;Monthly Value;Export;Harmonized;M;M
Physical Energy & Power Flows;2021;1;36;36;36;CH;IT;Monthly Value;Import;Harmonized;M;M
Physical Energy & Power Flows;2021;1;2023;2023;2023;CH;IT;Value on 3rd Wed. at 03;Export;Harmonized;M;M
Physical Energy & Power Flows;2021;1;3876;3876;3876;CH;IT;Value on 3rd Wed. at 11;Export;Harmonized;M;M
Physical Energy & Power Flows;2021;2;1941;1941;1941;CH;IT;Monthly Value;Export;Harmonized;M;M
Physical Energy & Power Flows;2021;2;30;30;30;CH;IT;Monthly Value;Import;Harmonized;M;M
Physical Energy & Power Flows;2021;2;3046;3046;3046;CH;IT;Value on 3rd Wed. at 03;Export;Harmonized;M;M
Physical Energy & Power Flows;2021;2;4524;4524;4524;CH;IT;Value on 3rd Wed. at 11;Export;Harmonized;M;M
Physical Energy & Power Flows;2021;3;1996;1996;1996;CH;IT;Monthly Value;Export;Harmonized;M;M
Physical Energy & Power Flows;2021;3;0;0;0;CH;IT;Monthly Value;Import;Harmonized;M;M
Physical Energy & Power Flows;2021;3;2369;2369;2369;CH;IT;Value on 3rd Wed. at 03;Export;Harmonized;M;M
Physical Energy & Power Flows;2021;3;1744;1744;1744;CH;IT;Value on 3rd Wed. at 11;Export;Harmonized;M;M
Physical Energy & Power Flows;2021;4;1164;1164;1164;CH;IT;Monthly Value;Export;Harmonized;M;M
Physical Energy & Power Flows;2021;4;59;59;59;CH;IT;Monthly Value;Import;Harmonized;M;M
Physical Energy & Power Flows;2021;4;2021;2021;2021;CH;IT;Value on 3rd Wed. at 03;Export;Harmonized;M;M
Physical Energy & Power Flows;2021;4;523;523;523;CH;IT;Value on 3rd Wed. at 11;Export;Harmonized;M;M
Physical Energy & Power Flows;2021;5;1028;1028;1028;CH;IT;Monthly Value;Export;Harmonized;M;M
Physical Energy & Power Flows;2021;5;71;71;71;CH;IT;Monthly Value;Import;Harmonized;M;M
Physical Energy & Power Flows;2021;5;2065;2065;2065;CH;IT;Value on 3rd Wed. at 03;Export;Harmonized;M;M
Physical Energy & Power Flows;2021;5;1584;1584;1584;CH;IT;Value on 3rd Wed. at 11;Export;Harmonized;M;M
Physical Energy & Power Flows;2021;6;1533;1533;1533;CH;IT;Monthly Value;Export;Harmonized;M;M
Physical Energy & Power Flows;2021;6;13;13;13;CH;IT;Monthly Value;Import;Harmonized;M;M
Physical Energy & Power Flows;2021;6;1754;1754;1754;CH;IT;Value on 3rd Wed. at 03;Export;Harmonized;M;M
Physical Energy & Power Flows;2021;6;2766;2766;2766;CH;IT;Value on 3rd Wed. at 11;Export;Harmonized;M;M
Physical Energy & Power Flows;2021;7;2167;2167;2167;CH;IT;Monthly Value;Export;Harmonized;M;M
Physical Energy & Power Flows;2021;7;3248;3248;3248;CH;IT;Value on 3rd Wed. at 03;Export;Harmonized;M;M
Physical Energy & Power Flows;2021;7;3351;3351;3351;CH;IT;Value on 3rd Wed. at 11;Export;Harmonized;M;M
Physical Energy & Power Flows;2021;8;1964;1964;1964;CH;IT;Monthly Value;Export;Harmonized;M;M
Physical Energy & Power Flows;2021;8;0;0;0;CH;IT;Monthly Value;Import;Harmonized;M;M
Physical Energy & Power Flows;2021;8;1525;1525;1525;CH;IT;Value on 3rd Wed. at 03;Export;Harmonized;M;M
Physical Energy & Power Flows;2021;8;1795;1795;1795;CH;IT;Value on 3rd Wed. at 11;Export;Harmonized;M;M
Physical Energy & Power Flows;2021;9;1583;1583;1583;CH;IT;Monthly Value;Export;Harmonized;M;M
Physical Energy & Power Flows;2021;9;4;4;4;CH;IT;Monthly Value;Import;Harmonized;M;M
Physical Energy & Power Flows;2021;9;2689;2689;2689;CH;IT;Value on 3rd Wed. at 03;Export;Harmonized;M;M
Physical Energy & Power Flows;2021;9;2053;2053;2053;CH;IT;Value on 3rd Wed. at 11;Export;Harmonized;M;M
Physical Energy & Power Flows;2021;10;1625;1625;1625;CH;IT;Monthly Value;Export;Harmonized;M;M
Physical Energy & Power Flows;2021;10;0;0;0;CH;IT;Monthly Value;Import;Harmonized;M;M
Physical Energy & Power Flows;2021;10;2704;2704;2704;CH;IT;Value on 3rd Wed. at 03;Export;Harmonized;M;M
Physical Energy & Power Flows;2021;10;1797;1797;1797;CH;IT;Value on 3rd Wed. at 11;Export;Harmonized;M;M
Physical Energy & Power Flows;2021;11;1088;1088;1088;CH;IT;Monthly Value;Export;Harmonized;M;M
Physical Energy & Power Flows;2021;11;57;57;57;CH;IT;Monthly Value;Import;Harmonized;M;M
Physical Energy & Power Flows;2021;11;1556;1556;1556;CH;IT;Value on 3rd Wed. at 03;Export;Harmonized;M;M
Physical Energy & Power Flows;2021;11;2916;2916;2916;CH;IT;Value on 3rd Wed. at 11;Export;Harmonized;M;M
Physical Energy & Power Flows;2021;12;1005;1005;1005;CH;IT;Monthly Value;Export;Harmonized;M;M
Physical Energy & Power Flows;2021;12;108;108;108;CH;IT;Monthly Value;Import;Harmonized;M;M
Physical Energy & Power Flows;2021;12;211;211;211;CH;IT;Value on 3rd Wed. at 03;Import;Harmonized;M;M
Physical Energy & Power Flows;2021;12;2503;2503;2503;CH;IT;Value on 3rd Wed. at 11;Export;Harmonized;M;M
Physical Energy & Power Flows;2021;1;925;925;925;CZ;AT;Monthly Value;Export;Harmonized;M;M
Physical Energy & Power Flows;2021;1;0;0;0;CZ;AT;Monthly Value;Import;Harmonized;M;M
Physical Energy & Power Flows;2021;1;1584;1584;1584;CZ;AT;Value on 3rd Wed. at 03;Export;Harmonized;M;M
Physical Energy & Power Flows;2021;1;2077;2077;2077;CZ;AT;Value on 3rd Wed. at 11;Export;Harmonized;M;M
Physical Energy & Power Flows;2021;2;550;550;550;CZ;AT;Monthly Value;Export;Harmonized;M;M
Physical Energy & Power Flows;2021;2;3;3;3;CZ;AT;Monthly Value;Import;Harmonized;M;M
Physical Energy & Power Flows;2021;2;993;993;993;CZ;AT;Value on 3rd Wed. at 03;Export;Harmonized;M;M
Physical Energy & Power Flows;2021;2;1110;1110;1110;CZ;AT;Value on 3rd Wed. at 11;Export;Harmonized;M;M
Physical Energy & Power Flows;2021;3;867;867;867;CZ;AT;Monthly Value;Export;Harmonized;M;M
Physical Energy & Power Flows;2021;3;562;562;562;CZ;AT;Value on 3rd Wed. at 03;Export;Harmonized;M;M
Physical Energy & Power Flows;2021;3;741;741;741;CZ;AT;Value on 3rd Wed. at 11;Export;Harmonized;M;M
Physical Energy & Power Flows;2021;4;845;845;845;CZ;AT;Monthly Value;Export;Harmonized;M;M
Physical Energy & Power Flows;2021;4;1;1;1;CZ;AT;Monthly Value;Import;Harmonized;M;M
Physical Energy & Power Flows;2021;4;1725;1725;1725;CZ;AT;Value on 3rd Wed. at 03;Export;Harmonized;M;M
Physical Energy & Power Flows;2021;4;1412;1412;1412;CZ;AT;Value on 3rd Wed. at 11;Export;Harmonized;M;M
Physical Energy & Power Flows;2021;5;331;331;331;CZ;AT;Monthly Value;Export;Harmonized;M;M
Physical Energy & Power Flows;2021;5;41;41;41;CZ;AT;Monthly Value;Import;Harmonized;M;M
Physical Energy & Power Flows;2021;5;51;51;51;CZ;AT;Value on 3rd Wed. at 03;Export;Harmonized;M;M
Physical Energy & Power Flows;2021;5;433;433;433;CZ;AT;Value on 3rd Wed. at 11;Export;Harmonized;M;M
Physical Energy & Power Flows;2021;6;402;402;402;CZ;AT;Monthly Value;Export;Harmonized;M;M
Physical Energy & Power Flows;2021;6;2;2;2;CZ;AT;Monthly Value;Import;Harmonized;M;M
Physical Energy & Power Flows;2021;6;279;279;279;CZ;AT;Value on 3rd Wed. at 03;Export;Harmonized;M;M
Physical Energy & Power Flows;2021;6;817;817;817;CZ;AT;Value on 3rd Wed. at 11;Export;Harmonized;M;M
Physical Energy & Power Flows;2021;7;833;833;833;CZ;AT;Monthly Value;Export;Harmonized;M;M
Physical Energy & Power Flows;2021;7;801;801;801;CZ;AT;Value on 3rd Wed. at 03;Export;Harmonized;M;M
Physical Energy & Power Flows;2021;7;918;918;918;CZ;AT;Value on 3rd Wed. at 11;Export;Harmonized;M;M
Physical Energy & Power Flows;2021;8;803;803;803;CZ;AT;Monthly Value;Export;Harmonized;M;M
Physical Energy & Power Flows;2021;8;0;0;0;CZ;AT;Monthly Value;Import;Harmonized;M;M
Physical Energy & Power Flows;2021;8;1378;1378;1378;CZ;AT;Value on 3rd Wed. at 03;Export;Harmonized;M;M
Physical Energy & Power Flows;2021;8;1422;1422;1422;CZ;AT;Value on 3rd Wed. at 11;Export;Harmonized;M;M
Physical Energy & Power Flows;2021;9;1306;1306;1306;CZ;AT;Monthly Value;Export;Harmonized;M;M
Physical Energy & Power Flows;2021;9;1966;1966;1966;CZ;AT;Value on 3rd Wed. at 03;Export;Harmonized;M;M
Physical Energy & Power Flows;2021;9;2010;2010;2010;CZ;AT;Value on 3rd Wed. at 11;Export;Harmonized;M;M
Physical Energy & Power Flows;2021;10;1589;1589;1589;CZ;AT;Monthly Value;Export;Harmonized;M;M
Physical Energy & Power Flows;2021;10;2095;2095;2095;CZ;AT;Value on 3rd Wed. at 03;Export;Harmonized;M;M
Physical Energy & Power Flows;2021;10;1887;1887;1887;CZ;AT;Value on 3rd Wed. at 11;Export;Harmonized;M;M
Physical Energy & Power Flows;2021;11;1266;1266;1266;CZ;AT;Monthly Value;Export;Harmonized;M;M
Physical Energy & Power Flows;2021;11;2021;2021;2021;CZ;AT;Value on 3rd Wed. at 03;Export;Harmonized;M;M
Physical Energy & Power Flows;2021;11;2021;2021;2021;CZ;AT;Value on 3rd Wed. at 11;Export;Harmonized;M;M
Physical Energy & Power Flows;2021;12;1050;1050;1050;CZ;AT;Monthly Value;Export;Harmonized;M;M
Physical Energy & Power Flows;2021;12;1380;1380;1380;CZ;AT;Value on 3rd Wed. at 03;Export;Harmonized;M;M
Physical Energy & Power Flows;2021;12;1181;1181;1181;CZ;AT;Value on 3rd Wed. at 11;Export;Harmonized;M;M
Physical Energy & Power Flows;2021;1;621;621;621;CZ;DE;Monthly Value;Export;Harmonized;M;M
Physical Energy & Power Flows;2021;1;252;252;252;CZ;DE;Monthly Value;Import;Harmonized;M;M
Physical Energy & Power Flows;2021;1;1749;1749;1749;CZ;DE;Value on 3rd Wed. at 03;Import;Harmonized;M;M
Physical Energy & Power Flows;2021;1;1365;1365;1365;CZ;DE;Value on 3rd Wed. at 11;Import;Harmonized;M;M
Physical Energy & Power Flows;2021;2;292;292;292;CZ;DE;Monthly Value;Export;Harmonized;M;M
Physical Energy & Power Flows;2021;2;296;296;296;CZ;DE;Monthly Value;Import;Harmonized;M;M
Physical Energy & Power Flows;2021;2;1681;1681;1681;CZ;DE;Value on 3rd Wed. at 03;Import;Harmonized;M;M
Physical Energy & Power Flows;2021;2;1304;1304;1304;CZ;DE;Value on 3rd Wed. at 11;Import;Harmonized;M;M
Physical Energy & Power Flows;2021;3;93;93;93;CZ;DE;Monthly Value;Export;Harmonized;M;M
Physical Energy & Power Flows;2021;3;450;450;450;CZ;DE;Monthly Value;Import;Harmonized;M;M
Physical Energy & Power Flows;2021;3;97;97;97;CZ;DE;Value on 3rd Wed. at 03;Export;Harmonized;M;M
Physical Energy & Power Flows;2021;3;124;124;124;CZ;DE;Value on 3rd Wed. at 11;Import;Harmonized;M;M
Physical Energy & Power Flows;2021;4;73;73;73;CZ;DE;Monthly Value;Export;Harmonized;M;M
Physical Energy & Power Flows;2021;4;548;548;548;CZ;DE;Monthly Value;Import;Harmonized;M;M
Physical Energy & Power Flows;2021;4;526;526;526;CZ;DE;Value on 3rd Wed. at 03;Import;Harmonized;M;M
Physical Energy & Power Flows;2021;4;692;692;692;CZ;DE;Value on 3rd Wed. at 11;Import;Harmonized;M;M
Physical Energy & Power Flows;2021;5;225;225;225;CZ;DE;Monthly Value;Export;Harmonized;M;M
Physical Energy & Power Flows;2021;5;409;409;409;CZ;DE;Monthly Value;Import;Harmonized;M;M
Physical Energy & Power Flows;2021;5;839;839;839;CZ;DE;Value on 3rd Wed. at 03;Export;Harmonized;M;M
Physical Energy & Power Flows;2021;5;861;861;861;CZ;DE;Value on 3rd Wed. at 11;Import;Harmonized;M;M
Physical Energy & Power Flows;2021;6;300;300;300;CZ;DE;Monthly Value;Export;Harmonized;M;M
Physical Energy & Power Flows;2021;6;314;314;314;CZ;DE;Monthly Value;Import;Harmonized;M;M
Physical Energy & Power Flows;2021;6;1191;1191;1191;CZ;DE;Value on 3rd Wed. at 03;Export;Harmonized;M;M
Physical Energy & Power Flows;2021;6;435;435;435;CZ;DE;Value on 3rd Wed. at 11;Import;Harmonized;M;M
Physical Energy & Power Flows;2021;7;194;194;194;CZ;DE;Monthly Value;Export;Harmonized;M;M
Physical Energy & Power Flows;2021;7;424;424;424;CZ;DE;Monthly Value;Import;Harmonized;M;M
Physical Energy & Power Flows;2021;7;1313;1313;1313;CZ;DE;Value on 3rd Wed. at 03;Export;Harmonized;M;M
Physical Energy & Power Flows;2021;7;234;234;234;CZ;DE;Value on 3rd Wed. at 11;Import;Harmonized;M;M
Physical Energy & Power Flows;2021;8;245;245;245;CZ;DE;Monthly Value;Export;Harmonized;M;M
Physical Energy & Power Flows;2021;8;363;363;363;CZ;DE;Monthly Value;Import;Harmonized;M;M
Physical Energy & Power Flows;2021;8;916;916;916;CZ;DE;Value on 3rd Wed. at 03;Import;Harmonized;M;M
Physical Energy & Power Flows;2021;8;951;951;951;CZ;DE;Value on 3rd Wed. at 11;Import;Harmonized;M;M
Physical Energy & Power Flows;2021;9;317;317;317;CZ;DE;Monthly Value;Export;Harmonized;M;M
Physical Energy & Power Flows;2021;9;202;202;202;CZ;DE;Monthly Value;Import;Harmonized;M;M
Physical Energy & Power Flows;2021;9;348;348;348;CZ;DE;Value on 3rd Wed. at 03;Export;Harmonized;M;M
Physical Energy & Power Flows;2021;9;865;865;865;CZ;DE;Value on 3rd Wed. at 11;Export;Harmonized;M;M
Physical Energy & Power Flows;2021;10;321;321;321;CZ;DE;Monthly Value;Export;Harmonized;M;M
Physical Energy & Power Flows;2021;10;130;130;130;CZ;DE;Monthly Value;Import;Harmonized;M;M
Physical Energy & Power Flows;2021;10;558;558;558;CZ;DE;Value on 3rd Wed. at 03;Import;Harmonized;M;M
Physical Energy & Power Flows;2021;10;202;202;202;CZ;DE;Value on 3rd Wed. at 11;Import;Harmonized;M;M
Physical Energy & Power Flows;2021;11;382;382;382;CZ;DE;Monthly Value;Export;Harmonized;M;M
Physical Energy & Power Flows;2021;11;91;91;91;CZ;DE;Monthly Value;Import;Harmonized;M;M
Physical Energy & Power Flows;2021;11;471;471;471;CZ;DE;Value on 3rd Wed. at 03;Export;Harmonized;M;M
Physical Energy & Power Flows;2021;11;320;320;320;CZ;DE;Value on 3rd Wed. at 11;Export;Harmonized;M;M
Physical Energy & Power Flows;2021;12;359;359;359;CZ;DE;Monthly Value;Export;Harmonized;M;M
Physical Energy & Power Flows;2021;12;200;200;200;CZ;DE;Monthly Value;Import;Harmonized;M;M
Physical Energy & Power Flows;2021;12;16;16;16;CZ;DE;Value on 3rd Wed. at 03;Import;Harmonized;M;M
Physical Energy & Power Flows;2021;12;651;651;651;CZ;DE;Value on 3rd Wed. at 11;Import;Harmonized;M;M
Physical Energy & Power Flows;2021;1;3;3;3;CZ;PL;Monthly Value;Export;Harmonized;M;M
Physical Energy & Power Flows;2021;1;612;612;612;CZ;PL;Monthly Value;Import;Harmonized;M;M
Physical Energy & Power Flows;2021;1;1168;1168;1168;CZ;PL;Value on 3rd Wed. at 03;Import;Harmonized;M;M
Physical Energy & Power Flows;2021;1;1078;1078;1078;CZ;PL;Value on 3rd Wed. at 11;Import;Harmonized;M;M
Physical Energy & Power Flows;2021;2;14;14;14;CZ;PL;Monthly Value;Export;Harmonized;M;M
Physical Energy & Power Flows;2021;2;266;266;266;CZ;PL;Monthly Value;Import;Harmonized;M;M
Physical Energy & Power Flows;2021;2;497;497;497;CZ;PL;Value on 3rd Wed. at 03;Import;Harmonized;M;M
Physical Energy & Power Flows;2021;2;208;208;208;CZ;PL;Value on 3rd Wed. at 11;Import;Harmonized;M;M
Physical Energy & Power Flows;2021;3;2;2;2;CZ;PL;Monthly Value;Export;Harmonized;M;M
Physical Energy & Power Flows;2021;3;430;430;430;CZ;PL;Monthly Value;Import;Harmonized;M;M
Physical Energy & Power Flows;2021;3;894;894;894;CZ;PL;Value on 3rd Wed. at 03;Import;Harmonized;M;M
Physical Energy & Power Flows;2021;3;288;288;288;CZ;PL;Value on 3rd Wed. at 11;Import;Harmonized;M;M
Physical Energy & Power Flows;2021;4;3;3;3;CZ;PL;Monthly Value;Export;Harmonized;M;M
Physical Energy & Power Flows;2021;4;696;696;696;CZ;PL;Monthly Value;Import;Harmonized;M;M
Physical Energy & Power Flows;2021;4;1392;1392;1392;CZ;PL;Value on 3rd Wed. at 03;Import;Harmonized;M;M
Physical Energy & Power Flows;2021;4;907;907;907;CZ;PL;Value on 3rd Wed. at 11;Import;Harmonized;M;M
Physical Energy & Power Flows;2021;5;9;9;9;CZ;PL;Monthly Value;Export;Harmonized;M;M
Physical Energy & Power Flows;2021;5;428;428;428;CZ;PL;Monthly Value;Import;Harmonized;M;M
Physical Energy & Power Flows;2021;5;749;749;749;CZ;PL;Value on 3rd Wed. at 03;Import;Harmonized;M;M
Physical Energy & Power Flows;2021;5;942;942;942;CZ;PL;Value on 3rd Wed. at 11;Import;Harmonized;M;M
Physical Energy & Power Flows;2021;6;0;0;0;CZ;PL;Monthly Value;Export;Harmonized;M;M
Physical Energy & Power Flows;2021;6;432;432;432;CZ;PL;Monthly Value;Import;Harmonized;M;M
Physical Energy & Power Flows;2021;6;144;144;144;CZ;PL;Value on 3rd Wed. at 03;Import;Harmonized;M;M
Physical Energy & Power Flows;2021;6;134;134;134;CZ;PL;Value on 3rd Wed. at 11;Import;Harmonized;M;M
Physical Energy & Power Flows;2021;7;2;2;2;CZ;PL;Monthly Value;Export;Harmonized;M;M
Physical Energy & Power Flows;2021;7;531;531;531;CZ;PL;Monthly Value;Import;Harmonized;M;M
Physical Energy & Power Flows;2021;7;1092;1092;1092;CZ;PL;Value on 3rd Wed. at 03;Import;Harmonized;M;M
Physical Energy & Power Flows;2021;7;519;519;519;CZ;PL;Value on 3rd Wed. at 11;Import;Harmonized;M;M
Physical Energy & Power Flows;2021;8;8;8;8;CZ;PL;Monthly Value;Export;Harmonized;M;M
Physical Energy & Power Flows;2021;8;655;655;655;CZ;PL;Monthly Value;Import;Harmonized;M;M
Physical Energy & Power Flows;2021;8;1565;1565;1565;CZ;PL;Value on 3rd Wed. at 03;Import;Harmonized;M;M
Physical Energy & Power Flows;2021;8;1709;1709;1709;CZ;PL;Value on 3rd Wed. at 11;Import;Harmonized;M;M
Physical Energy & Power Flows;2021;9;0;0;0;CZ;PL;Monthly Value;Export;Harmonized;M;M
Physical Energy & Power Flows;2021;9;966;966;966;CZ;PL;Monthly Value;Import;Harmonized;M;M
Physical Energy & Power Flows;2021;9;1931;1931;1931;CZ;PL;Value on 3rd Wed. at 03;Import;Harmonized;M;M
Physical Energy & Power Flows;2021;9;1050;1050;1050;CZ;PL;Value on 3rd Wed. at 11;Import;Harmonized;M;M
Physical Energy & Power Flows;2021;10;1096;1096;1096;CZ;PL;Monthly Value;Import;Harmonized;M;M
Physical Energy & Power Flows;2021;10;1569;1569;1569;CZ;PL;Value on 3rd Wed. at 03;Import;Harmonized;M;M
Physical Energy & Power Flows;2021;10;1254;1254;1254;CZ;PL;Value on 3rd Wed. at 11;Import;Harmonized;M;M
Physical Energy & Power Flows;2021;11;984;984;984;CZ;PL;Monthly Value;Import;Harmonized;M;M
Physical Energy & Power Flows;2021;11;1387;1387;1387;CZ;PL;Value on 3rd Wed. at 03;Import;Harmonized;M;M
Physical Energy & Power Flows;2021;11;976;976;976;CZ;PL;Value on 3rd Wed. at 11;Import;Harmonized;M;M
Physical Energy & Power Flows;2021;12;3;3;3;CZ;PL;Monthly Value;Export;Harmonized;M;M
Physical Energy & Power Flows;2021;12;816;816;816;CZ;PL;Monthly Value;Import;Harmonized;M;M
Physical Energy & Power Flows;2021;12;1744;1744;1744;CZ;PL;Value on 3rd Wed. at 03;Import;Harmonized;M;M
Physical Energy & Power Flows;2021;12;1230;1230;1230;CZ;PL;Value on 3rd Wed. at 11;Import;Harmonized;M;M
Physical Energy & Power Flows;2021;1;530;530;530;CZ;SK;Monthly Value;Export;Harmonized;M;M
Physical Energy & Power Flows;2021;1;70;70;70;CZ;SK;Monthly Value;Import;Harmonized;M;M
Physical Energy & Power Flows;2021;1;1573;1573;1573;CZ;SK;Value on 3rd Wed. at 03;Export;Harmonized;M;M
Physical Energy & Power Flows;2021;1;2105;2105;2105;CZ;SK;Value on 3rd Wed. at 11;Export;Harmonized;M;M
Physical Energy & Power Flows;2021;2;410;410;410;CZ;SK;Monthly Value;Export;Harmonized;M;M
Physical Energy & Power Flows;2021;2;53;53;53;CZ;SK;Monthly Value;Import;Harmonized;M;M
Physical Energy & Power Flows;2021;2;871;871;871;CZ;SK;Value on 3rd Wed. at 03;Export;Harmonized;M;M
Physical Energy & Power Flows;2021;2;1715;1715;1715;CZ;SK;Value on 3rd Wed. at 11;Export;Harmonized;M;M
Physical Energy & Power Flows;2021;3;595;595;595;CZ;SK;Monthly Value;Export;Harmonized;M;M
Physical Energy & Power Flows;2021;3;5;5;5;CZ;SK;Monthly Value;Import;Harmonized;M;M
Physical Energy & Power Flows;2021;3;117;117;117;CZ;SK;Value on 3rd Wed. at 03;Import;Harmonized;M;M
Physical Energy & Power Flows;2021;3;327;327;327;CZ;SK;Value on 3rd Wed. at 11;Export;Harmonized;M;M
Physical Energy & Power Flows;2021;4;686;686;686;CZ;SK;Monthly Value;Export;Harmonized;M;M
Physical Energy & Power Flows;2021;4;0;0;0;CZ;SK;Monthly Value;Import;Harmonized;M;M
Physical Energy & Power Flows;2021;4;1213;1213;1213;CZ;SK;Value on 3rd Wed. at 03;Export;Harmonized;M;M
Physical Energy & Power Flows;2021;4;872;872;872;CZ;SK;Value on 3rd Wed. at 11;Export;Harmonized;M;M
Physical Energy & Power Flows;2021;5;381;381;381;CZ;SK;Monthly Value;Export;Harmonized;M;M
Physical Energy & Power Flows;2021;5;41;41;41;CZ;SK;Monthly Value;Import;Harmonized;M;M
Physical Energy & Power Flows;2021;5;353;353;353;CZ;SK;Value on 3rd Wed. at 03;Import;Harmonized;M;M
Physical Energy & Power Flows;2021;5;122;122;122;CZ;SK;Value on 3rd Wed. at 11;Export;Harmonized;M;M
Physical Energy & Power Flows;2021;6;561;561;561;CZ;SK;Monthly Value;Export;Harmonized;M;M
Physical Energy & Power Flows;2021;6;15;15;15;CZ;SK;Monthly Value;Import;Harmonized;M;M
Physical Energy & Power Flows;2021;6;399;399;399;CZ;SK;Value on 3rd Wed. at 03;Import;Harmonized;M;M
Physical Energy & Power Flows;2021;6;722;722;722;CZ;SK;Value on 3rd Wed. at 11;Export;Harmonized;M;M
Physical Energy & Power Flows;2021;7;758;758;758;CZ;SK;Monthly Value;Export;Harmonized;M;M
Physical Energy & Power Flows;2021;7;0;0;0;CZ;SK;Monthly Value;Import;Harmonized;M;M
Physical Energy & Power Flows;2021;7;245;245;245;CZ;SK;Value on 3rd Wed. at 03;Export;Harmonized;M;M
Physical Energy & Power Flows;2021;7;1109;1109;1109;CZ;SK;Value on 3rd Wed. at 11;Export;Harmonized;M;M
Physical Energy & Power Flows;2021;8;730;730;730;CZ;SK;Monthly Value;Export;Harmonized;M;M
Physical Energy & Power Flows;2021;8;1277;1277;1277;CZ;SK;Value on 3rd Wed. at 03;Export;Harmonized;M;M
Physical Energy & Power Flows;2021;8;1247;1247;1247;CZ;SK;Value on 3rd Wed. at 11;Export;Harmonized;M;M
Physical Energy & Power Flows;2021;9;799;799;799;CZ;SK;Monthly Value;Export;Harmonized;M;M
Physical Energy & Power Flows;2021;9;0;0;0;CZ;SK;Monthly Value;Import;Harmonized;M;M
Physical Energy & Power Flows;2021;9;1012;1012;1012;CZ;SK;Value on 3rd Wed. at 03;Export;Harmonized;M;M
Physical Energy & Power Flows;2021;9;786;786;786;CZ;SK;Value on 3rd Wed. at 11;Export;Harmonized;M;M
Physical Energy & Power Flows;2021;10;1190;1190;1190;CZ;SK;Monthly Value;Export;Harmonized;M;M
Physical Energy & Power Flows;2021;10;1526;1526;1526;CZ;SK;Value on 3rd Wed. at 03;Export;Harmonized;M;M
Physical Energy & Power Flows;2021;10;1617;1617;1617;CZ;SK;Value on 3rd Wed. at 11;Export;Harmonized;M;M
Physical Energy & Power Flows;2021;11;1152;1152;1152;CZ;SK;Monthly Value;Export;Harmonized;M;M
Physical Energy & Power Flows;2021;11;0;0;0;CZ;SK;Monthly Value;Import;Harmonized;M;M
Physical Energy & Power Flows;2021;11;1696;1696;1696;CZ;SK;Value on 3rd Wed. at 03;Export;Harmonized;M;M
Physical Energy & Power Flows;2021;11;1896;1896;1896;CZ;SK;Value on 3rd Wed. at 11;Export;Harmonized;M;M
Physical Energy & Power Flows;2021;12;984;984;984;CZ;SK;Monthly Value;Export;Harmonized;M;M
Physical Energy & Power Flows;2021;12;1;1;1;CZ;SK;Monthly Value;Import;Harmonized;M;M
Physical Energy & Power Flows;2021;12;1535;1535;1535;CZ;SK;Value on 3rd Wed. at 03;Export;Harmonized;M;M
Physical Energy & Power Flows;2021;12;1598;1598;1598;CZ;SK;Value on 3rd Wed. at 11;Export;Harmonized;M;M
Physical Energy & Power Flows;2021;1;947;947;947;DE;AT;Monthly Value;Export;Harmonized;M;M
Physical Energy & Power Flows;2021;1;27;27;27;DE;AT;Monthly Value;Import;Harmonized;M;M
Physical Energy & Power Flows;2021;1;3211;3211;3211;DE;AT;Value on 3rd Wed. at 03;Export;Harmonized;M;M
Physical Energy & Power Flows;2021;1;2803;2803;2803;DE;AT;Value on 3rd Wed. at 11;Export;Harmonized;M;M
Physical Energy & Power Flows;2021;2;914;914;914;DE;AT;Monthly Value;Export;Harmonized;M;M
Physical Energy & Power Flows;2021;2;46;46;46;DE;AT;Monthly Value;Import;Harmonized;M;M
Physical Energy & Power Flows;2021;2;2991;2991;2991;DE;AT;Value on 3rd Wed. at 03;Export;Harmonized;M;M
Physical Energy & Power Flows;2021;2;2715;2715;2715;DE;AT;Value on 3rd Wed. at 11;Export;Harmonized;M;M
Physical Energy & Power Flows;2021;3;1228;1228;1228;DE;AT;Monthly Value;Export;Harmonized;M;M
Physical Energy & Power Flows;2021;3;3;3;3;DE;AT;Monthly Value;Import;Harmonized;M;M
Physical Energy & Power Flows;2021;3;1079;1079;1079;DE;AT;Value on 3rd Wed. at 03;Export;Harmonized;M;M
Physical Energy & Power Flows;2021;3;1363;1363;1363;DE;AT;Value on 3rd Wed. at 11;Export;Harmonized;M;M
Physical Energy & Power Flows;2021;4;974;974;974;DE;AT;Monthly Value;Export;Harmonized;M;M
Physical Energy & Power Flows;2021;4;14;14;14;DE;AT;Monthly Value;Import;Harmonized;M;M
Physical Energy & Power Flows;2021;4;2146;2146;2146;DE;AT;Value on 3rd Wed. at 03;Export;Harmonized;M;M
Physical Energy & Power Flows;2021;4;2362;2362;2362;DE;AT;Value on 3rd Wed. at 11;Export;Harmonized;M;M
Physical Energy & Power Flows;2021;5;356;356;356;DE;AT;Monthly Value;Export;Harmonized;M;M
Physical Energy & Power Flows;2021;5;276;276;276;DE;AT;Monthly Value;Import;Harmonized;M;M
Physical Energy & Power Flows;2021;5;1053;1053;1053;DE;AT;Value on 3rd Wed. at 03;Import;Harmonized;M;M
Physical Energy & Power Flows;2021;5;540;540;540;DE;AT;Value on 3rd Wed. at 11;Export;Harmonized;M;M
Physical Energy & Power Flows;2021;6;283;283;283;DE;AT;Monthly Value;Export;Harmonized;M;M
Physical Energy & Power Flows;2021;6;288;288;288;DE;AT;Monthly Value;Import;Harmonized;M;M
Physical Energy & Power Flows;2021;6;1078;1078;1078;DE;AT;Value on 3rd Wed. at 03;Import;Harmonized;M;M
Physical Energy & Power Flows;2021;6;850;850;850;DE;AT;Value on 3rd Wed. at 11;Export;Harmonized;M;M
Physical Energy & Power Flows;2021;7;349;349;349;DE;AT;Monthly Value;Export;Harmonized;M;M
Physical Energy & Power Flows;2021;7;192;192;192;DE;AT;Monthly Value;Import;Harmonized;M;M
Physical Energy & Power Flows;2021;7;710;710;710;DE;AT;Value on 3rd Wed. at 03;Import;Harmonized;M;M
Physical Energy & Power Flows;2021;7;1476;1476;1476;DE;AT;Value on 3rd Wed. at 11;Export;Harmonized;M;M
Physical Energy & Power Flows;2021;8;468;468;468;DE;AT;Monthly Value;Export;Harmonized;M;M
Physical Energy & Power Flows;2021;8;140;140;140;DE;AT;Monthly Value;Import;Harmonized;M;M
Physical Energy & Power Flows;2021;8;829;829;829;DE;AT;Value on 3rd Wed. at 03;Export;Harmonized;M;M
Physical Energy & Power Flows;2021;8;638;638;638;DE;AT;Value on 3rd Wed. at 11;Export;Harmonized;M;M
Physical Energy & Power Flows;2021;9;575;575;575;DE;AT;Monthly Value;Export;Harmonized;M;M
Physical Energy & Power Flows;2021;9;73;73;73;DE;AT;Monthly Value;Import;Harmonized;M;M
Physical Energy & Power Flows;2021;9;888;888;888;DE;AT;Value on 3rd Wed. at 03;Export;Harmonized;M;M
Physical Energy & Power Flows;2021;9;193;193;193;DE;AT;Value on 3rd Wed. at 11;Export;Harmonized;M;M
Physical Energy & Power Flows;2021;10;795;795;795;DE;AT;Monthly Value;Export;Harmonized;M;M
Physical Energy & Power Flows;2021;10;53;53;53;DE;AT;Monthly Value;Import;Harmonized;M;M
Physical Energy & Power Flows;2021;10;2158;2158;2158;DE;AT;Value on 3rd Wed. at 03;Export;Harmonized;M;M
Physical Energy & Power Flows;2021;10;2263;2263;2263;DE;AT;Value on 3rd Wed. at 11;Export;Harmonized;M;M
Physical Energy & Power Flows;2021;11;771;771;771;DE;AT;Monthly Value;Export;Harmonized;M;M
Physical Energy & Power Flows;2021;11;30;30;30;DE;AT;Monthly Value;Import;Harmonized;M;M
Physical Energy & Power Flows;2021;11;1309;1309;1309;DE;AT;Value on 3rd Wed. at 03;Export;Harmonized;M;M
Physical Energy & Power Flows;2021;11;360;360;360;DE;AT;Value on 3rd Wed. at 11;Export;Harmonized;M;M
Physical Energy & Power Flows;2021;12;1048;1048;1048;DE;AT;Monthly Value;Export;Harmonized;M;M
Physical Energy & Power Flows;2021;12;7;7;7;DE;AT;Monthly Value;Import;Harmonized;M;M
Physical Energy & Power Flows;2021;12;1934;1934;1934;DE;AT;Value on 3rd Wed. at 03;Export;Harmonized;M;M
Physical Energy & Power Flows;2021;12;1409;1409;1409;DE;AT;Value on 3rd Wed. at 11;Export;Harmonized;M;M
Physical Energy & Power Flows;2021;1;408;408;408;DE;BE;Monthly Value;Export;Harmonized;M;M
Physical Energy & Power Flows;2021;1;88;88;88;DE;BE;Monthly Value;Import;Harmonized;M;M
Physical Energy & Power Flows;2021;1;1002;1002;1002;DE;BE;Value on 3rd Wed. at 03;Export;Harmonized;M;M
Physical Energy & Power Flows;2021;1;1002;1002;1002;DE;BE;Value on 3rd Wed. at 11;Export;Harmonized;M;M
Physical Energy & Power Flows;2021;2;147;147;147;DE;BE;Monthly Value;Export;Harmonized;M;M
Physical Energy & Power Flows;2021;2;237;237;237;DE;BE;Monthly Value;Import;Harmonized;M;M
Physical Energy & Power Flows;2021;2;355;355;355;DE;BE;Value on 3rd Wed. at 03;Export;Harmonized;M;M
Physical Energy & Power Flows;2021;2;975;975;975;DE;BE;Value on 3rd Wed. at 11;Export;Harmonized;M;M
Physical Energy & Power Flows;2021;3;164;164;164;DE;BE;Monthly Value;Export;Harmonized;M;M
Physical Energy & Power Flows;2021;3;229;229;229;DE;BE;Monthly Value;Import;Harmonized;M;M
Physical Energy & Power Flows;2021;3;986;986;986;DE;BE;Value on 3rd Wed. at 03;Import;Harmonized;M;M
Physical Energy & Power Flows;2021;3;949;949;949;DE;BE;Value on 3rd Wed. at 11;Import;Harmonized;M;M
Physical Energy & Power Flows;2021;4;261;261;261;DE;BE;Monthly Value;Export;Harmonized;M;M
Physical Energy & Power Flows;2021;4;129;129;129;DE;BE;Monthly Value;Import;Harmonized;M;M
Physical Energy & Power Flows;2021;4;349;349;349;DE;BE;Value on 3rd Wed. at 03;Export;Harmonized;M;M
Physical Energy & Power Flows;2021;4;97;97;97;DE;BE;Value on 3rd Wed. at 11;Export;Harmonized;M;M
Physical Energy & Power Flows;2021;5;128;128;128;DE;BE;Monthly Value;Export;Harmonized;M;M
Physical Energy & Power Flows;2021;5;114;114;114;DE;BE;Monthly Value;Import;Harmonized;M;M
Physical Energy & Power Flows;2021;5;0;0;0;DE;BE;Value on 3rd Wed. at 03;Import;Harmonized;M;M
Physical Energy & Power Flows;2021;5;0;0;0;DE;BE;Value on 3rd Wed. at 11;Import;Harmonized;M;M
Physical Energy & Power Flows;2021;6;116;116;116;DE;BE;Monthly Value;Export;Harmonized;M;M
Physical Energy & Power Flows;2021;6;185;185;185;DE;BE;Monthly Value;Import;Harmonized;M;M
Physical Energy & Power Flows;2021;6;413;413;413;DE;BE;Value on 3rd Wed. at 03;Import;Harmonized;M;M
Physical Energy & Power Flows;2021;6;826;826;826;DE;BE;Value on 3rd Wed. at 11;Export;Harmonized;M;M
Physical Energy & Power Flows;2021;7;94;94;94;DE;BE;Monthly Value;Export;Harmonized;M;M
Physical Energy & Power Flows;2021;7;238;238;238;DE;BE;Monthly Value;Import;Harmonized;M;M
Physical Energy & Power Flows;2021;7;16;16;16;DE;BE;Value on 3rd Wed. at 03;Import;Harmonized;M;M
Physical Energy & Power Flows;2021;7;859;859;859;DE;BE;Value on 3rd Wed. at 11;Import;Harmonized;M;M
Physical Energy & Power Flows;2021;8;67;67;67;DE;BE;Monthly Value;Export;Harmonized;M;M
Physical Energy & Power Flows;2021;8;129;129;129;DE;BE;Monthly Value;Import;Harmonized;M;M
Physical Energy & Power Flows;2021;8;900;900;900;DE;BE;Value on 3rd Wed. at 03;Import;Harmonized;M;M
Physical Energy & Power Flows;2021;8;665;665;665;DE;BE;Value on 3rd Wed. at 11;Export;Harmonized;M;M
Physical Energy & Power Flows;2021;9;280;280;280;DE;BE;Monthly Value;Export;Harmonized;M;M
Physical Energy & Power Flows;2021;9;49;49;49;DE;BE;Monthly Value;Import;Harmonized;M;M
Physical Energy & Power Flows;2021;9;735;735;735;DE;BE;Value on 3rd Wed. at 03;Export;Harmonized;M;M
Physical Energy & Power Flows;2021;9;345;345;345;DE;BE;Value on 3rd Wed. at 11;Export;Harmonized;M;M
Physical Energy & Power Flows;2021;10;226;226;226;DE;BE;Monthly Value;Export;Harmonized;M;M
Physical Energy & Power Flows;2021;10;120;120;120;DE;BE;Monthly Value;Import;Harmonized;M;M
Physical Energy & Power Flows;2021;10;73;73;73;DE;BE;Value on 3rd Wed. at 03;Export;Harmonized;M;M
Physical Energy & Power Flows;2021;10;394;394;394;DE;BE;Value on 3rd Wed. at 11;Export;Harmonized;M;M
Physical Energy & Power Flows;2021;11;297;297;297;DE;BE;Monthly Value;Export;Harmonized;M;M
Physical Energy & Power Flows;2021;11;152;152;152;DE;BE;Monthly Value;Import;Harmonized;M;M
Physical Energy & Power Flows;2021;11;166;166;166;DE;BE;Value on 3rd Wed. at 03;Import;Harmonized;M;M
Physical Energy & Power Flows;2021;11;842;842;842;DE;BE;Value on 3rd Wed. at 11;Export;Harmonized;M;M
Physical Energy & Power Flows;2021;12;384;384;384;DE;BE;Monthly Value;Export;Harmonized;M;M
Physical Energy & Power Flows;2021;12;116;116;116;DE;BE;Monthly Value;Import;Harmonized;M;M
Physical Energy & Power Flows;2021;12;822;822;822;DE;BE;Value on 3rd Wed. at 03;Export;Harmonized;M;M
Physical Energy & Power Flows;2021;12;997;997;997;DE;BE;Value on 3rd Wed. at 11;Import;Harmonized;M;M
Physical Energy & Power Flows;2021;1;1482;1482;1482;DE;CH;Monthly Value;Export;Harmonized;M;M
Physical Energy & Power Flows;2021;1;24;24;24;DE;CH;Monthly Value;Import;Harmonized;M;M
Physical Energy & Power Flows;2021;1;3284;3284;3284;DE;CH;Value on 3rd Wed. at 03;Export;Harmonized;M;M
Physical Energy & Power Flows;2021;1;2776;2776;2776;DE;CH;Value on 3rd Wed. at 11;Export;Harmonized;M;M
Physical Energy & Power Flows;2021;2;1042;1042;1042;DE;CH;Monthly Value;Export;Harmonized;M;M
Physical Energy & Power Flows;2021;2;52;52;52;DE;CH;Monthly Value;Import;Harmonized;M;M
Physical Energy & Power Flows;2021;2;3181;3181;3181;DE;CH;Value on 3rd Wed. at 03;Export;Harmonized;M;M
Physical Energy & Power Flows;2021;2;2190;2190;2190;DE;CH;Value on 3rd Wed. at 11;Export;Harmonized;M;M
Physical Energy & Power Flows;2021;3;1237;1237;1237;DE;CH;Monthly Value;Export;Harmonized;M;M
Physical Energy & Power Flows;2021;3;35;35;35;DE;CH;Monthly Value;Import;Harmonized;M;M
Physical Energy & Power Flows;2021;3;1592;1592;1592;DE;CH;Value on 3rd Wed. at 03;Export;Harmonized;M;M
Physical Energy & Power Flows;2021;3;948;948;948;DE;CH;Value on 3rd Wed. at 11;Export;Harmonized;M;M
Physical Energy & Power Flows;2021;4;1033;1033;1033;DE;CH;Monthly Value;Export;Harmonized;M;M
Physical Energy & Power Flows;2021;4;38;38;38;DE;CH;Monthly Value;Import;Harmonized;M;M
Physical Energy & Power Flows;2021;4;1930;1930;1930;DE;CH;Value on 3rd Wed. at 03;Export;Harmonized;M;M
Physical Energy & Power Flows;2021;4;1111;1111;1111;DE;CH;Value on 3rd Wed. at 11;Export;Harmonized;M;M
Physical Energy & Power Flows;2021;5;542;542;542;DE;CH;Monthly Value;Export;Harmonized;M;M
Physical Energy & Power Flows;2021;5;290;290;290;DE;CH;Monthly Value;Import;Harmonized;M;M
Physical Energy & Power Flows;2021;5;295;295;295;DE;CH;Value on 3rd Wed. at 03;Export;Harmonized;M;M
Physical Energy & Power Flows;2021;5;285;285;285;DE;CH;Value on 3rd Wed. at 11;Export;Harmonized;M;M
Physical Energy & Power Flows;2021;6;475;475;475;DE;CH;Monthly Value;Export;Harmonized;M;M
Physical Energy & Power Flows;2021;6;245;245;245;DE;CH;Monthly Value;Import;Harmonized;M;M
Physical Energy & Power Flows;2021;6;718;718;718;DE;CH;Value on 3rd Wed. at 03;Export;Harmonized;M;M
Physical Energy & Power Flows;2021;6;2637;2637;2637;DE;CH;Value on 3rd Wed. at 11;Export;Harmonized;M;M
Physical Energy & Power Flows;2021;7;520;520;520;DE;CH;Monthly Value;Export;Harmonized;M;M
Physical Energy & Power Flows;2021;7;192;192;192;DE;CH;Monthly Value;Import;Harmonized;M;M
Physical Energy & Power Flows;2021;7;1005;1005;1005;DE;CH;Value on 3rd Wed. at 03;Export;Harmonized;M;M
Physical Energy & Power Flows;2021;7;2058;2058;2058;DE;CH;Value on 3rd Wed. at 11;Export;Harmonized;M;M
Physical Energy & Power Flows;2021;8;502;502;502;DE;CH;Monthly Value;Export;Harmonized;M;M
Physical Energy & Power Flows;2021;8;324;324;324;DE;CH;Monthly Value;Import;Harmonized;M;M
Physical Energy & Power Flows;2021;8;812;812;812;DE;CH;Value on 3rd Wed. at 03;Export;Harmonized;M;M
Physical Energy & Power Flows;2021;8;786;786;786;DE;CH;Value on 3rd Wed. at 11;Export;Harmonized;M;M
Physical Energy & Power Flows;2021;9;1296;1296;1296;DE;CH;Monthly Value;Export;Harmonized;M;M
Physical Energy & Power Flows;2021;9;66;66;66;DE;CH;Monthly Value;Import;Harmonized;M;M
Physical Energy & Power Flows;2021;9;2818;2818;2818;DE;CH;Value on 3rd Wed. at 03;Export;Harmonized;M;M
Physical Energy & Power Flows;2021;9;382;382;382;DE;CH;Value on 3rd Wed. at 11;Import;Harmonized;M;M
Physical Energy & Power Flows;2021;10;1981;1981;1981;DE;CH;Monthly Value;Export;Harmonized;M;M
Physical Energy & Power Flows;2021;10;23;23;23;DE;CH;Monthly Value;Import;Harmonized;M;M
Physical Energy & Power Flows;2021;10;2423;2423;2423;DE;CH;Value on 3rd Wed. at 03;Export;Harmonized;M;M
Physical Energy & Power Flows;2021;10;2924;2924;2924;DE;CH;Value on 3rd Wed. at 11;Export;Harmonized;M;M
Physical Energy & Power Flows;2021;11;2089;2089;2089;DE;CH;Monthly Value;Export;Harmonized;M;M
Physical Energy & Power Flows;2021;11;12;12;12;DE;CH;Monthly Value;Import;Harmonized;M;M
Physical Energy & Power Flows;2021;11;4036;4036;4036;DE;CH;Value on 3rd Wed. at 03;Export;Harmonized;M;M
Physical Energy & Power Flows;2021;11;3341;3341;3341;DE;CH;Value on 3rd Wed. at 11;Export;Harmonized;M;M
Physical Energy & Power Flows;2021;12;1676;1676;1676;DE;CH;Monthly Value;Export;Harmonized;M;M
Physical Energy & Power Flows;2021;12;5;5;5;DE;CH;Monthly Value;Import;Harmonized;M;M
Physical Energy & Power Flows;2021;12;1948;1948;1948;DE;CH;Value on 3rd Wed. at 03;Export;Harmonized;M;M
Physical Energy & Power Flows;2021;12;1666;1666;1666;DE;CH;Value on 3rd Wed. at 11;Export;Harmonized;M;M
Physical Energy & Power Flows;2021;1;252;252;252;DE;CZ;Monthly Value;Export;Harmonized;M;M
Physical Energy & Power Flows;2021;1;621;621;621;DE;CZ;Monthly Value;Import;Harmonized;M;M
Physical Energy & Power Flows;2021;1;1749;1749;1749;DE;CZ;Value on 3rd Wed. at 03;Export;Harmonized;M;M
Physical Energy & Power Flows;2021;1;1365;1365;1365;DE;CZ;Value on 3rd Wed. at 11;Export;Harmonized;M;M
Physical Energy & Power Flows;2021;2;296;296;296;DE;CZ;Monthly Value;Export;Harmonized;M;M
Physical Energy & Power Flows;2021;2;292;292;292;DE;CZ;Monthly Value;Import;Harmonized;M;M
Physical Energy & Power Flows;2021;2;1681;1681;1681;DE;CZ;Value on 3rd Wed. at 03;Export;Harmonized;M;M
Physical Energy & Power Flows;2021;2;1304;1304;1304;DE;CZ;Value on 3rd Wed. at 11;Export;Harmonized;M;M
Physical Energy & Power Flows;2021;3;450;450;450;DE;CZ;Monthly Value;Export;Harmonized;M;M
Physical Energy & Power Flows;2021;3;93;93;93;DE;CZ;Monthly Value;Import;Harmonized;M;M
Physical Energy & Power Flows;2021;3;97;97;97;DE;CZ;Value on 3rd Wed. at 03;Import;Harmonized;M;M
Physical Energy & Power Flows;2021;3;124;124;124;DE;CZ;Value on 3rd Wed. at 11;Export;Harmonized;M;M
Physical Energy & Power Flows;2021;4;548;548;548;DE;CZ;Monthly Value;Export;Harmonized;M;M
Physical Energy & Power Flows;2021;4;73;73;73;DE;CZ;Monthly Value;Import;Harmonized;M;M
Physical Energy & Power Flows;2021;4;526;526;526;DE;CZ;Value on 3rd Wed. at 03;Export;Harmonized;M;M
Physical Energy & Power Flows;2021;4;692;692;692;DE;CZ;Value on 3rd Wed. at 11;Export;Harmonized;M;M
Physical Energy & Power Flows;2021;5;409;409;409;DE;CZ;Monthly Value;Export;Harmonized;M;M
Physical Energy & Power Flows;2021;5;225;225;225;DE;CZ;Monthly Value;Import;Harmonized;M;M
Physical Energy & Power Flows;2021;5;839;839;839;DE;CZ;Value on 3rd Wed. at 03;Import;Harmonized;M;M
Physical Energy & Power Flows;2021;5;861;861;861;DE;CZ;Value on 3rd Wed. at 11;Export;Harmonized;M;M
Physical Energy & Power Flows;2021;6;314;314;314;DE;CZ;Monthly Value;Export;Harmonized;M;M
Physical Energy & Power Flows;2021;6;300;300;300;DE;CZ;Monthly Value;Import;Harmonized;M;M
Physical Energy & Power Flows;2021;6;1191;1191;1191;DE;CZ;Value on 3rd Wed. at 03;Import;Harmonized;M;M
Physical Energy & Power Flows;2021;6;435;435;435;DE;CZ;Value on 3rd Wed. at 11;Export;Harmonized;M;M
Physical Energy & Power Flows;2021;7;424;424;424;DE;CZ;Monthly Value;Export;Harmonized;M;M
Physical Energy & Power Flows;2021;7;194;194;194;DE;CZ;Monthly Value;Import;Harmonized;M;M
Physical Energy & Power Flows;2021;7;1313;1313;1313;DE;CZ;Value on 3rd Wed. at 03;Import;Harmonized;M;M
Physical Energy & Power Flows;2021;7;234;234;234;DE;CZ;Value on 3rd Wed. at 11;Export;Harmonized;M;M
Physical Energy & Power Flows;2021;8;363;363;363;DE;CZ;Monthly Value;Export;Harmonized;M;M
Physical Energy & Power Flows;2021;8;245;245;245;DE;CZ;Monthly Value;Import;Harmonized;M;M
Physical Energy & Power Flows;2021;8;916;916;916;DE;CZ;Value on 3rd Wed. at 03;Export;Harmonized;M;M
Physical Energy & Power Flows;2021;8;951;951;951;DE;CZ;Value on 3rd Wed. at 11;Export;Harmonized;M;M
Physical Energy & Power Flows;2021;9;202;202;202;DE;CZ;Monthly Value;Export;Harmonized;M;M
Physical Energy & Power Flows;2021;9;317;317;317;DE;CZ;Monthly Value;Import;Harmonized;M;M
Physical Energy & Power Flows;2021;9;348;348;348;DE;CZ;Value on 3rd Wed. at 03;Import;Harmonized;M;M
Physical Energy & Power Flows;2021;9;865;865;865;DE;CZ;Value on 3rd Wed. at 11;Import;Harmonized;M;M
Physical Energy & Power Flows;2021;10;130;130;130;DE;CZ;Monthly Value;Export;Harmonized;M;M
Physical Energy & Power Flows;2021;10;321;321;321;DE;CZ;Monthly Value;Import;Harmonized;M;M
Physical Energy & Power Flows;2021;10;558;558;558;DE;CZ;Value on 3rd Wed. at 03;Export;Harmonized;M;M
Physical Energy & Power Flows;2021;10;202;202;202;DE;CZ;Value on 3rd Wed. at 11;Export;Harmonized;M;M
Physical Energy & Power Flows;2021;11;91;91;91;DE;CZ;Monthly Value;Export;Harmonized;M;M
Physical Energy & Power Flows;2021;11;382;382;382;DE;CZ;Monthly Value;Import;Harmonized;M;M
Physical Energy & Power Flows;2021;11;471;471;471;DE;CZ;Value on 3rd Wed. at 03;Import;Harmonized;M;M
Physical Energy & Power Flows;2021;11;320;320;320;DE;CZ;Value on 3rd Wed. at 11;Import;Harmonized;M;M
Physical Energy & Power Flows;2021;12;200;200;200;DE;CZ;Monthly Value;Export;Harmonized;M;M
Physical Energy & Power Flows;2021;12;359;359;359;DE;CZ;Monthly Value;Import;Harmonized;M;M
Physical Energy & Power Flows;2021;12;16;16;16;DE;CZ;Value on 3rd Wed. at 03;Export;Harmonized;M;M
Physical Energy & Power Flows;2021;12;651;651;651;DE;CZ;Value on 3rd Wed. at 11;Export;Harmonized;M;M
Physical Energy & Power Flows;2021;1;369;369;369;DE;DK;Monthly Value;Export;Harmonized;M;M
Physical Energy & Power Flows;2021;1;704;704;704;DE;DK;Monthly Value;Import;Harmonized;M;M
Physical Energy & Power Flows;2021;1;2580;2580;2580;DE;DK;Value on 3rd Wed. at 03;Export;Harmonized;M;M
Physical Energy & Power Flows;2021;1;476;476;476;DE;DK;Value on 3rd Wed. at 11;Export;Harmonized;M;M
Physical Energy & Power Flows;2021;2;504;504;504;DE;DK;Monthly Value;Export;Harmonized;M;M
Physical Energy & Power Flows;2021;2;307;307;307;DE;DK;Monthly Value;Import;Harmonized;M;M
Physical Energy & Power Flows;2021;2;2190;2190;2190;DE;DK;Value on 3rd Wed. at 03;Export;Harmonized;M;M
Physical Energy & Power Flows;2021;2;1454;1454;1454;DE;DK;Value on 3rd Wed. at 11;Export;Harmonized;M;M
Physical Energy & Power Flows;2021;3;249;249;249;DE;DK;Monthly Value;Export;Harmonized;M;M
Physical Energy & Power Flows;2021;3;896;896;896;DE;DK;Monthly Value;Import;Harmonized;M;M
Physical Energy & Power Flows;2021;3;2178;2178;2178;DE;DK;Value on 3rd Wed. at 03;Import;Harmonized;M;M
Physical Energy & Power Flows;2021;3;2046;2046;2046;DE;DK;Value on 3rd Wed. at 11;Import;Harmonized;M;M
Physical Energy & Power Flows;2021;4;134;134;134;DE;DK;Monthly Value;Export;Harmonized;M;M
Physical Energy & Power Flows;2021;4;838;838;838;DE;DK;Monthly Value;Import;Harmonized;M;M
Physical Energy & Power Flows;2021;4;2533;2533;2533;DE;DK;Value on 3rd Wed. at 03;Import;Harmonized;M;M
Physical Energy & Power Flows;2021;4;466;466;466;DE;DK;Value on 3rd Wed. at 11;Export;Harmonized;M;M
Physical Energy & Power Flows;2021;5;454;454;454;DE;DK;Monthly Value;Export;Harmonized;M;M
Physical Energy & Power Flows;2021;5;561;561;561;DE;DK;Monthly Value;Import;Harmonized;M;M
Physical Energy & Power Flows;2021;5;2273;2273;2273;DE;DK;Value on 3rd Wed. at 03;Import;Harmonized;M;M
Physical Energy & Power Flows;2021;5;1413;1413;1413;DE;DK;Value on 3rd Wed. at 11;Import;Harmonized;M;M
Physical Energy & Power Flows;2021;6;125;125;125;DE;DK;Monthly Value;Export;Harmonized;M;M
Physical Energy & Power Flows;2021;6;432;432;432;DE;DK;Monthly Value;Import;Harmonized;M;M
Physical Energy & Power Flows;2021;6;304;304;304;DE;DK;Value on 3rd Wed. at 03;Import;Harmonized;M;M
Physical Energy & Power Flows;2021;6;455;455;455;DE;DK;Value on 3rd Wed. at 11;Export;Harmonized;M;M
Physical Energy & Power Flows;2021;7;118;118;118;DE;DK;Monthly Value;Export;Harmonized;M;M
Physical Energy & Power Flows;2021;7;487;487;487;DE;DK;Monthly Value;Import;Harmonized;M;M
Physical Energy & Power Flows;2021;7;1429;1429;1429;DE;DK;Value on 3rd Wed. at 03;Import;Harmonized;M;M
Physical Energy & Power Flows;2021;7;119;119;119;DE;DK;Value on 3rd Wed. at 11;Export;Harmonized;M;M
Physical Energy & Power Flows;2021;8;349;349;349;DE;DK;Monthly Value;Export;Harmonized;M;M
Physical Energy & Power Flows;2021;8;351;351;351;DE;DK;Monthly Value;Import;Harmonized;M;M
Physical Energy & Power Flows;2021;8;822;822;822;DE;DK;Value on 3rd Wed. at 03;Import;Harmonized;M;M
Physical Energy & Power Flows;2021;8;373;373;373;DE;DK;Value on 3rd Wed. at 11;Export;Harmonized;M;M
Physical Energy & Power Flows;2021;9;161;161;161;DE;DK;Monthly Value;Export;Harmonized;M;M
Physical Energy & Power Flows;2021;9;534;534;534;DE;DK;Monthly Value;Import;Harmonized;M;M
Physical Energy & Power Flows;2021;9;1259;1259;1259;DE;DK;Value on 3rd Wed. at 03;Import;Harmonized;M;M
Physical Energy & Power Flows;2021;9;300;300;300;DE;DK;Value on 3rd Wed. at 11;Import;Harmonized;M;M
Physical Energy & Power Flows;2021;10;167;167;167;DE;DK;Monthly Value;Export;Harmonized;M;M
Physical Energy & Power Flows;2021;10;572;572;572;DE;DK;Monthly Value;Import;Harmonized;M;M
Physical Energy & Power Flows;2021;10;13;13;13;DE;DK;Value on 3rd Wed. at 03;Import;Harmonized;M;M
Physical Energy & Power Flows;2021;10;1646;1646;1646;DE;DK;Value on 3rd Wed. at 11;Export;Harmonized;M;M
Physical Energy & Power Flows;2021;11;200;200;200;DE;DK;Monthly Value;Export;Harmonized;M;M
Physical Energy & Power Flows;2021;11;849;849;849;DE;DK;Monthly Value;Import;Harmonized;M;M
Physical Energy & Power Flows;2021;11;1778;1778;1778;DE;DK;Value on 3rd Wed. at 03;Import;Harmonized;M;M
Physical Energy & Power Flows;2021;11;541;541;541;DE;DK;Value on 3rd Wed. at 11;Import;Harmonized;M;M
Physical Energy & Power Flows;2021;12;304;304;304;DE;DK;Monthly Value;Export;Harmonized;M;M
Physical Energy & Power Flows;2021;12;756;756;756;DE;DK;Monthly Value;Import;Harmonized;M;M
Physical Energy & Power Flows;2021;12;782;782;782;DE;DK;Value on 3rd Wed. at 03;Import;Harmonized;M;M
Physical Energy & Power Flows;2021;12;778;778;778;DE;DK;Value on 3rd Wed. at 11;Import;Harmonized;M;M
Physical Energy & Power Flows;2021;1;657;657;657;DE;FR;Monthly Value;Export;Harmonized;M;M
Physical Energy & Power Flows;2021;1;449;449;449;DE;FR;Monthly Value;Import;Harmonized;M;M
Physical Energy & Power Flows;2021;1;895;895;895;DE;FR;Value on 3rd Wed. at 03;Import;Harmonized;M;M
Physical Energy & Power Flows;2021;1;621;621;621;DE;FR;Value on 3rd Wed. at 11;Import;Harmonized;M;M
Physical Energy & Power Flows;2021;2;119;119;119;DE;FR;Monthly Value;Export;Harmonized;M;M
Physical Energy & Power Flows;2021;2;1040;1040;1040;DE;FR;Monthly Value;Import;Harmonized;M;M
Physical Energy & Power Flows;2021;2;1547;1547;1547;DE;FR;Value on 3rd Wed. at 03;Import;Harmonized;M;M
Physical Energy & Power Flows;2021;2;1729;1729;1729;DE;FR;Value on 3rd Wed. at 11;Import;Harmonized;M;M
Physical Energy & Power Flows;2021;3;292;292;292;DE;FR;Monthly Value;Export;Harmonized;M;M
Physical Energy & Power Flows;2021;3;541;541;541;DE;FR;Monthly Value;Import;Harmonized;M;M
Physical Energy & Power Flows;2021;3;2884;2884;2884;DE;FR;Value on 3rd Wed. at 03;Import;Harmonized;M;M
Physical Energy & Power Flows;2021;3;2013;2013;2013;DE;FR;Value on 3rd Wed. at 11;Import;Harmonized;M;M
Physical Energy & Power Flows;2021;4;684;684;684;DE;FR;Monthly Value;Export;Harmonized;M;M
Physical Energy & Power Flows;2021;4;218;218;218;DE;FR;Monthly Value;Import;Harmonized;M;M
Physical Energy & Power Flows;2021;4;414;414;414;DE;FR;Value on 3rd Wed. at 03;Export;Harmonized;M;M
Physical Energy & Power Flows;2021;4;580;580;580;DE;FR;Value on 3rd Wed. at 11;Export;Harmonized;M;M
Physical Energy & Power Flows;2021;5;252;252;252;DE;FR;Monthly Value;Export;Harmonized;M;M
Physical Energy & Power Flows;2021;5;743;743;743;DE;FR;Monthly Value;Import;Harmonized;M;M
Physical Energy & Power Flows;2021;5;1277;1277;1277;DE;FR;Value on 3rd Wed. at 03;Import;Harmonized;M;M
Physical Energy & Power Flows;2021;5;91;91;91;DE;FR;Value on 3rd Wed. at 11;Import;Harmonized;M;M
Physical Energy & Power Flows;2021;6;82;82;82;DE;FR;Monthly Value;Export;Harmonized;M;M
Physical Energy & Power Flows;2021;6;1151;1151;1151;DE;FR;Monthly Value;Import;Harmonized;M;M
Physical Energy & Power Flows;2021;6;1829;1829;1829;DE;FR;Value on 3rd Wed. at 03;Import;Harmonized;M;M
Physical Energy & Power Flows;2021;6;1612;1612;1612;DE;FR;Value on 3rd Wed. at 11;Export;Harmonized;M;M
Physical Energy & Power Flows;2021;7;29;29;29;DE;FR;Monthly Value;Export;Harmonized;M;M
Physical Energy & Power Flows;2021;7;1524;1524;1524;DE;FR;Monthly Value;Import;Harmonized;M;M
Physical Energy & Power Flows;2021;7;2496;2496;2496;DE;FR;Value on 3rd Wed. at 03;Import;Harmonized;M;M
Physical Energy & Power Flows;2021;7;306;306;306;DE;FR;Value on 3rd Wed. at 11;Import;Harmonized;M;M
Physical Energy & Power Flows;2021;8;7;7;7;DE;FR;Monthly Value;Export;Harmonized;M;M
Physical Energy & Power Flows;2021;8;1623;1623;1623;DE;FR;Monthly Value;Import;Harmonized;M;M
Physical Energy & Power Flows;2021;8;2902;2902;2902;DE;FR;Value on 3rd Wed. at 03;Import;Harmonized;M;M
Physical Energy & Power Flows;2021;8;232;232;232;DE;FR;Value on 3rd Wed. at 11;Import;Harmonized;M;M
Physical Energy & Power Flows;2021;9;78;78;78;DE;FR;Monthly Value;Export;Harmonized;M;M
Physical Energy & Power Flows;2021;9;943;943;943;DE;FR;Monthly Value;Import;Harmonized;M;M
Physical Energy & Power Flows;2021;9;590;590;590;DE;FR;Value on 3rd Wed. at 03;Import;Harmonized;M;M
Physical Energy & Power Flows;2021;9;2485;2485;2485;DE;FR;Value on 3rd Wed. at 11;Import;Harmonized;M;M
Physical Energy & Power Flows;2021;10;131;131;131;DE;FR;Monthly Value;Export;Harmonized;M;M
Physical Energy & Power Flows;2021;10;582;582;582;DE;FR;Monthly Value;Import;Harmonized;M;M
Physical Energy & Power Flows;2021;10;2886;2886;2886;DE;FR;Value on 3rd Wed. at 03;Import;Harmonized;M;M
Physical Energy & Power Flows;2021;10;480;480;480;DE;FR;Value on 3rd Wed. at 11;Import;Harmonized;M;M
Physical Energy & Power Flows;2021;11;582;582;582;DE;FR;Monthly Value;Export;Harmonized;M;M
Physical Energy & Power Flows;2021;11;244;244;244;DE;FR;Monthly Value;Import;Harmonized;M;M
Physical Energy & Power Flows;2021;11;817;817;817;DE;FR;Value on 3rd Wed. at 03;Export;Harmonized;M;M
Physical Energy & Power Flows;2021;11;399;399;399;DE;FR;Value on 3rd Wed. at 11;Export;Harmonized;M;M
Physical Energy & Power Flows;2021;12;783;783;783;DE;FR;Monthly Value;Export;Harmonized;M;M
Physical Energy & Power Flows;2021;12;220;220;220;DE;FR;Monthly Value;Import;Harmonized;M;M
Physical Energy & Power Flows;2021;12;186;186;186;DE;FR;Value on 3rd Wed. at 03;Export;Harmonized;M;M
Physical Energy & Power Flows;2021;12;539;539;539;DE;FR;Value on 3rd Wed. at 11;Export;Harmonized;M;M
Physical Energy & Power Flows;2021;1;310;310;310;DE;LU;Monthly Value;Export;Harmonized;M;M
Physical Energy & Power Flows;2021;1;164;164;164;DE;LU;Value on 3rd Wed. at 03;Export;Harmonized;M;M
Physical Energy & Power Flows;2021;1;480;480;480;DE;LU;Value on 3rd Wed. at 11;Export;Harmonized;M;M
Physical Energy & Power Flows;2021;2;276;276;276;DE;LU;Monthly Value;Export;Harmonized;M;M
Physical Energy & Power Flows;2021;2;287;287;287;DE;LU;Value on 3rd Wed. at 03;Export;Harmonized;M;M
Physical Energy & Power Flows;2021;2;392;392;392;DE;LU;Value on 3rd Wed. at 11;Export;Harmonized;M;M
Physical Energy & Power Flows;2021;3;276;276;276;DE;LU;Monthly Value;Export;Harmonized;M;M
Physical Energy & Power Flows;2021;3;358;358;358;DE;LU;Value on 3rd Wed. at 03;Export;Harmonized;M;M
Physical Energy & Power Flows;2021;3;481;481;481;DE;LU;Value on 3rd Wed. at 11;Export;Harmonized;M;M
Physical Energy & Power Flows;2021;4;221;221;221;DE;LU;Monthly Value;Export;Harmonized;M;M
Physical Energy & Power Flows;2021;4;241;241;241;DE;LU;Value on 3rd Wed. at 03;Export;Harmonized;M;M
Physical Energy & Power Flows;2021;4;339;339;339;DE;LU;Value on 3rd Wed. at 11;Export;Harmonized;M;M
Physical Energy & Power Flows;2021;5;188;188;188;DE;LU;Monthly Value;Export;Harmonized;M;M
Physical Energy & Power Flows;2021;5;209;209;209;DE;LU;Value on 3rd Wed. at 03;Export;Harmonized;M;M
Physical Energy & Power Flows;2021;5;418;418;418;DE;LU;Value on 3rd Wed. at 11;Export;Harmonized;M;M
Physical Energy & Power Flows;2021;6;225;225;225;DE;LU;Monthly Value;Export;Harmonized;M;M
Physical Energy & Power Flows;2021;6;197;197;197;DE;LU;Value on 3rd Wed. at 03;Export;Harmonized;M;M
Physical Energy & Power Flows;2021;6;487;487;487;DE;LU;Value on 3rd Wed. at 11;Export;Harmonized;M;M
Physical Energy & Power Flows;2021;7;233;233;233;DE;LU;Monthly Value;Export;Harmonized;M;M
Physical Energy & Power Flows;2021;7;194;194;194;DE;LU;Value on 3rd Wed. at 03;Export;Harmonized;M;M
Physical Energy & Power Flows;2021;7;436;436;436;DE;LU;Value on 3rd Wed. at 11;Export;Harmonized;M;M
Physical Energy & Power Flows;2021;8;214;214;214;DE;LU;Monthly Value;Export;Harmonized;M;M
Physical Energy & Power Flows;2021;8;153;153;153;DE;LU;Value on 3rd Wed. at 03;Export;Harmonized;M;M
Physical Energy & Power Flows;2021;8;424;424;424;DE;LU;Value on 3rd Wed. at 11;Export;Harmonized;M;M
Physical Energy & Power Flows;2021;9;248;248;248;DE;LU;Monthly Value;Export;Harmonized;M;M
Physical Energy & Power Flows;2021;9;177;177;177;DE;LU;Value on 3rd Wed. at 03;Export;Harmonized;M;M
Physical Energy & Power Flows;2021;9;370;370;370;DE;LU;Value on 3rd Wed. at 11;Export;Harmonized;M;M
Physical Energy & Power Flows;2021;10;297;297;297;DE;LU;Monthly Value;Export;Harmonized;M;M
Physical Energy & Power Flows;2021;10;118;118;118;DE;LU;Value on 3rd Wed. at 03;Export;Harmonized;M;M
Physical Energy & Power Flows;2021;10;457;457;457;DE;LU;Value on 3rd Wed. at 11;Export;Harmonized;M;M
Physical Energy & Power Flows;2021;11;318;318;318;DE;LU;Monthly Value;Export;Harmonized;M;M
Physical Energy & Power Flows;2021;11;315;315;315;DE;LU;Value on 3rd Wed. at 03;Export;Harmonized;M;M
Physical Energy & Power Flows;2021;11;395;395;395;DE;LU;Value on 3rd Wed. at 11;Export;Harmonized;M;M
Physical Energy & Power Flows;2021;12;303;303;303;DE;LU;Monthly Value;Export;Harmonized;M;M
Physical Energy & Power Flows;2021;12;339;339;339;DE;LU;Value on 3rd Wed. at 03;Export;Harmonized;M;M
Physical Energy & Power Flows;2021;12;653;653;653;DE;LU;Value on 3rd Wed. at 11;Export;Harmonized;M;M
Physical Energy & Power Flows;2021;1;862;862;862;DE;NL;Monthly Value;Export;Harmonized;M;M
Physical Energy & Power Flows;2021;1;154;154;154;DE;NL;Monthly Value;Import;Harmonized;M;M
Physical Energy & Power Flows;2021;1;483;483;483;DE;NL;Value on 3rd Wed. at 03;Import;Harmonized;M;M
Physical Energy & Power Flows;2021;1;736;736;736;DE;NL;Value on 3rd Wed. at 11;Export;Harmonized;M;M
Physical Energy & Power Flows;2021;2;367;367;367;DE;NL;Monthly Value;Export;Harmonized;M;M
Physical Energy & Power Flows;2021;2;476;476;476;DE;NL;Monthly Value;Import;Harmonized;M;M
Physical Energy & Power Flows;2021;2;199;199;199;DE;NL;Value on 3rd Wed. at 03;Import;Harmonized;M;M
Physical Energy & Power Flows;2021;2;2278;2278;2278;DE;NL;Value on 3rd Wed. at 11;Import;Harmonized;M;M
Physical Energy & Power Flows;2021;3;201;201;201;DE;NL;Monthly Value;Export;Harmonized;M;M
Physical Energy & Power Flows;2021;3;896;896;896;DE;NL;Monthly Value;Import;Harmonized;M;M
Physical Energy & Power Flows;2021;3;1877;1877;1877;DE;NL;Value on 3rd Wed. at 03;Import;Harmonized;M;M
Physical Energy & Power Flows;2021;3;2776;2776;2776;DE;NL;Value on 3rd Wed. at 11;Import;Harmonized;M;M
Physical Energy & Power Flows;2021;4;130;130;130;DE;NL;Monthly Value;Export;Harmonized;M;M
Physical Energy & Power Flows;2021;4;576;576;576;DE;NL;Monthly Value;Import;Harmonized;M;M
Physical Energy & Power Flows;2021;4;2872;2872;2872;DE;NL;Value on 3rd Wed. at 03;Import;Harmonized;M;M
Physical Energy & Power Flows;2021;4;1164;1164;1164;DE;NL;Value on 3rd Wed. at 11;Import;Harmonized;M;M
Physical Energy & Power Flows;2021;5;189;189;189;DE;NL;Monthly Value;Export;Harmonized;M;M
Physical Energy & Power Flows;2021;5;692;692;692;DE;NL;Monthly Value;Import;Harmonized;M;M
Physical Energy & Power Flows;2021;5;2381;2381;2381;DE;NL;Value on 3rd Wed. at 03;Import;Harmonized;M;M
Physical Energy & Power Flows;2021;5;2324;2324;2324;DE;NL;Value on 3rd Wed. at 11;Import;Harmonized;M;M
Physical Energy & Power Flows;2021;6;379;379;379;DE;NL;Monthly Value;Export;Harmonized;M;M
Physical Energy & Power Flows;2021;6;289;289;289;DE;NL;Monthly Value;Import;Harmonized;M;M
Physical Energy & Power Flows;2021;6;504;504;504;DE;NL;Value on 3rd Wed. at 03;Import;Harmonized;M;M
Physical Energy & Power Flows;2021;6;171;171;171;DE;NL;Value on 3rd Wed. at 11;Export;Harmonized;M;M
Physical Energy & Power Flows;2021;7;318;318;318;DE;NL;Monthly Value;Export;Harmonized;M;M
Physical Energy & Power Flows;2021;7;502;502;502;DE;NL;Monthly Value;Import;Harmonized;M;M
Physical Energy & Power Flows;2021;7;934;934;934;DE;NL;Value on 3rd Wed. at 03;Import;Harmonized;M;M
Physical Energy & Power Flows;2021;7;2397;2397;2397;DE;NL;Value on 3rd Wed. at 11;Import;Harmonized;M;M
Physical Energy & Power Flows;2021;8;793;793;793;DE;NL;Monthly Value;Export;Harmonized;M;M
Physical Energy & Power Flows;2021;8;87;87;87;DE;NL;Monthly Value;Import;Harmonized;M;M
Physical Energy & Power Flows;2021;8;3372;3372;3372;DE;NL;Value on 3rd Wed. at 03;Export;Harmonized;M;M
Physical Energy & Power Flows;2021;8;1091;1091;1091;DE;NL;Value on 3rd Wed. at 11;Export;Harmonized;M;M
Physical Energy & Power Flows;2021;9;1111;1111;1111;DE;NL;Monthly Value;Export;Harmonized;M;M
Physical Energy & Power Flows;2021;9;37;37;37;DE;NL;Monthly Value;Import;Harmonized;M;M
Physical Energy & Power Flows;2021;9;1565;1565;1565;DE;NL;Value on 3rd Wed. at 03;Export;Harmonized;M;M
Physical Energy & Power Flows;2021;9;111;111;111;DE;NL;Value on 3rd Wed. at 11;Export;Harmonized;M;M
Physical Energy & Power Flows;2021;10;587;587;587;DE;NL;Monthly Value;Export;Harmonized;M;M
Physical Energy & Power Flows;2021;10;124;124;124;DE;NL;Monthly Value;Import;Harmonized;M;M
Physical Energy & Power Flows;2021;10;304;304;304;DE;NL;Value on 3rd Wed. at 03;Import;Harmonized;M;M
Physical Energy & Power Flows;2021;10;589;589;589;DE;NL;Value on 3rd Wed. at 11;Export;Harmonized;M;M
Physical Energy & Power Flows;2021;11;418;418;418;DE;NL;Monthly Value;Export;Harmonized;M;M
Physical Energy & Power Flows;2021;11;293;293;293;DE;NL;Monthly Value;Import;Harmonized;M;M
Physical Energy & Power Flows;2021;11;1343;1343;1343;DE;NL;Value on 3rd Wed. at 03;Export;Harmonized;M;M
Physical Energy & Power Flows;2021;11;1545;1545;1545;DE;NL;Value on 3rd Wed. at 11;Import;Harmonized;M;M
Physical Energy & Power Flows;2021;12;552;552;552;DE;NL;Monthly Value;Export;Harmonized;M;M
Physical Energy & Power Flows;2021;12;338;338;338;DE;NL;Monthly Value;Import;Harmonized;M;M
Physical Energy & Power Flows;2021;12;175;175;175;DE;NL;Value on 3rd Wed. at 03;Export;Harmonized;M;M
Physical Energy & Power Flows;2021;12;1262;1262;1262;DE;NL;Value on 3rd Wed. at 11;Import;Harmonized;M;M
Physical Energy & Power Flows;2021;1;47;47;47;DE;NO;Monthly Value;Export;Harmonized;M;M
Physical Energy & Power Flows;2021;1;292;292;292;DE;NO;Monthly Value;Import;Harmonized;M;M
Physical Energy & Power Flows;2021;1;902;902;902;DE;NO;Value on 3rd Wed. at 03;Export;Harmonized;M;M
Physical Energy & Power Flows;2021;1;181;181;181;DE;NO;Value on 3rd Wed. at 11;Import;Harmonized;M;M
Physical Energy & Power Flows;2021;2;110;110;110;DE;NO;Monthly Value;Export;Harmonized;M;M
Physical Energy & Power Flows;2021;2;153;153;153;DE;NO;Monthly Value;Import;Harmonized;M;M
Physical Energy & Power Flows;2021;2;446;446;446;DE;NO;Value on 3rd Wed. at 03;Export;Harmonized;M;M
Physical Energy & Power Flows;2021;2;96;96;96;DE;NO;Value on 3rd Wed. at 11;Export;Harmonized;M;M
Physical Energy & Power Flows;2021;3;109;109;109;DE;NO;Monthly Value;Export;Harmonized;M;M
Physical Energy & Power Flows;2021;3;274;274;274;DE;NO;Monthly Value;Import;Harmonized;M;M
Physical Energy & Power Flows;2021;3;932;932;932;DE;NO;Value on 3rd Wed. at 03;Import;Harmonized;M;M
Physical Energy & Power Flows;2021;3;367;367;367;DE;NO;Value on 3rd Wed. at 11;Import;Harmonized;M;M
Physical Energy & Power Flows;2021;4;83;83;83;DE;NO;Monthly Value;Export;Harmonized;M;M
Physical Energy & Power Flows;2021;4;409;409;409;DE;NO;Monthly Value;Import;Harmonized;M;M
Physical Energy & Power Flows;2021;4;885;885;885;DE;NO;Value on 3rd Wed. at 03;Import;Harmonized;M;M
Physical Energy & Power Flows;2021;4;291;291;291;DE;NO;Value on 3rd Wed. at 11;Import;Harmonized;M;M
Physical Energy & Power Flows;2021;5;156;156;156;DE;NO;Monthly Value;Export;Harmonized;M;M
Physical Energy & Power Flows;2021;5;421;421;421;DE;NO;Monthly Value;Import;Harmonized;M;M
Physical Energy & Power Flows;2021;5;1204;1204;1204;DE;NO;Value on 3rd Wed. at 03;Import;Harmonized;M;M
Physical Energy & Power Flows;2021;5;791;791;791;DE;NO;Value on 3rd Wed. at 11;Import;Harmonized;M;M
Physical Energy & Power Flows;2021;6;32;32;32;DE;NO;Monthly Value;Export;Harmonized;M;M
Physical Energy & Power Flows;2021;6;479;479;479;DE;NO;Monthly Value;Import;Harmonized;M;M
Physical Energy & Power Flows;2021;6;1174;1174;1174;DE;NO;Value on 3rd Wed. at 03;Import;Harmonized;M;M
Physical Energy & Power Flows;2021;6;300;300;300;DE;NO;Value on 3rd Wed. at 11;Import;Harmonized;M;M
Physical Energy & Power Flows;2021;7;38;38;38;DE;NO;Monthly Value;Export;Harmonized;M;M
Physical Energy & Power Flows;2021;7;492;492;492;DE;NO;Monthly Value;Import;Harmonized;M;M
Physical Energy & Power Flows;2021;7;501;501;501;DE;NO;Value on 3rd Wed. at 03;Import;Harmonized;M;M
Physical Energy & Power Flows;2021;7;502;502;502;DE;NO;Value on 3rd Wed. at 11;Import;Harmonized;M;M
Physical Energy & Power Flows;2021;8;108;108;108;DE;NO;Monthly Value;Export;Harmonized;M;M
Physical Energy & Power Flows;2021;8;329;329;329;DE;NO;Monthly Value;Import;Harmonized;M;M
Physical Energy & Power Flows;2021;8;62;62;62;DE;NO;Value on 3rd Wed. at 03;Export;Harmonized;M;M
Physical Energy & Power Flows;2021;8;80;80;80;DE;NO;Value on 3rd Wed. at 11;Import;Harmonized;M;M
Physical Energy & Power Flows;2021;9;21;21;21;DE;NO;Monthly Value;Export;Harmonized;M;M
Physical Energy & Power Flows;2021;9;400;400;400;DE;NO;Monthly Value;Import;Harmonized;M;M
Physical Energy & Power Flows;2021;9;791;791;791;DE;NO;Value on 3rd Wed. at 03;Import;Harmonized;M;M
Physical Energy & Power Flows;2021;9;331;331;331;DE;NO;Value on 3rd Wed. at 11;Import;Harmonized;M;M
Physical Energy & Power Flows;2021;10;124;124;124;DE;NO;Monthly Value;Export;Harmonized;M;M
Physical Energy & Power Flows;2021;10;319;319;319;DE;NO;Monthly Value;Import;Harmonized;M;M
Physical Energy & Power Flows;2021;10;1184;1184;1184;DE;NO;Value on 3rd Wed. at 03;Export;Harmonized;M;M
Physical Energy & Power Flows;2021;10;1400;1400;1400;DE;NO;Value on 3rd Wed. at 11;Export;Harmonized;M;M
Physical Energy & Power Flows;2021;11;48;48;48;DE;NO;Monthly Value;Export;Harmonized;M;M
Physical Energy & Power Flows;2021;11;378;378;378;DE;NO;Monthly Value;Import;Harmonized;M;M
Physical Energy & Power Flows;2021;11;664;664;664;DE;NO;Value on 3rd Wed. at 03;Import;Harmonized;M;M
Physical Energy & Power Flows;2021;11;310;310;310;DE;NO;Value on 3rd Wed. at 11;Import;Harmonized;M;M
Physical Energy & Power Flows;2021;12;239;239;239;DE;NO;Monthly Value;Export;Harmonized;M;M
Physical Energy & Power Flows;2021;12;338;338;338;DE;NO;Monthly Value;Import;Harmonized;M;M
Physical Energy & Power Flows;2021;12;402;402;402;DE;NO;Value on 3rd Wed. at 03;Import;Harmonized;M;M
Physical Energy & Power Flows;2021;12;391;391;391;DE;NO;Value on 3rd Wed. at 11;Import;Harmonized;M;M
Physical Energy & Power Flows;2021;1;780;780;780;DE;PL;Monthly Value;Export;Harmonized;M;M
Physical Energy & Power Flows;2021;1;0;0;0;DE;PL;Monthly Value;Import;Harmonized;M;M
Physical Energy & Power Flows;2021;1;1416;1416;1416;DE;PL;Value on 3rd Wed. at 03;Export;Harmonized;M;M
Physical Energy & Power Flows;2021;1;1567;1567;1567;DE;PL;Value on 3rd Wed. at 11;Export;Harmonized;M;M
Physical Energy & Power Flows;2021;2;870;870;870;DE;PL;Monthly Value;Export;Harmonized;M;M
Physical Energy & Power Flows;2021;2;0;0;0;DE;PL;Monthly Value;Import;Harmonized;M;M
Physical Energy & Power Flows;2021;2;1474;1474;1474;DE;PL;Value on 3rd Wed. at 03;Export;Harmonized;M;M
Physical Energy & Power Flows;2021;2;1979;1979;1979;DE;PL;Value on 3rd Wed. at 11;Export;Harmonized;M;M
Physical Energy & Power Flows;2021;3;1039;1039;1039;DE;PL;Monthly Value;Export;Harmonized;M;M
Physical Energy & Power Flows;2021;3;1253;1253;1253;DE;PL;Value on 3rd Wed. at 03;Export;Harmonized;M;M
Physical Energy & Power Flows;2021;3;1697;1697;1697;DE;PL;Value on 3rd Wed. at 11;Export;Harmonized;M;M
Physical Energy & Power Flows;2021;4;818;818;818;DE;PL;Monthly Value;Export;Harmonized;M;M
Physical Energy & Power Flows;2021;4;1;1;1;DE;PL;Monthly Value;Import;Harmonized;M;M
Physical Energy & Power Flows;2021;4;1666;1666;1666;DE;PL;Value on 3rd Wed. at 03;Export;Harmonized;M;M
Physical Energy & Power Flows;2021;4;1197;1197;1197;DE;PL;Value on 3rd Wed. at 11;Export;Harmonized;M;M
Physical Energy & Power Flows;2021;5;624;624;624;DE;PL;Monthly Value;Export;Harmonized;M;M
Physical Energy & Power Flows;2021;5;25;25;25;DE;PL;Monthly Value;Import;Harmonized;M;M
Physical Energy & Power Flows;2021;5;483;483;483;DE;PL;Value on 3rd Wed. at 03;Export;Harmonized;M;M
Physical Energy & Power Flows;2021;5;931;931;931;DE;PL;Value on 3rd Wed. at 11;Export;Harmonized;M;M
Physical Energy & Power Flows;2021;6;563;563;563;DE;PL;Monthly Value;Export;Harmonized;M;M
Physical Energy & Power Flows;2021;6;11;11;11;DE;PL;Monthly Value;Import;Harmonized;M;M
Physical Energy & Power Flows;2021;6;642;642;642;DE;PL;Value on 3rd Wed. at 03;Export;Harmonized;M;M
Physical Energy & Power Flows;2021;6;1193;1193;1193;DE;PL;Value on 3rd Wed. at 11;Export;Harmonized;M;M
Physical Energy & Power Flows;2021;7;692;692;692;DE;PL;Monthly Value;Export;Harmonized;M;M
Physical Energy & Power Flows;2021;7;19;19;19;DE;PL;Monthly Value;Import;Harmonized;M;M
Physical Energy & Power Flows;2021;7;42;42;42;DE;PL;Value on 3rd Wed. at 03;Import;Harmonized;M;M
Physical Energy & Power Flows;2021;7;1099;1099;1099;DE;PL;Value on 3rd Wed. at 11;Export;Harmonized;M;M
Physical Energy & Power Flows;2021;8;621;621;621;DE;PL;Monthly Value;Export;Harmonized;M;M
Physical Energy & Power Flows;2021;8;21;21;21;DE;PL;Monthly Value;Import;Harmonized;M;M
Physical Energy & Power Flows;2021;8;858;858;858;DE;PL;Value on 3rd Wed. at 03;Export;Harmonized;M;M
Physical Energy & Power Flows;2021;8;781;781;781;DE;PL;Value on 3rd Wed. at 11;Export;Harmonized;M;M
Physical Energy & Power Flows;2021;9;510;510;510;DE;PL;Monthly Value;Export;Harmonized;M;M
Physical Energy & Power Flows;2021;9;43;43;43;DE;PL;Monthly Value;Import;Harmonized;M;M
Physical Energy & Power Flows;2021;9;578;578;578;DE;PL;Value on 3rd Wed. at 03;Export;Harmonized;M;M
Physical Energy & Power Flows;2021;9;507;507;507;DE;PL;Value on 3rd Wed. at 11;Export;Harmonized;M;M
Physical Energy & Power Flows;2021;10;776;776;776;DE;PL;Monthly Value;Export;Harmonized;M;M
Physical Energy & Power Flows;2021;10;0;0;0;DE;PL;Monthly Value;Import;Harmonized;M;M
Physical Energy & Power Flows;2021;10;1380;1380;1380;DE;PL;Value on 3rd Wed. at 03;Export;Harmonized;M;M
Physical Energy & Power Flows;2021;10;1097;1097;1097;DE;PL;Value on 3rd Wed. at 11;Export;Harmonized;M;M
Physical Energy & Power Flows;2021;11;589;589;589;DE;PL;Monthly Value;Export;Harmonized;M;M
Physical Energy & Power Flows;2021;11;1;1;1;DE;PL;Monthly Value;Import;Harmonized;M;M
Physical Energy & Power Flows;2021;11;203;203;203;DE;PL;Value on 3rd Wed. at 03;Export;Harmonized;M;M
Physical Energy & Power Flows;2021;11;730;730;730;DE;PL;Value on 3rd Wed. at 11;Export;Harmonized;M;M
Physical Energy & Power Flows;2021;12;656;656;656;DE;PL;Monthly Value;Export;Harmonized;M;M
Physical Energy & Power Flows;2021;12;8;8;8;DE;PL;Monthly Value;Import;Harmonized;M;M
Physical Energy & Power Flows;2021;12;1006;1006;1006;DE;PL;Value on 3rd Wed. at 03;Export;Harmonized;M;M
Physical Energy & Power Flows;2021;12;896;896;896;DE;PL;Value on 3rd Wed. at 11;Export;Harmonized;M;M
Physical Energy & Power Flows;2021;1;30;30;30;DE;SE;Monthly Value;Export;Harmonized;M;M
Physical Energy & Power Flows;2021;1;201;201;201;DE;SE;Monthly Value;Import;Harmonized;M;M
Physical Energy & Power Flows;2021;1;276;276;276;DE;SE;Value on 3rd Wed. at 03;Export;Harmonized;M;M
Physical Energy & Power Flows;2021;1;102;102;102;DE;SE;Value on 3rd Wed. at 11;Import;Harmonized;M;M
Physical Energy & Power Flows;2021;2;96;96;96;DE;SE;Monthly Value;Export;Harmonized;M;M
Physical Energy & Power Flows;2021;2;77;77;77;DE;SE;Monthly Value;Import;Harmonized;M;M
Physical Energy & Power Flows;2021;2;253;253;253;DE;SE;Value on 3rd Wed. at 03;Export;Harmonized;M;M
Physical Energy & Power Flows;2021;2;104;104;104;DE;SE;Value on 3rd Wed. at 11;Export;Harmonized;M;M
Physical Energy & Power Flows;2021;3;32;32;32;DE;SE;Monthly Value;Export;Harmonized;M;M
Physical Energy & Power Flows;2021;3;168;168;168;DE;SE;Monthly Value;Import;Harmonized;M;M
Physical Energy & Power Flows;2021;3;148;148;148;DE;SE;Value on 3rd Wed. at 03;Import;Harmonized;M;M
Physical Energy & Power Flows;2021;3;2;2;2;DE;SE;Value on 3rd Wed. at 11;Export;Harmonized;M;M
Physical Energy & Power Flows;2021;4;9;9;9;DE;SE;Monthly Value;Export;Harmonized;M;M
Physical Energy & Power Flows;2021;4;324;324;324;DE;SE;Monthly Value;Import;Harmonized;M;M
Physical Energy & Power Flows;2021;4;382;382;382;DE;SE;Value on 3rd Wed. at 03;Import;Harmonized;M;M
Physical Energy & Power Flows;2021;4;2;2;2;DE;SE;Value on 3rd Wed. at 11;Export;Harmonized;M;M
Physical Energy & Power Flows;2021;5;38;38;38;DE;SE;Monthly Value;Export;Harmonized;M;M
Physical Energy & Power Flows;2021;5;198;198;198;DE;SE;Monthly Value;Import;Harmonized;M;M
Physical Energy & Power Flows;2021;5;607;607;607;DE;SE;Value on 3rd Wed. at 03;Import;Harmonized;M;M
Physical Energy & Power Flows;2021;5;272;272;272;DE;SE;Value on 3rd Wed. at 11;Import;Harmonized;M;M
Physical Energy & Power Flows;2021;6;14;14;14;DE;SE;Monthly Value;Export;Harmonized;M;M
Physical Energy & Power Flows;2021;6;68;68;68;DE;SE;Monthly Value;Import;Harmonized;M;M
Physical Energy & Power Flows;2021;6;2;2;2;DE;SE;Value on 3rd Wed. at 03;Export;Harmonized;M;M
Physical Energy & Power Flows;2021;6;144;144;144;DE;SE;Value on 3rd Wed. at 11;Export;Harmonized;M;M
Physical Energy & Power Flows;2021;7;7;7;7;DE;SE;Monthly Value;Export;Harmonized;M;M
Physical Energy & Power Flows;2021;7;147;147;147;DE;SE;Monthly Value;Import;Harmonized;M;M
Physical Energy & Power Flows;2021;7;294;294;294;DE;SE;Value on 3rd Wed. at 03;Import;Harmonized;M;M
Physical Energy & Power Flows;2021;7;293;293;293;DE;SE;Value on 3rd Wed. at 11;Import;Harmonized;M;M
Physical Energy & Power Flows;2021;8;19;19;19;DE;SE;Monthly Value;Export;Harmonized;M;M
Physical Energy & Power Flows;2021;8;43;43;43;DE;SE;Monthly Value;Import;Harmonized;M;M
Physical Energy & Power Flows;2021;8;606;606;606;DE;SE;Value on 3rd Wed. at 03;Import;Harmonized;M;M
Physical Energy & Power Flows;2021;8;111;111;111;DE;SE;Value on 3rd Wed. at 11;Import;Harmonized;M;M
Physical Energy & Power Flows;2021;9;5;5;5;DE;SE;Monthly Value;Export;Harmonized;M;M
Physical Energy & Power Flows;2021;9;134;134;134;DE;SE;Monthly Value;Import;Harmonized;M;M
Physical Energy & Power Flows;2021;9;337;337;337;DE;SE;Value on 3rd Wed. at 03;Import;Harmonized;M;M
Physical Energy & Power Flows;2021;9;2;2;2;DE;SE;Value on 3rd Wed. at 11;Export;Harmonized;M;M
Physical Energy & Power Flows;2021;10;1;1;1;DE;SE;Monthly Value;Export;Harmonized;M;M
Physical Energy & Power Flows;2021;10;303;303;303;DE;SE;Monthly Value;Import;Harmonized;M;M
Physical Energy & Power Flows;2021;10;251;251;251;DE;SE;Value on 3rd Wed. at 03;Export;Harmonized;M;M
Physical Energy & Power Flows;2021;10;233;233;233;DE;SE;Value on 3rd Wed. at 11;Import;Harmonized;M;M
Physical Energy & Power Flows;2021;11;4;4;4;DE;SE;Monthly Value;Export;Harmonized;M;M
Physical Energy & Power Flows;2021;11;343;343;343;DE;SE;Monthly Value;Import;Harmonized;M;M
Physical Energy & Power Flows;2021;11;604;604;604;DE;SE;Value on 3rd Wed. at 03;Import;Harmonized;M;M
Physical Energy & Power Flows;2021;11;604;604;604;DE;SE;Value on 3rd Wed. at 11;Import;Harmonized;M;M
Physical Energy & Power Flows;2021;12;24;24;24;DE;SE;Monthly Value;Export;Harmonized;M;M
Physical Energy & Power Flows;2021;12;216;216;216;DE;SE;Monthly Value;Import;Harmonized;M;M
Physical Energy & Power Flows;2021;12;604;604;604;DE;SE;Value on 3rd Wed. at 03;Import;Harmonized;M;M
Physical Energy & Power Flows;2021;12;603;603;603;DE;SE;Value on 3rd Wed. at 11;Import;Harmonized;M;M
Physical Energy & Power Flows;2021;1;704;704;704;DK;DE;Monthly Value;Export;Harmonized;M;M
Physical Energy & Power Flows;2021;1;369;369;369;DK;DE;Monthly Value;Import;Harmonized;M;M
Physical Energy & Power Flows;2021;1;2580;2580;2580;DK;DE;Value on 3rd Wed. at 03;Import;Harmonized;M;M
Physical Energy & Power Flows;2021;1;476;476;476;DK;DE;Value on 3rd Wed. at 11;Import;Harmonized;M;M
Physical Energy & Power Flows;2021;2;307;307;307;DK;DE;Monthly Value;Export;Harmonized;M;M
Physical Energy & Power Flows;2021;2;504;504;504;DK;DE;Monthly Value;Import;Harmonized;M;M
Physical Energy & Power Flows;2021;2;2190;2190;2190;DK;DE;Value on 3rd Wed. at 03;Import;Harmonized;M;M
Physical Energy & Power Flows;2021;2;1454;1454;1454;DK;DE;Value on 3rd Wed. at 11;Import;Harmonized;M;M
Physical Energy & Power Flows;2021;3;896;896;896;DK;DE;Monthly Value;Export;Harmonized;M;M
Physical Energy & Power Flows;2021;3;249;249;249;DK;DE;Monthly Value;Import;Harmonized;M;M
Physical Energy & Power Flows;2021;3;2178;2178;2178;DK;DE;Value on 3rd Wed. at 03;Export;Harmonized;M;M
Physical Energy & Power Flows;2021;3;2046;2046;2046;DK;DE;Value on 3rd Wed. at 11;Export;Harmonized;M;M
Physical Energy & Power Flows;2021;4;838;838;838;DK;DE;Monthly Value;Export;Harmonized;M;M
Physical Energy & Power Flows;2021;4;134;134;134;DK;DE;Monthly Value;Import;Harmonized;M;M
Physical Energy & Power Flows;2021;4;2533;2533;2533;DK;DE;Value on 3rd Wed. at 03;Export;Harmonized;M;M
Physical Energy & Power Flows;2021;4;466;466;466;DK;DE;Value on 3rd Wed. at 11;Import;Harmonized;M;M
Physical Energy & Power Flows;2021;5;561;561;561;DK;DE;Monthly Value;Export;Harmonized;M;M
Physical Energy & Power Flows;2021;5;454;454;454;DK;DE;Monthly Value;Import;Harmonized;M;M
Physical Energy & Power Flows;2021;5;2273;2273;2273;DK;DE;Value on 3rd Wed. at 03;Export;Harmonized;M;M
Physical Energy & Power Flows;2021;5;1413;1413;1413;DK;DE;Value on 3rd Wed. at 11;Export;Harmonized;M;M
Physical Energy & Power Flows;2021;6;432;432;432;DK;DE;Monthly Value;Export;Harmonized;M;M
Physical Energy & Power Flows;2021;6;125;125;125;DK;DE;Monthly Value;Import;Harmonized;M;M
Physical Energy & Power Flows;2021;6;304;304;304;DK;DE;Value on 3rd Wed. at 03;Export;Harmonized;M;M
Physical Energy & Power Flows;2021;6;455;455;455;DK;DE;Value on 3rd Wed. at 11;Import;Harmonized;M;M
Physical Energy & Power Flows;2021;7;487;487;487;DK;DE;Monthly Value;Export;Harmonized;M;M
Physical Energy & Power Flows;2021;7;118;118;118;DK;DE;Monthly Value;Import;Harmonized;M;M
Physical Energy & Power Flows;2021;7;1429;1429;1429;DK;DE;Value on 3rd Wed. at 03;Export;Harmonized;M;M
Physical Energy & Power Flows;2021;7;119;119;119;DK;DE;Value on 3rd Wed. at 11;Import;Harmonized;M;M
Physical Energy & Power Flows;2021;8;351;351;351;DK;DE;Monthly Value;Export;Harmonized;M;M
Physical Energy & Power Flows;2021;8;349;349;349;DK;DE;Monthly Value;Import;Harmonized;M;M
Physical Energy & Power Flows;2021;8;822;822;822;DK;DE;Value on 3rd Wed. at 03;Export;Harmonized;M;M
Physical Energy & Power Flows;2021;8;373;373;373;DK;DE;Value on 3rd Wed. at 11;Import;Harmonized;M;M
Physical Energy & Power Flows;2021;9;534;534;534;DK;DE;Monthly Value;Export;Harmonized;M;M
Physical Energy & Power Flows;2021;9;161;161;161;DK;DE;Monthly Value;Import;Harmonized;M;M
Physical Energy & Power Flows;2021;9;1259;1259;1259;DK;DE;Value on 3rd Wed. at 03;Export;Harmonized;M;M
Physical Energy & Power Flows;2021;9;300;300;300;DK;DE;Value on 3rd Wed. at 11;Export;Harmonized;M;M
Physical Energy & Power Flows;2021;10;572;572;572;DK;DE;Monthly Value;Export;Harmonized;M;M
Physical Energy & Power Flows;2021;10;167;167;167;DK;DE;Monthly Value;Import;Harmonized;M;M
Physical Energy & Power Flows;2021;10;13;13;13;DK;DE;Value on 3rd Wed. at 03;Export;Harmonized;M;M
Physical Energy & Power Flows;2021;10;1646;1646;1646;DK;DE;Value on 3rd Wed. at 11;Import;Harmonized;M;M
Physical Energy & Power Flows;2021;11;849;849;849;DK;DE;Monthly Value;Export;Harmonized;M;M
Physical Energy & Power Flows;2021;11;200;200;200;DK;DE;Monthly Value;Import;Harmonized;M;M
Physical Energy & Power Flows;2021;11;1778;1778;1778;DK;DE;Value on 3rd Wed. at 03;Export;Harmonized;M;M
Physical Energy & Power Flows;2021;11;541;541;541;DK;DE;Value on 3rd Wed. at 11;Export;Harmonized;M;M
Physical Energy & Power Flows;2021;12;756;756;756;DK;DE;Monthly Value;Export;Harmonized;M;M
Physical Energy & Power Flows;2021;12;304;304;304;DK;DE;Monthly Value;Import;Harmonized;M;M
Physical Energy & Power Flows;2021;12;782;782;782;DK;DE;Value on 3rd Wed. at 03;Export;Harmonized;M;M
Physical Energy & Power Flows;2021;12;778;778;778;DK;DE;Value on 3rd Wed. at 11;Export;Harmonized;M;M
Physical Energy & Power Flows;2021;1;157;157;157;DK;NL;Monthly Value;Export;Harmonized;M;M
Physical Energy & Power Flows;2021;1;96;96;96;DK;NL;Monthly Value;Import;Harmonized;M;M
Physical Energy & Power Flows;2021;1;495;495;495;DK;NL;Value on 3rd Wed. at 03;Export;Harmonized;M;M
Physical Energy & Power Flows;2021;1;700;700;700;DK;NL;Value on 3rd Wed. at 11;Export;Harmonized;M;M
Physical Energy & Power Flows;2021;2;185;185;185;DK;NL;Monthly Value;Export;Harmonized;M;M
Physical Energy & Power Flows;2021;2;152;152;152;DK;NL;Monthly Value;Import;Harmonized;M;M
Physical Energy & Power Flows;2021;2;191;191;191;DK;NL;Value on 3rd Wed. at 03;Import;Harmonized;M;M
Physical Energy & Power Flows;2021;2;11;11;11;DK;NL;Value on 3rd Wed. at 11;Import;Harmonized;M;M
Physical Energy & Power Flows;2021;3;249;249;249;DK;NL;Monthly Value;Export;Harmonized;M;M
Physical Energy & Power Flows;2021;3;104;104;104;DK;NL;Monthly Value;Import;Harmonized;M;M
Physical Energy & Power Flows;2021;3;599;599;599;DK;NL;Value on 3rd Wed. at 03;Import;Harmonized;M;M
Physical Energy & Power Flows;2021;3;697;697;697;DK;NL;Value on 3rd Wed. at 11;Import;Harmonized;M;M
Physical Energy & Power Flows;2021;4;286;286;286;DK;NL;Monthly Value;Export;Harmonized;M;M
Physical Energy & Power Flows;2021;4;73;73;73;DK;NL;Monthly Value;Import;Harmonized;M;M
Physical Energy & Power Flows;2021;4;459;459;459;DK;NL;Value on 3rd Wed. at 03;Export;Harmonized;M;M
Physical Energy & Power Flows;2021;4;694;694;694;DK;NL;Value on 3rd Wed. at 11;Export;Harmonized;M;M
Physical Energy & Power Flows;2021;5;256;256;256;DK;NL;Monthly Value;Export;Harmonized;M;M
Physical Energy & Power Flows;2021;5;73;73;73;DK;NL;Monthly Value;Import;Harmonized;M;M
Physical Energy & Power Flows;2021;5;248;248;248;DK;NL;Value on 3rd Wed. at 03;Export;Harmonized;M;M
Physical Energy & Power Flows;2021;5;430;430;430;DK;NL;Value on 3rd Wed. at 11;Import;Harmonized;M;M
Physical Energy & Power Flows;2021;6;245;245;245;DK;NL;Monthly Value;Export;Harmonized;M;M
Physical Energy & Power Flows;2021;6;97;97;97;DK;NL;Monthly Value;Import;Harmonized;M;M
Physical Energy & Power Flows;2021;6;683;683;683;DK;NL;Value on 3rd Wed. at 03;Export;Harmonized;M;M
Physical Energy & Power Flows;2021;6;699;699;699;DK;NL;Value on 3rd Wed. at 11;Import;Harmonized;M;M
Physical Energy & Power Flows;2021;7;97;97;97;DK;NL;Monthly Value;Export;Harmonized;M;M
Physical Energy & Power Flows;2021;7;46;46;46;DK;NL;Monthly Value;Import;Harmonized;M;M
Physical Energy & Power Flows;2021;7;0;0;0;DK;NL;Value on 3rd Wed. at 03;Import;Harmonized;M;M
Physical Energy & Power Flows;2021;7;0;0;0;DK;NL;Value on 3rd Wed. at 11;Import;Harmonized;M;M
Physical Energy & Power Flows;2021;8;218;218;218;DK;NL;Monthly Value;Export;Harmonized;M;M
Physical Energy & Power Flows;2021;8;66;66;66;DK;NL;Monthly Value;Import;Harmonized;M;M
Physical Energy & Power Flows;2021;8;700;700;700;DK;NL;Value on 3rd Wed. at 03;Export;Harmonized;M;M
Physical Energy & Power Flows;2021;8;700;700;700;DK;NL;Value on 3rd Wed. at 11;Export;Harmonized;M;M
Physical Energy & Power Flows;2021;9;384;384;384;DK;NL;Monthly Value;Export;Harmonized;M;M
Physical Energy & Power Flows;2021;9;28;28;28;DK;NL;Monthly Value;Import;Harmonized;M;M
Physical Energy & Power Flows;2021;9;643;643;643;DK;NL;Value on 3rd Wed. at 03;Export;Harmonized;M;M
Physical Energy & Power Flows;2021;9;700;700;700;DK;NL;Value on 3rd Wed. at 11;Export;Harmonized;M;M
Physical Energy & Power Flows;2021;10;366;366;366;DK;NL;Monthly Value;Export;Harmonized;M;M
Physical Energy & Power Flows;2021;10;11;11;11;DK;NL;Monthly Value;Import;Harmonized;M;M
Physical Energy & Power Flows;2021;10;174;174;174;DK;NL;Value on 3rd Wed. at 03;Export;Harmonized;M;M
Physical Energy & Power Flows;2021;10;700;700;700;DK;NL;Value on 3rd Wed. at 11;Export;Harmonized;M;M
Physical Energy & Power Flows;2021;11;344;344;344;DK;NL;Monthly Value;Export;Harmonized;M;M
Physical Energy & Power Flows;2021;11;46;46;46;DK;NL;Monthly Value;Import;Harmonized;M;M
Physical Energy & Power Flows;2021;11;700;700;700;DK;NL;Value on 3rd Wed. at 03;Export;Harmonized;M;M
Physical Energy & Power Flows;2021;11;700;700;700;DK;NL;Value on 3rd Wed. at 11;Export;Harmonized;M;M
Physical Energy & Power Flows;2021;12;290;290;290;DK;NL;Monthly Value;Export;Harmonized;M;M
Physical Energy & Power Flows;2021;12;80;80;80;DK;NL;Monthly Value;Import;Harmonized;M;M
Physical Energy & Power Flows;2021;12;700;700;700;DK;NL;Value on 3rd Wed. at 03;Export;Harmonized;M;M
Physical Energy & Power Flows;2021;12;490;490;490;DK;NL;Value on 3rd Wed. at 11;Export;Harmonized;M;M
Physical Energy & Power Flows;2021;1;90;90;90;DK;NO;Monthly Value;Export;Harmonized;M;M
Physical Energy & Power Flows;2021;1;609;609;609;DK;NO;Monthly Value;Import;Harmonized;M;M
Physical Energy & Power Flows;2021;1;1068;1068;1068;DK;NO;Value on 3rd Wed. at 03;Export;Harmonized;M;M
Physical Energy & Power Flows;2021;1;310;310;310;DK;NO;Value on 3rd Wed. at 11;Import;Harmonized;M;M
Physical Energy & Power Flows;2021;2;209;209;209;DK;NO;Monthly Value;Export;Harmonized;M;M
Physical Energy & Power Flows;2021;2;236;236;236;DK;NO;Monthly Value;Import;Harmonized;M;M
Physical Energy & Power Flows;2021;2;437;437;437;DK;NO;Value on 3rd Wed. at 03;Export;Harmonized;M;M
Physical Energy & Power Flows;2021;2;515;515;515;DK;NO;Value on 3rd Wed. at 11;Import;Harmonized;M;M
Physical Energy & Power Flows;2021;3;194;194;194;DK;NO;Monthly Value;Export;Harmonized;M;M
Physical Energy & Power Flows;2021;3;760;760;760;DK;NO;Monthly Value;Import;Harmonized;M;M
Physical Energy & Power Flows;2021;3;1631;1631;1631;DK;NO;Value on 3rd Wed. at 03;Import;Harmonized;M;M
Physical Energy & Power Flows;2021;3;1547;1547;1547;DK;NO;Value on 3rd Wed. at 11;Import;Harmonized;M;M
Physical Energy & Power Flows;2021;4;122;122;122;DK;NO;Monthly Value;Export;Harmonized;M;M
Physical Energy & Power Flows;2021;4;673;673;673;DK;NO;Monthly Value;Import;Harmonized;M;M
Physical Energy & Power Flows;2021;4;1631;1631;1631;DK;NO;Value on 3rd Wed. at 03;Import;Harmonized;M;M
Physical Energy & Power Flows;2021;4;1032;1032;1032;DK;NO;Value on 3rd Wed. at 11;Export;Harmonized;M;M
Physical Energy & Power Flows;2021;5;147;147;147;DK;NO;Monthly Value;Export;Harmonized;M;M
Physical Energy & Power Flows;2021;5;706;706;706;DK;NO;Monthly Value;Import;Harmonized;M;M
Physical Energy & Power Flows;2021;5;1632;1632;1632;DK;NO;Value on 3rd Wed. at 03;Import;Harmonized;M;M
Physical Energy & Power Flows;2021;5;1632;1632;1632;DK;NO;Value on 3rd Wed. at 11;Import;Harmonized;M;M
Physical Energy & Power Flows;2021;6;34;34;34;DK;NO;Monthly Value;Export;Harmonized;M;M
Physical Energy & Power Flows;2021;6;948;948;948;DK;NO;Monthly Value;Import;Harmonized;M;M
Physical Energy & Power Flows;2021;6;1604;1604;1604;DK;NO;Value on 3rd Wed. at 03;Import;Harmonized;M;M
Physical Energy & Power Flows;2021;6;732;732;732;DK;NO;Value on 3rd Wed. at 11;Import;Harmonized;M;M
Physical Energy & Power Flows;2021;7;57;57;57;DK;NO;Monthly Value;Export;Harmonized;M;M
Physical Energy & Power Flows;2021;7;779;779;779;DK;NO;Monthly Value;Import;Harmonized;M;M
Physical Energy & Power Flows;2021;7;899;899;899;DK;NO;Value on 3rd Wed. at 03;Import;Harmonized;M;M
Physical Energy & Power Flows;2021;7;900;900;900;DK;NO;Value on 3rd Wed. at 11;Import;Harmonized;M;M
Physical Energy & Power Flows;2021;8;82;82;82;DK;NO;Monthly Value;Export;Harmonized;M;M
Physical Energy & Power Flows;2021;8;741;741;741;DK;NO;Monthly Value;Import;Harmonized;M;M
Physical Energy & Power Flows;2021;8;45;45;45;DK;NO;Value on 3rd Wed. at 03;Export;Harmonized;M;M
Physical Energy & Power Flows;2021;8;276;276;276;DK;NO;Value on 3rd Wed. at 11;Import;Harmonized;M;M
Physical Energy & Power Flows;2021;9;67;67;67;DK;NO;Monthly Value;Export;Harmonized;M;M
Physical Energy & Power Flows;2021;9;796;796;796;DK;NO;Monthly Value;Import;Harmonized;M;M
Physical Energy & Power Flows;2021;9;1231;1231;1231;DK;NO;Value on 3rd Wed. at 03;Import;Harmonized;M;M
Physical Energy & Power Flows;2021;9;1187;1187;1187;DK;NO;Value on 3rd Wed. at 11;Import;Harmonized;M;M
Physical Energy & Power Flows;2021;10;255;255;255;DK;NO;Monthly Value;Export;Harmonized;M;M
Physical Energy & Power Flows;2021;10;484;484;484;DK;NO;Monthly Value;Import;Harmonized;M;M
Physical Energy & Power Flows;2021;10;1092;1092;1092;DK;NO;Value on 3rd Wed. at 03;Export;Harmonized;M;M
Physical Energy & Power Flows;2021;10;1090;1090;1090;DK;NO;Value on 3rd Wed. at 11;Export;Harmonized;M;M
Physical Energy & Power Flows;2021;11;172;172;172;DK;NO;Monthly Value;Export;Harmonized;M;M
Physical Energy & Power Flows;2021;11;659;659;659;DK;NO;Monthly Value;Import;Harmonized;M;M
Physical Energy & Power Flows;2021;11;643;643;643;DK;NO;Value on 3rd Wed. at 03;Import;Harmonized;M;M
Physical Energy & Power Flows;2021;11;1275;1275;1275;DK;NO;Value on 3rd Wed. at 11;Import;Harmonized;M;M
Physical Energy & Power Flows;2021;12;222;222;222;DK;NO;Monthly Value;Export;Harmonized;M;M
Physical Energy & Power Flows;2021;12;549;549;549;DK;NO;Monthly Value;Import;Harmonized;M;M
Physical Energy & Power Flows;2021;12;1089;1089;1089;DK;NO;Value on 3rd Wed. at 03;Export;Harmonized;M;M
Physical Energy & Power Flows;2021;12;433;433;433;DK;NO;Value on 3rd Wed. at 11;Export;Harmonized;M;M
Physical Energy & Power Flows;2021;1;240;240;240;DK;SE;Monthly Value;Export;Harmonized;M;M
Physical Energy & Power Flows;2021;1;416;416;416;DK;SE;Monthly Value;Import;Harmonized;M;M
Physical Energy & Power Flows;2021;1;1746;1746;1746;DK;SE;Value on 3rd Wed. at 03;Export;Harmonized;M;M
Physical Energy & Power Flows;2021;1;526;526;526;DK;SE;Value on 3rd Wed. at 11;Export;Harmonized;M;M
Physical Energy & Power Flows;2021;2;486;486;486;DK;SE;Monthly Value;Export;Harmonized;M;M
Physical Energy & Power Flows;2021;2;210;210;210;DK;SE;Monthly Value;Import;Harmonized;M;M
Physical Energy & Power Flows;2021;2;1242;1242;1242;DK;SE;Value on 3rd Wed. at 03;Export;Harmonized;M;M
Physical Energy & Power Flows;2021;2;980;980;980;DK;SE;Value on 3rd Wed. at 11;Export;Harmonized;M;M
Physical Energy & Power Flows;2021;3;116;116;116;DK;SE;Monthly Value;Export;Harmonized;M;M
Physical Energy & Power Flows;2021;3;521;521;521;DK;SE;Monthly Value;Import;Harmonized;M;M
Physical Energy & Power Flows;2021;3;867;867;867;DK;SE;Value on 3rd Wed. at 03;Import;Harmonized;M;M
Physical Energy & Power Flows;2021;3;1003;1003;1003;DK;SE;Value on 3rd Wed. at 11;Import;Harmonized;M;M
Physical Energy & Power Flows;2021;4;97;97;97;DK;SE;Monthly Value;Export;Harmonized;M;M
Physical Energy & Power Flows;2021;4;594;594;594;DK;SE;Monthly Value;Import;Harmonized;M;M
Physical Energy & Power Flows;2021;4;786;786;786;DK;SE;Value on 3rd Wed. at 03;Import;Harmonized;M;M
Physical Energy & Power Flows;2021;4;185;185;185;DK;SE;Value on 3rd Wed. at 11;Import;Harmonized;M;M
Physical Energy & Power Flows;2021;5;185;185;185;DK;SE;Monthly Value;Export;Harmonized;M;M
Physical Energy & Power Flows;2021;5;660;660;660;DK;SE;Monthly Value;Import;Harmonized;M;M
Physical Energy & Power Flows;2021;5;1717;1717;1717;DK;SE;Value on 3rd Wed. at 03;Import;Harmonized;M;M
Physical Energy & Power Flows;2021;5;1268;1268;1268;DK;SE;Value on 3rd Wed. at 11;Import;Harmonized;M;M
Physical Energy & Power Flows;2021;6;46;46;46;DK;SE;Monthly Value;Export;Harmonized;M;M
Physical Energy & Power Flows;2021;6;459;459;459;DK;SE;Monthly Value;Import;Harmonized;M;M
Physical Energy & Power Flows;2021;6;1108;1108;1108;DK;SE;Value on 3rd Wed. at 03;Import;Harmonized;M;M
Physical Energy & Power Flows;2021;6;181;181;181;DK;SE;Value on 3rd Wed. at 11;Import;Harmonized;M;M
Physical Energy & Power Flows;2021;7;42;42;42;DK;SE;Monthly Value;Export;Harmonized;M;M
Physical Energy & Power Flows;2021;7;637;637;637;DK;SE;Monthly Value;Import;Harmonized;M;M
Physical Energy & Power Flows;2021;7;1046;1046;1046;DK;SE;Value on 3rd Wed. at 03;Import;Harmonized;M;M
Physical Energy & Power Flows;2021;7;1271;1271;1271;DK;SE;Value on 3rd Wed. at 11;Import;Harmonized;M;M
Physical Energy & Power Flows;2021;8;219;219;219;DK;SE;Monthly Value;Export;Harmonized;M;M
Physical Energy & Power Flows;2021;8;326;326;326;DK;SE;Monthly Value;Import;Harmonized;M;M
Physical Energy & Power Flows;2021;8;76;76;76;DK;SE;Value on 3rd Wed. at 03;Import;Harmonized;M;M
Physical Energy & Power Flows;2021;8;710;710;710;DK;SE;Value on 3rd Wed. at 11;Export;Harmonized;M;M
Physical Energy & Power Flows;2021;9;15;15;15;DK;SE;Monthly Value;Export;Harmonized;M;M
Physical Energy & Power Flows;2021;9;653;653;653;DK;SE;Monthly Value;Import;Harmonized;M;M
Physical Energy & Power Flows;2021;9;1222;1222;1222;DK;SE;Value on 3rd Wed. at 03;Import;Harmonized;M;M
Physical Energy & Power Flows;2021;9;437;437;437;DK;SE;Value on 3rd Wed. at 11;Import;Harmonized;M;M
Physical Energy & Power Flows;2021;10;17;17;17;DK;SE;Monthly Value;Export;Harmonized;M;M
Physical Energy & Power Flows;2021;10;783;783;783;DK;SE;Monthly Value;Import;Harmonized;M;M
Physical Energy & Power Flows;2021;10;191;191;191;DK;SE;Value on 3rd Wed. at 03;Import;Harmonized;M;M
Physical Energy & Power Flows;2021;10;992;992;992;DK;SE;Value on 3rd Wed. at 11;Import;Harmonized;M;M
Physical Energy & Power Flows;2021;11;65;65;65;DK;SE;Monthly Value;Export;Harmonized;M;M
Physical Energy & Power Flows;2021;11;727;727;727;DK;SE;Monthly Value;Import;Harmonized;M;M
Physical Energy & Power Flows;2021;11;1169;1169;1169;DK;SE;Value on 3rd Wed. at 03;Import;Harmonized;M;M
Physical Energy & Power Flows;2021;11;122;122;122;DK;SE;Value on 3rd Wed. at 11;Export;Harmonized;M;M
Physical Energy & Power Flows;2021;12;272;272;272;DK;SE;Monthly Value;Export;Harmonized;M;M
Physical Energy & Power Flows;2021;12;593;593;593;DK;SE;Monthly Value;Import;Harmonized;M;M
Physical Energy & Power Flows;2021;12;1378;1378;1378;DK;SE;Value on 3rd Wed. at 03;Import;Harmonized;M;M
Physical Energy & Power Flows;2021;12;1560;1560;1560;DK;SE;Value on 3rd Wed. at 11;Import;Harmonized;M;M
Physical Energy & Power Flows;2021;1;20;20;20;EE;FI;Monthly Value;Export;Harmonized;M;M
Physical Energy & Power Flows;2021;1;405;405;405;EE;FI;Monthly Value;Import;Harmonized;M;M
Physical Energy & Power Flows;2021;1;994;994;994;EE;FI;Value on 3rd Wed. at 03;Import;Harmonized;M;M
Physical Energy & Power Flows;2021;1;859;859;859;EE;FI;Value on 3rd Wed. at 11;Import;Harmonized;M;M
Physical Energy & Power Flows;2021;2;24;24;24;EE;FI;Monthly Value;Export;Harmonized;M;M
Physical Energy & Power Flows;2021;2;367;367;367;EE;FI;Monthly Value;Import;Harmonized;M;M
Physical Energy & Power Flows;2021;2;642;642;642;EE;FI;Value on 3rd Wed. at 03;Import;Harmonized;M;M
Physical Energy & Power Flows;2021;2;10;10;10;EE;FI;Value on 3rd Wed. at 11;Export;Harmonized;M;M
Physical Energy & Power Flows;2021;3;1;1;1;EE;FI;Monthly Value;Export;Harmonized;M;M
Physical Energy & Power Flows;2021;3;572;572;572;EE;FI;Monthly Value;Import;Harmonized;M;M
Physical Energy & Power Flows;2021;3;805;805;805;EE;FI;Value on 3rd Wed. at 03;Import;Harmonized;M;M
Physical Energy & Power Flows;2021;3;818;818;818;EE;FI;Value on 3rd Wed. at 11;Import;Harmonized;M;M
Physical Energy & Power Flows;2021;4;0;0;0;EE;FI;Monthly Value;Export;Harmonized;M;M
Physical Energy & Power Flows;2021;4;601;601;601;EE;FI;Monthly Value;Import;Harmonized;M;M
Physical Energy & Power Flows;2021;4;1016;1016;1016;EE;FI;Value on 3rd Wed. at 03;Import;Harmonized;M;M
Physical Energy & Power Flows;2021;4;957;957;957;EE;FI;Value on 3rd Wed. at 11;Import;Harmonized;M;M
Physical Energy & Power Flows;2021;5;1;1;1;EE;FI;Monthly Value;Export;Harmonized;M;M
Physical Energy & Power Flows;2021;5;476;476;476;EE;FI;Monthly Value;Import;Harmonized;M;M
Physical Energy & Power Flows;2021;5;762;762;762;EE;FI;Value on 3rd Wed. at 03;Import;Harmonized;M;M
Physical Energy & Power Flows;2021;5;988;988;988;EE;FI;Value on 3rd Wed. at 11;Import;Harmonized;M;M
Physical Energy & Power Flows;2021;6;1;1;1;EE;FI;Monthly Value;Export;Harmonized;M;M
Physical Energy & Power Flows;2021;6;569;569;569;EE;FI;Monthly Value;Import;Harmonized;M;M
Physical Energy & Power Flows;2021;6;984;984;984;EE;FI;Value on 3rd Wed. at 03;Import;Harmonized;M;M
Physical Energy & Power Flows;2021;6;218;218;218;EE;FI;Value on 3rd Wed. at 11;Import;Harmonized;M;M
Physical Energy & Power Flows;2021;7;2;2;2;EE;FI;Monthly Value;Export;Harmonized;M;M
Physical Energy & Power Flows;2021;7;534;534;534;EE;FI;Monthly Value;Import;Harmonized;M;M
Physical Energy & Power Flows;2021;7;959;959;959;EE;FI;Value on 3rd Wed. at 03;Import;Harmonized;M;M
Physical Energy & Power Flows;2021;7;889;889;889;EE;FI;Value on 3rd Wed. at 11;Import;Harmonized;M;M
Physical Energy & Power Flows;2021;8;712;712;712;EE;FI;Monthly Value;Import;Harmonized;M;M
Physical Energy & Power Flows;2021;8;1014;1014;1014;EE;FI;Value on 3rd Wed. at 03;Import;Harmonized;M;M
Physical Energy & Power Flows;2021;8;1014;1014;1014;EE;FI;Value on 3rd Wed. at 11;Import;Harmonized;M;M
Physical Energy & Power Flows;2021;9;684;684;684;EE;FI;Monthly Value;Import;Harmonized;M;M
Physical Energy & Power Flows;2021;9;643;643;643;EE;FI;Value on 3rd Wed. at 03;Import;Harmonized;M;M
Physical Energy & Power Flows;2021;9;232;232;232;EE;FI;Value on 3rd Wed. at 11;Import;Harmonized;M;M
Physical Energy & Power Flows;2021;10;701;701;701;EE;FI;Monthly Value;Import;Harmonized;M;M
Physical Energy & Power Flows;2021;10;1004;1004;1004;EE;FI;Value on 3rd Wed. at 03;Import;Harmonized;M;M
Physical Energy & Power Flows;2021;10;1004;1004;1004;EE;FI;Value on 3rd Wed. at 11;Import;Harmonized;M;M
Physical Energy & Power Flows;2021;11;2;2;2;EE;FI;Monthly Value;Export;Harmonized;M;M
Physical Energy & Power Flows;2021;11;591;591;591;EE;FI;Monthly Value;Import;Harmonized;M;M
Physical Energy & Power Flows;2021;11;994;994;994;EE;FI;Value on 3rd Wed. at 03;Import;Harmonized;M;M
Physical Energy & Power Flows;2021;11;994;994;994;EE;FI;Value on 3rd Wed. at 11;Import;Harmonized;M;M
Physical Energy & Power Flows;2021;12;3;3;3;EE;FI;Monthly Value;Export;Harmonized;M;M
Physical Energy & Power Flows;2021;12;484;484;484;EE;FI;Monthly Value;Import;Harmonized;M;M
Physical Energy & Power Flows;2021;12;1015;1015;1015;EE;FI;Value on 3rd Wed. at 03;Import;Harmonized;M;M
Physical Energy & Power Flows;2021;12;928;928;928;EE;FI;Value on 3rd Wed. at 11;Import;Harmonized;M;M
Physical Energy & Power Flows;2021;1;129;129;129;EE;LV;Monthly Value;Export;Harmonized;M;M
Physical Energy & Power Flows;2021;1;22;22;22;EE;LV;Monthly Value;Import;Harmonized;M;M
Physical Energy & Power Flows;2021;1;444;444;444;EE;LV;Value on 3rd Wed. at 03;Export;Harmonized;M;M
Physical Energy & Power Flows;2021;1;97;97;97;EE;LV;Value on 3rd Wed. at 11;Export;Harmonized;M;M
Physical Energy & Power Flows;2021;2;130;130;130;EE;LV;Monthly Value;Export;Harmonized;M;M
Physical Energy & Power Flows;2021;2;22;22;22;EE;LV;Monthly Value;Import;Harmonized;M;M
Physical Energy & Power Flows;2021;2;133;133;133;EE;LV;Value on 3rd Wed. at 03;Export;Harmonized;M;M
Physical Energy & Power Flows;2021;2;103;103;103;EE;LV;Value on 3rd Wed. at 11;Import;Harmonized;M;M
Physical Energy & Power Flows;2021;3;149;149;149;EE;LV;Monthly Value;Export;Harmonized;M;M
Physical Energy & Power Flows;2021;3;5;5;5;EE;LV;Monthly Value;Import;Harmonized;M;M
Physical Energy & Power Flows;2021;3;290;290;290;EE;LV;Value on 3rd Wed. at 03;Export;Harmonized;M;M
Physical Energy & Power Flows;2021;3;67;67;67;EE;LV;Value on 3rd Wed. at 11;Import;Harmonized;M;M
Physical Energy & Power Flows;2021;4;192;192;192;EE;LV;Monthly Value;Export;Harmonized;M;M
Physical Energy & Power Flows;2021;4;5;5;5;EE;LV;Monthly Value;Import;Harmonized;M;M
Physical Energy & Power Flows;2021;4;424;424;424;EE;LV;Value on 3rd Wed. at 03;Export;Harmonized;M;M
Physical Energy & Power Flows;2021;4;292;292;292;EE;LV;Value on 3rd Wed. at 11;Export;Harmonized;M;M
Physical Energy & Power Flows;2021;5;162;162;162;EE;LV;Monthly Value;Export;Harmonized;M;M
Physical Energy & Power Flows;2021;5;4;4;4;EE;LV;Monthly Value;Import;Harmonized;M;M
Physical Energy & Power Flows;2021;5;501;501;501;EE;LV;Value on 3rd Wed. at 03;Export;Harmonized;M;M
Physical Energy & Power Flows;2021;5;372;372;372;EE;LV;Value on 3rd Wed. at 11;Export;Harmonized;M;M
Physical Energy & Power Flows;2021;6;273;273;273;EE;LV;Monthly Value;Export;Harmonized;M;M
Physical Energy & Power Flows;2021;6;1;1;1;EE;LV;Monthly Value;Import;Harmonized;M;M
Physical Energy & Power Flows;2021;6;734;734;734;EE;LV;Value on 3rd Wed. at 03;Export;Harmonized;M;M
Physical Energy & Power Flows;2021;6;121;121;121;EE;LV;Value on 3rd Wed. at 11;Export;Harmonized;M;M
Physical Energy & Power Flows;2021;7;308;308;308;EE;LV;Monthly Value;Export;Harmonized;M;M
Physical Energy & Power Flows;2021;7;4;4;4;EE;LV;Monthly Value;Import;Harmonized;M;M
Physical Energy & Power Flows;2021;7;775;775;775;EE;LV;Value on 3rd Wed. at 03;Export;Harmonized;M;M
Physical Energy & Power Flows;2021;7;654;654;654;EE;LV;Value on 3rd Wed. at 11;Export;Harmonized;M;M
Physical Energy & Power Flows;2021;8;444;444;444;EE;LV;Monthly Value;Export;Harmonized;M;M
Physical Energy & Power Flows;2021;8;653;653;653;EE;LV;Value on 3rd Wed. at 03;Export;Harmonized;M;M
Physical Energy & Power Flows;2021;8;570;570;570;EE;LV;Value on 3rd Wed. at 11;Export;Harmonized;M;M
Physical Energy & Power Flows;2021;9;456;456;456;EE;LV;Monthly Value;Export;Harmonized;M;M
Physical Energy & Power Flows;2021;9;0;0;0;EE;LV;Monthly Value;Import;Harmonized;M;M
Physical Energy & Power Flows;2021;9;559;559;559;EE;LV;Value on 3rd Wed. at 03;Export;Harmonized;M;M
Physical Energy & Power Flows;2021;9;14;14;14;EE;LV;Value on 3rd Wed. at 11;Import;Harmonized;M;M
Physical Energy & Power Flows;2021;10;345;345;345;EE;LV;Monthly Value;Export;Harmonized;M;M
Physical Energy & Power Flows;2021;10;0;0;0;EE;LV;Monthly Value;Import;Harmonized;M;M
Physical Energy & Power Flows;2021;10;322;322;322;EE;LV;Value on 3rd Wed. at 03;Export;Harmonized;M;M
Physical Energy & Power Flows;2021;10;241;241;241;EE;LV;Value on 3rd Wed. at 11;Export;Harmonized;M;M
Physical Energy & Power Flows;2021;11;123;123;123;EE;LV;Monthly Value;Export;Harmonized;M;M
Physical Energy & Power Flows;2021;11;13;13;13;EE;LV;Monthly Value;Import;Harmonized;M;M
Physical Energy & Power Flows;2021;11;241;241;241;EE;LV;Value on 3rd Wed. at 03;Export;Harmonized;M;M
Physical Energy & Power Flows;2021;11;332;332;332;EE;LV;Value on 3rd Wed. at 11;Export;Harmonized;M;M
Physical Energy & Power Flows;2021;12;126;126;126;EE;LV;Monthly Value;Export;Harmonized;M;M
Physical Energy & Power Flows;2021;12;27;27;27;EE;LV;Monthly Value;Import;Harmonized;M;M
Physical Energy & Power Flows;2021;12;377;377;377;EE;LV;Value on 3rd Wed. at 03;Export;Harmonized;M;M
Physical Energy & Power Flows;2021;12;231;231;231;EE;LV;Value on 3rd Wed. at 11;Export;Harmonized;M;M
Physical Energy & Power Flows;2021;1;35;35;35;EE;RU;Monthly Value;Export;Harmonized;M;NaM
Physical Energy & Power Flows;2021;1;94;94;94;EE;RU;Monthly Value;Import;Harmonized;M;NaM
Physical Energy & Power Flows;2021;1;185;185;185;EE;RU;Value on 3rd Wed. at 03;Export;Harmonized;M;NaM
Physical Energy & Power Flows;2021;1;134;134;134;EE;RU;Value on 3rd Wed. at 11;Export;Harmonized;M;NaM
Physical Energy & Power Flows;2021;2;47;47;47;EE;RU;Monthly Value;Export;Harmonized;M;NaM
Physical Energy & Power Flows;2021;2;93;93;93;EE;RU;Monthly Value;Import;Harmonized;M;NaM
Physical Energy & Power Flows;2021;2;234;234;234;EE;RU;Value on 3rd Wed. at 03;Export;Harmonized;M;NaM
Physical Energy & Power Flows;2021;2;22;22;22;EE;RU;Value on 3rd Wed. at 11;Import;Harmonized;M;NaM
Physical Energy & Power Flows;2021;3;56;56;56;EE;RU;Monthly Value;Export;Harmonized;M;NaM
Physical Energy & Power Flows;2021;3;84;84;84;EE;RU;Monthly Value;Import;Harmonized;M;NaM
Physical Energy & Power Flows;2021;3;29;29;29;EE;RU;Value on 3rd Wed. at 03;Import;Harmonized;M;NaM
Physical Energy & Power Flows;2021;3;95;95;95;EE;RU;Value on 3rd Wed. at 11;Export;Harmonized;M;NaM
Physical Energy & Power Flows;2021;4;122;122;122;EE;RU;Monthly Value;Export;Harmonized;M;NaM
Physical Energy & Power Flows;2021;4;21;21;21;EE;RU;Monthly Value;Import;Harmonized;M;NaM
Physical Energy & Power Flows;2021;4;283;283;283;EE;RU;Value on 3rd Wed. at 03;Export;Harmonized;M;NaM
Physical Energy & Power Flows;2021;4;298;298;298;EE;RU;Value on 3rd Wed. at 11;Export;Harmonized;M;NaM
Physical Energy & Power Flows;2021;5;60;60;60;EE;RU;Monthly Value;Export;Harmonized;M;NaM
Physical Energy & Power Flows;2021;5;45;45;45;EE;RU;Monthly Value;Import;Harmonized;M;NaM
Physical Energy & Power Flows;2021;5;107;107;107;EE;RU;Value on 3rd Wed. at 03;Export;Harmonized;M;NaM
Physical Energy & Power Flows;2021;5;248;248;248;EE;RU;Value on 3rd Wed. at 11;Export;Harmonized;M;NaM
Physical Energy & Power Flows;2021;6;147;147;147;EE;RU;Monthly Value;Export;Harmonized;M;NaM
Physical Energy & Power Flows;2021;6;5;5;5;EE;RU;Monthly Value;Import;Harmonized;M;NaM
Physical Energy & Power Flows;2021;6;179;179;179;EE;RU;Value on 3rd Wed. at 03;Export;Harmonized;M;NaM
Physical Energy & Power Flows;2021;6;106;106;106;EE;RU;Value on 3rd Wed. at 11;Export;Harmonized;M;NaM
Physical Energy & Power Flows;2021;7;115;115;115;EE;RU;Monthly Value;Export;Harmonized;M;NaM
Physical Energy & Power Flows;2021;7;10;10;10;EE;RU;Monthly Value;Import;Harmonized;M;NaM
Physical Energy & Power Flows;2021;7;32;32;32;EE;RU;Value on 3rd Wed. at 03;Export;Harmonized;M;NaM
Physical Energy & Power Flows;2021;7;110;110;110;EE;RU;Value on 3rd Wed. at 11;Export;Harmonized;M;NaM
Physical Energy & Power Flows;2021;8;72;72;72;EE;RU;Monthly Value;Export;Harmonized;M;NaM
Physical Energy & Power Flows;2021;8;14;14;14;EE;RU;Monthly Value;Import;Harmonized;M;NaM
Physical Energy & Power Flows;2021;8;162;162;162;EE;RU;Value on 3rd Wed. at 03;Export;Harmonized;M;NaM
Physical Energy & Power Flows;2021;8;88;88;88;EE;RU;Value on 3rd Wed. at 11;Export;Harmonized;M;NaM
Physical Energy & Power Flows;2021;9;117;117;117;EE;RU;Monthly Value;Export;Harmonized;M;NaM
Physical Energy & Power Flows;2021;9;3;3;3;EE;RU;Monthly Value;Import;Harmonized;M;NaM
Physical Energy & Power Flows;2021;9;128;128;128;EE;RU;Value on 3rd Wed. at 03;Export;Harmonized;M;NaM
Physical Energy & Power Flows;2021;9;122;122;122;EE;RU;Value on 3rd Wed. at 11;Export;Harmonized;M;NaM
Physical Energy & Power Flows;2021;10;229;229;229;EE;RU;Monthly Value;Export;Harmonized;M;NaM
Physical Energy & Power Flows;2021;10;1;1;1;EE;RU;Monthly Value;Import;Harmonized;M;NaM
Physical Energy & Power Flows;2021;10;492;492;492;EE;RU;Value on 3rd Wed. at 03;Export;Harmonized;M;NaM
Physical Energy & Power Flows;2021;10;228;228;228;EE;RU;Value on 3rd Wed. at 11;Export;Harmonized;M;NaM
Physical Energy & Power Flows;2021;11;340;340;340;EE;RU;Monthly Value;Export;Harmonized;M;NaM
Physical Energy & Power Flows;2021;11;0;0;0;EE;RU;Monthly Value;Import;Harmonized;M;NaM
Physical Energy & Power Flows;2021;11;600;600;600;EE;RU;Value on 3rd Wed. at 03;Export;Harmonized;M;NaM
Physical Energy & Power Flows;2021;11;481;481;481;EE;RU;Value on 3rd Wed. at 11;Export;Harmonized;M;NaM
Physical Energy & Power Flows;2021;12;288;288;288;EE;RU;Monthly Value;Export;Harmonized;M;NaM
Physical Energy & Power Flows;2021;12;2;2;2;EE;RU;Monthly Value;Import;Harmonized;M;NaM
Physical Energy & Power Flows;2021;12;654;654;654;EE;RU;Value on 3rd Wed. at 03;Export;Harmonized;M;NaM
Physical Energy & Power Flows;2021;12;582;582;582;EE;RU;Value on 3rd Wed. at 11;Export;Harmonized;M;NaM
Physical Energy & Power Flows;2021;1;624;624;624;ES;FR;Monthly Value;Export;Harmonized;M;M
Physical Energy & Power Flows;2021;1;1096;1096;1096;ES;FR;Monthly Value;Import;Harmonized;M;M
Physical Energy & Power Flows;2021;1;1914;1914;1914;ES;FR;Value on 3rd Wed. at 03;Import;Harmonized;M;M
Physical Energy & Power Flows;2021;1;2425;2425;2425;ES;FR;Value on 3rd Wed. at 11;Import;Harmonized;M;M
Physical Energy & Power Flows;2021;2;1167;1167;1167;ES;FR;Monthly Value;Export;Harmonized;M;M
Physical Energy & Power Flows;2021;2;177;177;177;ES;FR;Monthly Value;Import;Harmonized;M;M
Physical Energy & Power Flows;2021;2;716;716;716;ES;FR;Value on 3rd Wed. at 03;Export;Harmonized;M;M
Physical Energy & Power Flows;2021;2;1824;1824;1824;ES;FR;Value on 3rd Wed. at 11;Export;Harmonized;M;M
Physical Energy & Power Flows;2021;3;691;691;691;ES;FR;Monthly Value;Export;Harmonized;M;M
Physical Energy & Power Flows;2021;3;850;850;850;ES;FR;Monthly Value;Import;Harmonized;M;M
Physical Energy & Power Flows;2021;3;3182;3182;3182;ES;FR;Value on 3rd Wed. at 03;Export;Harmonized;M;M
Physical Energy & Power Flows;2021;3;1481;1481;1481;ES;FR;Value on 3rd Wed. at 11;Export;Harmonized;M;M
Physical Energy & Power Flows;2021;4;493;493;493;ES;FR;Monthly Value;Export;Harmonized;M;M
Physical Energy & Power Flows;2021;4;911;911;911;ES;FR;Monthly Value;Import;Harmonized;M;M
Physical Energy & Power Flows;2021;4;2681;2681;2681;ES;FR;Value on 3rd Wed. at 03;Import;Harmonized;M;M
Physical Energy & Power Flows;2021;4;2647;2647;2647;ES;FR;Value on 3rd Wed. at 11;Import;Harmonized;M;M
Physical Energy & Power Flows;2021;5;299;299;299;ES;FR;Monthly Value;Export;Harmonized;M;M
Physical Energy & Power Flows;2021;5;1332;1332;1332;ES;FR;Monthly Value;Import;Harmonized;M;M
Physical Energy & Power Flows;2021;5;2384;2384;2384;ES;FR;Value on 3rd Wed. at 03;Import;Harmonized;M;M
Physical Energy & Power Flows;2021;5;3040;3040;3040;ES;FR;Value on 3rd Wed. at 11;Import;Harmonized;M;M
Physical Energy & Power Flows;2021;6;85;85;85;ES;FR;Monthly Value;Export;Harmonized;M;M
Physical Energy & Power Flows;2021;6;1398;1398;1398;ES;FR;Monthly Value;Import;Harmonized;M;M
Physical Energy & Power Flows;2021;6;1725;1725;1725;ES;FR;Value on 3rd Wed. at 03;Import;Harmonized;M;M
Physical Energy & Power Flows;2021;6;2490;2490;2490;ES;FR;Value on 3rd Wed. at 11;Import;Harmonized;M;M
Physical Energy & Power Flows;2021;7;133;133;133;ES;FR;Monthly Value;Export;Harmonized;M;M
Physical Energy & Power Flows;2021;7;1390;1390;1390;ES;FR;Monthly Value;Import;Harmonized;M;M
Physical Energy & Power Flows;2021;7;2191;2191;2191;ES;FR;Value on 3rd Wed. at 03;Import;Harmonized;M;M
Physical Energy & Power Flows;2021;7;2189;2189;2189;ES;FR;Value on 3rd Wed. at 11;Import;Harmonized;M;M
Physical Energy & Power Flows;2021;8;6;6;6;ES;FR;Monthly Value;Export;Harmonized;M;M
Physical Energy & Power Flows;2021;8;1746;1746;1746;ES;FR;Monthly Value;Import;Harmonized;M;M
Physical Energy & Power Flows;2021;8;1957;1957;1957;ES;FR;Value on 3rd Wed. at 03;Import;Harmonized;M;M
Physical Energy & Power Flows;2021;8;2265;2265;2265;ES;FR;Value on 3rd Wed. at 11;Import;Harmonized;M;M
Physical Energy & Power Flows;2021;9;60;60;60;ES;FR;Monthly Value;Export;Harmonized;M;M
Physical Energy & Power Flows;2021;9;1245;1245;1245;ES;FR;Monthly Value;Import;Harmonized;M;M
Physical Energy & Power Flows;2021;9;2591;2591;2591;ES;FR;Value on 3rd Wed. at 03;Import;Harmonized;M;M
Physical Energy & Power Flows;2021;9;1794;1794;1794;ES;FR;Value on 3rd Wed. at 11;Export;Harmonized;M;M
Physical Energy & Power Flows;2021;10;89;89;89;ES;FR;Monthly Value;Export;Harmonized;M;M
Physical Energy & Power Flows;2021;10;854;854;854;ES;FR;Monthly Value;Import;Harmonized;M;M
Physical Energy & Power Flows;2021;10;1389;1389;1389;ES;FR;Value on 3rd Wed. at 03;Import;Harmonized;M;M
Physical Energy & Power Flows;2021;10;376;376;376;ES;FR;Value on 3rd Wed. at 11;Import;Harmonized;M;M
Physical Energy & Power Flows;2021;11;1044;1044;1044;ES;FR;Monthly Value;Export;Harmonized;M;M
Physical Energy & Power Flows;2021;11;225;225;225;ES;FR;Monthly Value;Import;Harmonized;M;M
Physical Energy & Power Flows;2021;11;448;448;448;ES;FR;Value on 3rd Wed. at 03;Export;Harmonized;M;M
Physical Energy & Power Flows;2021;11;1785;1785;1785;ES;FR;Value on 3rd Wed. at 11;Export;Harmonized;M;M
Physical Energy & Power Flows;2021;12;1243;1243;1243;ES;FR;Monthly Value;Export;Harmonized;M;M
Physical Energy & Power Flows;2021;12;280;280;280;ES;FR;Monthly Value;Import;Harmonized;M;M
Physical Energy & Power Flows;2021;12;1200;1200;1200;ES;FR;Value on 3rd Wed. at 03;Export;Harmonized;M;M
Physical Energy & Power Flows;2021;12;2245;2245;2245;ES;FR;Value on 3rd Wed. at 11;Export;Harmonized;M;M
Physical Energy & Power Flows;2021;1;639;639;639;ES;PT;Monthly Value;Export;Harmonized;M;M
Physical Energy & Power Flows;2021;1;351;351;351;ES;PT;Monthly Value;Import;Harmonized;M;M
Physical Energy & Power Flows;2021;1;812;812;812;ES;PT;Value on 3rd Wed. at 03;Export;Harmonized;M;M
Physical Energy & Power Flows;2021;1;175;175;175;ES;PT;Value on 3rd Wed. at 11;Import;Harmonized;M;M
Physical Energy & Power Flows;2021;2;71;71;71;ES;PT;Monthly Value;Export;Harmonized;M;M
Physical Energy & Power Flows;2021;2;925;925;925;ES;PT;Monthly Value;Import;Harmonized;M;M
Physical Energy & Power Flows;2021;2;1273;1273;1273;ES;PT;Value on 3rd Wed. at 03;Import;Harmonized;M;M
Physical Energy & Power Flows;2021;2;2183;2183;2183;ES;PT;Value on 3rd Wed. at 11;Import;Harmonized;M;M
Physical Energy & Power Flows;2021;3;408;408;408;ES;PT;Monthly Value;Export;Harmonized;M;M
Physical Energy & Power Flows;2021;3;414;414;414;ES;PT;Monthly Value;Import;Harmonized;M;M
Physical Energy & Power Flows;2021;3;648;648;648;ES;PT;Value on 3rd Wed. at 03;Import;Harmonized;M;M
Physical Energy & Power Flows;2021;3;391;391;391;ES;PT;Value on 3rd Wed. at 11;Export;Harmonized;M;M
Physical Energy & Power Flows;2021;4;588;588;588;ES;PT;Monthly Value;Export;Harmonized;M;M
Physical Energy & Power Flows;2021;4;401;401;401;ES;PT;Monthly Value;Import;Harmonized;M;M
Physical Energy & Power Flows;2021;4;288;288;288;ES;PT;Value on 3rd Wed. at 03;Export;Harmonized;M;M
Physical Energy & Power Flows;2021;4;270;270;270;ES;PT;Value on 3rd Wed. at 11;Export;Harmonized;M;M
Physical Energy & Power Flows;2021;5;975;975;975;ES;PT;Monthly Value;Export;Harmonized;M;M
Physical Energy & Power Flows;2021;5;142;142;142;ES;PT;Monthly Value;Import;Harmonized;M;M
Physical Energy & Power Flows;2021;5;441;441;441;ES;PT;Value on 3rd Wed. at 03;Export;Harmonized;M;M
Physical Energy & Power Flows;2021;5;1450;1450;1450;ES;PT;Value on 3rd Wed. at 11;Export;Harmonized;M;M
Physical Energy & Power Flows;2021;6;537;537;537;ES;PT;Monthly Value;Export;Harmonized;M;M
Physical Energy & Power Flows;2021;6;213;213;213;ES;PT;Monthly Value;Import;Harmonized;M;M
Physical Energy & Power Flows;2021;6;1265;1265;1265;ES;PT;Value on 3rd Wed. at 03;Import;Harmonized;M;M
Physical Energy & Power Flows;2021;6;148;148;148;ES;PT;Value on 3rd Wed. at 11;Export;Harmonized;M;M
Physical Energy & Power Flows;2021;7;703;703;703;ES;PT;Monthly Value;Export;Harmonized;M;M
Physical Energy & Power Flows;2021;7;140;140;140;ES;PT;Monthly Value;Import;Harmonized;M;M
Physical Energy & Power Flows;2021;7;335;335;335;ES;PT;Value on 3rd Wed. at 03;Import;Harmonized;M;M
Physical Energy & Power Flows;2021;7;793;793;793;ES;PT;Value on 3rd Wed. at 11;Export;Harmonized;M;M
Physical Energy & Power Flows;2021;8;1085;1085;1085;ES;PT;Monthly Value;Export;Harmonized;M;M
Physical Energy & Power Flows;2021;8;61;61;61;ES;PT;Monthly Value;Import;Harmonized;M;M
Physical Energy & Power Flows;2021;8;2521;2521;2521;ES;PT;Value on 3rd Wed. at 03;Export;Harmonized;M;M
Physical Energy & Power Flows;2021;8;3188;3188;3188;ES;PT;Value on 3rd Wed. at 11;Export;Harmonized;M;M
Physical Energy & Power Flows;2021;9;792;792;792;ES;PT;Monthly Value;Export;Harmonized;M;M
Physical Energy & Power Flows;2021;9;102;102;102;ES;PT;Monthly Value;Import;Harmonized;M;M
Physical Energy & Power Flows;2021;9;1081;1081;1081;ES;PT;Value on 3rd Wed. at 03;Export;Harmonized;M;M
Physical Energy & Power Flows;2021;9;0;0;0;ES;PT;Value on 3rd Wed. at 11;Export;Harmonized;M;M
Physical Energy & Power Flows;2021;10;990;990;990;ES;PT;Monthly Value;Export;Harmonized;M;M
Physical Energy & Power Flows;2021;10;106;106;106;ES;PT;Monthly Value;Import;Harmonized;M;M
Physical Energy & Power Flows;2021;10;2127;2127;2127;ES;PT;Value on 3rd Wed. at 03;Export;Harmonized;M;M
Physical Energy & Power Flows;2021;10;2034;2034;2034;ES;PT;Value on 3rd Wed. at 11;Export;Harmonized;M;M
Physical Energy & Power Flows;2021;11;685;685;685;ES;PT;Monthly Value;Export;Harmonized;M;M
Physical Energy & Power Flows;2021;11;216;216;216;ES;PT;Monthly Value;Import;Harmonized;M;M
Physical Energy & Power Flows;2021;11;166;166;166;ES;PT;Value on 3rd Wed. at 03;Import;Harmonized;M;M
Physical Energy & Power Flows;2021;11;774;774;774;ES;PT;Value on 3rd Wed. at 11;Export;Harmonized;M;M
Physical Energy & Power Flows;2021;12;610;610;610;ES;PT;Monthly Value;Export;Harmonized;M;M
Physical Energy & Power Flows;2021;12;233;233;233;ES;PT;Monthly Value;Import;Harmonized;M;M
Physical Energy & Power Flows;2021;12;99;99;99;ES;PT;Value on 3rd Wed. at 03;Export;Harmonized;M;M
Physical Energy & Power Flows;2021;12;192;192;192;ES;PT;Value on 3rd Wed. at 11;Import;Harmonized;M;M
Physical Energy & Power Flows;2021;1;405;405;405;FI;EE;Monthly Value;Export;Harmonized;M;M
Physical Energy & Power Flows;2021;1;20;20;20;FI;EE;Monthly Value;Import;Harmonized;M;M
Physical Energy & Power Flows;2021;1;994;994;994;FI;EE;Value on 3rd Wed. at 03;Export;Harmonized;M;M
Physical Energy & Power Flows;2021;1;859;859;859;FI;EE;Value on 3rd Wed. at 11;Export;Harmonized;M;M
Physical Energy & Power Flows;2021;2;367;367;367;FI;EE;Monthly Value;Export;Harmonized;M;M
Physical Energy & Power Flows;2021;2;24;24;24;FI;EE;Monthly Value;Import;Harmonized;M;M
Physical Energy & Power Flows;2021;2;642;642;642;FI;EE;Value on 3rd Wed. at 03;Export;Harmonized;M;M
Physical Energy & Power Flows;2021;2;10;10;10;FI;EE;Value on 3rd Wed. at 11;Import;Harmonized;M;M
Physical Energy & Power Flows;2021;3;572;572;572;FI;EE;Monthly Value;Export;Harmonized;M;M
Physical Energy & Power Flows;2021;3;1;1;1;FI;EE;Monthly Value;Import;Harmonized;M;M
Physical Energy & Power Flows;2021;3;805;805;805;FI;EE;Value on 3rd Wed. at 03;Export;Harmonized;M;M
Physical Energy & Power Flows;2021;3;818;818;818;FI;EE;Value on 3rd Wed. at 11;Export;Harmonized;M;M
Physical Energy & Power Flows;2021;4;601;601;601;FI;EE;Monthly Value;Export;Harmonized;M;M
Physical Energy & Power Flows;2021;4;0;0;0;FI;EE;Monthly Value;Import;Harmonized;M;M
Physical Energy & Power Flows;2021;4;1016;1016;1016;FI;EE;Value on 3rd Wed. at 03;Export;Harmonized;M;M
Physical Energy & Power Flows;2021;4;957;957;957;FI;EE;Value on 3rd Wed. at 11;Export;Harmonized;M;M
Physical Energy & Power Flows;2021;5;476;476;476;FI;EE;Monthly Value;Export;Harmonized;M;M
Physical Energy & Power Flows;2021;5;1;1;1;FI;EE;Monthly Value;Import;Harmonized;M;M
Physical Energy & Power Flows;2021;5;762;762;762;FI;EE;Value on 3rd Wed. at 03;Export;Harmonized;M;M
Physical Energy & Power Flows;2021;5;988;988;988;FI;EE;Value on 3rd Wed. at 11;Export;Harmonized;M;M
Physical Energy & Power Flows;2021;6;569;569;569;FI;EE;Monthly Value;Export;Harmonized;M;M
Physical Energy & Power Flows;2021;6;1;1;1;FI;EE;Monthly Value;Import;Harmonized;M;M
Physical Energy & Power Flows;2021;6;984;984;984;FI;EE;Value on 3rd Wed. at 03;Export;Harmonized;M;M
Physical Energy & Power Flows;2021;6;218;218;218;FI;EE;Value on 3rd Wed. at 11;Export;Harmonized;M;M
Physical Energy & Power Flows;2021;7;534;534;534;FI;EE;Monthly Value;Export;Harmonized;M;M
Physical Energy & Power Flows;2021;7;2;2;2;FI;EE;Monthly Value;Import;Harmonized;M;M
Physical Energy & Power Flows;2021;7;959;959;959;FI;EE;Value on 3rd Wed. at 03;Export;Harmonized;M;M
Physical Energy & Power Flows;2021;7;889;889;889;FI;EE;Value on 3rd Wed. at 11;Export;Harmonized;M;M
Physical Energy & Power Flows;2021;8;712;712;712;FI;EE;Monthly Value;Export;Harmonized;M;M
Physical Energy & Power Flows;2021;8;1014;1014;1014;FI;EE;Value on 3rd Wed. at 03;Export;Harmonized;M;M
Physical Energy & Power Flows;2021;8;1014;1014;1014;FI;EE;Value on 3rd Wed. at 11;Export;Harmonized;M;M
Physical Energy & Power Flows;2021;9;684;684;684;FI;EE;Monthly Value;Export;Harmonized;M;M
Physical Energy & Power Flows;2021;9;643;643;643;FI;EE;Value on 3rd Wed. at 03;Export;Harmonized;M;M
Physical Energy & Power Flows;2021;9;232;232;232;FI;EE;Value on 3rd Wed. at 11;Export;Harmonized;M;M
Physical Energy & Power Flows;2021;10;701;701;701;FI;EE;Monthly Value;Export;Harmonized;M;M
Physical Energy & Power Flows;2021;10;1004;1004;1004;FI;EE;Value on 3rd Wed. at 03;Export;Harmonized;M;M
Physical Energy & Power Flows;2021;10;1004;1004;1004;FI;EE;Value on 3rd Wed. at 11;Export;Harmonized;M;M
Physical Energy & Power Flows;2021;11;591;591;591;FI;EE;Monthly Value;Export;Harmonized;M;M
Physical Energy & Power Flows;2021;11;2;2;2;FI;EE;Monthly Value;Import;Harmonized;M;M
Physical Energy & Power Flows;2021;11;994;994;994;FI;EE;Value on 3rd Wed. at 03;Export;Harmonized;M;M
Physical Energy & Power Flows;2021;11;994;994;994;FI;EE;Value on 3rd Wed. at 11;Export;Harmonized;M;M
Physical Energy & Power Flows;2021;12;484;484;484;FI;EE;Monthly Value;Export;Harmonized;M;M
Physical Energy & Power Flows;2021;12;3;3;3;FI;EE;Monthly Value;Import;Harmonized;M;M
Physical Energy & Power Flows;2021;12;1015;1015;1015;FI;EE;Value on 3rd Wed. at 03;Export;Harmonized;M;M
Physical Energy & Power Flows;2021;12;928;928;928;FI;EE;Value on 3rd Wed. at 11;Export;Harmonized;M;M
Physical Energy & Power Flows;2021;1;1;1;1;FI;NO;Monthly Value;Export;Harmonized;M;M
Physical Energy & Power Flows;2021;1;30;30;30;FI;NO;Monthly Value;Import;Harmonized;M;M
Physical Energy & Power Flows;2021;1;17;17;17;FI;NO;Value on 3rd Wed. at 03;Import;Harmonized;M;M
Physical Energy & Power Flows;2021;1;11;11;11;FI;NO;Value on 3rd Wed. at 11;Import;Harmonized;M;M
Physical Energy & Power Flows;2021;2;3;3;3;FI;NO;Monthly Value;Export;Harmonized;M;M
Physical Energy & Power Flows;2021;2;13;13;13;FI;NO;Monthly Value;Import;Harmonized;M;M
Physical Energy & Power Flows;2021;2;33;33;33;FI;NO;Value on 3rd Wed. at 03;Import;Harmonized;M;M
Physical Energy & Power Flows;2021;2;36;36;36;FI;NO;Value on 3rd Wed. at 11;Import;Harmonized;M;M
Physical Energy & Power Flows;2021;3;3;3;3;FI;NO;Monthly Value;Export;Harmonized;M;M
Physical Energy & Power Flows;2021;3;13;13;13;FI;NO;Monthly Value;Import;Harmonized;M;M
Physical Energy & Power Flows;2021;3;4;4;4;FI;NO;Value on 3rd Wed. at 03;Import;Harmonized;M;M
Physical Energy & Power Flows;2021;3;4;4;4;FI;NO;Value on 3rd Wed. at 11;Import;Harmonized;M;M
Physical Energy & Power Flows;2021;4;3;3;3;FI;NO;Monthly Value;Export;Harmonized;M;M
Physical Energy & Power Flows;2021;4;22;22;22;FI;NO;Monthly Value;Import;Harmonized;M;M
Physical Energy & Power Flows;2021;4;39;39;39;FI;NO;Value on 3rd Wed. at 03;Import;Harmonized;M;M
Physical Energy & Power Flows;2021;4;61;61;61;FI;NO;Value on 3rd Wed. at 11;Import;Harmonized;M;M
Physical Energy & Power Flows;2021;5;5;5;5;FI;NO;Monthly Value;Export;Harmonized;M;M
Physical Energy & Power Flows;2021;5;17;17;17;FI;NO;Monthly Value;Import;Harmonized;M;M
Physical Energy & Power Flows;2021;5;46;46;46;FI;NO;Value on 3rd Wed. at 03;Import;Harmonized;M;M
Physical Energy & Power Flows;2021;5;28;28;28;FI;NO;Value on 3rd Wed. at 11;Import;Harmonized;M;M
Physical Energy & Power Flows;2021;6;0;0;0;FI;NO;Monthly Value;Export;Harmonized;M;M
Physical Energy & Power Flows;2021;6;29;29;29;FI;NO;Monthly Value;Import;Harmonized;M;M
Physical Energy & Power Flows;2021;6;56;56;56;FI;NO;Value on 3rd Wed. at 03;Import;Harmonized;M;M
Physical Energy & Power Flows;2021;6;30;30;30;FI;NO;Value on 3rd Wed. at 11;Import;Harmonized;M;M
Physical Energy & Power Flows;2021;7;0;0;0;FI;NO;Monthly Value;Export;Harmonized;M;M
Physical Energy & Power Flows;2021;7;29;29;29;FI;NO;Monthly Value;Import;Harmonized;M;M
Physical Energy & Power Flows;2021;7;31;31;31;FI;NO;Value on 3rd Wed. at 03;Import;Harmonized;M;M
Physical Energy & Power Flows;2021;7;34;34;34;FI;NO;Value on 3rd Wed. at 11;Import;Harmonized;M;M
Physical Energy & Power Flows;2021;8;0;0;0;FI;NO;Monthly Value;Export;Harmonized;M;M
Physical Energy & Power Flows;2021;8;20;20;20;FI;NO;Monthly Value;Import;Harmonized;M;M
Physical Energy & Power Flows;2021;8;0;0;0;FI;NO;Value on 3rd Wed. at 03;Export;Harmonized;M;M
Physical Energy & Power Flows;2021;8;0;0;0;FI;NO;Value on 3rd Wed. at 11;Export;Harmonized;M;M
Physical Energy & Power Flows;2021;9;0;0;0;FI;NO;Monthly Value;Export;Harmonized;M;M
Physical Energy & Power Flows;2021;9;33;33;33;FI;NO;Monthly Value;Import;Harmonized;M;M
Physical Energy & Power Flows;2021;9;41;41;41;FI;NO;Value on 3rd Wed. at 03;Import;Harmonized;M;M
Physical Energy & Power Flows;2021;9;35;35;35;FI;NO;Value on 3rd Wed. at 11;Import;Harmonized;M;M
Physical Energy & Power Flows;2021;10;0;0;0;FI;NO;Monthly Value;Export;Harmonized;M;M
Physical Energy & Power Flows;2021;10;19;19;19;FI;NO;Monthly Value;Import;Harmonized;M;M
Physical Energy & Power Flows;2021;10;1;1;1;FI;NO;Value on 3rd Wed. at 03;Export;Harmonized;M;M
Physical Energy & Power Flows;2021;10;35;35;35;FI;NO;Value on 3rd Wed. at 11;Export;Harmonized;M;M
Physical Energy & Power Flows;2021;11;2;2;2;FI;NO;Monthly Value;Export;Harmonized;M;M
Physical Energy & Power Flows;2021;11;22;22;22;FI;NO;Monthly Value;Import;Harmonized;M;M
Physical Energy & Power Flows;2021;11;30;30;30;FI;NO;Value on 3rd Wed. at 03;Import;Harmonized;M;M
Physical Energy & Power Flows;2021;11;51;51;51;FI;NO;Value on 3rd Wed. at 11;Import;Harmonized;M;M
Physical Energy & Power Flows;2021;12;2;2;2;FI;NO;Monthly Value;Export;Harmonized;M;M
Physical Energy & Power Flows;2021;12;29;29;29;FI;NO;Monthly Value;Import;Harmonized;M;M
Physical Energy & Power Flows;2021;12;57;57;57;FI;NO;Value on 3rd Wed. at 03;Import;Harmonized;M;M
Physical Energy & Power Flows;2021;12;47;47;47;FI;NO;Value on 3rd Wed. at 11;Import;Harmonized;M;M
Physical Energy & Power Flows;2021;1;926;926;926;FI;RU;Monthly Value;Import;Harmonized;M;NaM
Physical Energy & Power Flows;2021;1;1469;1469;1469;FI;RU;Value on 3rd Wed. at 03;Import;Harmonized;M;NaM
Physical Energy & Power Flows;2021;1;673;673;673;FI;RU;Value on 3rd Wed. at 11;Import;Harmonized;M;NaM
Physical Energy & Power Flows;2021;2;792;792;792;FI;RU;Monthly Value;Import;Harmonized;M;NaM
Physical Energy & Power Flows;2021;2;1472;1472;1472;FI;RU;Value on 3rd Wed. at 03;Import;Harmonized;M;NaM
Physical Energy & Power Flows;2021;2;1192;1192;1192;FI;RU;Value on 3rd Wed. at 11;Import;Harmonized;M;NaM
Physical Energy & Power Flows;2021;3;665;665;665;FI;RU;Monthly Value;Import;Harmonized;M;NaM
Physical Energy & Power Flows;2021;3;1355;1355;1355;FI;RU;Value on 3rd Wed. at 03;Import;Harmonized;M;NaM
Physical Energy & Power Flows;2021;3;972;972;972;FI;RU;Value on 3rd Wed. at 11;Import;Harmonized;M;NaM
Physical Energy & Power Flows;2021;4;471;471;471;FI;RU;Monthly Value;Import;Harmonized;M;NaM
Physical Energy & Power Flows;2021;4;757;757;757;FI;RU;Value on 3rd Wed. at 03;Import;Harmonized;M;NaM
Physical Energy & Power Flows;2021;4;287;287;287;FI;RU;Value on 3rd Wed. at 11;Import;Harmonized;M;NaM
Physical Energy & Power Flows;2021;5;783;783;783;FI;RU;Monthly Value;Import;Harmonized;M;NaM
Physical Energy & Power Flows;2021;5;1399;1399;1399;FI;RU;Value on 3rd Wed. at 03;Import;Harmonized;M;NaM
Physical Energy & Power Flows;2021;5;512;512;512;FI;RU;Value on 3rd Wed. at 11;Import;Harmonized;M;NaM
Physical Energy & Power Flows;2021;6;758;758;758;FI;RU;Monthly Value;Import;Harmonized;M;NaM
Physical Energy & Power Flows;2021;6;1160;1160;1160;FI;RU;Value on 3rd Wed. at 03;Import;Harmonized;M;NaM
Physical Energy & Power Flows;2021;6;1172;1172;1172;FI;RU;Value on 3rd Wed. at 11;Import;Harmonized;M;NaM
Physical Energy & Power Flows;2021;7;407;407;407;FI;RU;Monthly Value;Import;Harmonized;M;NaM
Physical Energy & Power Flows;2021;7;584;584;584;FI;RU;Value on 3rd Wed. at 03;Import;Harmonized;M;NaM
Physical Energy & Power Flows;2021;7;562;562;562;FI;RU;Value on 3rd Wed. at 11;Import;Harmonized;M;NaM
Physical Energy & Power Flows;2021;8;924;924;924;FI;RU;Monthly Value;Import;Harmonized;M;NaM
Physical Energy & Power Flows;2021;8;979;979;979;FI;RU;Value on 3rd Wed. at 03;Import;Harmonized;M;NaM
Physical Energy & Power Flows;2021;8;581;581;581;FI;RU;Value on 3rd Wed. at 11;Import;Harmonized;M;NaM
Physical Energy & Power Flows;2021;9;956;956;956;FI;RU;Monthly Value;Import;Harmonized;M;NaM
Physical Energy & Power Flows;2021;9;1239;1239;1239;FI;RU;Value on 3rd Wed. at 03;Import;Harmonized;M;NaM
Physical Energy & Power Flows;2021;9;1215;1215;1215;FI;RU;Value on 3rd Wed. at 11;Import;Harmonized;M;NaM
Physical Energy & Power Flows;2021;10;784;784;784;FI;RU;Monthly Value;Import;Harmonized;M;NaM
Physical Energy & Power Flows;2021;10;495;495;495;FI;RU;Value on 3rd Wed. at 03;Import;Harmonized;M;NaM
Physical Energy & Power Flows;2021;10;553;553;553;FI;RU;Value on 3rd Wed. at 11;Import;Harmonized;M;NaM
Physical Energy & Power Flows;2021;11;705;705;705;FI;RU;Monthly Value;Import;Harmonized;M;NaM
Physical Energy & Power Flows;2021;11;353;353;353;FI;RU;Value on 3rd Wed. at 03;Import;Harmonized;M;NaM
Physical Energy & Power Flows;2021;11;960;960;960;FI;RU;Value on 3rd Wed. at 11;Import;Harmonized;M;NaM
Physical Energy & Power Flows;2021;12;1016;1016;1016;FI;RU;Monthly Value;Import;Harmonized;M;NaM
Physical Energy & Power Flows;2021;12;1297;1297;1297;FI;RU;Value on 3rd Wed. at 03;Import;Harmonized;M;NaM
Physical Energy & Power Flows;2021;12;1367;1367;1367;FI;RU;Value on 3rd Wed. at 11;Import;Harmonized;M;NaM
Physical Energy & Power Flows;2021;1;1;1;1;FI;SE;Monthly Value;Export;Harmonized;M;M
Physical Energy & Power Flows;2021;1;1205;1205;1205;FI;SE;Monthly Value;Import;Harmonized;M;M
Physical Energy & Power Flows;2021;1;1646;1646;1646;FI;SE;Value on 3rd Wed. at 03;Import;Harmonized;M;M
Physical Energy & Power Flows;2021;1;2272;2272;2272;FI;SE;Value on 3rd Wed. at 11;Import;Harmonized;M;M
Physical Energy & Power Flows;2021;2;0;0;0;FI;SE;Monthly Value;Export;Harmonized;M;M
Physical Energy & Power Flows;2021;2;1239;1239;1239;FI;SE;Monthly Value;Import;Harmonized;M;M
Physical Energy & Power Flows;2021;2;2585;2585;2585;FI;SE;Value on 3rd Wed. at 03;Import;Harmonized;M;M
Physical Energy & Power Flows;2021;2;2471;2471;2471;FI;SE;Value on 3rd Wed. at 11;Import;Harmonized;M;M
Physical Energy & Power Flows;2021;3;3;3;3;FI;SE;Monthly Value;Export;Harmonized;M;M
Physical Energy & Power Flows;2021;3;1202;1202;1202;FI;SE;Monthly Value;Import;Harmonized;M;M
Physical Energy & Power Flows;2021;3;1299;1299;1299;FI;SE;Value on 3rd Wed. at 03;Import;Harmonized;M;M
Physical Energy & Power Flows;2021;3;2342;2342;2342;FI;SE;Value on 3rd Wed. at 11;Import;Harmonized;M;M
Physical Energy & Power Flows;2021;4;1259;1259;1259;FI;SE;Monthly Value;Import;Harmonized;M;M
Physical Energy & Power Flows;2021;4;889;889;889;FI;SE;Value on 3rd Wed. at 03;Import;Harmonized;M;M
Physical Energy & Power Flows;2021;4;2203;2203;2203;FI;SE;Value on 3rd Wed. at 11;Import;Harmonized;M;M
Physical Energy & Power Flows;2021;5;6;6;6;FI;SE;Monthly Value;Export;Harmonized;M;M
Physical Energy & Power Flows;2021;5;1095;1095;1095;FI;SE;Monthly Value;Import;Harmonized;M;M
Physical Energy & Power Flows;2021;5;696;696;696;FI;SE;Value on 3rd Wed. at 03;Import;Harmonized;M;M
Physical Energy & Power Flows;2021;5;2323;2323;2323;FI;SE;Value on 3rd Wed. at 11;Import;Harmonized;M;M
Physical Energy & Power Flows;2021;6;1226;1226;1226;FI;SE;Monthly Value;Import;Harmonized;M;M
Physical Energy & Power Flows;2021;6;1595;1595;1595;FI;SE;Value on 3rd Wed. at 03;Import;Harmonized;M;M
Physical Energy & Power Flows;2021;6;1369;1369;1369;FI;SE;Value on 3rd Wed. at 11;Import;Harmonized;M;M
Physical Energy & Power Flows;2021;7;1583;1583;1583;FI;SE;Monthly Value;Import;Harmonized;M;M
Physical Energy & Power Flows;2021;7;1474;1474;1474;FI;SE;Value on 3rd Wed. at 03;Import;Harmonized;M;M
Physical Energy & Power Flows;2021;7;1683;1683;1683;FI;SE;Value on 3rd Wed. at 11;Import;Harmonized;M;M
Physical Energy & Power Flows;2021;8;1;1;1;FI;SE;Monthly Value;Export;Harmonized;M;M
Physical Energy & Power Flows;2021;8;1273;1273;1273;FI;SE;Monthly Value;Import;Harmonized;M;M
Physical Energy & Power Flows;2021;8;1080;1080;1080;FI;SE;Value on 3rd Wed. at 03;Import;Harmonized;M;M
Physical Energy & Power Flows;2021;8;2256;2256;2256;FI;SE;Value on 3rd Wed. at 11;Import;Harmonized;M;M
Physical Energy & Power Flows;2021;9;1202;1202;1202;FI;SE;Monthly Value;Import;Harmonized;M;M
Physical Energy & Power Flows;2021;9;1799;1799;1799;FI;SE;Value on 3rd Wed. at 03;Import;Harmonized;M;M
Physical Energy & Power Flows;2021;9;1403;1403;1403;FI;SE;Value on 3rd Wed. at 11;Import;Harmonized;M;M
Physical Energy & Power Flows;2021;10;2;2;2;FI;SE;Monthly Value;Export;Harmonized;M;M
Physical Energy & Power Flows;2021;10;866;866;866;FI;SE;Monthly Value;Import;Harmonized;M;M
Physical Energy & Power Flows;2021;10;1075;1075;1075;FI;SE;Value on 3rd Wed. at 03;Import;Harmonized;M;M
Physical Energy & Power Flows;2021;10;1679;1679;1679;FI;SE;Value on 3rd Wed. at 11;Import;Harmonized;M;M
Physical Energy & Power Flows;2021;11;1263;1263;1263;FI;SE;Monthly Value;Import;Harmonized;M;M
Physical Energy & Power Flows;2021;11;1954;1954;1954;FI;SE;Value on 3rd Wed. at 03;Import;Harmonized;M;M
Physical Energy & Power Flows;2021;11;1194;1194;1194;FI;SE;Value on 3rd Wed. at 11;Import;Harmonized;M;M
Physical Energy & Power Flows;2021;12;1325;1325;1325;FI;SE;Monthly Value;Import;Harmonized;M;M
Physical Energy & Power Flows;2021;12;2213;2213;2213;FI;SE;Value on 3rd Wed. at 03;Import;Harmonized;M;M
Physical Energy & Power Flows;2021;12;1551;1551;1551;FI;SE;Value on 3rd Wed. at 11;Import;Harmonized;M;M
Physical Energy & Power Flows;2021;1;162;162;162;FR;BE;Monthly Value;Export;Harmonized;M;M
Physical Energy & Power Flows;2021;1;1022;1022;1022;FR;BE;Monthly Value;Import;Harmonized;M;M
Physical Energy & Power Flows;2021;1;1449;1449;1449;FR;BE;Value on 3rd Wed. at 03;Import;Harmonized;M;M
Physical Energy & Power Flows;2021;1;1441;1441;1441;FR;BE;Value on 3rd Wed. at 11;Import;Harmonized;M;M
Physical Energy & Power Flows;2021;2;291;291;291;FR;BE;Monthly Value;Export;Harmonized;M;M
Physical Energy & Power Flows;2021;2;664;664;664;FR;BE;Monthly Value;Import;Harmonized;M;M
Physical Energy & Power Flows;2021;2;1019;1019;1019;FR;BE;Value on 3rd Wed. at 03;Import;Harmonized;M;M
Physical Energy & Power Flows;2021;2;1275;1275;1275;FR;BE;Value on 3rd Wed. at 11;Import;Harmonized;M;M
Physical Energy & Power Flows;2021;3;85;85;85;FR;BE;Monthly Value;Export;Harmonized;M;M
Physical Energy & Power Flows;2021;3;987;987;987;FR;BE;Monthly Value;Import;Harmonized;M;M
Physical Energy & Power Flows;2021;3;765;765;765;FR;BE;Value on 3rd Wed. at 03;Export;Harmonized;M;M
Physical Energy & Power Flows;2021;3;323;323;323;FR;BE;Value on 3rd Wed. at 11;Import;Harmonized;M;M
Physical Energy & Power Flows;2021;4;104;104;104;FR;BE;Monthly Value;Export;Harmonized;M;M
Physical Energy & Power Flows;2021;4;982;982;982;FR;BE;Monthly Value;Import;Harmonized;M;M
Physical Energy & Power Flows;2021;4;1419;1419;1419;FR;BE;Value on 3rd Wed. at 03;Import;Harmonized;M;M
Physical Energy & Power Flows;2021;4;952;952;952;FR;BE;Value on 3rd Wed. at 11;Import;Harmonized;M;M
Physical Energy & Power Flows;2021;5;757;757;757;FR;BE;Monthly Value;Export;Harmonized;M;M
Physical Energy & Power Flows;2021;5;228;228;228;FR;BE;Monthly Value;Import;Harmonized;M;M
Physical Energy & Power Flows;2021;5;1144;1144;1144;FR;BE;Value on 3rd Wed. at 03;Export;Harmonized;M;M
Physical Energy & Power Flows;2021;5;787;787;787;FR;BE;Value on 3rd Wed. at 11;Export;Harmonized;M;M
Physical Energy & Power Flows;2021;6;863;863;863;FR;BE;Monthly Value;Export;Harmonized;M;M
Physical Energy & Power Flows;2021;6;151;151;151;FR;BE;Monthly Value;Import;Harmonized;M;M
Physical Energy & Power Flows;2021;6;1007;1007;1007;FR;BE;Value on 3rd Wed. at 03;Export;Harmonized;M;M
Physical Energy & Power Flows;2021;6;2487;2487;2487;FR;BE;Value on 3rd Wed. at 11;Import;Harmonized;M;M
Physical Energy & Power Flows;2021;7;608;608;608;FR;BE;Monthly Value;Export;Harmonized;M;M
Physical Energy & Power Flows;2021;7;214;214;214;FR;BE;Monthly Value;Import;Harmonized;M;M
Physical Energy & Power Flows;2021;7;1447;1447;1447;FR;BE;Value on 3rd Wed. at 03;Export;Harmonized;M;M
Physical Energy & Power Flows;2021;7;1752;1752;1752;FR;BE;Value on 3rd Wed. at 11;Import;Harmonized;M;M
Physical Energy & Power Flows;2021;8;636;636;636;FR;BE;Monthly Value;Export;Harmonized;M;M
Physical Energy & Power Flows;2021;8;124;124;124;FR;BE;Monthly Value;Import;Harmonized;M;M
Physical Energy & Power Flows;2021;8;2119;2119;2119;FR;BE;Value on 3rd Wed. at 03;Export;Harmonized;M;M
Physical Energy & Power Flows;2021;8;175;175;175;FR;BE;Value on 3rd Wed. at 11;Import;Harmonized;M;M
Physical Energy & Power Flows;2021;9;579;579;579;FR;BE;Monthly Value;Export;Harmonized;M;M
Physical Energy & Power Flows;2021;9;182;182;182;FR;BE;Monthly Value;Import;Harmonized;M;M
Physical Energy & Power Flows;2021;9;1514;1514;1514;FR;BE;Value on 3rd Wed. at 03;Export;Harmonized;M;M
Physical Energy & Power Flows;2021;9;1043;1043;1043;FR;BE;Value on 3rd Wed. at 11;Export;Harmonized;M;M
Physical Energy & Power Flows;2021;10;169;169;169;FR;BE;Monthly Value;Export;Harmonized;M;M
Physical Energy & Power Flows;2021;10;416;416;416;FR;BE;Monthly Value;Import;Harmonized;M;M
Physical Energy & Power Flows;2021;10;353;353;353;FR;BE;Value on 3rd Wed. at 03;Export;Harmonized;M;M
Physical Energy & Power Flows;2021;10;395;395;395;FR;BE;Value on 3rd Wed. at 11;Export;Harmonized;M;M
Physical Energy & Power Flows;2021;11;69;69;69;FR;BE;Monthly Value;Export;Harmonized;M;M
Physical Energy & Power Flows;2021;11;820;820;820;FR;BE;Monthly Value;Import;Harmonized;M;M
Physical Energy & Power Flows;2021;11;420;420;420;FR;BE;Value on 3rd Wed. at 03;Import;Harmonized;M;M
Physical Energy & Power Flows;2021;11;2034;2034;2034;FR;BE;Value on 3rd Wed. at 11;Import;Harmonized;M;M
Physical Energy & Power Flows;2021;12;49;49;49;FR;BE;Monthly Value;Export;Harmonized;M;M
Physical Energy & Power Flows;2021;12;1186;1186;1186;FR;BE;Monthly Value;Import;Harmonized;M;M
Physical Energy & Power Flows;2021;12;1092;1092;1092;FR;BE;Value on 3rd Wed. at 03;Import;Harmonized;M;M
Physical Energy & Power Flows;2021;12;2166;2166;2166;FR;BE;Value on 3rd Wed. at 11;Import;Harmonized;M;M
Physical Energy & Power Flows;2021;1;528;528;528;FR;CH;Monthly Value;Export;Harmonized;M;M
Physical Energy & Power Flows;2021;1;470;470;470;FR;CH;Monthly Value;Import;Harmonized;M;M
Physical Energy & Power Flows;2021;1;1871;1871;1871;FR;CH;Value on 3rd Wed. at 03;Export;Harmonized;M;M
Physical Energy & Power Flows;2021;1;497;497;497;FR;CH;Value on 3rd Wed. at 11;Export;Harmonized;M;M
Physical Energy & Power Flows;2021;2;1074;1074;1074;FR;CH;Monthly Value;Export;Harmonized;M;M
Physical Energy & Power Flows;2021;2;100;100;100;FR;CH;Monthly Value;Import;Harmonized;M;M
Physical Energy & Power Flows;2021;2;2411;2411;2411;FR;CH;Value on 3rd Wed. at 03;Export;Harmonized;M;M
Physical Energy & Power Flows;2021;2;1946;1946;1946;FR;CH;Value on 3rd Wed. at 11;Export;Harmonized;M;M
Physical Energy & Power Flows;2021;3;889;889;889;FR;CH;Monthly Value;Export;Harmonized;M;M
Physical Energy & Power Flows;2021;3;48;48;48;FR;CH;Monthly Value;Import;Harmonized;M;M
Physical Energy & Power Flows;2021;3;3010;3010;3010;FR;CH;Value on 3rd Wed. at 03;Export;Harmonized;M;M
Physical Energy & Power Flows;2021;3;2113;2113;2113;FR;CH;Value on 3rd Wed. at 11;Export;Harmonized;M;M
Physical Energy & Power Flows;2021;4;384;384;384;FR;CH;Monthly Value;Export;Harmonized;M;M
Physical Energy & Power Flows;2021;4;210;210;210;FR;CH;Monthly Value;Import;Harmonized;M;M
Physical Energy & Power Flows;2021;4;787;787;787;FR;CH;Value on 3rd Wed. at 03;Export;Harmonized;M;M
Physical Energy & Power Flows;2021;4;53;53;53;FR;CH;Value on 3rd Wed. at 11;Export;Harmonized;M;M
Physical Energy & Power Flows;2021;5;664;664;664;FR;CH;Monthly Value;Export;Harmonized;M;M
Physical Energy & Power Flows;2021;5;155;155;155;FR;CH;Monthly Value;Import;Harmonized;M;M
Physical Energy & Power Flows;2021;5;1370;1370;1370;FR;CH;Value on 3rd Wed. at 03;Export;Harmonized;M;M
Physical Energy & Power Flows;2021;5;357;357;357;FR;CH;Value on 3rd Wed. at 11;Export;Harmonized;M;M
Physical Energy & Power Flows;2021;6;460;460;460;FR;CH;Monthly Value;Export;Harmonized;M;M
Physical Energy & Power Flows;2021;6;129;129;129;FR;CH;Monthly Value;Import;Harmonized;M;M
Physical Energy & Power Flows;2021;6;1153;1153;1153;FR;CH;Value on 3rd Wed. at 03;Export;Harmonized;M;M
Physical Energy & Power Flows;2021;6;1172;1172;1172;FR;CH;Value on 3rd Wed. at 11;Import;Harmonized;M;M
Physical Energy & Power Flows;2021;7;557;557;557;FR;CH;Monthly Value;Export;Harmonized;M;M
Physical Energy & Power Flows;2021;7;161;161;161;FR;CH;Monthly Value;Import;Harmonized;M;M
Physical Energy & Power Flows;2021;7;1082;1082;1082;FR;CH;Value on 3rd Wed. at 03;Export;Harmonized;M;M
Physical Energy & Power Flows;2021;7;353;353;353;FR;CH;Value on 3rd Wed. at 11;Import;Harmonized;M;M
Physical Energy & Power Flows;2021;8;595;595;595;FR;CH;Monthly Value;Export;Harmonized;M;M
Physical Energy & Power Flows;2021;8;185;185;185;FR;CH;Monthly Value;Import;Harmonized;M;M
Physical Energy & Power Flows;2021;8;1994;1994;1994;FR;CH;Value on 3rd Wed. at 03;Export;Harmonized;M;M
Physical Energy & Power Flows;2021;8;157;157;157;FR;CH;Value on 3rd Wed. at 11;Import;Harmonized;M;M
Physical Energy & Power Flows;2021;9;708;708;708;FR;CH;Monthly Value;Export;Harmonized;M;M
Physical Energy & Power Flows;2021;9;79;79;79;FR;CH;Monthly Value;Import;Harmonized;M;M
Physical Energy & Power Flows;2021;9;1764;1764;1764;FR;CH;Value on 3rd Wed. at 03;Export;Harmonized;M;M
Physical Energy & Power Flows;2021;9;65;65;65;FR;CH;Value on 3rd Wed. at 11;Export;Harmonized;M;M
Physical Energy & Power Flows;2021;10;1221;1221;1221;FR;CH;Monthly Value;Export;Harmonized;M;M
Physical Energy & Power Flows;2021;10;17;17;17;FR;CH;Monthly Value;Import;Harmonized;M;M
Physical Energy & Power Flows;2021;10;4076;4076;4076;FR;CH;Value on 3rd Wed. at 03;Export;Harmonized;M;M
Physical Energy & Power Flows;2021;10;1970;1970;1970;FR;CH;Value on 3rd Wed. at 11;Export;Harmonized;M;M
Physical Energy & Power Flows;2021;11;563;563;563;FR;CH;Monthly Value;Export;Harmonized;M;M
Physical Energy & Power Flows;2021;11;156;156;156;FR;CH;Monthly Value;Import;Harmonized;M;M
Physical Energy & Power Flows;2021;11;1729;1729;1729;FR;CH;Value on 3rd Wed. at 03;Export;Harmonized;M;M
Physical Energy & Power Flows;2021;11;112;112;112;FR;CH;Value on 3rd Wed. at 11;Import;Harmonized;M;M
Physical Energy & Power Flows;2021;12;575;575;575;FR;CH;Monthly Value;Export;Harmonized;M;M
Physical Energy & Power Flows;2021;12;245;245;245;FR;CH;Monthly Value;Import;Harmonized;M;M
Physical Energy & Power Flows;2021;12;1048;1048;1048;FR;CH;Value on 3rd Wed. at 03;Export;Harmonized;M;M
Physical Energy & Power Flows;2021;12;63;63;63;FR;CH;Value on 3rd Wed. at 11;Import;Harmonized;M;M
Physical Energy & Power Flows;2021;1;449;449;449;FR;DE;Monthly Value;Export;Harmonized;M;M
Physical Energy & Power Flows;2021;1;657;657;657;FR;DE;Monthly Value;Import;Harmonized;M;M
Physical Energy & Power Flows;2021;1;895;895;895;FR;DE;Value on 3rd Wed. at 03;Export;Harmonized;M;M
Physical Energy & Power Flows;2021;1;621;621;621;FR;DE;Value on 3rd Wed. at 11;Export;Harmonized;M;M
Physical Energy & Power Flows;2021;2;1040;1040;1040;FR;DE;Monthly Value;Export;Harmonized;M;M
Physical Energy & Power Flows;2021;2;119;119;119;FR;DE;Monthly Value;Import;Harmonized;M;M
Physical Energy & Power Flows;2021;2;1547;1547;1547;FR;DE;Value on 3rd Wed. at 03;Export;Harmonized;M;M
Physical Energy & Power Flows;2021;2;1729;1729;1729;FR;DE;Value on 3rd Wed. at 11;Export;Harmonized;M;M
Physical Energy & Power Flows;2021;3;541;541;541;FR;DE;Monthly Value;Export;Harmonized;M;M
Physical Energy & Power Flows;2021;3;292;292;292;FR;DE;Monthly Value;Import;Harmonized;M;M
Physical Energy & Power Flows;2021;3;2884;2884;2884;FR;DE;Value on 3rd Wed. at 03;Export;Harmonized;M;M
Physical Energy & Power Flows;2021;3;2013;2013;2013;FR;DE;Value on 3rd Wed. at 11;Export;Harmonized;M;M
Physical Energy & Power Flows;2021;4;218;218;218;FR;DE;Monthly Value;Export;Harmonized;M;M
Physical Energy & Power Flows;2021;4;684;684;684;FR;DE;Monthly Value;Import;Harmonized;M;M
Physical Energy & Power Flows;2021;4;414;414;414;FR;DE;Value on 3rd Wed. at 03;Import;Harmonized;M;M
Physical Energy & Power Flows;2021;4;580;580;580;FR;DE;Value on 3rd Wed. at 11;Import;Harmonized;M;M
Physical Energy & Power Flows;2021;5;743;743;743;FR;DE;Monthly Value;Export;Harmonized;M;M
Physical Energy & Power Flows;2021;5;252;252;252;FR;DE;Monthly Value;Import;Harmonized;M;M
Physical Energy & Power Flows;2021;5;1277;1277;1277;FR;DE;Value on 3rd Wed. at 03;Export;Harmonized;M;M
Physical Energy & Power Flows;2021;5;91;91;91;FR;DE;Value on 3rd Wed. at 11;Export;Harmonized;M;M
Physical Energy & Power Flows;2021;6;1151;1151;1151;FR;DE;Monthly Value;Export;Harmonized;M;M
Physical Energy & Power Flows;2021;6;82;82;82;FR;DE;Monthly Value;Import;Harmonized;M;M
Physical Energy & Power Flows;2021;6;1829;1829;1829;FR;DE;Value on 3rd Wed. at 03;Export;Harmonized;M;M
Physical Energy & Power Flows;2021;6;1612;1612;1612;FR;DE;Value on 3rd Wed. at 11;Import;Harmonized;M;M
Physical Energy & Power Flows;2021;7;1524;1524;1524;FR;DE;Monthly Value;Export;Harmonized;M;M
Physical Energy & Power Flows;2021;7;29;29;29;FR;DE;Monthly Value;Import;Harmonized;M;M
Physical Energy & Power Flows;2021;7;2496;2496;2496;FR;DE;Value on 3rd Wed. at 03;Export;Harmonized;M;M
Physical Energy & Power Flows;2021;7;306;306;306;FR;DE;Value on 3rd Wed. at 11;Export;Harmonized;M;M
Physical Energy & Power Flows;2021;8;1623;1623;1623;FR;DE;Monthly Value;Export;Harmonized;M;M
Physical Energy & Power Flows;2021;8;7;7;7;FR;DE;Monthly Value;Import;Harmonized;M;M
Physical Energy & Power Flows;2021;8;2902;2902;2902;FR;DE;Value on 3rd Wed. at 03;Export;Harmonized;M;M
Physical Energy & Power Flows;2021;8;232;232;232;FR;DE;Value on 3rd Wed. at 11;Export;Harmonized;M;M
Physical Energy & Power Flows;2021;9;943;943;943;FR;DE;Monthly Value;Export;Harmonized;M;M
Physical Energy & Power Flows;2021;9;78;78;78;FR;DE;Monthly Value;Import;Harmonized;M;M
Physical Energy & Power Flows;2021;9;590;590;590;FR;DE;Value on 3rd Wed. at 03;Export;Harmonized;M;M
Physical Energy & Power Flows;2021;9;2485;2485;2485;FR;DE;Value on 3rd Wed. at 11;Export;Harmonized;M;M
Physical Energy & Power Flows;2021;10;582;582;582;FR;DE;Monthly Value;Export;Harmonized;M;M
Physical Energy & Power Flows;2021;10;131;131;131;FR;DE;Monthly Value;Import;Harmonized;M;M
Physical Energy & Power Flows;2021;10;2886;2886;2886;FR;DE;Value on 3rd Wed. at 03;Export;Harmonized;M;M
Physical Energy & Power Flows;2021;10;480;480;480;FR;DE;Value on 3rd Wed. at 11;Export;Harmonized;M;M
Physical Energy & Power Flows;2021;11;244;244;244;FR;DE;Monthly Value;Export;Harmonized;M;M
Physical Energy & Power Flows;2021;11;582;582;582;FR;DE;Monthly Value;Import;Harmonized;M;M
Physical Energy & Power Flows;2021;11;817;817;817;FR;DE;Value on 3rd Wed. at 03;Import;Harmonized;M;M
Physical Energy & Power Flows;2021;11;399;399;399;FR;DE;Value on 3rd Wed. at 11;Import;Harmonized;M;M
Physical Energy & Power Flows;2021;12;220;220;220;FR;DE;Monthly Value;Export;Harmonized;M;M
Physical Energy & Power Flows;2021;12;783;783;783;FR;DE;Monthly Value;Import;Harmonized;M;M
Physical Energy & Power Flows;2021;12;186;186;186;FR;DE;Value on 3rd Wed. at 03;Import;Harmonized;M;M
Physical Energy & Power Flows;2021;12;539;539;539;FR;DE;Value on 3rd Wed. at 11;Import;Harmonized;M;M
Physical Energy & Power Flows;2021;1;1096;1096;1096;FR;ES;Monthly Value;Export;Harmonized;M;M
Physical Energy & Power Flows;2021;1;624;624;624;FR;ES;Monthly Value;Import;Harmonized;M;M
Physical Energy & Power Flows;2021;1;1914;1914;1914;FR;ES;Value on 3rd Wed. at 03;Export;Harmonized;M;M
Physical Energy & Power Flows;2021;1;2425;2425;2425;FR;ES;Value on 3rd Wed. at 11;Export;Harmonized;M;M
Physical Energy & Power Flows;2021;2;177;177;177;FR;ES;Monthly Value;Export;Harmonized;M;M
Physical Energy & Power Flows;2021;2;1167;1167;1167;FR;ES;Monthly Value;Import;Harmonized;M;M
Physical Energy & Power Flows;2021;2;716;716;716;FR;ES;Value on 3rd Wed. at 03;Import;Harmonized;M;M
Physical Energy & Power Flows;2021;2;1824;1824;1824;FR;ES;Value on 3rd Wed. at 11;Import;Harmonized;M;M
Physical Energy & Power Flows;2021;3;850;850;850;FR;ES;Monthly Value;Export;Harmonized;M;M
Physical Energy & Power Flows;2021;3;691;691;691;FR;ES;Monthly Value;Import;Harmonized;M;M
Physical Energy & Power Flows;2021;3;3182;3182;3182;FR;ES;Value on 3rd Wed. at 03;Import;Harmonized;M;M
Physical Energy & Power Flows;2021;3;1481;1481;1481;FR;ES;Value on 3rd Wed. at 11;Import;Harmonized;M;M
Physical Energy & Power Flows;2021;4;911;911;911;FR;ES;Monthly Value;Export;Harmonized;M;M
Physical Energy & Power Flows;2021;4;493;493;493;FR;ES;Monthly Value;Import;Harmonized;M;M
Physical Energy & Power Flows;2021;4;2681;2681;2681;FR;ES;Value on 3rd Wed. at 03;Export;Harmonized;M;M
Physical Energy & Power Flows;2021;4;2647;2647;2647;FR;ES;Value on 3rd Wed. at 11;Export;Harmonized;M;M
Physical Energy & Power Flows;2021;5;1332;1332;1332;FR;ES;Monthly Value;Export;Harmonized;M;M
Physical Energy & Power Flows;2021;5;299;299;299;FR;ES;Monthly Value;Import;Harmonized;M;M
Physical Energy & Power Flows;2021;5;2384;2384;2384;FR;ES;Value on 3rd Wed. at 03;Export;Harmonized;M;M
Physical Energy & Power Flows;2021;5;3040;3040;3040;FR;ES;Value on 3rd Wed. at 11;Export;Harmonized;M;M
Physical Energy & Power Flows;2021;6;1398;1398;1398;FR;ES;Monthly Value;Export;Harmonized;M;M
Physical Energy & Power Flows;2021;6;85;85;85;FR;ES;Monthly Value;Import;Harmonized;M;M
Physical Energy & Power Flows;2021;6;1725;1725;1725;FR;ES;Value on 3rd Wed. at 03;Export;Harmonized;M;M
Physical Energy & Power Flows;2021;6;2490;2490;2490;FR;ES;Value on 3rd Wed. at 11;Export;Harmonized;M;M
Physical Energy & Power Flows;2021;7;1390;1390;1390;FR;ES;Monthly Value;Export;Harmonized;M;M
Physical Energy & Power Flows;2021;7;133;133;133;FR;ES;Monthly Value;Import;Harmonized;M;M
Physical Energy & Power Flows;2021;7;2191;2191;2191;FR;ES;Value on 3rd Wed. at 03;Export;Harmonized;M;M
Physical Energy & Power Flows;2021;7;2189;2189;2189;FR;ES;Value on 3rd Wed. at 11;Export;Harmonized;M;M
Physical Energy & Power Flows;2021;8;1746;1746;1746;FR;ES;Monthly Value;Export;Harmonized;M;M
Physical Energy & Power Flows;2021;8;6;6;6;FR;ES;Monthly Value;Import;Harmonized;M;M
Physical Energy & Power Flows;2021;8;1957;1957;1957;FR;ES;Value on 3rd Wed. at 03;Export;Harmonized;M;M
Physical Energy & Power Flows;2021;8;2265;2265;2265;FR;ES;Value on 3rd Wed. at 11;Export;Harmonized;M;M
Physical Energy & Power Flows;2021;9;1245;1245;1245;FR;ES;Monthly Value;Export;Harmonized;M;M
Physical Energy & Power Flows;2021;9;60;60;60;FR;ES;Monthly Value;Import;Harmonized;M;M
Physical Energy & Power Flows;2021;9;2591;2591;2591;FR;ES;Value on 3rd Wed. at 03;Export;Harmonized;M;M
Physical Energy & Power Flows;2021;9;1794;1794;1794;FR;ES;Value on 3rd Wed. at 11;Import;Harmonized;M;M
Physical Energy & Power Flows;2021;10;854;854;854;FR;ES;Monthly Value;Export;Harmonized;M;M
Physical Energy & Power Flows;2021;10;89;89;89;FR;ES;Monthly Value;Import;Harmonized;M;M
Physical Energy & Power Flows;2021;10;1389;1389;1389;FR;ES;Value on 3rd Wed. at 03;Export;Harmonized;M;M
Physical Energy & Power Flows;2021;10;376;376;376;FR;ES;Value on 3rd Wed. at 11;Export;Harmonized;M;M
Physical Energy & Power Flows;2021;11;225;225;225;FR;ES;Monthly Value;Export;Harmonized;M;M
Physical Energy & Power Flows;2021;11;1044;1044;1044;FR;ES;Monthly Value;Import;Harmonized;M;M
Physical Energy & Power Flows;2021;11;448;448;448;FR;ES;Value on 3rd Wed. at 03;Import;Harmonized;M;M
Physical Energy & Power Flows;2021;11;1785;1785;1785;FR;ES;Value on 3rd Wed. at 11;Import;Harmonized;M;M
Physical Energy & Power Flows;2021;12;280;280;280;FR;ES;Monthly Value;Export;Harmonized;M;M
Physical Energy & Power Flows;2021;12;1243;1243;1243;FR;ES;Monthly Value;Import;Harmonized;M;M
Physical Energy & Power Flows;2021;12;1200;1200;1200;FR;ES;Value on 3rd Wed. at 03;Import;Harmonized;M;M
Physical Energy & Power Flows;2021;12;2245;2245;2245;FR;ES;Value on 3rd Wed. at 11;Import;Harmonized;M;M
Physical Energy & Power Flows;2021;1;1232;1232;1232;FR;GB;Monthly Value;Export;Harmonized;M;M
Physical Energy & Power Flows;2021;1;36;36;36;FR;GB;Monthly Value;Import;Harmonized;M;M
Physical Energy & Power Flows;2021;1;1522;1522;1522;FR;GB;Value on 3rd Wed. at 03;Export;Harmonized;M;M
Physical Energy & Power Flows;2021;1;2019;2019;2019;FR;GB;Value on 3rd Wed. at 11;Export;Harmonized;M;M
Physical Energy & Power Flows;2021;2;1201;1201;1201;FR;GB;Monthly Value;Export;Harmonized;M;M
Physical Energy & Power Flows;2021;2;44;44;44;FR;GB;Monthly Value;Import;Harmonized;M;M
Physical Energy & Power Flows;2021;2;97;97;97;FR;GB;Value on 3rd Wed. at 03;Export;Harmonized;M;M
Physical Energy & Power Flows;2021;2;1020;1020;1020;FR;GB;Value on 3rd Wed. at 11;Export;Harmonized;M;M
Physical Energy & Power Flows;2021;3;1552;1552;1552;FR;GB;Monthly Value;Export;Harmonized;M;M
Physical Energy & Power Flows;2021;3;68;68;68;FR;GB;Monthly Value;Import;Harmonized;M;M
Physical Energy & Power Flows;2021;3;1938;1938;1938;FR;GB;Value on 3rd Wed. at 03;Export;Harmonized;M;M
Physical Energy & Power Flows;2021;3;2543;2543;2543;FR;GB;Value on 3rd Wed. at 11;Export;Harmonized;M;M
Physical Energy & Power Flows;2021;4;1225;1225;1225;FR;GB;Monthly Value;Export;Harmonized;M;M
Physical Energy & Power Flows;2021;4;100;100;100;FR;GB;Monthly Value;Import;Harmonized;M;M
Physical Energy & Power Flows;2021;4;937;937;937;FR;GB;Value on 3rd Wed. at 03;Import;Harmonized;M;M
Physical Energy & Power Flows;2021;4;725;725;725;FR;GB;Value on 3rd Wed. at 11;Import;Harmonized;M;M
Physical Energy & Power Flows;2021;5;1739;1739;1739;FR;GB;Monthly Value;Export;Harmonized;M;M
Physical Energy & Power Flows;2021;5;18;18;18;FR;GB;Monthly Value;Import;Harmonized;M;M
Physical Energy & Power Flows;2021;5;2445;2445;2445;FR;GB;Value on 3rd Wed. at 03;Export;Harmonized;M;M
Physical Energy & Power Flows;2021;5;2344;2344;2344;FR;GB;Value on 3rd Wed. at 11;Export;Harmonized;M;M
Physical Energy & Power Flows;2021;6;1571;1571;1571;FR;GB;Monthly Value;Export;Harmonized;M;M
Physical Energy & Power Flows;2021;7;1915;1915;1915;FR;GB;Monthly Value;Export;Harmonized;M;M
Physical Energy & Power Flows;2021;7;2702;2702;2702;FR;GB;Value on 3rd Wed. at 03;Export;Harmonized;M;M
Physical Energy & Power Flows;2021;7;2801;2801;2801;FR;GB;Value on 3rd Wed. at 11;Export;Harmonized;M;M
Physical Energy & Power Flows;2021;8;1900;1900;1900;FR;GB;Monthly Value;Export;Harmonized;M;M
Physical Energy & Power Flows;2021;8;0;0;0;FR;GB;Monthly Value;Import;Harmonized;M;M
Physical Energy & Power Flows;2021;8;1840;1840;1840;FR;GB;Value on 3rd Wed. at 03;Export;Harmonized;M;M
Physical Energy & Power Flows;2021;8;3051;3051;3051;FR;GB;Value on 3rd Wed. at 11;Export;Harmonized;M;M
Physical Energy & Power Flows;2021;9;1085;1085;1085;FR;GB;Monthly Value;Export;Harmonized;M;M
Physical Energy & Power Flows;2021;9;8;8;8;FR;GB;Monthly Value;Import;Harmonized;M;M
Physical Energy & Power Flows;2021;9;1025;1025;1025;FR;GB;Value on 3rd Wed. at 11;Export;Harmonized;M;M
Physical Energy & Power Flows;2021;10;575;575;575;FR;GB;Monthly Value;Export;Harmonized;M;M
Physical Energy & Power Flows;2021;10;112;112;112;FR;GB;Monthly Value;Import;Harmonized;M;M
Physical Energy & Power Flows;2021;10;214;214;214;FR;GB;Value on 3rd Wed. at 03;Import;Harmonized;M;M
Physical Energy & Power Flows;2021;10;1025;1025;1025;FR;GB;Value on 3rd Wed. at 11;Export;Harmonized;M;M
Physical Energy & Power Flows;2021;11;356;356;356;FR;GB;Monthly Value;Export;Harmonized;M;M
Physical Energy & Power Flows;2021;11;467;467;467;FR;GB;Monthly Value;Import;Harmonized;M;M
Physical Energy & Power Flows;2021;11;348;348;348;FR;GB;Value on 3rd Wed. at 03;Import;Harmonized;M;M
Physical Energy & Power Flows;2021;11;251;251;251;FR;GB;Value on 3rd Wed. at 11;Import;Harmonized;M;M
Physical Energy & Power Flows;2021;12;384;384;384;FR;GB;Monthly Value;Export;Harmonized;M;M
Physical Energy & Power Flows;2021;12;514;514;514;FR;GB;Monthly Value;Import;Harmonized;M;M
Physical Energy & Power Flows;2021;12;1985;1985;1985;FR;GB;Value on 3rd Wed. at 03;Import;Harmonized;M;M
Physical Energy & Power Flows;2021;12;1985;1985;1985;FR;GB;Value on 3rd Wed. at 11;Import;Harmonized;M;M
Physical Energy & Power Flows;2021;1;1036;1036;1036;FR;IT;Monthly Value;Export;Harmonized;M;M
Physical Energy & Power Flows;2021;1;114;114;114;FR;IT;Monthly Value;Import;Harmonized;M;M
Physical Energy & Power Flows;2021;1;1514;1514;1514;FR;IT;Value on 3rd Wed. at 03;Export;Harmonized;M;M
Physical Energy & Power Flows;2021;1;2182;2182;2182;FR;IT;Value on 3rd Wed. at 11;Export;Harmonized;M;M
Physical Energy & Power Flows;2021;2;1441;1441;1441;FR;IT;Monthly Value;Export;Harmonized;M;M
Physical Energy & Power Flows;2021;2;0;0;0;FR;IT;Monthly Value;Import;Harmonized;M;M
Physical Energy & Power Flows;2021;2;2346;2346;2346;FR;IT;Value on 3rd Wed. at 03;Export;Harmonized;M;M
Physical Energy & Power Flows;2021;2;3184;3184;3184;FR;IT;Value on 3rd Wed. at 11;Export;Harmonized;M;M
Physical Energy & Power Flows;2021;3;1218;1218;1218;FR;IT;Monthly Value;Export;Harmonized;M;M
Physical Energy & Power Flows;2021;3;0;0;0;FR;IT;Monthly Value;Import;Harmonized;M;M
Physical Energy & Power Flows;2021;3;2907;2907;2907;FR;IT;Value on 3rd Wed. at 03;Export;Harmonized;M;M
Physical Energy & Power Flows;2021;3;2728;2728;2728;FR;IT;Value on 3rd Wed. at 11;Export;Harmonized;M;M
Physical Energy & Power Flows;2021;4;811;811;811;FR;IT;Monthly Value;Export;Harmonized;M;M
Physical Energy & Power Flows;2021;4;24;24;24;FR;IT;Monthly Value;Import;Harmonized;M;M
Physical Energy & Power Flows;2021;4;617;617;617;FR;IT;Value on 3rd Wed. at 03;Export;Harmonized;M;M
Physical Energy & Power Flows;2021;4;58;58;58;FR;IT;Value on 3rd Wed. at 11;Export;Harmonized;M;M
Physical Energy & Power Flows;2021;5;1430;1430;1430;FR;IT;Monthly Value;Export;Harmonized;M;M
Physical Energy & Power Flows;2021;5;6;6;6;FR;IT;Monthly Value;Import;Harmonized;M;M
Physical Energy & Power Flows;2021;5;2453;2453;2453;FR;IT;Value on 3rd Wed. at 03;Export;Harmonized;M;M
Physical Energy & Power Flows;2021;5;1975;1975;1975;FR;IT;Value on 3rd Wed. at 11;Export;Harmonized;M;M
Physical Energy & Power Flows;2021;6;1505;1505;1505;FR;IT;Monthly Value;Export;Harmonized;M;M
Physical Energy & Power Flows;2021;6;0;0;0;FR;IT;Monthly Value;Import;Harmonized;M;M
Physical Energy & Power Flows;2021;6;2523;2523;2523;FR;IT;Value on 3rd Wed. at 03;Export;Harmonized;M;M
Physical Energy & Power Flows;2021;6;1080;1080;1080;FR;IT;Value on 3rd Wed. at 11;Export;Harmonized;M;M
Physical Energy & Power Flows;2021;7;1805;1805;1805;FR;IT;Monthly Value;Export;Harmonized;M;M
Physical Energy & Power Flows;2021;7;2591;2591;2591;FR;IT;Value on 3rd Wed. at 03;Export;Harmonized;M;M
Physical Energy & Power Flows;2021;7;1876;1876;1876;FR;IT;Value on 3rd Wed. at 11;Export;Harmonized;M;M
Physical Energy & Power Flows;2021;8;1393;1393;1393;FR;IT;Monthly Value;Export;Harmonized;M;M
Physical Energy & Power Flows;2021;8;2542;2542;2542;FR;IT;Value on 3rd Wed. at 03;Export;Harmonized;M;M
Physical Energy & Power Flows;2021;8;1857;1857;1857;FR;IT;Value on 3rd Wed. at 11;Export;Harmonized;M;M
Physical Energy & Power Flows;2021;9;1477;1477;1477;FR;IT;Monthly Value;Export;Harmonized;M;M
Physical Energy & Power Flows;2021;9;1888;1888;1888;FR;IT;Value on 3rd Wed. at 03;Export;Harmonized;M;M
Physical Energy & Power Flows;2021;9;1668;1668;1668;FR;IT;Value on 3rd Wed. at 11;Export;Harmonized;M;M
Physical Energy & Power Flows;2021;10;1657;1657;1657;FR;IT;Monthly Value;Export;Harmonized;M;M
Physical Energy & Power Flows;2021;10;3169;3169;3169;FR;IT;Value on 3rd Wed. at 03;Export;Harmonized;M;M
Physical Energy & Power Flows;2021;10;2301;2301;2301;FR;IT;Value on 3rd Wed. at 11;Export;Harmonized;M;M
Physical Energy & Power Flows;2021;11;719;719;719;FR;IT;Monthly Value;Export;Harmonized;M;M
Physical Energy & Power Flows;2021;11;73;73;73;FR;IT;Monthly Value;Import;Harmonized;M;M
Physical Energy & Power Flows;2021;11;1312;1312;1312;FR;IT;Value on 3rd Wed. at 03;Export;Harmonized;M;M
Physical Energy & Power Flows;2021;11;1744;1744;1744;FR;IT;Value on 3rd Wed. at 11;Export;Harmonized;M;M
Physical Energy & Power Flows;2021;12;488;488;488;FR;IT;Monthly Value;Export;Harmonized;M;M
Physical Energy & Power Flows;2021;12;132;132;132;FR;IT;Monthly Value;Import;Harmonized;M;M
Physical Energy & Power Flows;2021;12;67;67;67;FR;IT;Value on 3rd Wed. at 03;Import;Harmonized;M;M
Physical Energy & Power Flows;2021;12;1017;1017;1017;FR;IT;Value on 3rd Wed. at 11;Export;Harmonized;M;M
Physical Energy & Power Flows;2021;1;8;8;8;GB;BE;Monthly Value;Export;Harmonized;M;M
Physical Energy & Power Flows;2021;1;640;640;640;GB;BE;Monthly Value;Import;Harmonized;M;M
Physical Energy & Power Flows;2021;1;772;772;772;GB;BE;Value on 3rd Wed. at 03;Import;Harmonized;M;M
Physical Energy & Power Flows;2021;1;911;911;911;GB;BE;Value on 3rd Wed. at 11;Import;Harmonized;M;M
Physical Energy & Power Flows;2021;2;6;6;6;GB;BE;Monthly Value;Export;Harmonized;M;M
Physical Energy & Power Flows;2021;2;541;541;541;GB;BE;Monthly Value;Import;Harmonized;M;M
Physical Energy & Power Flows;2021;2;724;724;724;GB;BE;Value on 3rd Wed. at 03;Import;Harmonized;M;M
Physical Energy & Power Flows;2021;2;1022;1022;1022;GB;BE;Value on 3rd Wed. at 11;Import;Harmonized;M;M
Physical Energy & Power Flows;2021;3;12;12;12;GB;BE;Monthly Value;Export;Harmonized;M;M
Physical Energy & Power Flows;2021;3;634;634;634;GB;BE;Monthly Value;Import;Harmonized;M;M
Physical Energy & Power Flows;2021;3;722;722;722;GB;BE;Value on 3rd Wed. at 03;Import;Harmonized;M;M
Physical Energy & Power Flows;2021;3;1023;1023;1023;GB;BE;Value on 3rd Wed. at 11;Import;Harmonized;M;M
Physical Energy & Power Flows;2021;4;5;5;5;GB;BE;Monthly Value;Export;Harmonized;M;M
Physical Energy & Power Flows;2021;4;658;658;658;GB;BE;Monthly Value;Import;Harmonized;M;M
Physical Energy & Power Flows;2021;4;971;971;971;GB;BE;Value on 3rd Wed. at 03;Import;Harmonized;M;M
Physical Energy & Power Flows;2021;4;1023;1023;1023;GB;BE;Value on 3rd Wed. at 11;Import;Harmonized;M;M
Physical Energy & Power Flows;2021;5;0;0;0;GB;BE;Monthly Value;Export;Harmonized;M;M
Physical Energy & Power Flows;2021;5;668;668;668;GB;BE;Monthly Value;Import;Harmonized;M;M
Physical Energy & Power Flows;2021;5;973;973;973;GB;BE;Value on 3rd Wed. at 03;Import;Harmonized;M;M
Physical Energy & Power Flows;2021;5;1023;1023;1023;GB;BE;Value on 3rd Wed. at 11;Import;Harmonized;M;M
Physical Energy & Power Flows;2021;6;1;1;1;GB;BE;Monthly Value;Export;Harmonized;M;M
Physical Energy & Power Flows;2021;6;602;602;602;GB;BE;Monthly Value;Import;Harmonized;M;M
Physical Energy & Power Flows;2021;6;696;696;696;GB;BE;Value on 3rd Wed. at 03;Import;Harmonized;M;M
Physical Energy & Power Flows;2021;6;1023;1023;1023;GB;BE;Value on 3rd Wed. at 11;Import;Harmonized;M;M
Physical Energy & Power Flows;2021;7;1;1;1;GB;BE;Monthly Value;Export;Harmonized;M;M
Physical Energy & Power Flows;2021;7;683;683;683;GB;BE;Monthly Value;Import;Harmonized;M;M
Physical Energy & Power Flows;2021;7;974;974;974;GB;BE;Value on 3rd Wed. at 03;Import;Harmonized;M;M
Physical Energy & Power Flows;2021;7;1024;1024;1024;GB;BE;Value on 3rd Wed. at 11;Import;Harmonized;M;M
Physical Energy & Power Flows;2021;8;647;647;647;GB;BE;Monthly Value;Import;Harmonized;M;M
Physical Energy & Power Flows;2021;8;721;721;721;GB;BE;Value on 3rd Wed. at 03;Import;Harmonized;M;M
Physical Energy & Power Flows;2021;8;867;867;867;GB;BE;Value on 3rd Wed. at 11;Import;Harmonized;M;M
Physical Energy & Power Flows;2021;9;3;3;3;GB;BE;Monthly Value;Export;Harmonized;M;M
Physical Energy & Power Flows;2021;9;551;551;551;GB;BE;Monthly Value;Import;Harmonized;M;M
Physical Energy & Power Flows;2021;9;971;971;971;GB;BE;Value on 3rd Wed. at 03;Import;Harmonized;M;M
Physical Energy & Power Flows;2021;9;1023;1023;1023;GB;BE;Value on 3rd Wed. at 11;Import;Harmonized;M;M
Physical Energy & Power Flows;2021;10;14;14;14;GB;BE;Monthly Value;Export;Harmonized;M;M
Physical Energy & Power Flows;2021;10;590;590;590;GB;BE;Monthly Value;Import;Harmonized;M;M
Physical Energy & Power Flows;2021;10;321;321;321;GB;BE;Value on 3rd Wed. at 03;Import;Harmonized;M;M
Physical Energy & Power Flows;2021;10;1024;1024;1024;GB;BE;Value on 3rd Wed. at 11;Import;Harmonized;M;M
Physical Energy & Power Flows;2021;11;60;60;60;GB;BE;Monthly Value;Export;Harmonized;M;M
Physical Energy & Power Flows;2021;11;387;387;387;GB;BE;Monthly Value;Import;Harmonized;M;M
Physical Energy & Power Flows;2021;11;404;404;404;GB;BE;Value on 3rd Wed. at 03;Import;Harmonized;M;M
Physical Energy & Power Flows;2021;11;292;292;292;GB;BE;Value on 3rd Wed. at 11;Export;Harmonized;M;M
Physical Energy & Power Flows;2021;12;29;29;29;GB;BE;Monthly Value;Export;Harmonized;M;M
Physical Energy & Power Flows;2021;12;555;555;555;GB;BE;Monthly Value;Import;Harmonized;M;M
Physical Energy & Power Flows;2021;12;989;989;989;GB;BE;Value on 3rd Wed. at 03;Import;Harmonized;M;M
Physical Energy & Power Flows;2021;12;161;161;161;GB;BE;Value on 3rd Wed. at 11;Import;Harmonized;M;M
Physical Energy & Power Flows;2021;1;36;36;36;GB;FR;Monthly Value;Export;Harmonized;M;M
Physical Energy & Power Flows;2021;1;1232;1232;1232;GB;FR;Monthly Value;Import;Harmonized;M;M
Physical Energy & Power Flows;2021;1;1522;1522;1522;GB;FR;Value on 3rd Wed. at 03;Import;Harmonized;M;M
Physical Energy & Power Flows;2021;1;2019;2019;2019;GB;FR;Value on 3rd Wed. at 11;Import;Harmonized;M;M
Physical Energy & Power Flows;2021;2;44;44;44;GB;FR;Monthly Value;Export;Harmonized;M;M
Physical Energy & Power Flows;2021;2;1201;1201;1201;GB;FR;Monthly Value;Import;Harmonized;M;M
Physical Energy & Power Flows;2021;2;97;97;97;GB;FR;Value on 3rd Wed. at 03;Import;Harmonized;M;M
Physical Energy & Power Flows;2021;2;1020;1020;1020;GB;FR;Value on 3rd Wed. at 11;Import;Harmonized;M;M
Physical Energy & Power Flows;2021;3;68;68;68;GB;FR;Monthly Value;Export;Harmonized;M;M
Physical Energy & Power Flows;2021;3;1552;1552;1552;GB;FR;Monthly Value;Import;Harmonized;M;M
Physical Energy & Power Flows;2021;3;1938;1938;1938;GB;FR;Value on 3rd Wed. at 03;Import;Harmonized;M;M
Physical Energy & Power Flows;2021;3;2543;2543;2543;GB;FR;Value on 3rd Wed. at 11;Import;Harmonized;M;M
Physical Energy & Power Flows;2021;4;100;100;100;GB;FR;Monthly Value;Export;Harmonized;M;M
Physical Energy & Power Flows;2021;4;1225;1225;1225;GB;FR;Monthly Value;Import;Harmonized;M;M
Physical Energy & Power Flows;2021;4;937;937;937;GB;FR;Value on 3rd Wed. at 03;Export;Harmonized;M;M
Physical Energy & Power Flows;2021;4;725;725;725;GB;FR;Value on 3rd Wed. at 11;Export;Harmonized;M;M
Physical Energy & Power Flows;2021;5;18;18;18;GB;FR;Monthly Value;Export;Harmonized;M;M
Physical Energy & Power Flows;2021;5;1739;1739;1739;GB;FR;Monthly Value;Import;Harmonized;M;M
Physical Energy & Power Flows;2021;5;2445;2445;2445;GB;FR;Value on 3rd Wed. at 03;Import;Harmonized;M;M
Physical Energy & Power Flows;2021;5;2344;2344;2344;GB;FR;Value on 3rd Wed. at 11;Import;Harmonized;M;M
Physical Energy & Power Flows;2021;6;1571;1571;1571;GB;FR;Monthly Value;Import;Harmonized;M;M
Physical Energy & Power Flows;2021;7;1915;1915;1915;GB;FR;Monthly Value;Import;Harmonized;M;M
Physical Energy & Power Flows;2021;7;2702;2702;2702;GB;FR;Value on 3rd Wed. at 03;Import;Harmonized;M;M
Physical Energy & Power Flows;2021;7;2801;2801;2801;GB;FR;Value on 3rd Wed. at 11;Import;Harmonized;M;M
Physical Energy & Power Flows;2021;8;0;0;0;GB;FR;Monthly Value;Export;Harmonized;M;M
Physical Energy & Power Flows;2021;8;1900;1900;1900;GB;FR;Monthly Value;Import;Harmonized;M;M
Physical Energy & Power Flows;2021;8;1840;1840;1840;GB;FR;Value on 3rd Wed. at 03;Import;Harmonized;M;M
Physical Energy & Power Flows;2021;8;3051;3051;3051;GB;FR;Value on 3rd Wed. at 11;Import;Harmonized;M;M
Physical Energy & Power Flows;2021;9;8;8;8;GB;FR;Monthly Value;Export;Harmonized;M;M
Physical Energy & Power Flows;2021;9;1085;1085;1085;GB;FR;Monthly Value;Import;Harmonized;M;M
Physical Energy & Power Flows;2021;9;1025;1025;1025;GB;FR;Value on 3rd Wed. at 11;Import;Harmonized;M;M
Physical Energy & Power Flows;2021;10;112;112;112;GB;FR;Monthly Value;Export;Harmonized;M;M
Physical Energy & Power Flows;2021;10;575;575;575;GB;FR;Monthly Value;Import;Harmonized;M;M
Physical Energy & Power Flows;2021;10;214;214;214;GB;FR;Value on 3rd Wed. at 03;Export;Harmonized;M;M
Physical Energy & Power Flows;2021;10;1025;1025;1025;GB;FR;Value on 3rd Wed. at 11;Import;Harmonized;M;M
Physical Energy & Power Flows;2021;11;467;467;467;GB;FR;Monthly Value;Export;Harmonized;M;M
Physical Energy & Power Flows;2021;11;356;356;356;GB;FR;Monthly Value;Import;Harmonized;M;M
Physical Energy & Power Flows;2021;11;348;348;348;GB;FR;Value on 3rd Wed. at 03;Export;Harmonized;M;M
Physical Energy & Power Flows;2021;11;251;251;251;GB;FR;Value on 3rd Wed. at 11;Export;Harmonized;M;M
Physical Energy & Power Flows;2021;12;514;514;514;GB;FR;Monthly Value;Export;Harmonized;M;M
Physical Energy & Power Flows;2021;12;384;384;384;GB;FR;Monthly Value;Import;Harmonized;M;M
Physical Energy & Power Flows;2021;12;1985;1985;1985;GB;FR;Value on 3rd Wed. at 03;Export;Harmonized;M;M
Physical Energy & Power Flows;2021;12;1985;1985;1985;GB;FR;Value on 3rd Wed. at 11;Export;Harmonized;M;M
Physical Energy & Power Flows;2021;1;38;38;38;GB;IE;Monthly Value;Export;Harmonized;M;M
Physical Energy & Power Flows;2021;1;57;57;57;GB;IE;Monthly Value;Import;Harmonized;M;M
Physical Energy & Power Flows;2021;1;0;0;0;GB;IE;Value on 3rd Wed. at 03;Export;Harmonized;M;M
Physical Energy & Power Flows;2021;1;528;528;528;GB;IE;Value on 3rd Wed. at 11;Export;Harmonized;M;M
Physical Energy & Power Flows;2021;2;48;48;48;GB;IE;Monthly Value;Export;Harmonized;M;M
Physical Energy & Power Flows;2021;2;105;105;105;GB;IE;Monthly Value;Import;Harmonized;M;M
Physical Energy & Power Flows;2021;2;500;500;500;GB;IE;Value on 3rd Wed. at 03;Import;Harmonized;M;M
Physical Energy & Power Flows;2021;2;0;0;0;GB;IE;Value on 3rd Wed. at 11;Import;Harmonized;M;M
Physical Energy & Power Flows;2021;3;112;112;112;GB;IE;Monthly Value;Export;Harmonized;M;M
Physical Energy & Power Flows;2021;3;69;69;69;GB;IE;Monthly Value;Import;Harmonized;M;M
Physical Energy & Power Flows;2021;3;10;10;10;GB;IE;Value on 3rd Wed. at 03;Export;Harmonized;M;M
Physical Energy & Power Flows;2021;3;320;320;320;GB;IE;Value on 3rd Wed. at 11;Export;Harmonized;M;M
Physical Energy & Power Flows;2021;4;93;93;93;GB;IE;Monthly Value;Export;Harmonized;M;M
Physical Energy & Power Flows;2021;4;9;9;9;GB;IE;Monthly Value;Import;Harmonized;M;M
Physical Energy & Power Flows;2021;4;0;0;0;GB;IE;Value on 3rd Wed. at 03;Export;Harmonized;M;M
Physical Energy & Power Flows;2021;4;163;163;163;GB;IE;Value on 3rd Wed. at 11;Export;Harmonized;M;M
Physical Energy & Power Flows;2021;5;169;169;169;GB;IE;Monthly Value;Export;Harmonized;M;M
Physical Energy & Power Flows;2021;5;36;36;36;GB;IE;Monthly Value;Import;Harmonized;M;M
Physical Energy & Power Flows;2021;5;73;73;73;GB;IE;Value on 3rd Wed. at 03;Export;Harmonized;M;M
Physical Energy & Power Flows;2021;5;530;530;530;GB;IE;Value on 3rd Wed. at 11;Export;Harmonized;M;M
Physical Energy & Power Flows;2021;6;71;71;71;GB;IE;Monthly Value;Export;Harmonized;M;M
Physical Energy & Power Flows;2021;6;13;13;13;GB;IE;Monthly Value;Import;Harmonized;M;M
Physical Energy & Power Flows;2021;6;0;0;0;GB;IE;Value on 3rd Wed. at 03;Export;Harmonized;M;M
Physical Energy & Power Flows;2021;6;0;0;0;GB;IE;Value on 3rd Wed. at 11;Import;Harmonized;M;M
Physical Energy & Power Flows;2021;7;240;240;240;GB;IE;Monthly Value;Export;Harmonized;M;M
Physical Energy & Power Flows;2021;7;0;0;0;GB;IE;Monthly Value;Import;Harmonized;M;M
Physical Energy & Power Flows;2021;7;394;394;394;GB;IE;Value on 3rd Wed. at 03;Export;Harmonized;M;M
Physical Energy & Power Flows;2021;7;530;530;530;GB;IE;Value on 3rd Wed. at 11;Export;Harmonized;M;M
Physical Energy & Power Flows;2021;8;68;68;68;GB;IE;Monthly Value;Export;Harmonized;M;M
Physical Energy & Power Flows;2021;8;20;20;20;GB;IE;Monthly Value;Import;Harmonized;M;M
Physical Energy & Power Flows;2021;8;0;0;0;GB;IE;Value on 3rd Wed. at 03;Import;Harmonized;M;M
Physical Energy & Power Flows;2021;8;445;445;445;GB;IE;Value on 3rd Wed. at 11;Export;Harmonized;M;M
Physical Energy & Power Flows;2021;9;51;51;51;GB;IE;Monthly Value;Export;Harmonized;M;M
Physical Energy & Power Flows;2021;9;17;17;17;GB;IE;Monthly Value;Import;Harmonized;M;M
Physical Energy & Power Flows;2021;9;0;0;0;GB;IE;Value on 3rd Wed. at 03;Export;Harmonized;M;M
Physical Energy & Power Flows;2021;9;1;1;1;GB;IE;Value on 3rd Wed. at 11;Export;Harmonized;M;M
Physical Energy & Power Flows;2021;10;77;77;77;GB;IE;Monthly Value;Export;Harmonized;M;M
Physical Energy & Power Flows;2021;10;39;39;39;GB;IE;Monthly Value;Import;Harmonized;M;M
Physical Energy & Power Flows;2021;10;530;530;530;GB;IE;Value on 3rd Wed. at 03;Export;Harmonized;M;M
Physical Energy & Power Flows;2021;10;518;518;518;GB;IE;Value on 3rd Wed. at 11;Export;Harmonized;M;M
Physical Energy & Power Flows;2021;11;52;52;52;GB;IE;Monthly Value;Export;Harmonized;M;M
Physical Energy & Power Flows;2021;11;60;60;60;GB;IE;Monthly Value;Import;Harmonized;M;M
Physical Energy & Power Flows;2021;11;80;80;80;GB;IE;Value on 3rd Wed. at 03;Import;Harmonized;M;M
Physical Energy & Power Flows;2021;11;0;0;0;GB;IE;Value on 3rd Wed. at 11;Export;Harmonized;M;M
Physical Energy & Power Flows;2021;12;9;9;9;GB;IE;Monthly Value;Export;Harmonized;M;M
Physical Energy & Power Flows;2021;12;106;106;106;GB;IE;Monthly Value;Import;Harmonized;M;M
Physical Energy & Power Flows;2021;12;435;435;435;GB;IE;Value on 3rd Wed. at 03;Import;Harmonized;M;M
Physical Energy & Power Flows;2021;12;0;0;0;GB;IE;Value on 3rd Wed. at 11;Import;Harmonized;M;M
Physical Energy & Power Flows;2021;1;0;0;0;GB;NL;Monthly Value;Export;Harmonized;M;M
Physical Energy & Power Flows;2021;1;0;0;0;GB;NL;Monthly Value;Import;Harmonized;M;M
Physical Energy & Power Flows;2021;1;0;0;0;GB;NL;Value on 3rd Wed. at 03;Export;Harmonized;M;M
Physical Energy & Power Flows;2021;1;0;0;0;GB;NL;Value on 3rd Wed. at 11;Import;Harmonized;M;M
Physical Energy & Power Flows;2021;2;7;7;7;GB;NL;Monthly Value;Export;Harmonized;M;M
Physical Energy & Power Flows;2021;2;381;381;381;GB;NL;Monthly Value;Import;Harmonized;M;M
Physical Energy & Power Flows;2021;2;679;679;679;GB;NL;Value on 3rd Wed. at 03;Import;Harmonized;M;M
Physical Energy & Power Flows;2021;2;1024;1024;1024;GB;NL;Value on 3rd Wed. at 11;Import;Harmonized;M;M
Physical Energy & Power Flows;2021;3;0;0;0;GB;NL;Monthly Value;Export;Harmonized;M;M
Physical Energy & Power Flows;2021;3;203;203;203;GB;NL;Monthly Value;Import;Harmonized;M;M
Physical Energy & Power Flows;2021;3;0;0;0;GB;NL;Value on 3rd Wed. at 03;Import;Harmonized;M;M
Physical Energy & Power Flows;2021;3;0;0;0;GB;NL;Value on 3rd Wed. at 11;Import;Harmonized;M;M
Physical Energy & Power Flows;2021;4;0;0;0;GB;NL;Monthly Value;Export;Harmonized;M;M
Physical Energy & Power Flows;2021;4;0;0;0;GB;NL;Monthly Value;Import;Harmonized;M;M
Physical Energy & Power Flows;2021;4;0;0;0;GB;NL;Value on 3rd Wed. at 03;Import;Harmonized;M;M
Physical Energy & Power Flows;2021;4;0;0;0;GB;NL;Value on 3rd Wed. at 11;Import;Harmonized;M;M
Physical Energy & Power Flows;2021;5;0;0;0;GB;NL;Monthly Value;Export;Harmonized;M;M
Physical Energy & Power Flows;2021;5;0;0;0;GB;NL;Monthly Value;Import;Harmonized;M;M
Physical Energy & Power Flows;2021;5;0;0;0;GB;NL;Value on 3rd Wed. at 03;Export;Harmonized;M;M
Physical Energy & Power Flows;2021;5;0;0;0;GB;NL;Value on 3rd Wed. at 11;Export;Harmonized;M;M
Physical Energy & Power Flows;2021;6;7;7;7;GB;NL;Monthly Value;Export;Harmonized;M;M
Physical Energy & Power Flows;2021;6;378;378;378;GB;NL;Monthly Value;Import;Harmonized;M;M
Physical Energy & Power Flows;2021;6;420;420;420;GB;NL;Value on 3rd Wed. at 03;Import;Harmonized;M;M
Physical Energy & Power Flows;2021;6;1030;1030;1030;GB;NL;Value on 3rd Wed. at 11;Import;Harmonized;M;M
Physical Energy & Power Flows;2021;7;0;0;0;GB;NL;Monthly Value;Export;Harmonized;M;M
Physical Energy & Power Flows;2021;7;630;630;630;GB;NL;Monthly Value;Import;Harmonized;M;M
Physical Energy & Power Flows;2021;7;974;974;974;GB;NL;Value on 3rd Wed. at 03;Import;Harmonized;M;M
Physical Energy & Power Flows;2021;7;1067;1067;1067;GB;NL;Value on 3rd Wed. at 11;Import;Harmonized;M;M
Physical Energy & Power Flows;2021;8;10;10;10;GB;NL;Monthly Value;Export;Harmonized;M;M
Physical Energy & Power Flows;2021;8;602;602;602;GB;NL;Monthly Value;Import;Harmonized;M;M
Physical Energy & Power Flows;2021;8;635;635;635;GB;NL;Value on 3rd Wed. at 03;Import;Harmonized;M;M
Physical Energy & Power Flows;2021;8;251;251;251;GB;NL;Value on 3rd Wed. at 11;Export;Harmonized;M;M
Physical Energy & Power Flows;2021;9;5;5;5;GB;NL;Monthly Value;Export;Harmonized;M;M
Physical Energy & Power Flows;2021;9;535;535;535;GB;NL;Monthly Value;Import;Harmonized;M;M
Physical Energy & Power Flows;2021;9;975;975;975;GB;NL;Value on 3rd Wed. at 03;Import;Harmonized;M;M
Physical Energy & Power Flows;2021;9;501;501;501;GB;NL;Value on 3rd Wed. at 11;Import;Harmonized;M;M
Physical Energy & Power Flows;2021;10;17;17;17;GB;NL;Monthly Value;Export;Harmonized;M;M
Physical Energy & Power Flows;2021;10;527;527;527;GB;NL;Monthly Value;Import;Harmonized;M;M
Physical Energy & Power Flows;2021;10;347;347;347;GB;NL;Value on 3rd Wed. at 03;Import;Harmonized;M;M
Physical Energy & Power Flows;2021;10;1062;1062;1062;GB;NL;Value on 3rd Wed. at 11;Import;Harmonized;M;M
Physical Energy & Power Flows;2021;11;17;17;17;GB;NL;Monthly Value;Export;Harmonized;M;M
Physical Energy & Power Flows;2021;11;555;555;555;GB;NL;Monthly Value;Import;Harmonized;M;M
Physical Energy & Power Flows;2021;11;937;937;937;GB;NL;Value on 3rd Wed. at 03;Import;Harmonized;M;M
Physical Energy & Power Flows;2021;11;707;707;707;GB;NL;Value on 3rd Wed. at 11;Import;Harmonized;M;M
Physical Energy & Power Flows;2021;12;13;13;13;GB;NL;Monthly Value;Export;Harmonized;M;M
Physical Energy & Power Flows;2021;12;620;620;620;GB;NL;Monthly Value;Import;Harmonized;M;M
Physical Energy & Power Flows;2021;12;1075;1075;1075;GB;NL;Value on 3rd Wed. at 03;Import;Harmonized;M;M
Physical Energy & Power Flows;2021;12;413;413;413;GB;NL;Value on 3rd Wed. at 11;Import;Harmonized;M;M
Physical Energy & Power Flows;2021;6;1;1;1;GB;NO;Monthly Value;Export;Harmonized;M;M
Physical Energy & Power Flows;2021;6;2;2;2;GB;NO;Monthly Value;Import;Harmonized;M;M
Physical Energy & Power Flows;2021;6;2;2;2;GB;NO;Value on 3rd Wed. at 03;Import;Harmonized;M;M
Physical Energy & Power Flows;2021;6;2;2;2;GB;NO;Value on 3rd Wed. at 11;Import;Harmonized;M;M
Physical Energy & Power Flows;2021;7;0;0;0;GB;NO;Monthly Value;Export;Harmonized;M;M
Physical Energy & Power Flows;2021;7;14;14;14;GB;NO;Monthly Value;Import;Harmonized;M;M
Physical Energy & Power Flows;2021;7;2;2;2;GB;NO;Value on 3rd Wed. at 03;Import;Harmonized;M;M
Physical Energy & Power Flows;2021;7;2;2;2;GB;NO;Value on 3rd Wed. at 11;Import;Harmonized;M;M
Physical Energy & Power Flows;2021;8;1;1;1;GB;NO;Monthly Value;Export;Harmonized;M;M
Physical Energy & Power Flows;2021;8;5;5;5;GB;NO;Monthly Value;Import;Harmonized;M;M
Physical Energy & Power Flows;2021;8;3;3;3;GB;NO;Value on 3rd Wed. at 03;Import;Harmonized;M;M
Physical Energy & Power Flows;2021;8;280;280;280;GB;NO;Value on 3rd Wed. at 11;Import;Harmonized;M;M
Physical Energy & Power Flows;2021;9;19;19;19;GB;NO;Monthly Value;Export;Harmonized;M;M
Physical Energy & Power Flows;2021;9;48;48;48;GB;NO;Monthly Value;Import;Harmonized;M;M
Physical Energy & Power Flows;2021;9;3;3;3;GB;NO;Value on 3rd Wed. at 03;Import;Harmonized;M;M
Physical Energy & Power Flows;2021;9;700;700;700;GB;NO;Value on 3rd Wed. at 11;Import;Harmonized;M;M
Physical Energy & Power Flows;2021;10;1;1;1;GB;NO;Monthly Value;Export;Harmonized;M;M
Physical Energy & Power Flows;2021;10;492;492;492;GB;NO;Monthly Value;Import;Harmonized;M;M
Physical Energy & Power Flows;2021;10;119;119;119;GB;NO;Value on 3rd Wed. at 03;Import;Harmonized;M;M
Physical Energy & Power Flows;2021;10;694;694;694;GB;NO;Value on 3rd Wed. at 11;Import;Harmonized;M;M
Physical Energy & Power Flows;2021;11;3;3;3;GB;NO;Monthly Value;Export;Harmonized;M;M
Physical Energy & Power Flows;2021;11;462;462;462;GB;NO;Monthly Value;Import;Harmonized;M;M
Physical Energy & Power Flows;2021;11;694;694;694;GB;NO;Value on 3rd Wed. at 03;Import;Harmonized;M;M
Physical Energy & Power Flows;2021;11;694;694;694;GB;NO;Value on 3rd Wed. at 11;Import;Harmonized;M;M
Physical Energy & Power Flows;2021;12;15;15;15;GB;NO;Monthly Value;Export;Harmonized;M;M
Physical Energy & Power Flows;2021;12;442;442;442;GB;NO;Monthly Value;Import;Harmonized;M;M
Physical Energy & Power Flows;2021;12;694;694;694;GB;NO;Value on 3rd Wed. at 03;Import;Harmonized;M;M
Physical Energy & Power Flows;2021;12;694;694;694;GB;NO;Value on 3rd Wed. at 11;Import;Harmonized;M;M
Physical Energy & Power Flows;2021;12;0;0;0;GE;AM;Monthly Value;Import;Harmonized;NaM;NaM
Physical Energy & Power Flows;2021;12;37;37;37;GE;AZ;Monthly Value;Import;Harmonized;NaM;NaM
Physical Energy & Power Flows;2021;12;94;94;94;GE;RU;Monthly Value;Import;Harmonized;NaM;NaM
Physical Energy & Power Flows;2021;12;40;40;40;GE;TR;Monthly Value;Export;Harmonized;NaM;M
Physical Energy & Power Flows;2021;12;0;0;0;GE;TR;Monthly Value;Import;Harmonized;NaM;M
Physical Energy & Power Flows;2021;1;15;15;15;GR;AL;Monthly Value;Export;Harmonized;M;M
Physical Energy & Power Flows;2021;1;98;98;98;GR;AL;Monthly Value;Import;Harmonized;M;M
Physical Energy & Power Flows;2021;1;359;359;359;GR;AL;Value on 3rd Wed. at 03;Import;Harmonized;M;M
Physical Energy & Power Flows;2021;1;90;90;90;GR;AL;Value on 3rd Wed. at 11;Import;Harmonized;M;M
Physical Energy & Power Flows;2021;2;1;1;1;GR;AL;Monthly Value;Export;Harmonized;M;M
Physical Energy & Power Flows;2021;2;232;232;232;GR;AL;Monthly Value;Import;Harmonized;M;M
Physical Energy & Power Flows;2021;2;613;613;613;GR;AL;Value on 3rd Wed. at 03;Import;Harmonized;M;M
Physical Energy & Power Flows;2021;2;363;363;363;GR;AL;Value on 3rd Wed. at 11;Import;Harmonized;M;M
Physical Energy & Power Flows;2021;3;13;13;13;GR;AL;Monthly Value;Export;Harmonized;M;M
Physical Energy & Power Flows;2021;3;117;117;117;GR;AL;Monthly Value;Import;Harmonized;M;M
Physical Energy & Power Flows;2021;3;21;21;21;GR;AL;Value on 3rd Wed. at 03;Import;Harmonized;M;M
Physical Energy & Power Flows;2021;3;169;169;169;GR;AL;Value on 3rd Wed. at 11;Import;Harmonized;M;M
Physical Energy & Power Flows;2021;4;37;37;37;GR;AL;Monthly Value;Export;Harmonized;M;M
Physical Energy & Power Flows;2021;4;34;34;34;GR;AL;Monthly Value;Import;Harmonized;M;M
Physical Energy & Power Flows;2021;4;23;23;23;GR;AL;Value on 3rd Wed. at 03;Import;Harmonized;M;M
Physical Energy & Power Flows;2021;4;172;172;172;GR;AL;Value on 3rd Wed. at 11;Export;Harmonized;M;M
Physical Energy & Power Flows;2021;5;9;9;9;GR;AL;Monthly Value;Export;Harmonized;M;M
Physical Energy & Power Flows;2021;5;92;92;92;GR;AL;Monthly Value;Import;Harmonized;M;M
Physical Energy & Power Flows;2021;5;146;146;146;GR;AL;Value on 3rd Wed. at 03;Import;Harmonized;M;M
Physical Energy & Power Flows;2021;5;55;55;55;GR;AL;Value on 3rd Wed. at 11;Import;Harmonized;M;M
Physical Energy & Power Flows;2021;6;29;29;29;GR;AL;Monthly Value;Export;Harmonized;M;M
Physical Energy & Power Flows;2021;6;50;50;50;GR;AL;Monthly Value;Import;Harmonized;M;M
Physical Energy & Power Flows;2021;6;112;112;112;GR;AL;Value on 3rd Wed. at 03;Export;Harmonized;M;M
Physical Energy & Power Flows;2021;6;235;235;235;GR;AL;Value on 3rd Wed. at 11;Export;Harmonized;M;M
Physical Energy & Power Flows;2021;7;69;69;69;GR;AL;Monthly Value;Export;Harmonized;M;M
Physical Energy & Power Flows;2021;7;32;32;32;GR;AL;Monthly Value;Import;Harmonized;M;M
Physical Energy & Power Flows;2021;7;66;66;66;GR;AL;Value on 3rd Wed. at 03;Export;Harmonized;M;M
Physical Energy & Power Flows;2021;7;49;49;49;GR;AL;Value on 3rd Wed. at 11;Import;Harmonized;M;M
Physical Energy & Power Flows;2021;8;128;128;128;GR;AL;Monthly Value;Export;Harmonized;M;M
Physical Energy & Power Flows;2021;8;18;18;18;GR;AL;Monthly Value;Import;Harmonized;M;M
Physical Energy & Power Flows;2021;8;176;176;176;GR;AL;Value on 3rd Wed. at 03;Export;Harmonized;M;M
Physical Energy & Power Flows;2021;8;77;77;77;GR;AL;Value on 3rd Wed. at 11;Export;Harmonized;M;M
Physical Energy & Power Flows;2021;9;210;210;210;GR;AL;Monthly Value;Export;Harmonized;M;M
Physical Energy & Power Flows;2021;9;0;0;0;GR;AL;Monthly Value;Import;Harmonized;M;M
Physical Energy & Power Flows;2021;9;407;407;407;GR;AL;Value on 3rd Wed. at 03;Export;Harmonized;M;M
Physical Energy & Power Flows;2021;9;99;99;99;GR;AL;Value on 3rd Wed. at 11;Export;Harmonized;M;M
Physical Energy & Power Flows;2021;10;232;232;232;GR;AL;Monthly Value;Export;Harmonized;M;M
Physical Energy & Power Flows;2021;10;0;0;0;GR;AL;Monthly Value;Import;Harmonized;M;M
Physical Energy & Power Flows;2021;10;156;156;156;GR;AL;Value on 3rd Wed. at 03;Export;Harmonized;M;M
Physical Energy & Power Flows;2021;10;257;257;257;GR;AL;Value on 3rd Wed. at 11;Export;Harmonized;M;M
Physical Energy & Power Flows;2021;11;145;145;145;GR;AL;Monthly Value;Export;Harmonized;M;M
Physical Energy & Power Flows;2021;11;2;2;2;GR;AL;Monthly Value;Import;Harmonized;M;M
Physical Energy & Power Flows;2021;11;158;158;158;GR;AL;Value on 3rd Wed. at 03;Export;Harmonized;M;M
Physical Energy & Power Flows;2021;11;216;216;216;GR;AL;Value on 3rd Wed. at 11;Export;Harmonized;M;M
Physical Energy & Power Flows;2021;12;147;147;147;GR;AL;Monthly Value;Export;Harmonized;M;M
Physical Energy & Power Flows;2021;12;10;10;10;GR;AL;Monthly Value;Import;Harmonized;M;M
Physical Energy & Power Flows;2021;12;354;354;354;GR;AL;Value on 3rd Wed. at 03;Export;Harmonized;M;M
Physical Energy & Power Flows;2021;12;432;432;432;GR;AL;Value on 3rd Wed. at 11;Export;Harmonized;M;M
Physical Energy & Power Flows;2021;1;14;14;14;GR;BG;Monthly Value;Export;Harmonized;M;M
Physical Energy & Power Flows;2021;1;63;63;63;GR;BG;Monthly Value;Import;Harmonized;M;M
Physical Energy & Power Flows;2021;1;70;70;70;GR;BG;Value on 3rd Wed. at 03;Import;Harmonized;M;M
Physical Energy & Power Flows;2021;1;10;10;10;GR;BG;Value on 3rd Wed. at 11;Export;Harmonized;M;M
Physical Energy & Power Flows;2021;2;2;2;2;GR;BG;Monthly Value;Export;Harmonized;M;M
Physical Energy & Power Flows;2021;2;122;122;122;GR;BG;Monthly Value;Import;Harmonized;M;M
Physical Energy & Power Flows;2021;2;233;233;233;GR;BG;Value on 3rd Wed. at 03;Import;Harmonized;M;M
Physical Energy & Power Flows;2021;2;187;187;187;GR;BG;Value on 3rd Wed. at 11;Import;Harmonized;M;M
Physical Energy & Power Flows;2021;3;1;1;1;GR;BG;Monthly Value;Export;Harmonized;M;M
Physical Energy & Power Flows;2021;3;202;202;202;GR;BG;Monthly Value;Import;Harmonized;M;M
Physical Energy & Power Flows;2021;3;355;355;355;GR;BG;Value on 3rd Wed. at 03;Import;Harmonized;M;M
Physical Energy & Power Flows;2021;3;209;209;209;GR;BG;Value on 3rd Wed. at 11;Import;Harmonized;M;M
Physical Energy & Power Flows;2021;4;6;6;6;GR;BG;Monthly Value;Export;Harmonized;M;M
Physical Energy & Power Flows;2021;4;145;145;145;GR;BG;Monthly Value;Import;Harmonized;M;M
Physical Energy & Power Flows;2021;4;185;185;185;GR;BG;Value on 3rd Wed. at 03;Import;Harmonized;M;M
Physical Energy & Power Flows;2021;4;117;117;117;GR;BG;Value on 3rd Wed. at 11;Export;Harmonized;M;M
Physical Energy & Power Flows;2021;5;0;0;0;GR;BG;Monthly Value;Export;Harmonized;M;M
Physical Energy & Power Flows;2021;5;150;150;150;GR;BG;Monthly Value;Import;Harmonized;M;M
Physical Energy & Power Flows;2021;5;227;227;227;GR;BG;Value on 3rd Wed. at 03;Import;Harmonized;M;M
Physical Energy & Power Flows;2021;5;0;0;0;GR;BG;Value on 3rd Wed. at 11;Import;Harmonized;M;M
Physical Energy & Power Flows;2021;6;0;0;0;GR;BG;Monthly Value;Export;Harmonized;M;M
Physical Energy & Power Flows;2021;6;220;220;220;GR;BG;Monthly Value;Import;Harmonized;M;M
Physical Energy & Power Flows;2021;6;282;282;282;GR;BG;Value on 3rd Wed. at 03;Import;Harmonized;M;M
Physical Energy & Power Flows;2021;6;145;145;145;GR;BG;Value on 3rd Wed. at 11;Import;Harmonized;M;M
Physical Energy & Power Flows;2021;7;241;241;241;GR;BG;Monthly Value;Import;Harmonized;M;M
Physical Energy & Power Flows;2021;7;426;426;426;GR;BG;Value on 3rd Wed. at 03;Import;Harmonized;M;M
Physical Energy & Power Flows;2021;7;360;360;360;GR;BG;Value on 3rd Wed. at 11;Import;Harmonized;M;M
Physical Energy & Power Flows;2021;8;0;0;0;GR;BG;Monthly Value;Export;Harmonized;M;M
Physical Energy & Power Flows;2021;8;212;212;212;GR;BG;Monthly Value;Import;Harmonized;M;M
Physical Energy & Power Flows;2021;8;367;367;367;GR;BG;Value on 3rd Wed. at 03;Import;Harmonized;M;M
Physical Energy & Power Flows;2021;8;355;355;355;GR;BG;Value on 3rd Wed. at 11;Import;Harmonized;M;M
Physical Energy & Power Flows;2021;9;1;1;1;GR;BG;Monthly Value;Export;Harmonized;M;M
Physical Energy & Power Flows;2021;9;194;194;194;GR;BG;Monthly Value;Import;Harmonized;M;M
Physical Energy & Power Flows;2021;9;336;336;336;GR;BG;Value on 3rd Wed. at 03;Import;Harmonized;M;M
Physical Energy & Power Flows;2021;9;39;39;39;GR;BG;Value on 3rd Wed. at 11;Import;Harmonized;M;M
Physical Energy & Power Flows;2021;10;15;15;15;GR;BG;Monthly Value;Export;Harmonized;M;M
Physical Energy & Power Flows;2021;10;118;118;118;GR;BG;Monthly Value;Import;Harmonized;M;M
Physical Energy & Power Flows;2021;10;407;407;407;GR;BG;Value on 3rd Wed. at 03;Import;Harmonized;M;M
Physical Energy & Power Flows;2021;10;283;283;283;GR;BG;Value on 3rd Wed. at 11;Import;Harmonized;M;M
Physical Energy & Power Flows;2021;11;3;3;3;GR;BG;Monthly Value;Export;Harmonized;M;M
Physical Energy & Power Flows;2021;11;175;175;175;GR;BG;Monthly Value;Import;Harmonized;M;M
Physical Energy & Power Flows;2021;11;357;357;357;GR;BG;Value on 3rd Wed. at 03;Import;Harmonized;M;M
Physical Energy & Power Flows;2021;11;25;25;25;GR;BG;Value on 3rd Wed. at 11;Import;Harmonized;M;M
Physical Energy & Power Flows;2021;12;22;22;22;GR;BG;Monthly Value;Export;Harmonized;M;M
Physical Energy & Power Flows;2021;12;117;117;117;GR;BG;Monthly Value;Import;Harmonized;M;M
Physical Energy & Power Flows;2021;12;149;149;149;GR;BG;Value on 3rd Wed. at 03;Import;Harmonized;M;M
Physical Energy & Power Flows;2021;12;152;152;152;GR;BG;Value on 3rd Wed. at 11;Export;Harmonized;M;M
Physical Energy & Power Flows;2021;1;238;238;238;GR;IT;Monthly Value;Export;Harmonized;M;M
Physical Energy & Power Flows;2021;1;50;50;50;GR;IT;Monthly Value;Import;Harmonized;M;M
Physical Energy & Power Flows;2021;1;454;454;454;GR;IT;Value on 3rd Wed. at 03;Import;Harmonized;M;M
Physical Energy & Power Flows;2021;1;484;484;484;GR;IT;Value on 3rd Wed. at 11;Import;Harmonized;M;M
Physical Energy & Power Flows;2021;2;180;180;180;GR;IT;Monthly Value;Export;Harmonized;M;M
Physical Energy & Power Flows;2021;2;51;51;51;GR;IT;Monthly Value;Import;Harmonized;M;M
Physical Energy & Power Flows;2021;2;493;493;493;GR;IT;Value on 3rd Wed. at 03;Export;Harmonized;M;M
Physical Energy & Power Flows;2021;2;488;488;488;GR;IT;Value on 3rd Wed. at 11;Import;Harmonized;M;M
Physical Energy & Power Flows;2021;3;207;207;207;GR;IT;Monthly Value;Export;Harmonized;M;M
Physical Energy & Power Flows;2021;3;54;54;54;GR;IT;Monthly Value;Import;Harmonized;M;M
Physical Energy & Power Flows;2021;3;504;504;504;GR;IT;Value on 3rd Wed. at 03;Export;Harmonized;M;M
Physical Energy & Power Flows;2021;3;360;360;360;GR;IT;Value on 3rd Wed. at 11;Export;Harmonized;M;M
Physical Energy & Power Flows;2021;4;214;214;214;GR;IT;Monthly Value;Export;Harmonized;M;M
Physical Energy & Power Flows;2021;4;44;44;44;GR;IT;Monthly Value;Import;Harmonized;M;M
Physical Energy & Power Flows;2021;4;509;509;509;GR;IT;Value on 3rd Wed. at 03;Export;Harmonized;M;M
Physical Energy & Power Flows;2021;4;383;383;383;GR;IT;Value on 3rd Wed. at 11;Import;Harmonized;M;M
Physical Energy & Power Flows;2021;5;137;137;137;GR;IT;Monthly Value;Export;Harmonized;M;M
Physical Energy & Power Flows;2021;5;22;22;22;GR;IT;Monthly Value;Import;Harmonized;M;M
Physical Energy & Power Flows;2021;5;0;0;0;GR;IT;Value on 3rd Wed. at 03;Import;Harmonized;M;M
Physical Energy & Power Flows;2021;5;0;0;0;GR;IT;Value on 3rd Wed. at 11;Import;Harmonized;M;M
Physical Energy & Power Flows;2021;6;0;0;0;GR;IT;Monthly Value;Import;Harmonized;M;M
Physical Energy & Power Flows;2021;6;0;0;0;GR;IT;Value on 3rd Wed. at 03;Import;Harmonized;M;M
Physical Energy & Power Flows;2021;6;0;0;0;GR;IT;Value on 3rd Wed. at 11;Import;Harmonized;M;M
Physical Energy & Power Flows;2021;7;0;0;0;GR;IT;Monthly Value;Import;Harmonized;M;M
Physical Energy & Power Flows;2021;7;0;0;0;GR;IT;Value on 3rd Wed. at 03;Import;Harmonized;M;M
Physical Energy & Power Flows;2021;7;0;0;0;GR;IT;Value on 3rd Wed. at 11;Import;Harmonized;M;M
Physical Energy & Power Flows;2021;8;0;0;0;GR;IT;Monthly Value;Import;Harmonized;M;M
Physical Energy & Power Flows;2021;8;0;0;0;GR;IT;Value on 3rd Wed. at 03;Import;Harmonized;M;M
Physical Energy & Power Flows;2021;8;0;0;0;GR;IT;Value on 3rd Wed. at 11;Import;Harmonized;M;M
Physical Energy & Power Flows;2021;9;289;289;289;GR;IT;Monthly Value;Export;Harmonized;M;M
Physical Energy & Power Flows;2021;9;10;10;10;GR;IT;Monthly Value;Import;Harmonized;M;M
Physical Energy & Power Flows;2021;9;509;509;509;GR;IT;Value on 3rd Wed. at 03;Export;Harmonized;M;M
Physical Energy & Power Flows;2021;9;323;323;323;GR;IT;Value on 3rd Wed. at 11;Export;Harmonized;M;M
Physical Energy & Power Flows;2021;10;217;217;217;GR;IT;Monthly Value;Export;Harmonized;M;M
Physical Energy & Power Flows;2021;10;77;77;77;GR;IT;Monthly Value;Import;Harmonized;M;M
Physical Energy & Power Flows;2021;10;509;509;509;GR;IT;Value on 3rd Wed. at 03;Export;Harmonized;M;M
Physical Energy & Power Flows;2021;10;241;241;241;GR;IT;Value on 3rd Wed. at 11;Export;Harmonized;M;M
Physical Energy & Power Flows;2021;11;112;112;112;GR;IT;Monthly Value;Export;Harmonized;M;M
Physical Energy & Power Flows;2021;11;158;158;158;GR;IT;Monthly Value;Import;Harmonized;M;M
Physical Energy & Power Flows;2021;11;191;191;191;GR;IT;Value on 3rd Wed. at 03;Export;Harmonized;M;M
Physical Energy & Power Flows;2021;11;386;386;386;GR;IT;Value on 3rd Wed. at 11;Import;Harmonized;M;M
Physical Energy & Power Flows;2021;12;260;260;260;GR;IT;Monthly Value;Export;Harmonized;M;M
Physical Energy & Power Flows;2021;12;49;49;49;GR;IT;Monthly Value;Import;Harmonized;M;M
Physical Energy & Power Flows;2021;12;508;508;508;GR;IT;Value on 3rd Wed. at 03;Export;Harmonized;M;M
Physical Energy & Power Flows;2021;12;508;508;508;GR;IT;Value on 3rd Wed. at 11;Export;Harmonized;M;M
Physical Energy & Power Flows;2021;1;145;145;145;GR;MK;Monthly Value;Export;Harmonized;M;M
Physical Energy & Power Flows;2021;1;27;27;27;GR;MK;Monthly Value;Import;Harmonized;M;M
Physical Energy & Power Flows;2021;1;65;65;65;GR;MK;Value on 3rd Wed. at 03;Import;Harmonized;M;M
Physical Energy & Power Flows;2021;1;324;324;324;GR;MK;Value on 3rd Wed. at 11;Export;Harmonized;M;M
Physical Energy & Power Flows;2021;2;34;34;34;GR;MK;Monthly Value;Export;Harmonized;M;M
Physical Energy & Power Flows;2021;2;131;131;131;GR;MK;Monthly Value;Import;Harmonized;M;M
Physical Energy & Power Flows;2021;2;272;272;272;GR;MK;Value on 3rd Wed. at 03;Import;Harmonized;M;M
Physical Energy & Power Flows;2021;2;20;20;20;GR;MK;Value on 3rd Wed. at 11;Export;Harmonized;M;M
Physical Energy & Power Flows;2021;3;15;15;15;GR;MK;Monthly Value;Export;Harmonized;M;M
Physical Energy & Power Flows;2021;3;171;171;171;GR;MK;Monthly Value;Import;Harmonized;M;M
Physical Energy & Power Flows;2021;3;350;350;350;GR;MK;Value on 3rd Wed. at 03;Import;Harmonized;M;M
Physical Energy & Power Flows;2021;3;18;18;18;GR;MK;Value on 3rd Wed. at 11;Import;Harmonized;M;M
Physical Energy & Power Flows;2021;4;69;69;69;GR;MK;Monthly Value;Export;Harmonized;M;M
Physical Energy & Power Flows;2021;4;71;71;71;GR;MK;Monthly Value;Import;Harmonized;M;M
Physical Energy & Power Flows;2021;4;146;146;146;GR;MK;Value on 3rd Wed. at 03;Import;Harmonized;M;M
Physical Energy & Power Flows;2021;4;562;562;562;GR;MK;Value on 3rd Wed. at 11;Export;Harmonized;M;M
Physical Energy & Power Flows;2021;5;20;20;20;GR;MK;Monthly Value;Export;Harmonized;M;M
Physical Energy & Power Flows;2021;5;142;142;142;GR;MK;Monthly Value;Import;Harmonized;M;M
Physical Energy & Power Flows;2021;5;224;224;224;GR;MK;Value on 3rd Wed. at 03;Import;Harmonized;M;M
Physical Energy & Power Flows;2021;5;88;88;88;GR;MK;Value on 3rd Wed. at 11;Export;Harmonized;M;M
Physical Energy & Power Flows;2021;6;5;5;5;GR;MK;Monthly Value;Export;Harmonized;M;M
Physical Energy & Power Flows;2021;6;227;227;227;GR;MK;Monthly Value;Import;Harmonized;M;M
Physical Energy & Power Flows;2021;6;228;228;228;GR;MK;Value on 3rd Wed. at 03;Import;Harmonized;M;M
Physical Energy & Power Flows;2021;6;59;59;59;GR;MK;Value on 3rd Wed. at 11;Import;Harmonized;M;M
Physical Energy & Power Flows;2021;7;7;7;7;GR;MK;Monthly Value;Export;Harmonized;M;M
Physical Energy & Power Flows;2021;7;241;241;241;GR;MK;Monthly Value;Import;Harmonized;M;M
Physical Energy & Power Flows;2021;7;466;466;466;GR;MK;Value on 3rd Wed. at 03;Import;Harmonized;M;M
Physical Energy & Power Flows;2021;7;382;382;382;GR;MK;Value on 3rd Wed. at 11;Import;Harmonized;M;M
Physical Energy & Power Flows;2021;8;19;19;19;GR;MK;Monthly Value;Export;Harmonized;M;M
Physical Energy & Power Flows;2021;8;205;205;205;GR;MK;Monthly Value;Import;Harmonized;M;M
Physical Energy & Power Flows;2021;8;439;439;439;GR;MK;Value on 3rd Wed. at 03;Import;Harmonized;M;M
Physical Energy & Power Flows;2021;8;314;314;314;GR;MK;Value on 3rd Wed. at 11;Import;Harmonized;M;M
Physical Energy & Power Flows;2021;9;39;39;39;GR;MK;Monthly Value;Export;Harmonized;M;M
Physical Energy & Power Flows;2021;9;94;94;94;GR;MK;Monthly Value;Import;Harmonized;M;M
Physical Energy & Power Flows;2021;9;137;137;137;GR;MK;Value on 3rd Wed. at 03;Import;Harmonized;M;M
Physical Energy & Power Flows;2021;9;437;437;437;GR;MK;Value on 3rd Wed. at 11;Export;Harmonized;M;M
Physical Energy & Power Flows;2021;10;171;171;171;GR;MK;Monthly Value;Export;Harmonized;M;M
Physical Energy & Power Flows;2021;10;27;27;27;GR;MK;Monthly Value;Import;Harmonized;M;M
Physical Energy & Power Flows;2021;10;30;30;30;GR;MK;Value on 3rd Wed. at 03;Export;Harmonized;M;M
Physical Energy & Power Flows;2021;10;228;228;228;GR;MK;Value on 3rd Wed. at 11;Export;Harmonized;M;M
Physical Energy & Power Flows;2021;11;84;84;84;GR;MK;Monthly Value;Export;Harmonized;M;M
Physical Energy & Power Flows;2021;11;58;58;58;GR;MK;Monthly Value;Import;Harmonized;M;M
Physical Energy & Power Flows;2021;11;110;110;110;GR;MK;Value on 3rd Wed. at 03;Import;Harmonized;M;M
Physical Energy & Power Flows;2021;11;300;300;300;GR;MK;Value on 3rd Wed. at 11;Export;Harmonized;M;M
Physical Energy & Power Flows;2021;12;236;236;236;GR;MK;Monthly Value;Export;Harmonized;M;M
Physical Energy & Power Flows;2021;12;20;20;20;GR;MK;Monthly Value;Import;Harmonized;M;M
Physical Energy & Power Flows;2021;12;460;460;460;GR;MK;Value on 3rd Wed. at 03;Export;Harmonized;M;M
Physical Energy & Power Flows;2021;12;974;974;974;GR;MK;Value on 3rd Wed. at 11;Export;Harmonized;M;M
Physical Energy & Power Flows;2021;1;7;7;7;GR;TR;Monthly Value;Export;Harmonized;M;M
Physical Energy & Power Flows;2021;1;101;101;101;GR;TR;Monthly Value;Import;Harmonized;M;M
Physical Energy & Power Flows;2021;1;198;198;198;GR;TR;Value on 3rd Wed. at 03;Import;Harmonized;M;M
Physical Energy & Power Flows;2021;1;116;116;116;GR;TR;Value on 3rd Wed. at 11;Import;Harmonized;M;M
Physical Energy & Power Flows;2021;2;7;7;7;GR;TR;Monthly Value;Export;Harmonized;M;M
Physical Energy & Power Flows;2021;2;122;122;122;GR;TR;Monthly Value;Import;Harmonized;M;M
Physical Energy & Power Flows;2021;2;251;251;251;GR;TR;Value on 3rd Wed. at 03;Import;Harmonized;M;M
Physical Energy & Power Flows;2021;2;239;239;239;GR;TR;Value on 3rd Wed. at 11;Import;Harmonized;M;M
Physical Energy & Power Flows;2021;3;0;0;0;GR;TR;Monthly Value;Export;Harmonized;M;M
Physical Energy & Power Flows;2021;3;227;227;227;GR;TR;Monthly Value;Import;Harmonized;M;M
Physical Energy & Power Flows;2021;3;433;433;433;GR;TR;Value on 3rd Wed. at 03;Import;Harmonized;M;M
Physical Energy & Power Flows;2021;3;286;286;286;GR;TR;Value on 3rd Wed. at 11;Import;Harmonized;M;M
Physical Energy & Power Flows;2021;4;225;225;225;GR;TR;Monthly Value;Import;Harmonized;M;M
Physical Energy & Power Flows;2021;4;339;339;339;GR;TR;Value on 3rd Wed. at 03;Import;Harmonized;M;M
Physical Energy & Power Flows;2021;4;132;132;132;GR;TR;Value on 3rd Wed. at 11;Import;Harmonized;M;M
Physical Energy & Power Flows;2021;5;1;1;1;GR;TR;Monthly Value;Export;Harmonized;M;M
Physical Energy & Power Flows;2021;5;224;224;224;GR;TR;Monthly Value;Import;Harmonized;M;M
Physical Energy & Power Flows;2021;5;400;400;400;GR;TR;Value on 3rd Wed. at 03;Import;Harmonized;M;M
Physical Energy & Power Flows;2021;5;196;196;196;GR;TR;Value on 3rd Wed. at 11;Import;Harmonized;M;M
Physical Energy & Power Flows;2021;6;1;1;1;GR;TR;Monthly Value;Export;Harmonized;M;M
Physical Energy & Power Flows;2021;6;187;187;187;GR;TR;Monthly Value;Import;Harmonized;M;M
Physical Energy & Power Flows;2021;6;339;339;339;GR;TR;Value on 3rd Wed. at 03;Import;Harmonized;M;M
Physical Energy & Power Flows;2021;6;119;119;119;GR;TR;Value on 3rd Wed. at 11;Import;Harmonized;M;M
Physical Energy & Power Flows;2021;7;310;310;310;GR;TR;Monthly Value;Import;Harmonized;M;M
Physical Energy & Power Flows;2021;7;528;528;528;GR;TR;Value on 3rd Wed. at 03;Import;Harmonized;M;M
Physical Energy & Power Flows;2021;7;459;459;459;GR;TR;Value on 3rd Wed. at 11;Import;Harmonized;M;M
Physical Energy & Power Flows;2021;8;298;298;298;GR;TR;Monthly Value;Import;Harmonized;M;M
Physical Energy & Power Flows;2021;8;439;439;439;GR;TR;Value on 3rd Wed. at 03;Import;Harmonized;M;M
Physical Energy & Power Flows;2021;8;495;495;495;GR;TR;Value on 3rd Wed. at 11;Import;Harmonized;M;M
Physical Energy & Power Flows;2021;9;342;342;342;GR;TR;Monthly Value;Import;Harmonized;M;M
Physical Energy & Power Flows;2021;9;547;547;547;GR;TR;Value on 3rd Wed. at 03;Import;Harmonized;M;M
Physical Energy & Power Flows;2021;9;424;424;424;GR;TR;Value on 3rd Wed. at 11;Import;Harmonized;M;M
Physical Energy & Power Flows;2021;10;300;300;300;GR;TR;Monthly Value;Import;Harmonized;M;M
Physical Energy & Power Flows;2021;10;403;403;403;GR;TR;Value on 3rd Wed. at 03;Import;Harmonized;M;M
Physical Energy & Power Flows;2021;10;417;417;417;GR;TR;Value on 3rd Wed. at 11;Import;Harmonized;M;M
Physical Energy & Power Flows;2021;11;290;290;290;GR;TR;Monthly Value;Import;Harmonized;M;M
Physical Energy & Power Flows;2021;11;576;576;576;GR;TR;Value on 3rd Wed. at 03;Import;Harmonized;M;M
Physical Energy & Power Flows;2021;11;293;293;293;GR;TR;Value on 3rd Wed. at 11;Import;Harmonized;M;M
Physical Energy & Power Flows;2021;12;0;0;0;GR;TR;Monthly Value;Export;Harmonized;M;M
Physical Energy & Power Flows;2021;12;283;283;283;GR;TR;Monthly Value;Import;Harmonized;M;M
Physical Energy & Power Flows;2021;12;392;392;392;GR;TR;Value on 3rd Wed. at 03;Import;Harmonized;M;M
Physical Energy & Power Flows;2021;12;220;220;220;GR;TR;Value on 3rd Wed. at 11;Import;Harmonized;M;M
Physical Energy & Power Flows;2021;1;0;0;0;HR;BA;Monthly Value;Export;Harmonized;M;M
Physical Energy & Power Flows;2021;1;592;592;592;HR;BA;Monthly Value;Import;Harmonized;M;M
Physical Energy & Power Flows;2021;1;304;304;304;HR;BA;Value on 3rd Wed. at 03;Import;Harmonized;M;M
Physical Energy & Power Flows;2021;1;738;738;738;HR;BA;Value on 3rd Wed. at 11;Import;Harmonized;M;M
Physical Energy & Power Flows;2021;2;570;570;570;HR;BA;Monthly Value;Import;Harmonized;M;M
Physical Energy & Power Flows;2021;2;620;620;620;HR;BA;Value on 3rd Wed. at 03;Import;Harmonized;M;M
Physical Energy & Power Flows;2021;2;978;978;978;HR;BA;Value on 3rd Wed. at 11;Import;Harmonized;M;M
Physical Energy & Power Flows;2021;3;21;21;21;HR;BA;Monthly Value;Export;Harmonized;M;M
Physical Energy & Power Flows;2021;3;345;345;345;HR;BA;Monthly Value;Import;Harmonized;M;M
Physical Energy & Power Flows;2021;3;392;392;392;HR;BA;Value on 3rd Wed. at 03;Import;Harmonized;M;M
Physical Energy & Power Flows;2021;3;414;414;414;HR;BA;Value on 3rd Wed. at 11;Import;Harmonized;M;M
Physical Energy & Power Flows;2021;4;34;34;34;HR;BA;Monthly Value;Export;Harmonized;M;M
Physical Energy & Power Flows;2021;4;267;267;267;HR;BA;Monthly Value;Import;Harmonized;M;M
Physical Energy & Power Flows;2021;4;313;313;313;HR;BA;Value on 3rd Wed. at 03;Import;Harmonized;M;M
Physical Energy & Power Flows;2021;4;826;826;826;HR;BA;Value on 3rd Wed. at 11;Import;Harmonized;M;M
Physical Energy & Power Flows;2021;5;58;58;58;HR;BA;Monthly Value;Export;Harmonized;M;M
Physical Energy & Power Flows;2021;5;258;258;258;HR;BA;Monthly Value;Import;Harmonized;M;M
Physical Energy & Power Flows;2021;5;542;542;542;HR;BA;Value on 3rd Wed. at 03;Import;Harmonized;M;M
Physical Energy & Power Flows;2021;5;935;935;935;HR;BA;Value on 3rd Wed. at 11;Import;Harmonized;M;M
Physical Energy & Power Flows;2021;6;59;59;59;HR;BA;Monthly Value;Export;Harmonized;M;M
Physical Energy & Power Flows;2021;6;154;154;154;HR;BA;Monthly Value;Import;Harmonized;M;M
Physical Energy & Power Flows;2021;6;767;767;767;HR;BA;Value on 3rd Wed. at 03;Import;Harmonized;M;M
Physical Energy & Power Flows;2021;6;551;551;551;HR;BA;Value on 3rd Wed. at 11;Import;Harmonized;M;M
Physical Energy & Power Flows;2021;7;81;81;81;HR;BA;Monthly Value;Export;Harmonized;M;M
Physical Energy & Power Flows;2021;7;145;145;145;HR;BA;Monthly Value;Import;Harmonized;M;M
Physical Energy & Power Flows;2021;7;533;533;533;HR;BA;Value on 3rd Wed. at 03;Import;Harmonized;M;M
Physical Energy & Power Flows;2021;7;162;162;162;HR;BA;Value on 3rd Wed. at 11;Import;Harmonized;M;M
Physical Energy & Power Flows;2021;8;145;145;145;HR;BA;Monthly Value;Export;Harmonized;M;M
Physical Energy & Power Flows;2021;8;47;47;47;HR;BA;Monthly Value;Import;Harmonized;M;M
Physical Energy & Power Flows;2021;8;495;495;495;HR;BA;Value on 3rd Wed. at 03;Export;Harmonized;M;M
Physical Energy & Power Flows;2021;8;261;261;261;HR;BA;Value on 3rd Wed. at 11;Export;Harmonized;M;M
Physical Energy & Power Flows;2021;9;11;11;11;HR;BA;Monthly Value;Export;Harmonized;M;M
Physical Energy & Power Flows;2021;9;233;233;233;HR;BA;Monthly Value;Import;Harmonized;M;M
Physical Energy & Power Flows;2021;9;573;573;573;HR;BA;Value on 3rd Wed. at 03;Import;Harmonized;M;M
Physical Energy & Power Flows;2021;9;483;483;483;HR;BA;Value on 3rd Wed. at 11;Import;Harmonized;M;M
Physical Energy & Power Flows;2021;10;73;73;73;HR;BA;Monthly Value;Export;Harmonized;M;M
Physical Energy & Power Flows;2021;10;90;90;90;HR;BA;Monthly Value;Import;Harmonized;M;M
Physical Energy & Power Flows;2021;10;218;218;218;HR;BA;Value on 3rd Wed. at 03;Export;Harmonized;M;M
Physical Energy & Power Flows;2021;10;30;30;30;HR;BA;Value on 3rd Wed. at 11;Import;Harmonized;M;M
Physical Energy & Power Flows;2021;11;40;40;40;HR;BA;Monthly Value;Export;Harmonized;M;M
Physical Energy & Power Flows;2021;11;135;135;135;HR;BA;Monthly Value;Import;Harmonized;M;M
Physical Energy & Power Flows;2021;11;5;5;5;HR;BA;Value on 3rd Wed. at 03;Import;Harmonized;M;M
Physical Energy & Power Flows;2021;11;169;169;169;HR;BA;Value on 3rd Wed. at 11;Import;Harmonized;M;M
Physical Energy & Power Flows;2021;12;16;16;16;HR;BA;Monthly Value;Export;Harmonized;M;M
Physical Energy & Power Flows;2021;12;337;337;337;HR;BA;Monthly Value;Import;Harmonized;M;M
Physical Energy & Power Flows;2021;12;330;330;330;HR;BA;Value on 3rd Wed. at 03;Import;Harmonized;M;M
Physical Energy & Power Flows;2021;12;966;966;966;HR;BA;Value on 3rd Wed. at 11;Import;Harmonized;M;M
Physical Energy & Power Flows;2021;1;215;215;215;HR;HU;Monthly Value;Export;Harmonized;M;M
Physical Energy & Power Flows;2021;1;33;33;33;HR;HU;Monthly Value;Import;Harmonized;M;M
Physical Energy & Power Flows;2021;1;500;500;500;HR;HU;Value on 3rd Wed. at 03;Import;Harmonized;M;M
Physical Energy & Power Flows;2021;1;112;112;112;HR;HU;Value on 3rd Wed. at 11;Import;Harmonized;M;M
Physical Energy & Power Flows;2021;2;239;239;239;HR;HU;Monthly Value;Export;Harmonized;M;M
Physical Energy & Power Flows;2021;2;19;19;19;HR;HU;Monthly Value;Import;Harmonized;M;M
Physical Energy & Power Flows;2021;2;13;13;13;HR;HU;Value on 3rd Wed. at 03;Export;Harmonized;M;M
Physical Energy & Power Flows;2021;2;236;236;236;HR;HU;Value on 3rd Wed. at 11;Export;Harmonized;M;M
Physical Energy & Power Flows;2021;3;39;39;39;HR;HU;Monthly Value;Export;Harmonized;M;M
Physical Energy & Power Flows;2021;3;194;194;194;HR;HU;Monthly Value;Import;Harmonized;M;M
Physical Energy & Power Flows;2021;3;624;624;624;HR;HU;Value on 3rd Wed. at 03;Import;Harmonized;M;M
Physical Energy & Power Flows;2021;3;148;148;148;HR;HU;Value on 3rd Wed. at 11;Import;Harmonized;M;M
Physical Energy & Power Flows;2021;4;2;2;2;HR;HU;Monthly Value;Export;Harmonized;M;M
Physical Energy & Power Flows;2021;4;390;390;390;HR;HU;Monthly Value;Import;Harmonized;M;M
Physical Energy & Power Flows;2021;4;782;782;782;HR;HU;Value on 3rd Wed. at 03;Import;Harmonized;M;M
Physical Energy & Power Flows;2021;4;546;546;546;HR;HU;Value on 3rd Wed. at 11;Import;Harmonized;M;M
Physical Energy & Power Flows;2021;5;51;51;51;HR;HU;Monthly Value;Export;Harmonized;M;M
Physical Energy & Power Flows;2021;5;191;191;191;HR;HU;Monthly Value;Import;Harmonized;M;M
Physical Energy & Power Flows;2021;5;100;100;100;HR;HU;Value on 3rd Wed. at 03;Export;Harmonized;M;M
Physical Energy & Power Flows;2021;5;273;273;273;HR;HU;Value on 3rd Wed. at 11;Export;Harmonized;M;M
Physical Energy & Power Flows;2021;6;25;25;25;HR;HU;Monthly Value;Export;Harmonized;M;M
Physical Energy & Power Flows;2021;6;253;253;253;HR;HU;Monthly Value;Import;Harmonized;M;M
Physical Energy & Power Flows;2021;6;40;40;40;HR;HU;Value on 3rd Wed. at 03;Import;Harmonized;M;M
Physical Energy & Power Flows;2021;6;447;447;447;HR;HU;Value on 3rd Wed. at 11;Import;Harmonized;M;M
Physical Energy & Power Flows;2021;7;6;6;6;HR;HU;Monthly Value;Export;Harmonized;M;M
Physical Energy & Power Flows;2021;7;356;356;356;HR;HU;Monthly Value;Import;Harmonized;M;M
Physical Energy & Power Flows;2021;7;372;372;372;HR;HU;Value on 3rd Wed. at 03;Import;Harmonized;M;M
Physical Energy & Power Flows;2021;7;793;793;793;HR;HU;Value on 3rd Wed. at 11;Import;Harmonized;M;M
Physical Energy & Power Flows;2021;8;4;4;4;HR;HU;Monthly Value;Export;Harmonized;M;M
Physical Energy & Power Flows;2021;8;347;347;347;HR;HU;Monthly Value;Import;Harmonized;M;M
Physical Energy & Power Flows;2021;8;810;810;810;HR;HU;Value on 3rd Wed. at 03;Import;Harmonized;M;M
Physical Energy & Power Flows;2021;8;738;738;738;HR;HU;Value on 3rd Wed. at 11;Import;Harmonized;M;M
Physical Energy & Power Flows;2021;9;5;5;5;HR;HU;Monthly Value;Export;Harmonized;M;M
Physical Energy & Power Flows;2021;9;393;393;393;HR;HU;Monthly Value;Import;Harmonized;M;M
Physical Energy & Power Flows;2021;9;585;585;585;HR;HU;Value on 3rd Wed. at 03;Import;Harmonized;M;M
Physical Energy & Power Flows;2021;9;536;536;536;HR;HU;Value on 3rd Wed. at 11;Import;Harmonized;M;M
Physical Energy & Power Flows;2021;10;3;3;3;HR;HU;Monthly Value;Export;Harmonized;M;M
Physical Energy & Power Flows;2021;10;495;495;495;HR;HU;Monthly Value;Import;Harmonized;M;M
Physical Energy & Power Flows;2021;10;671;671;671;HR;HU;Value on 3rd Wed. at 03;Import;Harmonized;M;M
Physical Energy & Power Flows;2021;10;942;942;942;HR;HU;Value on 3rd Wed. at 11;Import;Harmonized;M;M
Physical Energy & Power Flows;2021;11;19;19;19;HR;HU;Monthly Value;Export;Harmonized;M;M
Physical Energy & Power Flows;2021;11;274;274;274;HR;HU;Monthly Value;Import;Harmonized;M;M
Physical Energy & Power Flows;2021;11;877;877;877;HR;HU;Value on 3rd Wed. at 03;Import;Harmonized;M;M
Physical Energy & Power Flows;2021;11;370;370;370;HR;HU;Value on 3rd Wed. at 11;Import;Harmonized;M;M
Physical Energy & Power Flows;2021;12;53;53;53;HR;HU;Monthly Value;Export;Harmonized;M;M
Physical Energy & Power Flows;2021;12;262;262;262;HR;HU;Monthly Value;Import;Harmonized;M;M
Physical Energy & Power Flows;2021;12;488;488;488;HR;HU;Value on 3rd Wed. at 03;Import;Harmonized;M;M
Physical Energy & Power Flows;2021;12;72;72;72;HR;HU;Value on 3rd Wed. at 11;Export;Harmonized;M;M
Physical Energy & Power Flows;2021;1;0;0;0;HR;RS;Monthly Value;Export;Harmonized;M;M
Physical Energy & Power Flows;2021;1;221;221;221;HR;RS;Monthly Value;Import;Harmonized;M;M
Physical Energy & Power Flows;2021;1;26;26;26;HR;RS;Value on 3rd Wed. at 03;Import;Harmonized;M;M
Physical Energy & Power Flows;2021;1;146;146;146;HR;RS;Value on 3rd Wed. at 11;Import;Harmonized;M;M
Physical Energy & Power Flows;2021;2;0;0;0;HR;RS;Monthly Value;Export;Harmonized;M;M
Physical Energy & Power Flows;2021;2;209;209;209;HR;RS;Monthly Value;Import;Harmonized;M;M
Physical Energy & Power Flows;2021;2;145;145;145;HR;RS;Value on 3rd Wed. at 03;Import;Harmonized;M;M
Physical Energy & Power Flows;2021;2;226;226;226;HR;RS;Value on 3rd Wed. at 11;Import;Harmonized;M;M
Physical Energy & Power Flows;2021;3;4;4;4;HR;RS;Monthly Value;Export;Harmonized;M;M
Physical Energy & Power Flows;2021;3;147;147;147;HR;RS;Monthly Value;Import;Harmonized;M;M
Physical Energy & Power Flows;2021;3;202;202;202;HR;RS;Value on 3rd Wed. at 03;Import;Harmonized;M;M
Physical Energy & Power Flows;2021;3;233;233;233;HR;RS;Value on 3rd Wed. at 11;Import;Harmonized;M;M
Physical Energy & Power Flows;2021;4;17;17;17;HR;RS;Monthly Value;Export;Harmonized;M;M
Physical Energy & Power Flows;2021;4;81;81;81;HR;RS;Monthly Value;Import;Harmonized;M;M
Physical Energy & Power Flows;2021;4;70;70;70;HR;RS;Value on 3rd Wed. at 03;Export;Harmonized;M;M
Physical Energy & Power Flows;2021;4;88;88;88;HR;RS;Value on 3rd Wed. at 11;Import;Harmonized;M;M
Physical Energy & Power Flows;2021;5;20;20;20;HR;RS;Monthly Value;Export;Harmonized;M;M
Physical Energy & Power Flows;2021;5;109;109;109;HR;RS;Monthly Value;Import;Harmonized;M;M
Physical Energy & Power Flows;2021;5;282;282;282;HR;RS;Value on 3rd Wed. at 03;Import;Harmonized;M;M
Physical Energy & Power Flows;2021;5;392;392;392;HR;RS;Value on 3rd Wed. at 11;Import;Harmonized;M;M
Physical Energy & Power Flows;2021;6;29;29;29;HR;RS;Monthly Value;Export;Harmonized;M;M
Physical Energy & Power Flows;2021;6;78;78;78;HR;RS;Monthly Value;Import;Harmonized;M;M
Physical Energy & Power Flows;2021;6;361;361;361;HR;RS;Value on 3rd Wed. at 03;Import;Harmonized;M;M
Physical Energy & Power Flows;2021;6;227;227;227;HR;RS;Value on 3rd Wed. at 11;Import;Harmonized;M;M
Physical Energy & Power Flows;2021;7;32;32;32;HR;RS;Monthly Value;Export;Harmonized;M;M
Physical Energy & Power Flows;2021;7;61;61;61;HR;RS;Monthly Value;Import;Harmonized;M;M
Physical Energy & Power Flows;2021;7;200;200;200;HR;RS;Value on 3rd Wed. at 03;Import;Harmonized;M;M
Physical Energy & Power Flows;2021;7;8;8;8;HR;RS;Value on 3rd Wed. at 11;Import;Harmonized;M;M
Physical Energy & Power Flows;2021;8;51;51;51;HR;RS;Monthly Value;Export;Harmonized;M;M
Physical Energy & Power Flows;2021;8;14;14;14;HR;RS;Monthly Value;Import;Harmonized;M;M
Physical Energy & Power Flows;2021;8;84;84;84;HR;RS;Value on 3rd Wed. at 03;Export;Harmonized;M;M
Physical Energy & Power Flows;2021;8;133;133;133;HR;RS;Value on 3rd Wed. at 11;Export;Harmonized;M;M
Physical Energy & Power Flows;2021;9;7;7;7;HR;RS;Monthly Value;Export;Harmonized;M;M
Physical Energy & Power Flows;2021;9;100;100;100;HR;RS;Monthly Value;Import;Harmonized;M;M
Physical Energy & Power Flows;2021;9;173;173;173;HR;RS;Value on 3rd Wed. at 03;Import;Harmonized;M;M
Physical Energy & Power Flows;2021;9;170;170;170;HR;RS;Value on 3rd Wed. at 11;Import;Harmonized;M;M
Physical Energy & Power Flows;2021;10;29;29;29;HR;RS;Monthly Value;Export;Harmonized;M;M
Physical Energy & Power Flows;2021;10;35;35;35;HR;RS;Monthly Value;Import;Harmonized;M;M
Physical Energy & Power Flows;2021;10;106;106;106;HR;RS;Value on 3rd Wed. at 03;Export;Harmonized;M;M
Physical Energy & Power Flows;2021;10;26;26;26;HR;RS;Value on 3rd Wed. at 11;Export;Harmonized;M;M
Physical Energy & Power Flows;2021;11;25;25;25;HR;RS;Monthly Value;Export;Harmonized;M;M
Physical Energy & Power Flows;2021;11;46;46;46;HR;RS;Monthly Value;Import;Harmonized;M;M
Physical Energy & Power Flows;2021;11;28;28;28;HR;RS;Value on 3rd Wed. at 03;Export;Harmonized;M;M
Physical Energy & Power Flows;2021;11;49;49;49;HR;RS;Value on 3rd Wed. at 11;Export;Harmonized;M;M
Physical Energy & Power Flows;2021;12;11;11;11;HR;RS;Monthly Value;Export;Harmonized;M;M
Physical Energy & Power Flows;2021;12;123;123;123;HR;RS;Monthly Value;Import;Harmonized;M;M
Physical Energy & Power Flows;2021;12;123;123;123;HR;RS;Value on 3rd Wed. at 03;Import;Harmonized;M;M
Physical Energy & Power Flows;2021;12;234;234;234;HR;RS;Value on 3rd Wed. at 11;Import;Harmonized;M;M
Physical Energy & Power Flows;2021;1;703;703;703;HR;SI;Monthly Value;Export;Harmonized;M;M
Physical Energy & Power Flows;2021;1;1;1;1;HR;SI;Monthly Value;Import;Harmonized;M;M
Physical Energy & Power Flows;2021;1;901;901;901;HR;SI;Value on 3rd Wed. at 03;Export;Harmonized;M;M
Physical Energy & Power Flows;2021;1;644;644;644;HR;SI;Value on 3rd Wed. at 11;Export;Harmonized;M;M
Physical Energy & Power Flows;2021;2;545;545;545;HR;SI;Monthly Value;Export;Harmonized;M;M
Physical Energy & Power Flows;2021;2;0;0;0;HR;SI;Monthly Value;Import;Harmonized;M;M
Physical Energy & Power Flows;2021;2;958;958;958;HR;SI;Value on 3rd Wed. at 03;Export;Harmonized;M;M
Physical Energy & Power Flows;2021;2;298;298;298;HR;SI;Value on 3rd Wed. at 11;Export;Harmonized;M;M
Physical Energy & Power Flows;2021;3;351;351;351;HR;SI;Monthly Value;Export;Harmonized;M;M
Physical Energy & Power Flows;2021;3;9;9;9;HR;SI;Monthly Value;Import;Harmonized;M;M
Physical Energy & Power Flows;2021;3;939;939;939;HR;SI;Value on 3rd Wed. at 03;Export;Harmonized;M;M
Physical Energy & Power Flows;2021;3;493;493;493;HR;SI;Value on 3rd Wed. at 11;Export;Harmonized;M;M
Physical Energy & Power Flows;2021;4;310;310;310;HR;SI;Monthly Value;Export;Harmonized;M;M
Physical Energy & Power Flows;2021;4;22;22;22;HR;SI;Monthly Value;Import;Harmonized;M;M
Physical Energy & Power Flows;2021;4;206;206;206;HR;SI;Value on 3rd Wed. at 03;Export;Harmonized;M;M
Physical Energy & Power Flows;2021;4;578;578;578;HR;SI;Value on 3rd Wed. at 11;Export;Harmonized;M;M
Physical Energy & Power Flows;2021;5;179;179;179;HR;SI;Monthly Value;Export;Harmonized;M;M
Physical Energy & Power Flows;2021;5;113;113;113;HR;SI;Monthly Value;Import;Harmonized;M;M
Physical Energy & Power Flows;2021;5;343;343;343;HR;SI;Value on 3rd Wed. at 03;Export;Harmonized;M;M
Physical Energy & Power Flows;2021;5;224;224;224;HR;SI;Value on 3rd Wed. at 11;Export;Harmonized;M;M
Physical Energy & Power Flows;2021;6;44;44;44;HR;SI;Monthly Value;Export;Harmonized;M;M
Physical Energy & Power Flows;2021;6;266;266;266;HR;SI;Monthly Value;Import;Harmonized;M;M
Physical Energy & Power Flows;2021;6;505;505;505;HR;SI;Value on 3rd Wed. at 03;Export;Harmonized;M;M
Physical Energy & Power Flows;2021;6;63;63;63;HR;SI;Value on 3rd Wed. at 11;Import;Harmonized;M;M
Physical Energy & Power Flows;2021;7;55;55;55;HR;SI;Monthly Value;Export;Harmonized;M;M
Physical Energy & Power Flows;2021;7;340;340;340;HR;SI;Monthly Value;Import;Harmonized;M;M
Physical Energy & Power Flows;2021;7;789;789;789;HR;SI;Value on 3rd Wed. at 03;Export;Harmonized;M;M
Physical Energy & Power Flows;2021;7;284;284;284;HR;SI;Value on 3rd Wed. at 11;Import;Harmonized;M;M
Physical Energy & Power Flows;2021;8;9;9;9;HR;SI;Monthly Value;Export;Harmonized;M;M
Physical Energy & Power Flows;2021;8;446;446;446;HR;SI;Monthly Value;Import;Harmonized;M;M
Physical Energy & Power Flows;2021;8;127;127;127;HR;SI;Value on 3rd Wed. at 03;Import;Harmonized;M;M
Physical Energy & Power Flows;2021;8;588;588;588;HR;SI;Value on 3rd Wed. at 11;Import;Harmonized;M;M
Physical Energy & Power Flows;2021;9;160;160;160;HR;SI;Monthly Value;Export;Harmonized;M;M
Physical Energy & Power Flows;2021;9;55;55;55;HR;SI;Monthly Value;Import;Harmonized;M;M
Physical Energy & Power Flows;2021;9;401;401;401;HR;SI;Value on 3rd Wed. at 03;Export;Harmonized;M;M
Physical Energy & Power Flows;2021;9;136;136;136;HR;SI;Value on 3rd Wed. at 11;Import;Harmonized;M;M
Physical Energy & Power Flows;2021;10;121;121;121;HR;SI;Monthly Value;Export;Harmonized;M;M
Physical Energy & Power Flows;2021;10;61;61;61;HR;SI;Monthly Value;Import;Harmonized;M;M
Physical Energy & Power Flows;2021;10;401;401;401;HR;SI;Value on 3rd Wed. at 03;Import;Harmonized;M;M
Physical Energy & Power Flows;2021;10;92;92;92;HR;SI;Value on 3rd Wed. at 11;Import;Harmonized;M;M
Physical Energy & Power Flows;2021;11;195;195;195;HR;SI;Monthly Value;Export;Harmonized;M;M
Physical Energy & Power Flows;2021;11;49;49;49;HR;SI;Monthly Value;Import;Harmonized;M;M
Physical Energy & Power Flows;2021;11;310;310;310;HR;SI;Value on 3rd Wed. at 03;Export;Harmonized;M;M
Physical Energy & Power Flows;2021;11;140;140;140;HR;SI;Value on 3rd Wed. at 11;Import;Harmonized;M;M
Physical Energy & Power Flows;2021;12;523;523;523;HR;SI;Monthly Value;Export;Harmonized;M;M
Physical Energy & Power Flows;2021;12;4;4;4;HR;SI;Monthly Value;Import;Harmonized;M;M
Physical Energy & Power Flows;2021;12;923;923;923;HR;SI;Value on 3rd Wed. at 03;Export;Harmonized;M;M
Physical Energy & Power Flows;2021;12;666;666;666;HR;SI;Value on 3rd Wed. at 11;Export;Harmonized;M;M
Physical Energy & Power Flows;2021;1;155;155;155;HU;AT;Monthly Value;Export;Harmonized;M;M
Physical Energy & Power Flows;2021;1;146;146;146;HU;AT;Monthly Value;Import;Harmonized;M;M
Physical Energy & Power Flows;2021;1;281;281;281;HU;AT;Value on 3rd Wed. at 03;Import;Harmonized;M;M
Physical Energy & Power Flows;2021;1;339;339;339;HU;AT;Value on 3rd Wed. at 11;Import;Harmonized;M;M
Physical Energy & Power Flows;2021;2;31;31;31;HU;AT;Monthly Value;Export;Harmonized;M;M
Physical Energy & Power Flows;2021;2;239;239;239;HU;AT;Monthly Value;Import;Harmonized;M;M
Physical Energy & Power Flows;2021;2;407;407;407;HU;AT;Value on 3rd Wed. at 03;Import;Harmonized;M;M
Physical Energy & Power Flows;2021;2;1115;1115;1115;HU;AT;Value on 3rd Wed. at 11;Import;Harmonized;M;M
Physical Energy & Power Flows;2021;3;13;13;13;HU;AT;Monthly Value;Export;Harmonized;M;M
Physical Energy & Power Flows;2021;3;222;222;222;HU;AT;Monthly Value;Import;Harmonized;M;M
Physical Energy & Power Flows;2021;3;217;217;217;HU;AT;Value on 3rd Wed. at 03;Import;Harmonized;M;M
Physical Energy & Power Flows;2021;3;203;203;203;HU;AT;Value on 3rd Wed. at 11;Import;Harmonized;M;M
Physical Energy & Power Flows;2021;4;15;15;15;HU;AT;Monthly Value;Export;Harmonized;M;M
Physical Energy & Power Flows;2021;4;215;215;215;HU;AT;Monthly Value;Import;Harmonized;M;M
Physical Energy & Power Flows;2021;4;156;156;156;HU;AT;Value on 3rd Wed. at 03;Import;Harmonized;M;M
Physical Energy & Power Flows;2021;4;147;147;147;HU;AT;Value on 3rd Wed. at 11;Export;Harmonized;M;M
Physical Energy & Power Flows;2021;5;12;12;12;HU;AT;Monthly Value;Export;Harmonized;M;M
Physical Energy & Power Flows;2021;5;371;371;371;HU;AT;Monthly Value;Import;Harmonized;M;M
Physical Energy & Power Flows;2021;5;63;63;63;HU;AT;Value on 3rd Wed. at 03;Import;Harmonized;M;M
Physical Energy & Power Flows;2021;5;17;17;17;HU;AT;Value on 3rd Wed. at 11;Import;Harmonized;M;M
Physical Energy & Power Flows;2021;6;23;23;23;HU;AT;Monthly Value;Export;Harmonized;M;M
Physical Energy & Power Flows;2021;6;255;255;255;HU;AT;Monthly Value;Import;Harmonized;M;M
Physical Energy & Power Flows;2021;6;396;396;396;HU;AT;Value on 3rd Wed. at 03;Export;Harmonized;M;M
Physical Energy & Power Flows;2021;6;138;138;138;HU;AT;Value on 3rd Wed. at 11;Export;Harmonized;M;M
Physical Energy & Power Flows;2021;7;16;16;16;HU;AT;Monthly Value;Export;Harmonized;M;M
Physical Energy & Power Flows;2021;7;400;400;400;HU;AT;Monthly Value;Import;Harmonized;M;M
Physical Energy & Power Flows;2021;7;178;178;178;HU;AT;Value on 3rd Wed. at 03;Export;Harmonized;M;M
Physical Energy & Power Flows;2021;7;574;574;574;HU;AT;Value on 3rd Wed. at 11;Import;Harmonized;M;M
Physical Energy & Power Flows;2021;8;2;2;2;HU;AT;Monthly Value;Export;Harmonized;M;M
Physical Energy & Power Flows;2021;8;432;432;432;HU;AT;Monthly Value;Import;Harmonized;M;M
Physical Energy & Power Flows;2021;8;442;442;442;HU;AT;Value on 3rd Wed. at 03;Import;Harmonized;M;M
Physical Energy & Power Flows;2021;8;282;282;282;HU;AT;Value on 3rd Wed. at 11;Import;Harmonized;M;M
Physical Energy & Power Flows;2021;9;155;155;155;HU;AT;Monthly Value;Export;Harmonized;M;M
Physical Energy & Power Flows;2021;9;62;62;62;HU;AT;Monthly Value;Import;Harmonized;M;M
Physical Energy & Power Flows;2021;9;609;609;609;HU;AT;Value on 3rd Wed. at 03;Export;Harmonized;M;M
Physical Energy & Power Flows;2021;9;670;670;670;HU;AT;Value on 3rd Wed. at 11;Export;Harmonized;M;M
Physical Energy & Power Flows;2021;10;26;26;26;HU;AT;Monthly Value;Export;Harmonized;M;M
Physical Energy & Power Flows;2021;10;304;304;304;HU;AT;Monthly Value;Import;Harmonized;M;M
Physical Energy & Power Flows;2021;10;346;346;346;HU;AT;Value on 3rd Wed. at 03;Import;Harmonized;M;M
Physical Energy & Power Flows;2021;10;698;698;698;HU;AT;Value on 3rd Wed. at 11;Import;Harmonized;M;M
Physical Energy & Power Flows;2021;11;30;30;30;HU;AT;Monthly Value;Export;Harmonized;M;M
Physical Energy & Power Flows;2021;11;316;316;316;HU;AT;Monthly Value;Import;Harmonized;M;M
Physical Energy & Power Flows;2021;11;190;190;190;HU;AT;Value on 3rd Wed. at 03;Import;Harmonized;M;M
Physical Energy & Power Flows;2021;11;339;339;339;HU;AT;Value on 3rd Wed. at 11;Import;Harmonized;M;M
Physical Energy & Power Flows;2021;12;94;94;94;HU;AT;Monthly Value;Export;Harmonized;M;M
Physical Energy & Power Flows;2021;12;164;164;164;HU;AT;Monthly Value;Import;Harmonized;M;M
Physical Energy & Power Flows;2021;12;189;189;189;HU;AT;Value on 3rd Wed. at 03;Export;Harmonized;M;M
Physical Energy & Power Flows;2021;12;243;243;243;HU;AT;Value on 3rd Wed. at 11;Import;Harmonized;M;M
Physical Energy & Power Flows;2021;1;33;33;33;HU;HR;Monthly Value;Export;Harmonized;M;M
Physical Energy & Power Flows;2021;1;215;215;215;HU;HR;Monthly Value;Import;Harmonized;M;M
Physical Energy & Power Flows;2021;1;500;500;500;HU;HR;Value on 3rd Wed. at 03;Export;Harmonized;M;M
Physical Energy & Power Flows;2021;1;112;112;112;HU;HR;Value on 3rd Wed. at 11;Export;Harmonized;M;M
Physical Energy & Power Flows;2021;2;19;19;19;HU;HR;Monthly Value;Export;Harmonized;M;M
Physical Energy & Power Flows;2021;2;239;239;239;HU;HR;Monthly Value;Import;Harmonized;M;M
Physical Energy & Power Flows;2021;2;13;13;13;HU;HR;Value on 3rd Wed. at 03;Import;Harmonized;M;M
Physical Energy & Power Flows;2021;2;236;236;236;HU;HR;Value on 3rd Wed. at 11;Import;Harmonized;M;M
Physical Energy & Power Flows;2021;3;194;194;194;HU;HR;Monthly Value;Export;Harmonized;M;M
Physical Energy & Power Flows;2021;3;39;39;39;HU;HR;Monthly Value;Import;Harmonized;M;M
Physical Energy & Power Flows;2021;3;624;624;624;HU;HR;Value on 3rd Wed. at 03;Export;Harmonized;M;M
Physical Energy & Power Flows;2021;3;148;148;148;HU;HR;Value on 3rd Wed. at 11;Export;Harmonized;M;M
Physical Energy & Power Flows;2021;4;390;390;390;HU;HR;Monthly Value;Export;Harmonized;M;M
Physical Energy & Power Flows;2021;4;2;2;2;HU;HR;Monthly Value;Import;Harmonized;M;M
Physical Energy & Power Flows;2021;4;782;782;782;HU;HR;Value on 3rd Wed. at 03;Export;Harmonized;M;M
Physical Energy & Power Flows;2021;4;546;546;546;HU;HR;Value on 3rd Wed. at 11;Export;Harmonized;M;M
Physical Energy & Power Flows;2021;5;191;191;191;HU;HR;Monthly Value;Export;Harmonized;M;M
Physical Energy & Power Flows;2021;5;51;51;51;HU;HR;Monthly Value;Import;Harmonized;M;M
Physical Energy & Power Flows;2021;5;100;100;100;HU;HR;Value on 3rd Wed. at 03;Import;Harmonized;M;M
Physical Energy & Power Flows;2021;5;273;273;273;HU;HR;Value on 3rd Wed. at 11;Import;Harmonized;M;M
Physical Energy & Power Flows;2021;6;253;253;253;HU;HR;Monthly Value;Export;Harmonized;M;M
Physical Energy & Power Flows;2021;6;25;25;25;HU;HR;Monthly Value;Import;Harmonized;M;M
Physical Energy & Power Flows;2021;6;40;40;40;HU;HR;Value on 3rd Wed. at 03;Export;Harmonized;M;M
Physical Energy & Power Flows;2021;6;447;447;447;HU;HR;Value on 3rd Wed. at 11;Export;Harmonized;M;M
Physical Energy & Power Flows;2021;7;356;356;356;HU;HR;Monthly Value;Export;Harmonized;M;M
Physical Energy & Power Flows;2021;7;6;6;6;HU;HR;Monthly Value;Import;Harmonized;M;M
Physical Energy & Power Flows;2021;7;372;372;372;HU;HR;Value on 3rd Wed. at 03;Export;Harmonized;M;M
Physical Energy & Power Flows;2021;7;793;793;793;HU;HR;Value on 3rd Wed. at 11;Export;Harmonized;M;M
Physical Energy & Power Flows;2021;8;347;347;347;HU;HR;Monthly Value;Export;Harmonized;M;M
Physical Energy & Power Flows;2021;8;4;4;4;HU;HR;Monthly Value;Import;Harmonized;M;M
Physical Energy & Power Flows;2021;8;810;810;810;HU;HR;Value on 3rd Wed. at 03;Export;Harmonized;M;M
Physical Energy & Power Flows;2021;8;738;738;738;HU;HR;Value on 3rd Wed. at 11;Export;Harmonized;M;M
Physical Energy & Power Flows;2021;9;393;393;393;HU;HR;Monthly Value;Export;Harmonized;M;M
Physical Energy & Power Flows;2021;9;5;5;5;HU;HR;Monthly Value;Import;Harmonized;M;M
Physical Energy & Power Flows;2021;9;585;585;585;HU;HR;Value on 3rd Wed. at 03;Export;Harmonized;M;M
Physical Energy & Power Flows;2021;9;536;536;536;HU;HR;Value on 3rd Wed. at 11;Export;Harmonized;M;M
Physical Energy & Power Flows;2021;10;495;495;495;HU;HR;Monthly Value;Export;Harmonized;M;M
Physical Energy & Power Flows;2021;10;3;3;3;HU;HR;Monthly Value;Import;Harmonized;M;M
Physical Energy & Power Flows;2021;10;671;671;671;HU;HR;Value on 3rd Wed. at 03;Export;Harmonized;M;M
Physical Energy & Power Flows;2021;10;942;942;942;HU;HR;Value on 3rd Wed. at 11;Export;Harmonized;M;M
Physical Energy & Power Flows;2021;11;274;274;274;HU;HR;Monthly Value;Export;Harmonized;M;M
Physical Energy & Power Flows;2021;11;19;19;19;HU;HR;Monthly Value;Import;Harmonized;M;M
Physical Energy & Power Flows;2021;11;877;877;877;HU;HR;Value on 3rd Wed. at 03;Export;Harmonized;M;M
Physical Energy & Power Flows;2021;11;370;370;370;HU;HR;Value on 3rd Wed. at 11;Export;Harmonized;M;M
Physical Energy & Power Flows;2021;12;262;262;262;HU;HR;Monthly Value;Export;Harmonized;M;M
Physical Energy & Power Flows;2021;12;53;53;53;HU;HR;Monthly Value;Import;Harmonized;M;M
Physical Energy & Power Flows;2021;12;488;488;488;HU;HR;Value on 3rd Wed. at 03;Export;Harmonized;M;M
Physical Energy & Power Flows;2021;12;72;72;72;HU;HR;Value on 3rd Wed. at 11;Import;Harmonized;M;M
Physical Energy & Power Flows;2021;1;104;104;104;HU;RO;Monthly Value;Export;Harmonized;M;M
Physical Energy & Power Flows;2021;1;38;38;38;HU;RO;Monthly Value;Import;Harmonized;M;M
Physical Energy & Power Flows;2021;1;421;421;421;HU;RO;Value on 3rd Wed. at 03;Export;Harmonized;M;M
Physical Energy & Power Flows;2021;1;484;484;484;HU;RO;Value on 3rd Wed. at 11;Export;Harmonized;M;M
Physical Energy & Power Flows;2021;2;119;119;119;HU;RO;Monthly Value;Export;Harmonized;M;M
Physical Energy & Power Flows;2021;2;27;27;27;HU;RO;Monthly Value;Import;Harmonized;M;M
Physical Energy & Power Flows;2021;2;254;254;254;HU;RO;Value on 3rd Wed. at 03;Export;Harmonized;M;M
Physical Energy & Power Flows;2021;2;149;149;149;HU;RO;Value on 3rd Wed. at 11;Export;Harmonized;M;M
Physical Energy & Power Flows;2021;3;129;129;129;HU;RO;Monthly Value;Export;Harmonized;M;M
Physical Energy & Power Flows;2021;3;14;14;14;HU;RO;Monthly Value;Import;Harmonized;M;M
Physical Energy & Power Flows;2021;3;39;39;39;HU;RO;Value on 3rd Wed. at 03;Import;Harmonized;M;M
Physical Energy & Power Flows;2021;3;111;111;111;HU;RO;Value on 3rd Wed. at 11;Export;Harmonized;M;M
Physical Energy & Power Flows;2021;4;118;118;118;HU;RO;Monthly Value;Export;Harmonized;M;M
Physical Energy & Power Flows;2021;4;21;21;21;HU;RO;Monthly Value;Import;Harmonized;M;M
Physical Energy & Power Flows;2021;4;238;238;238;HU;RO;Value on 3rd Wed. at 03;Export;Harmonized;M;M
Physical Energy & Power Flows;2021;4;142;142;142;HU;RO;Value on 3rd Wed. at 11;Export;Harmonized;M;M
Physical Energy & Power Flows;2021;5;33;33;33;HU;RO;Monthly Value;Export;Harmonized;M;M
Physical Energy & Power Flows;2021;5;131;131;131;HU;RO;Monthly Value;Import;Harmonized;M;M
Physical Energy & Power Flows;2021;5;287;287;287;HU;RO;Value on 3rd Wed. at 03;Import;Harmonized;M;M
Physical Energy & Power Flows;2021;5;540;540;540;HU;RO;Value on 3rd Wed. at 11;Import;Harmonized;M;M
Physical Energy & Power Flows;2021;6;78;78;78;HU;RO;Monthly Value;Export;Harmonized;M;M
Physical Energy & Power Flows;2021;6;59;59;59;HU;RO;Monthly Value;Import;Harmonized;M;M
Physical Energy & Power Flows;2021;6;327;327;327;HU;RO;Value on 3rd Wed. at 03;Import;Harmonized;M;M
Physical Energy & Power Flows;2021;6;102;102;102;HU;RO;Value on 3rd Wed. at 11;Import;Harmonized;M;M
Physical Energy & Power Flows;2021;7;181;181;181;HU;RO;Monthly Value;Export;Harmonized;M;M
Physical Energy & Power Flows;2021;7;21;21;21;HU;RO;Monthly Value;Import;Harmonized;M;M
Physical Energy & Power Flows;2021;7;93;93;93;HU;RO;Value on 3rd Wed. at 03;Export;Harmonized;M;M
Physical Energy & Power Flows;2021;7;195;195;195;HU;RO;Value on 3rd Wed. at 11;Export;Harmonized;M;M
Physical Energy & Power Flows;2021;8;237;237;237;HU;RO;Monthly Value;Export;Harmonized;M;M
Physical Energy & Power Flows;2021;8;1;1;1;HU;RO;Monthly Value;Import;Harmonized;M;M
Physical Energy & Power Flows;2021;8;293;293;293;HU;RO;Value on 3rd Wed. at 03;Export;Harmonized;M;M
Physical Energy & Power Flows;2021;8;390;390;390;HU;RO;Value on 3rd Wed. at 11;Export;Harmonized;M;M
Physical Energy & Power Flows;2021;9;89;89;89;HU;RO;Monthly Value;Export;Harmonized;M;M
Physical Energy & Power Flows;2021;9;26;26;26;HU;RO;Monthly Value;Import;Harmonized;M;M
Physical Energy & Power Flows;2021;9;131;131;131;HU;RO;Value on 3rd Wed. at 03;Export;Harmonized;M;M
Physical Energy & Power Flows;2021;9;57;57;57;HU;RO;Value on 3rd Wed. at 11;Export;Harmonized;M;M
Physical Energy & Power Flows;2021;10;215;215;215;HU;RO;Monthly Value;Export;Harmonized;M;M
Physical Energy & Power Flows;2021;10;5;5;5;HU;RO;Monthly Value;Import;Harmonized;M;M
Physical Energy & Power Flows;2021;10;407;407;407;HU;RO;Value on 3rd Wed. at 03;Export;Harmonized;M;M
Physical Energy & Power Flows;2021;10;366;366;366;HU;RO;Value on 3rd Wed. at 11;Export;Harmonized;M;M
Physical Energy & Power Flows;2021;11;166;166;166;HU;RO;Monthly Value;Export;Harmonized;M;M
Physical Energy & Power Flows;2021;11;21;21;21;HU;RO;Monthly Value;Import;Harmonized;M;M
Physical Energy & Power Flows;2021;11;179;179;179;HU;RO;Value on 3rd Wed. at 03;Export;Harmonized;M;M
Physical Energy & Power Flows;2021;11;487;487;487;HU;RO;Value on 3rd Wed. at 11;Export;Harmonized;M;M
Physical Energy & Power Flows;2021;12;66;66;66;HU;RO;Monthly Value;Export;Harmonized;M;M
Physical Energy & Power Flows;2021;12;65;65;65;HU;RO;Monthly Value;Import;Harmonized;M;M
Physical Energy & Power Flows;2021;12;188;188;188;HU;RO;Value on 3rd Wed. at 03;Import;Harmonized;M;M
Physical Energy & Power Flows;2021;12;235;235;235;HU;RO;Value on 3rd Wed. at 11;Import;Harmonized;M;M
Physical Energy & Power Flows;2021;1;0;0;0;HU;RS;Monthly Value;Export;Harmonized;M;M
Physical Energy & Power Flows;2021;1;255;255;255;HU;RS;Monthly Value;Import;Harmonized;M;M
Physical Energy & Power Flows;2021;1;43;43;43;HU;RS;Value on 3rd Wed. at 03;Import;Harmonized;M;M
Physical Energy & Power Flows;2021;1;168;168;168;HU;RS;Value on 3rd Wed. at 11;Import;Harmonized;M;M
Physical Energy & Power Flows;2021;2;0;0;0;HU;RS;Monthly Value;Export;Harmonized;M;M
Physical Energy & Power Flows;2021;2;273;273;273;HU;RS;Monthly Value;Import;Harmonized;M;M
Physical Energy & Power Flows;2021;2;223;223;223;HU;RS;Value on 3rd Wed. at 03;Import;Harmonized;M;M
Physical Energy & Power Flows;2021;2;260;260;260;HU;RS;Value on 3rd Wed. at 11;Import;Harmonized;M;M
Physical Energy & Power Flows;2021;3;16;16;16;HU;RS;Monthly Value;Export;Harmonized;M;M
Physical Energy & Power Flows;2021;3;158;158;158;HU;RS;Monthly Value;Import;Harmonized;M;M
Physical Energy & Power Flows;2021;3;230;230;230;HU;RS;Value on 3rd Wed. at 03;Import;Harmonized;M;M
Physical Energy & Power Flows;2021;3;404;404;404;HU;RS;Value on 3rd Wed. at 11;Import;Harmonized;M;M
Physical Energy & Power Flows;2021;4;41;41;41;HU;RS;Monthly Value;Export;Harmonized;M;M
Physical Energy & Power Flows;2021;4;56;56;56;HU;RS;Monthly Value;Import;Harmonized;M;M
Physical Energy & Power Flows;2021;4;63;63;63;HU;RS;Value on 3rd Wed. at 03;Export;Harmonized;M;M
Physical Energy & Power Flows;2021;4;156;156;156;HU;RS;Value on 3rd Wed. at 11;Import;Harmonized;M;M
Physical Energy & Power Flows;2021;5;55;55;55;HU;RS;Monthly Value;Export;Harmonized;M;M
Physical Energy & Power Flows;2021;5;87;87;87;HU;RS;Monthly Value;Import;Harmonized;M;M
Physical Energy & Power Flows;2021;5;186;186;186;HU;RS;Value on 3rd Wed. at 03;Import;Harmonized;M;M
Physical Energy & Power Flows;2021;5;171;171;171;HU;RS;Value on 3rd Wed. at 11;Import;Harmonized;M;M
Physical Energy & Power Flows;2021;6;47;47;47;HU;RS;Monthly Value;Export;Harmonized;M;M
Physical Energy & Power Flows;2021;6;50;50;50;HU;RS;Monthly Value;Import;Harmonized;M;M
Physical Energy & Power Flows;2021;6;309;309;309;HU;RS;Value on 3rd Wed. at 03;Import;Harmonized;M;M
Physical Energy & Power Flows;2021;6;4;4;4;HU;RS;Value on 3rd Wed. at 11;Import;Harmonized;M;M
Physical Energy & Power Flows;2021;7;77;77;77;HU;RS;Monthly Value;Export;Harmonized;M;M
Physical Energy & Power Flows;2021;7;36;36;36;HU;RS;Monthly Value;Import;Harmonized;M;M
Physical Energy & Power Flows;2021;7;189;189;189;HU;RS;Value on 3rd Wed. at 03;Import;Harmonized;M;M
Physical Energy & Power Flows;2021;7;162;162;162;HU;RS;Value on 3rd Wed. at 11;Export;Harmonized;M;M
Physical Energy & Power Flows;2021;8;51;51;51;HU;RS;Monthly Value;Export;Harmonized;M;M
Physical Energy & Power Flows;2021;8;20;20;20;HU;RS;Monthly Value;Import;Harmonized;M;M
Physical Energy & Power Flows;2021;8;96;96;96;HU;RS;Value on 3rd Wed. at 03;Export;Harmonized;M;M
Physical Energy & Power Flows;2021;8;200;200;200;HU;RS;Value on 3rd Wed. at 11;Export;Harmonized;M;M
Physical Energy & Power Flows;2021;9;34;34;34;HU;RS;Monthly Value;Export;Harmonized;M;M
Physical Energy & Power Flows;2021;9;54;54;54;HU;RS;Monthly Value;Import;Harmonized;M;M
Physical Energy & Power Flows;2021;9;2;2;2;HU;RS;Value on 3rd Wed. at 03;Import;Harmonized;M;M
Physical Energy & Power Flows;2021;9;64;64;64;HU;RS;Value on 3rd Wed. at 11;Export;Harmonized;M;M
Physical Energy & Power Flows;2021;10;108;108;108;HU;RS;Monthly Value;Export;Harmonized;M;M
Physical Energy & Power Flows;2021;10;9;9;9;HU;RS;Monthly Value;Import;Harmonized;M;M
Physical Energy & Power Flows;2021;10;155;155;155;HU;RS;Value on 3rd Wed. at 03;Export;Harmonized;M;M
Physical Energy & Power Flows;2021;10;239;239;239;HU;RS;Value on 3rd Wed. at 11;Export;Harmonized;M;M
Physical Energy & Power Flows;2021;11;78;78;78;HU;RS;Monthly Value;Export;Harmonized;M;M
Physical Energy & Power Flows;2021;11;21;21;21;HU;RS;Monthly Value;Import;Harmonized;M;M
Physical Energy & Power Flows;2021;11;174;174;174;HU;RS;Value on 3rd Wed. at 03;Export;Harmonized;M;M
Physical Energy & Power Flows;2021;11;61;61;61;HU;RS;Value on 3rd Wed. at 11;Export;Harmonized;M;M
Physical Energy & Power Flows;2021;12;53;53;53;HU;RS;Monthly Value;Export;Harmonized;M;M
Physical Energy & Power Flows;2021;12;77;77;77;HU;RS;Monthly Value;Import;Harmonized;M;M
Physical Energy & Power Flows;2021;12;105;105;105;HU;RS;Value on 3rd Wed. at 03;Export;Harmonized;M;M
Physical Energy & Power Flows;2021;12;86;86;86;HU;RS;Value on 3rd Wed. at 11;Import;Harmonized;M;M
Physical Energy & Power Flows;2021;1;1;1;1;HU;SK;Monthly Value;Export;Harmonized;M;M
Physical Energy & Power Flows;2021;1;611;611;611;HU;SK;Monthly Value;Import;Harmonized;M;M
Physical Energy & Power Flows;2021;1;1457;1457;1457;HU;SK;Value on 3rd Wed. at 03;Import;Harmonized;M;M
Physical Energy & Power Flows;2021;1;1600;1600;1600;HU;SK;Value on 3rd Wed. at 11;Import;Harmonized;M;M
Physical Energy & Power Flows;2021;2;8;8;8;HU;SK;Monthly Value;Export;Harmonized;M;M
Physical Energy & Power Flows;2021;2;516;516;516;HU;SK;Monthly Value;Import;Harmonized;M;M
Physical Energy & Power Flows;2021;2;940;940;940;HU;SK;Value on 3rd Wed. at 03;Import;Harmonized;M;M
Physical Energy & Power Flows;2021;2;1205;1205;1205;HU;SK;Value on 3rd Wed. at 11;Import;Harmonized;M;M
Physical Energy & Power Flows;2021;3;683;683;683;HU;SK;Monthly Value;Import;Harmonized;M;M
Physical Energy & Power Flows;2021;3;348;348;348;HU;SK;Value on 3rd Wed. at 03;Import;Harmonized;M;M
Physical Energy & Power Flows;2021;3;242;242;242;HU;SK;Value on 3rd Wed. at 11;Import;Harmonized;M;M
Physical Energy & Power Flows;2021;4;849;849;849;HU;SK;Monthly Value;Import;Harmonized;M;M
Physical Energy & Power Flows;2021;4;1403;1403;1403;HU;SK;Value on 3rd Wed. at 03;Import;Harmonized;M;M
Physical Energy & Power Flows;2021;4;941;941;941;HU;SK;Value on 3rd Wed. at 11;Import;Harmonized;M;M
Physical Energy & Power Flows;2021;5;21;21;21;HU;SK;Monthly Value;Export;Harmonized;M;M
Physical Energy & Power Flows;2021;5;468;468;468;HU;SK;Monthly Value;Import;Harmonized;M;M
Physical Energy & Power Flows;2021;5;344;344;344;HU;SK;Value on 3rd Wed. at 03;Import;Harmonized;M;M
Physical Energy & Power Flows;2021;5;450;450;450;HU;SK;Value on 3rd Wed. at 11;Import;Harmonized;M;M
Physical Energy & Power Flows;2021;6;1;1;1;HU;SK;Monthly Value;Export;Harmonized;M;M
Physical Energy & Power Flows;2021;6;674;674;674;HU;SK;Monthly Value;Import;Harmonized;M;M
Physical Energy & Power Flows;2021;6;28;28;28;HU;SK;Value on 3rd Wed. at 03;Import;Harmonized;M;M
Physical Energy & Power Flows;2021;6;619;619;619;HU;SK;Value on 3rd Wed. at 11;Import;Harmonized;M;M
Physical Energy & Power Flows;2021;7;993;993;993;HU;SK;Monthly Value;Import;Harmonized;M;M
Physical Energy & Power Flows;2021;7;927;927;927;HU;SK;Value on 3rd Wed. at 03;Import;Harmonized;M;M
Physical Energy & Power Flows;2021;7;936;936;936;HU;SK;Value on 3rd Wed. at 11;Import;Harmonized;M;M
Physical Energy & Power Flows;2021;8;911;911;911;HU;SK;Monthly Value;Import;Harmonized;M;M
Physical Energy & Power Flows;2021;8;1629;1629;1629;HU;SK;Value on 3rd Wed. at 03;Import;Harmonized;M;M
Physical Energy & Power Flows;2021;8;1325;1325;1325;HU;SK;Value on 3rd Wed. at 11;Import;Harmonized;M;M
Physical Energy & Power Flows;2021;9;1119;1119;1119;HU;SK;Monthly Value;Import;Harmonized;M;M
Physical Energy & Power Flows;2021;9;1778;1778;1778;HU;SK;Value on 3rd Wed. at 03;Import;Harmonized;M;M
Physical Energy & Power Flows;2021;9;1388;1388;1388;HU;SK;Value on 3rd Wed. at 11;Import;Harmonized;M;M
Physical Energy & Power Flows;2021;10;1402;1402;1402;HU;SK;Monthly Value;Import;Harmonized;M;M
Physical Energy & Power Flows;2021;10;2127;2127;2127;HU;SK;Value on 3rd Wed. at 03;Import;Harmonized;M;M
Physical Energy & Power Flows;2021;10;1586;1586;1586;HU;SK;Value on 3rd Wed. at 11;Import;Harmonized;M;M
Physical Energy & Power Flows;2021;11;1318;1318;1318;HU;SK;Monthly Value;Import;Harmonized;M;M
Physical Energy & Power Flows;2021;11;2137;2137;2137;HU;SK;Value on 3rd Wed. at 03;Import;Harmonized;M;M
Physical Energy & Power Flows;2021;11;2154;2154;2154;HU;SK;Value on 3rd Wed. at 11;Import;Harmonized;M;M
Physical Energy & Power Flows;2021;12;1185;1185;1185;HU;SK;Monthly Value;Import;Harmonized;M;M
Physical Energy & Power Flows;2021;12;1920;1920;1920;HU;SK;Value on 3rd Wed. at 03;Import;Harmonized;M;M
Physical Energy & Power Flows;2021;12;1569;1569;1569;HU;SK;Value on 3rd Wed. at 11;Import;Harmonized;M;M
Physical Energy & Power Flows;2021;1;0;0;0;HU;UA;Monthly Value;Export;Harmonized;M;NaM
Physical Energy & Power Flows;2021;1;177;177;177;HU;UA;Monthly Value;Import;Harmonized;M;NaM
Physical Energy & Power Flows;2021;1;165;165;165;HU;UA;Value on 3rd Wed. at 03;Import;Harmonized;M;NaM
Physical Energy & Power Flows;2021;1;159;159;159;HU;UA;Value on 3rd Wed. at 11;Import;Harmonized;M;NaM
Physical Energy & Power Flows;2021;2;1;1;1;HU;UA;Monthly Value;Export;Harmonized;M;NaM
Physical Energy & Power Flows;2021;2;95;95;95;HU;UA;Monthly Value;Import;Harmonized;M;NaM
Physical Energy & Power Flows;2021;2;115;115;115;HU;UA;Value on 3rd Wed. at 03;Import;Harmonized;M;NaM
Physical Energy & Power Flows;2021;2;168;168;168;HU;UA;Value on 3rd Wed. at 11;Import;Harmonized;M;NaM
Physical Energy & Power Flows;2021;3;0;0;0;HU;UA;Monthly Value;Export;Harmonized;M;NaM
Physical Energy & Power Flows;2021;3;272;272;272;HU;UA;Monthly Value;Import;Harmonized;M;NaM
Physical Energy & Power Flows;2021;3;376;376;376;HU;UA;Value on 3rd Wed. at 03;Import;Harmonized;M;NaM
Physical Energy & Power Flows;2021;3;226;226;226;HU;UA;Value on 3rd Wed. at 11;Import;Harmonized;M;NaM
Physical Energy & Power Flows;2021;4;3;3;3;HU;UA;Monthly Value;Export;Harmonized;M;NaM
Physical Energy & Power Flows;2021;4;253;253;253;HU;UA;Monthly Value;Import;Harmonized;M;NaM
Physical Energy & Power Flows;2021;4;446;446;446;HU;UA;Value on 3rd Wed. at 03;Import;Harmonized;M;NaM
Physical Energy & Power Flows;2021;4;319;319;319;HU;UA;Value on 3rd Wed. at 11;Import;Harmonized;M;NaM
Physical Energy & Power Flows;2021;5;0;0;0;HU;UA;Monthly Value;Export;Harmonized;M;NaM
Physical Energy & Power Flows;2021;5;253;253;253;HU;UA;Monthly Value;Import;Harmonized;M;NaM
Physical Energy & Power Flows;2021;5;352;352;352;HU;UA;Value on 3rd Wed. at 03;Import;Harmonized;M;NaM
Physical Energy & Power Flows;2021;5;326;326;326;HU;UA;Value on 3rd Wed. at 11;Import;Harmonized;M;NaM
Physical Energy & Power Flows;2021;6;1;1;1;HU;UA;Monthly Value;Export;Harmonized;M;NaM
Physical Energy & Power Flows;2021;6;202;202;202;HU;UA;Monthly Value;Import;Harmonized;M;NaM
Physical Energy & Power Flows;2021;6;447;447;447;HU;UA;Value on 3rd Wed. at 03;Import;Harmonized;M;NaM
Physical Energy & Power Flows;2021;6;241;241;241;HU;UA;Value on 3rd Wed. at 11;Import;Harmonized;M;NaM
Physical Energy & Power Flows;2021;7;229;229;229;HU;UA;Monthly Value;Import;Harmonized;M;NaM
Physical Energy & Power Flows;2021;7;409;409;409;HU;UA;Value on 3rd Wed. at 03;Import;Harmonized;M;NaM
Physical Energy & Power Flows;2021;7;153;153;153;HU;UA;Value on 3rd Wed. at 11;Import;Harmonized;M;NaM
Physical Energy & Power Flows;2021;8;0;0;0;HU;UA;Monthly Value;Export;Harmonized;M;NaM
Physical Energy & Power Flows;2021;8;238;238;238;HU;UA;Monthly Value;Import;Harmonized;M;NaM
Physical Energy & Power Flows;2021;8;479;479;479;HU;UA;Value on 3rd Wed. at 03;Import;Harmonized;M;NaM
Physical Energy & Power Flows;2021;8;335;335;335;HU;UA;Value on 3rd Wed. at 11;Import;Harmonized;M;NaM
Physical Energy & Power Flows;2021;9;298;298;298;HU;UA;Monthly Value;Import;Harmonized;M;NaM
Physical Energy & Power Flows;2021;9;335;335;335;HU;UA;Value on 3rd Wed. at 03;Import;Harmonized;M;NaM
Physical Energy & Power Flows;2021;9;228;228;228;HU;UA;Value on 3rd Wed. at 11;Import;Harmonized;M;NaM
Physical Energy & Power Flows;2021;10;28;28;28;HU;UA;Monthly Value;Export;Harmonized;M;NaM
Physical Energy & Power Flows;2021;10;201;201;201;HU;UA;Monthly Value;Import;Harmonized;M;NaM
Physical Energy & Power Flows;2021;10;179;179;179;HU;UA;Value on 3rd Wed. at 03;Export;Harmonized;M;NaM
Physical Energy & Power Flows;2021;10;155;155;155;HU;UA;Value on 3rd Wed. at 11;Export;Harmonized;M;NaM
Physical Energy & Power Flows;2021;11;194;194;194;HU;UA;Monthly Value;Import;Harmonized;M;NaM
Physical Energy & Power Flows;2021;11;265;265;265;HU;UA;Value on 3rd Wed. at 03;Import;Harmonized;M;NaM
Physical Energy & Power Flows;2021;11;196;196;196;HU;UA;Value on 3rd Wed. at 11;Import;Harmonized;M;NaM
Physical Energy & Power Flows;2021;12;337;337;337;HU;UA;Monthly Value;Import;Harmonized;M;NaM
Physical Energy & Power Flows;2021;12;636;636;636;HU;UA;Value on 3rd Wed. at 03;Import;Harmonized;M;NaM
Physical Energy & Power Flows;2021;12;482;482;482;HU;UA;Value on 3rd Wed. at 11;Import;Harmonized;M;NaM
Physical Energy & Power Flows;2021;1;57;57;57;IE;GB;Monthly Value;Export;Harmonized;M;M
Physical Energy & Power Flows;2021;1;38;38;38;IE;GB;Monthly Value;Import;Harmonized;M;M
Physical Energy & Power Flows;2021;1;0;0;0;IE;GB;Value on 3rd Wed. at 03;Import;Harmonized;M;M
Physical Energy & Power Flows;2021;1;528;528;528;IE;GB;Value on 3rd Wed. at 11;Import;Harmonized;M;M
Physical Energy & Power Flows;2021;2;105;105;105;IE;GB;Monthly Value;Export;Harmonized;M;M
Physical Energy & Power Flows;2021;2;48;48;48;IE;GB;Monthly Value;Import;Harmonized;M;M
Physical Energy & Power Flows;2021;2;500;500;500;IE;GB;Value on 3rd Wed. at 03;Export;Harmonized;M;M
Physical Energy & Power Flows;2021;2;0;0;0;IE;GB;Value on 3rd Wed. at 11;Export;Harmonized;M;M
Physical Energy & Power Flows;2021;3;69;69;69;IE;GB;Monthly Value;Export;Harmonized;M;M
Physical Energy & Power Flows;2021;3;112;112;112;IE;GB;Monthly Value;Import;Harmonized;M;M
Physical Energy & Power Flows;2021;3;10;10;10;IE;GB;Value on 3rd Wed. at 03;Import;Harmonized;M;M
Physical Energy & Power Flows;2021;3;320;320;320;IE;GB;Value on 3rd Wed. at 11;Import;Harmonized;M;M
Physical Energy & Power Flows;2021;4;9;9;9;IE;GB;Monthly Value;Export;Harmonized;M;M
Physical Energy & Power Flows;2021;4;93;93;93;IE;GB;Monthly Value;Import;Harmonized;M;M
Physical Energy & Power Flows;2021;4;0;0;0;IE;GB;Value on 3rd Wed. at 03;Import;Harmonized;M;M
Physical Energy & Power Flows;2021;4;163;163;163;IE;GB;Value on 3rd Wed. at 11;Import;Harmonized;M;M
Physical Energy & Power Flows;2021;5;36;36;36;IE;GB;Monthly Value;Export;Harmonized;M;M
Physical Energy & Power Flows;2021;5;169;169;169;IE;GB;Monthly Value;Import;Harmonized;M;M
Physical Energy & Power Flows;2021;5;73;73;73;IE;GB;Value on 3rd Wed. at 03;Import;Harmonized;M;M
Physical Energy & Power Flows;2021;5;530;530;530;IE;GB;Value on 3rd Wed. at 11;Import;Harmonized;M;M
Physical Energy & Power Flows;2021;6;13;13;13;IE;GB;Monthly Value;Export;Harmonized;M;M
Physical Energy & Power Flows;2021;6;71;71;71;IE;GB;Monthly Value;Import;Harmonized;M;M
Physical Energy & Power Flows;2021;6;0;0;0;IE;GB;Value on 3rd Wed. at 03;Import;Harmonized;M;M
Physical Energy & Power Flows;2021;6;0;0;0;IE;GB;Value on 3rd Wed. at 11;Export;Harmonized;M;M
Physical Energy & Power Flows;2021;7;0;0;0;IE;GB;Monthly Value;Export;Harmonized;M;M
Physical Energy & Power Flows;2021;7;240;240;240;IE;GB;Monthly Value;Import;Harmonized;M;M
Physical Energy & Power Flows;2021;7;394;394;394;IE;GB;Value on 3rd Wed. at 03;Import;Harmonized;M;M
Physical Energy & Power Flows;2021;7;530;530;530;IE;GB;Value on 3rd Wed. at 11;Import;Harmonized;M;M
Physical Energy & Power Flows;2021;8;20;20;20;IE;GB;Monthly Value;Export;Harmonized;M;M
Physical Energy & Power Flows;2021;8;68;68;68;IE;GB;Monthly Value;Import;Harmonized;M;M
Physical Energy & Power Flows;2021;8;0;0;0;IE;GB;Value on 3rd Wed. at 03;Export;Harmonized;M;M
Physical Energy & Power Flows;2021;8;445;445;445;IE;GB;Value on 3rd Wed. at 11;Import;Harmonized;M;M
Physical Energy & Power Flows;2021;9;17;17;17;IE;GB;Monthly Value;Export;Harmonized;M;M
Physical Energy & Power Flows;2021;9;51;51;51;IE;GB;Monthly Value;Import;Harmonized;M;M
Physical Energy & Power Flows;2021;9;0;0;0;IE;GB;Value on 3rd Wed. at 03;Import;Harmonized;M;M
Physical Energy & Power Flows;2021;9;1;1;1;IE;GB;Value on 3rd Wed. at 11;Import;Harmonized;M;M
Physical Energy & Power Flows;2021;10;39;39;39;IE;GB;Monthly Value;Export;Harmonized;M;M
Physical Energy & Power Flows;2021;10;77;77;77;IE;GB;Monthly Value;Import;Harmonized;M;M
Physical Energy & Power Flows;2021;10;530;530;530;IE;GB;Value on 3rd Wed. at 03;Import;Harmonized;M;M
Physical Energy & Power Flows;2021;10;518;518;518;IE;GB;Value on 3rd Wed. at 11;Import;Harmonized;M;M
Physical Energy & Power Flows;2021;11;60;60;60;IE;GB;Monthly Value;Export;Harmonized;M;M
Physical Energy & Power Flows;2021;11;52;52;52;IE;GB;Monthly Value;Import;Harmonized;M;M
Physical Energy & Power Flows;2021;11;80;80;80;IE;GB;Value on 3rd Wed. at 03;Export;Harmonized;M;M
Physical Energy & Power Flows;2021;11;0;0;0;IE;GB;Value on 3rd Wed. at 11;Import;Harmonized;M;M
Physical Energy & Power Flows;2021;12;106;106;106;IE;GB;Monthly Value;Export;Harmonized;M;M
Physical Energy & Power Flows;2021;12;9;9;9;IE;GB;Monthly Value;Import;Harmonized;M;M
Physical Energy & Power Flows;2021;12;435;435;435;IE;GB;Value on 3rd Wed. at 03;Export;Harmonized;M;M
Physical Energy & Power Flows;2021;12;0;0;0;IE;GB;Value on 3rd Wed. at 11;Import;Harmonized;M;M
Physical Energy & Power Flows;2021;1;0;0;0;IT;AT;Monthly Value;Export;Harmonized;M;M
Physical Energy & Power Flows;2021;1;112;112;112;IT;AT;Monthly Value;Import;Harmonized;M;M
Physical Energy & Power Flows;2021;1;13;13;13;IT;AT;Value on 3rd Wed. at 03;Import;Harmonized;M;M
Physical Energy & Power Flows;2021;1;161;161;161;IT;AT;Value on 3rd Wed. at 11;Import;Harmonized;M;M
Physical Energy & Power Flows;2021;2;0;0;0;IT;AT;Monthly Value;Export;Harmonized;M;M
Physical Energy & Power Flows;2021;2;95;95;95;IT;AT;Monthly Value;Import;Harmonized;M;M
Physical Energy & Power Flows;2021;2;68;68;68;IT;AT;Value on 3rd Wed. at 03;Import;Harmonized;M;M
Physical Energy & Power Flows;2021;2;151;151;151;IT;AT;Value on 3rd Wed. at 11;Import;Harmonized;M;M
Physical Energy & Power Flows;2021;3;0;0;0;IT;AT;Monthly Value;Export;Harmonized;M;M
Physical Energy & Power Flows;2021;3;103;103;103;IT;AT;Monthly Value;Import;Harmonized;M;M
Physical Energy & Power Flows;2021;3;147;147;147;IT;AT;Value on 3rd Wed. at 03;Import;Harmonized;M;M
Physical Energy & Power Flows;2021;3;160;160;160;IT;AT;Value on 3rd Wed. at 11;Import;Harmonized;M;M
Physical Energy & Power Flows;2021;4;2;2;2;IT;AT;Monthly Value;Export;Harmonized;M;M
Physical Energy & Power Flows;2021;4;76;76;76;IT;AT;Monthly Value;Import;Harmonized;M;M
Physical Energy & Power Flows;2021;4;37;37;37;IT;AT;Value on 3rd Wed. at 03;Import;Harmonized;M;M
Physical Energy & Power Flows;2021;4;16;16;16;IT;AT;Value on 3rd Wed. at 11;Export;Harmonized;M;M
Physical Energy & Power Flows;2021;5;0;0;0;IT;AT;Monthly Value;Export;Harmonized;M;M
Physical Energy & Power Flows;2021;5;102;102;102;IT;AT;Monthly Value;Import;Harmonized;M;M
Physical Energy & Power Flows;2021;5;175;175;175;IT;AT;Value on 3rd Wed. at 03;Import;Harmonized;M;M
Physical Energy & Power Flows;2021;5;173;173;173;IT;AT;Value on 3rd Wed. at 11;Import;Harmonized;M;M
Physical Energy & Power Flows;2021;6;0;0;0;IT;AT;Monthly Value;Export;Harmonized;M;M
Physical Energy & Power Flows;2021;6;113;113;113;IT;AT;Monthly Value;Import;Harmonized;M;M
Physical Energy & Power Flows;2021;6;153;153;153;IT;AT;Value on 3rd Wed. at 03;Import;Harmonized;M;M
Physical Energy & Power Flows;2021;6;142;142;142;IT;AT;Value on 3rd Wed. at 11;Import;Harmonized;M;M
Physical Energy & Power Flows;2021;7;0;0;0;IT;AT;Monthly Value;Export;Harmonized;M;M
Physical Energy & Power Flows;2021;7;121;121;121;IT;AT;Monthly Value;Import;Harmonized;M;M
Physical Energy & Power Flows;2021;7;28;28;28;IT;AT;Value on 3rd Wed. at 03;Import;Harmonized;M;M
Physical Energy & Power Flows;2021;7;35;35;35;IT;AT;Value on 3rd Wed. at 11;Import;Harmonized;M;M
Physical Energy & Power Flows;2021;8;0;0;0;IT;AT;Monthly Value;Export;Harmonized;M;M
Physical Energy & Power Flows;2021;8;124;124;124;IT;AT;Monthly Value;Import;Harmonized;M;M
Physical Energy & Power Flows;2021;8;136;136;136;IT;AT;Value on 3rd Wed. at 03;Import;Harmonized;M;M
Physical Energy & Power Flows;2021;8;135;135;135;IT;AT;Value on 3rd Wed. at 11;Import;Harmonized;M;M
Physical Energy & Power Flows;2021;9;0;0;0;IT;AT;Monthly Value;Export;Harmonized;M;M
Physical Energy & Power Flows;2021;9;123;123;123;IT;AT;Monthly Value;Import;Harmonized;M;M
Physical Energy & Power Flows;2021;9;175;175;175;IT;AT;Value on 3rd Wed. at 03;Import;Harmonized;M;M
Physical Energy & Power Flows;2021;9;186;186;186;IT;AT;Value on 3rd Wed. at 11;Import;Harmonized;M;M
Physical Energy & Power Flows;2021;10;0;0;0;IT;AT;Monthly Value;Export;Harmonized;M;M
Physical Energy & Power Flows;2021;10;109;109;109;IT;AT;Monthly Value;Import;Harmonized;M;M
Physical Energy & Power Flows;2021;10;112;112;112;IT;AT;Value on 3rd Wed. at 03;Import;Harmonized;M;M
Physical Energy & Power Flows;2021;10;119;119;119;IT;AT;Value on 3rd Wed. at 11;Import;Harmonized;M;M
Physical Energy & Power Flows;2021;11;1;1;1;IT;AT;Monthly Value;Export;Harmonized;M;M
Physical Energy & Power Flows;2021;11;82;82;82;IT;AT;Monthly Value;Import;Harmonized;M;M
Physical Energy & Power Flows;2021;11;146;146;146;IT;AT;Value on 3rd Wed. at 03;Import;Harmonized;M;M
Physical Energy & Power Flows;2021;11;145;145;145;IT;AT;Value on 3rd Wed. at 11;Import;Harmonized;M;M
Physical Energy & Power Flows;2021;12;1;1;1;IT;AT;Monthly Value;Export;Harmonized;M;M
Physical Energy & Power Flows;2021;12;91;91;91;IT;AT;Monthly Value;Import;Harmonized;M;M
Physical Energy & Power Flows;2021;12;13;13;13;IT;AT;Value on 3rd Wed. at 03;Export;Harmonized;M;M
Physical Energy & Power Flows;2021;12;174;174;174;IT;AT;Value on 3rd Wed. at 11;Import;Harmonized;M;M
Physical Energy & Power Flows;2021;1;36;36;36;IT;CH;Monthly Value;Export;Harmonized;M;M
Physical Energy & Power Flows;2021;1;1506;1506;1506;IT;CH;Monthly Value;Import;Harmonized;M;M
Physical Energy & Power Flows;2021;1;2023;2023;2023;IT;CH;Value on 3rd Wed. at 03;Import;Harmonized;M;M
Physical Energy & Power Flows;2021;1;3876;3876;3876;IT;CH;Value on 3rd Wed. at 11;Import;Harmonized;M;M
Physical Energy & Power Flows;2021;2;30;30;30;IT;CH;Monthly Value;Export;Harmonized;M;M
Physical Energy & Power Flows;2021;2;1941;1941;1941;IT;CH;Monthly Value;Import;Harmonized;M;M
Physical Energy & Power Flows;2021;2;3046;3046;3046;IT;CH;Value on 3rd Wed. at 03;Import;Harmonized;M;M
Physical Energy & Power Flows;2021;2;4524;4524;4524;IT;CH;Value on 3rd Wed. at 11;Import;Harmonized;M;M
Physical Energy & Power Flows;2021;3;0;0;0;IT;CH;Monthly Value;Export;Harmonized;M;M
Physical Energy & Power Flows;2021;3;1996;1996;1996;IT;CH;Monthly Value;Import;Harmonized;M;M
Physical Energy & Power Flows;2021;3;2369;2369;2369;IT;CH;Value on 3rd Wed. at 03;Import;Harmonized;M;M
Physical Energy & Power Flows;2021;3;1744;1744;1744;IT;CH;Value on 3rd Wed. at 11;Import;Harmonized;M;M
Physical Energy & Power Flows;2021;4;59;59;59;IT;CH;Monthly Value;Export;Harmonized;M;M
Physical Energy & Power Flows;2021;4;1164;1164;1164;IT;CH;Monthly Value;Import;Harmonized;M;M
Physical Energy & Power Flows;2021;4;2021;2021;2021;IT;CH;Value on 3rd Wed. at 03;Import;Harmonized;M;M
Physical Energy & Power Flows;2021;4;523;523;523;IT;CH;Value on 3rd Wed. at 11;Import;Harmonized;M;M
Physical Energy & Power Flows;2021;5;71;71;71;IT;CH;Monthly Value;Export;Harmonized;M;M
Physical Energy & Power Flows;2021;5;1028;1028;1028;IT;CH;Monthly Value;Import;Harmonized;M;M
Physical Energy & Power Flows;2021;5;2065;2065;2065;IT;CH;Value on 3rd Wed. at 03;Import;Harmonized;M;M
Physical Energy & Power Flows;2021;5;1584;1584;1584;IT;CH;Value on 3rd Wed. at 11;Import;Harmonized;M;M
Physical Energy & Power Flows;2021;6;13;13;13;IT;CH;Monthly Value;Export;Harmonized;M;M
Physical Energy & Power Flows;2021;6;1533;1533;1533;IT;CH;Monthly Value;Import;Harmonized;M;M
Physical Energy & Power Flows;2021;6;1754;1754;1754;IT;CH;Value on 3rd Wed. at 03;Import;Harmonized;M;M
Physical Energy & Power Flows;2021;6;2766;2766;2766;IT;CH;Value on 3rd Wed. at 11;Import;Harmonized;M;M
Physical Energy & Power Flows;2021;7;2167;2167;2167;IT;CH;Monthly Value;Import;Harmonized;M;M
Physical Energy & Power Flows;2021;7;3248;3248;3248;IT;CH;Value on 3rd Wed. at 03;Import;Harmonized;M;M
Physical Energy & Power Flows;2021;7;3351;3351;3351;IT;CH;Value on 3rd Wed. at 11;Import;Harmonized;M;M
Physical Energy & Power Flows;2021;8;0;0;0;IT;CH;Monthly Value;Export;Harmonized;M;M
Physical Energy & Power Flows;2021;8;1964;1964;1964;IT;CH;Monthly Value;Import;Harmonized;M;M
Physical Energy & Power Flows;2021;8;1525;1525;1525;IT;CH;Value on 3rd Wed. at 03;Import;Harmonized;M;M
Physical Energy & Power Flows;2021;8;1795;1795;1795;IT;CH;Value on 3rd Wed. at 11;Import;Harmonized;M;M
Physical Energy & Power Flows;2021;9;4;4;4;IT;CH;Monthly Value;Export;Harmonized;M;M
Physical Energy & Power Flows;2021;9;1583;1583;1583;IT;CH;Monthly Value;Import;Harmonized;M;M
Physical Energy & Power Flows;2021;9;2689;2689;2689;IT;CH;Value on 3rd Wed. at 03;Import;Harmonized;M;M
Physical Energy & Power Flows;2021;9;2053;2053;2053;IT;CH;Value on 3rd Wed. at 11;Import;Harmonized;M;M
Physical Energy & Power Flows;2021;10;0;0;0;IT;CH;Monthly Value;Export;Harmonized;M;M
Physical Energy & Power Flows;2021;10;1625;1625;1625;IT;CH;Monthly Value;Import;Harmonized;M;M
Physical Energy & Power Flows;2021;10;2704;2704;2704;IT;CH;Value on 3rd Wed. at 03;Import;Harmonized;M;M
Physical Energy & Power Flows;2021;10;1797;1797;1797;IT;CH;Value on 3rd Wed. at 11;Import;Harmonized;M;M
Physical Energy & Power Flows;2021;11;57;57;57;IT;CH;Monthly Value;Export;Harmonized;M;M
Physical Energy & Power Flows;2021;11;1088;1088;1088;IT;CH;Monthly Value;Import;Harmonized;M;M
Physical Energy & Power Flows;2021;11;1556;1556;1556;IT;CH;Value on 3rd Wed. at 03;Import;Harmonized;M;M
Physical Energy & Power Flows;2021;11;2916;2916;2916;IT;CH;Value on 3rd Wed. at 11;Import;Harmonized;M;M
Physical Energy & Power Flows;2021;12;108;108;108;IT;CH;Monthly Value;Export;Harmonized;M;M
Physical Energy & Power Flows;2021;12;1005;1005;1005;IT;CH;Monthly Value;Import;Harmonized;M;M
Physical Energy & Power Flows;2021;12;211;211;211;IT;CH;Value on 3rd Wed. at 03;Export;Harmonized;M;M
Physical Energy & Power Flows;2021;12;2503;2503;2503;IT;CH;Value on 3rd Wed. at 11;Import;Harmonized;M;M
Physical Energy & Power Flows;2021;1;114;114;114;IT;FR;Monthly Value;Export;Harmonized;M;M
Physical Energy & Power Flows;2021;1;1036;1036;1036;IT;FR;Monthly Value;Import;Harmonized;M;M
Physical Energy & Power Flows;2021;1;1514;1514;1514;IT;FR;Value on 3rd Wed. at 03;Import;Harmonized;M;M
Physical Energy & Power Flows;2021;1;2182;2182;2182;IT;FR;Value on 3rd Wed. at 11;Import;Harmonized;M;M
Physical Energy & Power Flows;2021;2;0;0;0;IT;FR;Monthly Value;Export;Harmonized;M;M
Physical Energy & Power Flows;2021;2;1441;1441;1441;IT;FR;Monthly Value;Import;Harmonized;M;M
Physical Energy & Power Flows;2021;2;2346;2346;2346;IT;FR;Value on 3rd Wed. at 03;Import;Harmonized;M;M
Physical Energy & Power Flows;2021;2;3184;3184;3184;IT;FR;Value on 3rd Wed. at 11;Import;Harmonized;M;M
Physical Energy & Power Flows;2021;3;0;0;0;IT;FR;Monthly Value;Export;Harmonized;M;M
Physical Energy & Power Flows;2021;3;1218;1218;1218;IT;FR;Monthly Value;Import;Harmonized;M;M
Physical Energy & Power Flows;2021;3;2907;2907;2907;IT;FR;Value on 3rd Wed. at 03;Import;Harmonized;M;M
Physical Energy & Power Flows;2021;3;2728;2728;2728;IT;FR;Value on 3rd Wed. at 11;Import;Harmonized;M;M
Physical Energy & Power Flows;2021;4;24;24;24;IT;FR;Monthly Value;Export;Harmonized;M;M
Physical Energy & Power Flows;2021;4;811;811;811;IT;FR;Monthly Value;Import;Harmonized;M;M
Physical Energy & Power Flows;2021;4;617;617;617;IT;FR;Value on 3rd Wed. at 03;Import;Harmonized;M;M
Physical Energy & Power Flows;2021;4;58;58;58;IT;FR;Value on 3rd Wed. at 11;Import;Harmonized;M;M
Physical Energy & Power Flows;2021;5;6;6;6;IT;FR;Monthly Value;Export;Harmonized;M;M
Physical Energy & Power Flows;2021;5;1430;1430;1430;IT;FR;Monthly Value;Import;Harmonized;M;M
Physical Energy & Power Flows;2021;5;2453;2453;2453;IT;FR;Value on 3rd Wed. at 03;Import;Harmonized;M;M
Physical Energy & Power Flows;2021;5;1975;1975;1975;IT;FR;Value on 3rd Wed. at 11;Import;Harmonized;M;M
Physical Energy & Power Flows;2021;6;0;0;0;IT;FR;Monthly Value;Export;Harmonized;M;M
Physical Energy & Power Flows;2021;6;1505;1505;1505;IT;FR;Monthly Value;Import;Harmonized;M;M
Physical Energy & Power Flows;2021;6;2523;2523;2523;IT;FR;Value on 3rd Wed. at 03;Import;Harmonized;M;M
Physical Energy & Power Flows;2021;6;1080;1080;1080;IT;FR;Value on 3rd Wed. at 11;Import;Harmonized;M;M
Physical Energy & Power Flows;2021;7;1805;1805;1805;IT;FR;Monthly Value;Import;Harmonized;M;M
Physical Energy & Power Flows;2021;7;2591;2591;2591;IT;FR;Value on 3rd Wed. at 03;Import;Harmonized;M;M
Physical Energy & Power Flows;2021;7;1876;1876;1876;IT;FR;Value on 3rd Wed. at 11;Import;Harmonized;M;M
Physical Energy & Power Flows;2021;8;1393;1393;1393;IT;FR;Monthly Value;Import;Harmonized;M;M
Physical Energy & Power Flows;2021;8;2542;2542;2542;IT;FR;Value on 3rd Wed. at 03;Import;Harmonized;M;M
Physical Energy & Power Flows;2021;8;1857;1857;1857;IT;FR;Value on 3rd Wed. at 11;Import;Harmonized;M;M
Physical Energy & Power Flows;2021;9;1477;1477;1477;IT;FR;Monthly Value;Import;Harmonized;M;M
Physical Energy & Power Flows;2021;9;1888;1888;1888;IT;FR;Value on 3rd Wed. at 03;Import;Harmonized;M;M
Physical Energy & Power Flows;2021;9;1668;1668;1668;IT;FR;Value on 3rd Wed. at 11;Import;Harmonized;M;M
Physical Energy & Power Flows;2021;10;1657;1657;1657;IT;FR;Monthly Value;Import;Harmonized;M;M
Physical Energy & Power Flows;2021;10;3169;3169;3169;IT;FR;Value on 3rd Wed. at 03;Import;Harmonized;M;M
Physical Energy & Power Flows;2021;10;2301;2301;2301;IT;FR;Value on 3rd Wed. at 11;Import;Harmonized;M;M
Physical Energy & Power Flows;2021;11;73;73;73;IT;FR;Monthly Value;Export;Harmonized;M;M
Physical Energy & Power Flows;2021;11;719;719;719;IT;FR;Monthly Value;Import;Harmonized;M;M
Physical Energy & Power Flows;2021;11;1312;1312;1312;IT;FR;Value on 3rd Wed. at 03;Import;Harmonized;M;M
Physical Energy & Power Flows;2021;11;1744;1744;1744;IT;FR;Value on 3rd Wed. at 11;Import;Harmonized;M;M
Physical Energy & Power Flows;2021;12;132;132;132;IT;FR;Monthly Value;Export;Harmonized;M;M
Physical Energy & Power Flows;2021;12;488;488;488;IT;FR;Monthly Value;Import;Harmonized;M;M
Physical Energy & Power Flows;2021;12;67;67;67;IT;FR;Value on 3rd Wed. at 03;Export;Harmonized;M;M
Physical Energy & Power Flows;2021;12;1017;1017;1017;IT;FR;Value on 3rd Wed. at 11;Import;Harmonized;M;M
Physical Energy & Power Flows;2021;1;50;50;50;IT;GR;Monthly Value;Export;Harmonized;M;M
Physical Energy & Power Flows;2021;1;238;238;238;IT;GR;Monthly Value;Import;Harmonized;M;M
Physical Energy & Power Flows;2021;1;454;454;454;IT;GR;Value on 3rd Wed. at 03;Export;Harmonized;M;M
Physical Energy & Power Flows;2021;1;484;484;484;IT;GR;Value on 3rd Wed. at 11;Export;Harmonized;M;M
Physical Energy & Power Flows;2021;2;51;51;51;IT;GR;Monthly Value;Export;Harmonized;M;M
Physical Energy & Power Flows;2021;2;180;180;180;IT;GR;Monthly Value;Import;Harmonized;M;M
Physical Energy & Power Flows;2021;2;493;493;493;IT;GR;Value on 3rd Wed. at 03;Import;Harmonized;M;M
Physical Energy & Power Flows;2021;2;488;488;488;IT;GR;Value on 3rd Wed. at 11;Export;Harmonized;M;M
Physical Energy & Power Flows;2021;3;54;54;54;IT;GR;Monthly Value;Export;Harmonized;M;M
Physical Energy & Power Flows;2021;3;207;207;207;IT;GR;Monthly Value;Import;Harmonized;M;M
Physical Energy & Power Flows;2021;3;504;504;504;IT;GR;Value on 3rd Wed. at 03;Import;Harmonized;M;M
Physical Energy & Power Flows;2021;3;360;360;360;IT;GR;Value on 3rd Wed. at 11;Import;Harmonized;M;M
Physical Energy & Power Flows;2021;4;44;44;44;IT;GR;Monthly Value;Export;Harmonized;M;M
Physical Energy & Power Flows;2021;4;214;214;214;IT;GR;Monthly Value;Import;Harmonized;M;M
Physical Energy & Power Flows;2021;4;509;509;509;IT;GR;Value on 3rd Wed. at 03;Import;Harmonized;M;M
Physical Energy & Power Flows;2021;4;383;383;383;IT;GR;Value on 3rd Wed. at 11;Export;Harmonized;M;M
Physical Energy & Power Flows;2021;5;22;22;22;IT;GR;Monthly Value;Export;Harmonized;M;M
Physical Energy & Power Flows;2021;5;137;137;137;IT;GR;Monthly Value;Import;Harmonized;M;M
Physical Energy & Power Flows;2021;5;0;0;0;IT;GR;Value on 3rd Wed. at 03;Import;Harmonized;M;M
Physical Energy & Power Flows;2021;5;0;0;0;IT;GR;Value on 3rd Wed. at 11;Import;Harmonized;M;M
Physical Energy & Power Flows;2021;6;0;0;0;IT;GR;Monthly Value;Import;Harmonized;M;M
Physical Energy & Power Flows;2021;6;0;0;0;IT;GR;Value on 3rd Wed. at 03;Import;Harmonized;M;M
Physical Energy & Power Flows;2021;6;0;0;0;IT;GR;Value on 3rd Wed. at 11;Import;Harmonized;M;M
Physical Energy & Power Flows;2021;7;0;0;0;IT;GR;Monthly Value;Import;Harmonized;M;M
Physical Energy & Power Flows;2021;7;0;0;0;IT;GR;Value on 3rd Wed. at 03;Import;Harmonized;M;M
Physical Energy & Power Flows;2021;7;0;0;0;IT;GR;Value on 3rd Wed. at 11;Import;Harmonized;M;M
Physical Energy & Power Flows;2021;8;0;0;0;IT;GR;Monthly Value;Import;Harmonized;M;M
Physical Energy & Power Flows;2021;8;0;0;0;IT;GR;Value on 3rd Wed. at 03;Import;Harmonized;M;M
Physical Energy & Power Flows;2021;8;0;0;0;IT;GR;Value on 3rd Wed. at 11;Import;Harmonized;M;M
Physical Energy & Power Flows;2021;9;10;10;10;IT;GR;Monthly Value;Export;Harmonized;M;M
Physical Energy & Power Flows;2021;9;289;289;289;IT;GR;Monthly Value;Import;Harmonized;M;M
Physical Energy & Power Flows;2021;9;509;509;509;IT;GR;Value on 3rd Wed. at 03;Import;Harmonized;M;M
Physical Energy & Power Flows;2021;9;323;323;323;IT;GR;Value on 3rd Wed. at 11;Import;Harmonized;M;M
Physical Energy & Power Flows;2021;10;77;77;77;IT;GR;Monthly Value;Export;Harmonized;M;M
Physical Energy & Power Flows;2021;10;217;217;217;IT;GR;Monthly Value;Import;Harmonized;M;M
Physical Energy & Power Flows;2021;10;509;509;509;IT;GR;Value on 3rd Wed. at 03;Import;Harmonized;M;M
Physical Energy & Power Flows;2021;10;241;241;241;IT;GR;Value on 3rd Wed. at 11;Import;Harmonized;M;M
Physical Energy & Power Flows;2021;11;158;158;158;IT;GR;Monthly Value;Export;Harmonized;M;M
Physical Energy & Power Flows;2021;11;112;112;112;IT;GR;Monthly Value;Import;Harmonized;M;M
Physical Energy & Power Flows;2021;11;191;191;191;IT;GR;Value on 3rd Wed. at 03;Import;Harmonized;M;M
Physical Energy & Power Flows;2021;11;386;386;386;IT;GR;Value on 3rd Wed. at 11;Export;Harmonized;M;M
Physical Energy & Power Flows;2021;12;49;49;49;IT;GR;Monthly Value;Export;Harmonized;M;M
Physical Energy & Power Flows;2021;12;260;260;260;IT;GR;Monthly Value;Import;Harmonized;M;M
Physical Energy & Power Flows;2021;12;508;508;508;IT;GR;Value on 3rd Wed. at 03;Import;Harmonized;M;M
Physical Energy & Power Flows;2021;12;508;508;508;IT;GR;Value on 3rd Wed. at 11;Import;Harmonized;M;M
Physical Energy & Power Flows;2021;1;10;10;10;IT;ME;Monthly Value;Export;Harmonized;M;M
Physical Energy & Power Flows;2021;1;306;306;306;IT;ME;Monthly Value;Import;Harmonized;M;M
Physical Energy & Power Flows;2021;1;561;561;561;IT;ME;Value on 3rd Wed. at 03;Import;Harmonized;M;M
Physical Energy & Power Flows;2021;1;197;197;197;IT;ME;Value on 3rd Wed. at 11;Import;Harmonized;M;M
Physical Energy & Power Flows;2021;2;359;359;359;IT;ME;Monthly Value;Import;Harmonized;M;M
Physical Energy & Power Flows;2021;2;601;601;601;IT;ME;Value on 3rd Wed. at 03;Import;Harmonized;M;M
Physical Energy & Power Flows;2021;2;289;289;289;IT;ME;Value on 3rd Wed. at 11;Import;Harmonized;M;M
Physical Energy & Power Flows;2021;3;1;1;1;IT;ME;Monthly Value;Export;Harmonized;M;M
Physical Energy & Power Flows;2021;3;376;376;376;IT;ME;Monthly Value;Import;Harmonized;M;M
Physical Energy & Power Flows;2021;3;587;587;587;IT;ME;Value on 3rd Wed. at 03;Import;Harmonized;M;M
Physical Energy & Power Flows;2021;3;544;544;544;IT;ME;Value on 3rd Wed. at 11;Import;Harmonized;M;M
Physical Energy & Power Flows;2021;4;5;5;5;IT;ME;Monthly Value;Export;Harmonized;M;M
Physical Energy & Power Flows;2021;4;344;344;344;IT;ME;Monthly Value;Import;Harmonized;M;M
Physical Energy & Power Flows;2021;4;287;287;287;IT;ME;Value on 3rd Wed. at 03;Import;Harmonized;M;M
Physical Energy & Power Flows;2021;4;1;1;1;IT;ME;Value on 3rd Wed. at 11;Import;Harmonized;M;M
Physical Energy & Power Flows;2021;5;4;4;4;IT;ME;Monthly Value;Export;Harmonized;M;M
Physical Energy & Power Flows;2021;5;381;381;381;IT;ME;Monthly Value;Import;Harmonized;M;M
Physical Energy & Power Flows;2021;5;539;539;539;IT;ME;Value on 3rd Wed. at 03;Import;Harmonized;M;M
Physical Energy & Power Flows;2021;5;169;169;169;IT;ME;Value on 3rd Wed. at 11;Export;Harmonized;M;M
Physical Energy & Power Flows;2021;6;11;11;11;IT;ME;Monthly Value;Export;Harmonized;M;M
Physical Energy & Power Flows;2021;6;210;210;210;IT;ME;Monthly Value;Import;Harmonized;M;M
Physical Energy & Power Flows;2021;6;0;0;0;IT;ME;Value on 3rd Wed. at 03;Import;Harmonized;M;M
Physical Energy & Power Flows;2021;6;0;0;0;IT;ME;Value on 3rd Wed. at 11;Import;Harmonized;M;M
Physical Energy & Power Flows;2021;7;12;12;12;IT;ME;Monthly Value;Export;Harmonized;M;M
Physical Energy & Power Flows;2021;7;200;200;200;IT;ME;Monthly Value;Import;Harmonized;M;M
Physical Energy & Power Flows;2021;7;1;1;1;IT;ME;Value on 3rd Wed. at 03;Import;Harmonized;M;M
Physical Energy & Power Flows;2021;7;1;1;1;IT;ME;Value on 3rd Wed. at 11;Import;Harmonized;M;M
Physical Energy & Power Flows;2021;8;49;49;49;IT;ME;Monthly Value;Export;Harmonized;M;M
Physical Energy & Power Flows;2021;8;182;182;182;IT;ME;Monthly Value;Import;Harmonized;M;M
Physical Energy & Power Flows;2021;8;564;564;564;IT;ME;Value on 3rd Wed. at 03;Import;Harmonized;M;M
Physical Energy & Power Flows;2021;8;245;245;245;IT;ME;Value on 3rd Wed. at 11;Export;Harmonized;M;M
Physical Energy & Power Flows;2021;9;1;1;1;IT;ME;Monthly Value;Export;Harmonized;M;M
Physical Energy & Power Flows;2021;9;239;239;239;IT;ME;Monthly Value;Import;Harmonized;M;M
Physical Energy & Power Flows;2021;9;593;593;593;IT;ME;Value on 3rd Wed. at 03;Import;Harmonized;M;M
Physical Energy & Power Flows;2021;9;172;172;172;IT;ME;Value on 3rd Wed. at 11;Import;Harmonized;M;M
Physical Energy & Power Flows;2021;10;26;26;26;IT;ME;Monthly Value;Export;Harmonized;M;M
Physical Energy & Power Flows;2021;10;262;262;262;IT;ME;Monthly Value;Import;Harmonized;M;M
Physical Energy & Power Flows;2021;10;519;519;519;IT;ME;Value on 3rd Wed. at 03;Import;Harmonized;M;M
Physical Energy & Power Flows;2021;10;51;51;51;IT;ME;Value on 3rd Wed. at 11;Import;Harmonized;M;M
Physical Energy & Power Flows;2021;11;54;54;54;IT;ME;Monthly Value;Export;Harmonized;M;M
Physical Energy & Power Flows;2021;11;177;177;177;IT;ME;Monthly Value;Import;Harmonized;M;M
Physical Energy & Power Flows;2021;11;363;363;363;IT;ME;Value on 3rd Wed. at 03;Import;Harmonized;M;M
Physical Energy & Power Flows;2021;11;452;452;452;IT;ME;Value on 3rd Wed. at 11;Export;Harmonized;M;M
Physical Energy & Power Flows;2021;12;16;16;16;IT;ME;Monthly Value;Export;Harmonized;M;M
Physical Energy & Power Flows;2021;12;317;317;317;IT;ME;Monthly Value;Import;Harmonized;M;M
Physical Energy & Power Flows;2021;12;601;601;601;IT;ME;Value on 3rd Wed. at 03;Import;Harmonized;M;M
Physical Energy & Power Flows;2021;12;94;94;94;IT;ME;Value on 3rd Wed. at 11;Export;Harmonized;M;M
Physical Energy & Power Flows;2021;1;70;70;70;IT;MT;Monthly Value;Export;Harmonized;M;NaM
Physical Energy & Power Flows;2021;1;0;0;0;IT;MT;Monthly Value;Import;Harmonized;M;NaM
Physical Energy & Power Flows;2021;1;83;83;83;IT;MT;Value on 3rd Wed. at 03;Export;Harmonized;M;NaM
Physical Energy & Power Flows;2021;1;90;90;90;IT;MT;Value on 3rd Wed. at 11;Export;Harmonized;M;NaM
Physical Energy & Power Flows;2021;2;39;39;39;IT;MT;Monthly Value;Export;Harmonized;M;NaM
Physical Energy & Power Flows;2021;2;0;0;0;IT;MT;Monthly Value;Import;Harmonized;M;NaM
Physical Energy & Power Flows;2021;2;57;57;57;IT;MT;Value on 3rd Wed. at 03;Export;Harmonized;M;NaM
Physical Energy & Power Flows;2021;2;1;1;1;IT;MT;Value on 3rd Wed. at 11;Export;Harmonized;M;NaM
Physical Energy & Power Flows;2021;3;44;44;44;IT;MT;Monthly Value;Export;Harmonized;M;NaM
Physical Energy & Power Flows;2021;3;1;1;1;IT;MT;Monthly Value;Import;Harmonized;M;NaM
Physical Energy & Power Flows;2021;3;94;94;94;IT;MT;Value on 3rd Wed. at 03;Export;Harmonized;M;NaM
Physical Energy & Power Flows;2021;3;1;1;1;IT;MT;Value on 3rd Wed. at 11;Import;Harmonized;M;NaM
Physical Energy & Power Flows;2021;4;4;4;4;IT;MT;Monthly Value;Export;Harmonized;M;NaM
Physical Energy & Power Flows;2021;4;13;13;13;IT;MT;Monthly Value;Import;Harmonized;M;NaM
Physical Energy & Power Flows;2021;4;14;14;14;IT;MT;Value on 3rd Wed. at 03;Export;Harmonized;M;NaM
Physical Energy & Power Flows;2021;4;3;3;3;IT;MT;Value on 3rd Wed. at 11;Export;Harmonized;M;NaM
Physical Energy & Power Flows;2021;5;10;10;10;IT;MT;Monthly Value;Export;Harmonized;M;NaM
Physical Energy & Power Flows;2021;5;10;10;10;IT;MT;Monthly Value;Import;Harmonized;M;NaM
Physical Energy & Power Flows;2021;5;32;32;32;IT;MT;Value on 3rd Wed. at 03;Export;Harmonized;M;NaM
Physical Energy & Power Flows;2021;5;0;0;0;IT;MT;Value on 3rd Wed. at 11;Import;Harmonized;M;NaM
Physical Energy & Power Flows;2021;6;25;25;25;IT;MT;Monthly Value;Export;Harmonized;M;NaM
Physical Energy & Power Flows;2021;6;6;6;6;IT;MT;Monthly Value;Import;Harmonized;M;NaM
Physical Energy & Power Flows;2021;6;13;13;13;IT;MT;Value on 3rd Wed. at 03;Export;Harmonized;M;NaM
Physical Energy & Power Flows;2021;6;46;46;46;IT;MT;Value on 3rd Wed. at 11;Export;Harmonized;M;NaM
Physical Energy & Power Flows;2021;7;50;50;50;IT;MT;Monthly Value;Export;Harmonized;M;NaM
Physical Energy & Power Flows;2021;7;1;1;1;IT;MT;Monthly Value;Import;Harmonized;M;NaM
Physical Energy & Power Flows;2021;7;37;37;37;IT;MT;Value on 3rd Wed. at 03;Import;Harmonized;M;NaM
Physical Energy & Power Flows;2021;7;58;58;58;IT;MT;Value on 3rd Wed. at 11;Export;Harmonized;M;NaM
Physical Energy & Power Flows;2021;8;78;78;78;IT;MT;Monthly Value;Export;Harmonized;M;NaM
Physical Energy & Power Flows;2021;8;0;0;0;IT;MT;Monthly Value;Import;Harmonized;M;NaM
Physical Energy & Power Flows;2021;8;74;74;74;IT;MT;Value on 3rd Wed. at 03;Export;Harmonized;M;NaM
Physical Energy & Power Flows;2021;8;96;96;96;IT;MT;Value on 3rd Wed. at 11;Export;Harmonized;M;NaM
Physical Energy & Power Flows;2021;9;81;81;81;IT;MT;Monthly Value;Export;Harmonized;M;NaM
Physical Energy & Power Flows;2021;9;0;0;0;IT;MT;Monthly Value;Import;Harmonized;M;NaM
Physical Energy & Power Flows;2021;9;101;101;101;IT;MT;Value on 3rd Wed. at 03;Export;Harmonized;M;NaM
Physical Energy & Power Flows;2021;9;117;117;117;IT;MT;Value on 3rd Wed. at 11;Export;Harmonized;M;NaM
Physical Energy & Power Flows;2021;10;37;37;37;IT;MT;Monthly Value;Export;Harmonized;M;NaM
Physical Energy & Power Flows;2021;10;0;0;0;IT;MT;Monthly Value;Import;Harmonized;M;NaM
Physical Energy & Power Flows;2021;10;35;35;35;IT;MT;Value on 3rd Wed. at 03;Export;Harmonized;M;NaM
Physical Energy & Power Flows;2021;10;29;29;29;IT;MT;Value on 3rd Wed. at 11;Export;Harmonized;M;NaM
Physical Energy & Power Flows;2021;11;47;47;47;IT;MT;Monthly Value;Export;Harmonized;M;NaM
Physical Energy & Power Flows;2021;11;0;0;0;IT;MT;Monthly Value;Import;Harmonized;M;NaM
Physical Energy & Power Flows;2021;11;32;32;32;IT;MT;Value on 3rd Wed. at 03;Export;Harmonized;M;NaM
Physical Energy & Power Flows;2021;11;29;29;29;IT;MT;Value on 3rd Wed. at 11;Export;Harmonized;M;NaM
Physical Energy & Power Flows;2021;12;57;57;57;IT;MT;Monthly Value;Export;Harmonized;M;NaM
Physical Energy & Power Flows;2021;12;0;0;0;IT;MT;Monthly Value;Import;Harmonized;M;NaM
Physical Energy & Power Flows;2021;12;0;0;0;IT;MT;Value on 3rd Wed. at 03;Import;Harmonized;M;NaM
Physical Energy & Power Flows;2021;12;85;85;85;IT;MT;Value on 3rd Wed. at 11;Export;Harmonized;M;NaM
Physical Energy & Power Flows;2021;1;1;1;1;IT;SI;Monthly Value;Export;Harmonized;M;M
Physical Energy & Power Flows;2021;1;528;528;528;IT;SI;Monthly Value;Import;Harmonized;M;M
Physical Energy & Power Flows;2021;1;821;821;821;IT;SI;Value on 3rd Wed. at 03;Import;Harmonized;M;M
Physical Energy & Power Flows;2021;1;727;727;727;IT;SI;Value on 3rd Wed. at 11;Import;Harmonized;M;M
Physical Energy & Power Flows;2021;2;559;559;559;IT;SI;Monthly Value;Import;Harmonized;M;M
Physical Energy & Power Flows;2021;2;770;770;770;IT;SI;Value on 3rd Wed. at 03;Import;Harmonized;M;M
Physical Energy & Power Flows;2021;2;865;865;865;IT;SI;Value on 3rd Wed. at 11;Import;Harmonized;M;M
Physical Energy & Power Flows;2021;3;0;0;0;IT;SI;Monthly Value;Export;Harmonized;M;M
Physical Energy & Power Flows;2021;3;548;548;548;IT;SI;Monthly Value;Import;Harmonized;M;M
Physical Energy & Power Flows;2021;3;852;852;852;IT;SI;Value on 3rd Wed. at 03;Import;Harmonized;M;M
Physical Energy & Power Flows;2021;3;383;383;383;IT;SI;Value on 3rd Wed. at 11;Import;Harmonized;M;M
Physical Energy & Power Flows;2021;4;0;0;0;IT;SI;Monthly Value;Export;Harmonized;M;M
Physical Energy & Power Flows;2021;4;443;443;443;IT;SI;Monthly Value;Import;Harmonized;M;M
Physical Energy & Power Flows;2021;4;406;406;406;IT;SI;Value on 3rd Wed. at 03;Import;Harmonized;M;M
Physical Energy & Power Flows;2021;4;282;282;282;IT;SI;Value on 3rd Wed. at 11;Import;Harmonized;M;M
Physical Energy & Power Flows;2021;5;3;3;3;IT;SI;Monthly Value;Export;Harmonized;M;M
Physical Energy & Power Flows;2021;5;505;505;505;IT;SI;Monthly Value;Import;Harmonized;M;M
Physical Energy & Power Flows;2021;5;854;854;854;IT;SI;Value on 3rd Wed. at 03;Import;Harmonized;M;M
Physical Energy & Power Flows;2021;5;140;140;140;IT;SI;Value on 3rd Wed. at 11;Import;Harmonized;M;M
Physical Energy & Power Flows;2021;6;26;26;26;IT;SI;Monthly Value;Export;Harmonized;M;M
Physical Energy & Power Flows;2021;6;292;292;292;IT;SI;Monthly Value;Import;Harmonized;M;M
Physical Energy & Power Flows;2021;6;886;886;886;IT;SI;Value on 3rd Wed. at 03;Import;Harmonized;M;M
Physical Energy & Power Flows;2021;6;446;446;446;IT;SI;Value on 3rd Wed. at 11;Import;Harmonized;M;M
Physical Energy & Power Flows;2021;7;29;29;29;IT;SI;Monthly Value;Export;Harmonized;M;M
Physical Energy & Power Flows;2021;7;254;254;254;IT;SI;Monthly Value;Import;Harmonized;M;M
Physical Energy & Power Flows;2021;7;927;927;927;IT;SI;Value on 3rd Wed. at 03;Import;Harmonized;M;M
Physical Energy & Power Flows;2021;7;485;485;485;IT;SI;Value on 3rd Wed. at 11;Import;Harmonized;M;M
Physical Energy & Power Flows;2021;8;2;2;2;IT;SI;Monthly Value;Export;Harmonized;M;M
Physical Energy & Power Flows;2021;8;239;239;239;IT;SI;Monthly Value;Import;Harmonized;M;M
Physical Energy & Power Flows;2021;8;696;696;696;IT;SI;Value on 3rd Wed. at 03;Import;Harmonized;M;M
Physical Energy & Power Flows;2021;8;160;160;160;IT;SI;Value on 3rd Wed. at 11;Import;Harmonized;M;M
Physical Energy & Power Flows;2021;9;0;0;0;IT;SI;Monthly Value;Export;Harmonized;M;M
Physical Energy & Power Flows;2021;9;544;544;544;IT;SI;Monthly Value;Import;Harmonized;M;M
Physical Energy & Power Flows;2021;9;918;918;918;IT;SI;Value on 3rd Wed. at 03;Import;Harmonized;M;M
Physical Energy & Power Flows;2021;9;621;621;621;IT;SI;Value on 3rd Wed. at 11;Import;Harmonized;M;M
Physical Energy & Power Flows;2021;10;1;1;1;IT;SI;Monthly Value;Export;Harmonized;M;M
Physical Energy & Power Flows;2021;10;546;546;546;IT;SI;Monthly Value;Import;Harmonized;M;M
Physical Energy & Power Flows;2021;10;219;219;219;IT;SI;Value on 3rd Wed. at 03;Export;Harmonized;M;M
Physical Energy & Power Flows;2021;10;454;454;454;IT;SI;Value on 3rd Wed. at 11;Import;Harmonized;M;M
Physical Energy & Power Flows;2021;11;4;4;4;IT;SI;Monthly Value;Export;Harmonized;M;M
Physical Energy & Power Flows;2021;11;437;437;437;IT;SI;Monthly Value;Import;Harmonized;M;M
Physical Energy & Power Flows;2021;11;626;626;626;IT;SI;Value on 3rd Wed. at 03;Import;Harmonized;M;M
Physical Energy & Power Flows;2021;11;43;43;43;IT;SI;Value on 3rd Wed. at 11;Import;Harmonized;M;M
Physical Energy & Power Flows;2021;12;0;0;0;IT;SI;Monthly Value;Export;Harmonized;M;M
Physical Energy & Power Flows;2021;12;532;532;532;IT;SI;Monthly Value;Import;Harmonized;M;M
Physical Energy & Power Flows;2021;12;780;780;780;IT;SI;Value on 3rd Wed. at 03;Import;Harmonized;M;M
Physical Energy & Power Flows;2021;12;818;818;818;IT;SI;Value on 3rd Wed. at 11;Import;Harmonized;M;M
Physical Energy & Power Flows;2021;1;3;3;3;LT;BY;Monthly Value;Export;Harmonized;M;NaM
Physical Energy & Power Flows;2021;1;357;357;357;LT;BY;Monthly Value;Import;Harmonized;M;NaM
Physical Energy & Power Flows;2021;1;750;750;750;LT;BY;Value on 3rd Wed. at 03;Import;Harmonized;M;NaM
Physical Energy & Power Flows;2021;1;277;277;277;LT;BY;Value on 3rd Wed. at 11;Import;Harmonized;M;NaM
Physical Energy & Power Flows;2021;2;5;5;5;LT;BY;Monthly Value;Export;Harmonized;M;NaM
Physical Energy & Power Flows;2021;2;252;252;252;LT;BY;Monthly Value;Import;Harmonized;M;NaM
Physical Energy & Power Flows;2021;2;478;478;478;LT;BY;Value on 3rd Wed. at 03;Import;Harmonized;M;NaM
Physical Energy & Power Flows;2021;2;357;357;357;LT;BY;Value on 3rd Wed. at 11;Import;Harmonized;M;NaM
Physical Energy & Power Flows;2021;3;2;2;2;LT;BY;Monthly Value;Export;Harmonized;M;NaM
Physical Energy & Power Flows;2021;3;260;260;260;LT;BY;Monthly Value;Import;Harmonized;M;NaM
Physical Energy & Power Flows;2021;3;663;663;663;LT;BY;Value on 3rd Wed. at 03;Import;Harmonized;M;NaM
Physical Energy & Power Flows;2021;3;221;221;221;LT;BY;Value on 3rd Wed. at 11;Import;Harmonized;M;NaM
Physical Energy & Power Flows;2021;4;1;1;1;LT;BY;Monthly Value;Export;Harmonized;M;NaM
Physical Energy & Power Flows;2021;4;264;264;264;LT;BY;Monthly Value;Import;Harmonized;M;NaM
Physical Energy & Power Flows;2021;4;561;561;561;LT;BY;Value on 3rd Wed. at 03;Import;Harmonized;M;NaM
Physical Energy & Power Flows;2021;4;320;320;320;LT;BY;Value on 3rd Wed. at 11;Import;Harmonized;M;NaM
Physical Energy & Power Flows;2021;5;0;0;0;LT;BY;Monthly Value;Export;Harmonized;M;NaM
Physical Energy & Power Flows;2021;5;323;323;323;LT;BY;Monthly Value;Import;Harmonized;M;NaM
Physical Energy & Power Flows;2021;5;628;628;628;LT;BY;Value on 3rd Wed. at 03;Import;Harmonized;M;NaM
Physical Energy & Power Flows;2021;5;244;244;244;LT;BY;Value on 3rd Wed. at 11;Import;Harmonized;M;NaM
Physical Energy & Power Flows;2021;6;0;0;0;LT;BY;Monthly Value;Export;Harmonized;M;NaM
Physical Energy & Power Flows;2021;6;293;293;293;LT;BY;Monthly Value;Import;Harmonized;M;NaM
Physical Energy & Power Flows;2021;6;639;639;639;LT;BY;Value on 3rd Wed. at 03;Import;Harmonized;M;NaM
Physical Energy & Power Flows;2021;6;208;208;208;LT;BY;Value on 3rd Wed. at 11;Import;Harmonized;M;NaM
Physical Energy & Power Flows;2021;7;21;21;21;LT;BY;Monthly Value;Export;Harmonized;M;NaM
Physical Energy & Power Flows;2021;7;166;166;166;LT;BY;Monthly Value;Import;Harmonized;M;NaM
Physical Energy & Power Flows;2021;7;304;304;304;LT;BY;Value on 3rd Wed. at 03;Import;Harmonized;M;NaM
Physical Energy & Power Flows;2021;7;29;29;29;LT;BY;Value on 3rd Wed. at 11;Import;Harmonized;M;NaM
Physical Energy & Power Flows;2021;8;8;8;8;LT;BY;Monthly Value;Export;Harmonized;M;NaM
Physical Energy & Power Flows;2021;8;171;171;171;LT;BY;Monthly Value;Import;Harmonized;M;NaM
Physical Energy & Power Flows;2021;8;417;417;417;LT;BY;Value on 3rd Wed. at 03;Import;Harmonized;M;NaM
Physical Energy & Power Flows;2021;8;14;14;14;LT;BY;Value on 3rd Wed. at 11;Export;Harmonized;M;NaM
Physical Energy & Power Flows;2021;9;5;5;5;LT;BY;Monthly Value;Export;Harmonized;M;NaM
Physical Energy & Power Flows;2021;9;179;179;179;LT;BY;Monthly Value;Import;Harmonized;M;NaM
Physical Energy & Power Flows;2021;9;167;167;167;LT;BY;Value on 3rd Wed. at 03;Import;Harmonized;M;NaM
Physical Energy & Power Flows;2021;9;126;126;126;LT;BY;Value on 3rd Wed. at 11;Import;Harmonized;M;NaM
Physical Energy & Power Flows;2021;10;2;2;2;LT;BY;Monthly Value;Export;Harmonized;M;NaM
Physical Energy & Power Flows;2021;10;291;291;291;LT;BY;Monthly Value;Import;Harmonized;M;NaM
Physical Energy & Power Flows;2021;10;594;594;594;LT;BY;Value on 3rd Wed. at 03;Import;Harmonized;M;NaM
Physical Energy & Power Flows;2021;10;404;404;404;LT;BY;Value on 3rd Wed. at 11;Import;Harmonized;M;NaM
Physical Energy & Power Flows;2021;11;0;0;0;LT;BY;Monthly Value;Export;Harmonized;M;NaM
Physical Energy & Power Flows;2021;11;389;389;389;LT;BY;Monthly Value;Import;Harmonized;M;NaM
Physical Energy & Power Flows;2021;11;747;747;747;LT;BY;Value on 3rd Wed. at 03;Import;Harmonized;M;NaM
Physical Energy & Power Flows;2021;11;566;566;566;LT;BY;Value on 3rd Wed. at 11;Import;Harmonized;M;NaM
Physical Energy & Power Flows;2021;12;400;400;400;LT;BY;Monthly Value;Import;Harmonized;M;NaM
Physical Energy & Power Flows;2021;12;725;725;725;LT;BY;Value on 3rd Wed. at 03;Import;Harmonized;M;NaM
Physical Energy & Power Flows;2021;12;545;545;545;LT;BY;Value on 3rd Wed. at 11;Import;Harmonized;M;NaM
Physical Energy & Power Flows;2021;1;32;32;32;LT;LV;Monthly Value;Export;Harmonized;M;M
Physical Energy & Power Flows;2021;1;122;122;122;LT;LV;Monthly Value;Import;Harmonized;M;M
Physical Energy & Power Flows;2021;1;346;346;346;LT;LV;Value on 3rd Wed. at 03;Import;Harmonized;M;M
Physical Energy & Power Flows;2021;1;236;236;236;LT;LV;Value on 3rd Wed. at 11;Import;Harmonized;M;M
Physical Energy & Power Flows;2021;2;28;28;28;LT;LV;Monthly Value;Export;Harmonized;M;M
Physical Energy & Power Flows;2021;2;153;153;153;LT;LV;Monthly Value;Import;Harmonized;M;M
Physical Energy & Power Flows;2021;2;218;218;218;LT;LV;Value on 3rd Wed. at 03;Import;Harmonized;M;M
Physical Energy & Power Flows;2021;2;204;204;204;LT;LV;Value on 3rd Wed. at 11;Export;Harmonized;M;M
Physical Energy & Power Flows;2021;3;3;3;3;LT;LV;Monthly Value;Export;Harmonized;M;M
Physical Energy & Power Flows;2021;3;274;274;274;LT;LV;Monthly Value;Import;Harmonized;M;M
Physical Energy & Power Flows;2021;3;313;313;313;LT;LV;Value on 3rd Wed. at 03;Import;Harmonized;M;M
Physical Energy & Power Flows;2021;3;139;139;139;LT;LV;Value on 3rd Wed. at 11;Import;Harmonized;M;M
Physical Energy & Power Flows;2021;4;3;3;3;LT;LV;Monthly Value;Export;Harmonized;M;M
Physical Energy & Power Flows;2021;4;319;319;319;LT;LV;Monthly Value;Import;Harmonized;M;M
Physical Energy & Power Flows;2021;4;455;455;455;LT;LV;Value on 3rd Wed. at 03;Import;Harmonized;M;M
Physical Energy & Power Flows;2021;4;372;372;372;LT;LV;Value on 3rd Wed. at 11;Import;Harmonized;M;M
Physical Energy & Power Flows;2021;5;16;16;16;LT;LV;Monthly Value;Export;Harmonized;M;M
Physical Energy & Power Flows;2021;5;169;169;169;LT;LV;Monthly Value;Import;Harmonized;M;M
Physical Energy & Power Flows;2021;5;403;403;403;LT;LV;Value on 3rd Wed. at 03;Import;Harmonized;M;M
Physical Energy & Power Flows;2021;5;123;123;123;LT;LV;Value on 3rd Wed. at 11;Import;Harmonized;M;M
Physical Energy & Power Flows;2021;6;32;32;32;LT;LV;Monthly Value;Export;Harmonized;M;M
Physical Energy & Power Flows;2021;6;153;153;153;LT;LV;Monthly Value;Import;Harmonized;M;M
Physical Energy & Power Flows;2021;6;416;416;416;LT;LV;Value on 3rd Wed. at 03;Import;Harmonized;M;M
Physical Energy & Power Flows;2021;6;13;13;13;LT;LV;Value on 3rd Wed. at 11;Export;Harmonized;M;M
Physical Energy & Power Flows;2021;7;50;50;50;LT;LV;Monthly Value;Export;Harmonized;M;M
Physical Energy & Power Flows;2021;7;134;134;134;LT;LV;Monthly Value;Import;Harmonized;M;M
Physical Energy & Power Flows;2021;7;523;523;523;LT;LV;Value on 3rd Wed. at 03;Import;Harmonized;M;M
Physical Energy & Power Flows;2021;7;243;243;243;LT;LV;Value on 3rd Wed. at 11;Import;Harmonized;M;M
Physical Energy & Power Flows;2021;8;23;23;23;LT;LV;Monthly Value;Export;Harmonized;M;M
Physical Energy & Power Flows;2021;8;138;138;138;LT;LV;Monthly Value;Import;Harmonized;M;M
Physical Energy & Power Flows;2021;8;357;357;357;LT;LV;Value on 3rd Wed. at 03;Import;Harmonized;M;M
Physical Energy & Power Flows;2021;8;118;118;118;LT;LV;Value on 3rd Wed. at 11;Import;Harmonized;M;M
Physical Energy & Power Flows;2021;9;2;2;2;LT;LV;Monthly Value;Export;Harmonized;M;M
Physical Energy & Power Flows;2021;9;285;285;285;LT;LV;Monthly Value;Import;Harmonized;M;M
Physical Energy & Power Flows;2021;9;317;317;317;LT;LV;Value on 3rd Wed. at 03;Import;Harmonized;M;M
Physical Energy & Power Flows;2021;9;315;315;315;LT;LV;Value on 3rd Wed. at 11;Import;Harmonized;M;M
Physical Energy & Power Flows;2021;10;38;38;38;LT;LV;Monthly Value;Export;Harmonized;M;M
Physical Energy & Power Flows;2021;10;124;124;124;LT;LV;Monthly Value;Import;Harmonized;M;M
Physical Energy & Power Flows;2021;10;98;98;98;LT;LV;Value on 3rd Wed. at 03;Import;Harmonized;M;M
Physical Energy & Power Flows;2021;10;402;402;402;LT;LV;Value on 3rd Wed. at 11;Export;Harmonized;M;M
Physical Energy & Power Flows;2021;11;106;106;106;LT;LV;Monthly Value;Export;Harmonized;M;M
Physical Energy & Power Flows;2021;11;45;45;45;LT;LV;Monthly Value;Import;Harmonized;M;M
Physical Energy & Power Flows;2021;11;12;12;12;LT;LV;Value on 3rd Wed. at 03;Import;Harmonized;M;M
Physical Energy & Power Flows;2021;11;219;219;219;LT;LV;Value on 3rd Wed. at 11;Import;Harmonized;M;M
Physical Energy & Power Flows;2021;12;78;78;78;LT;LV;Monthly Value;Export;Harmonized;M;M
Physical Energy & Power Flows;2021;12;145;145;145;LT;LV;Monthly Value;Import;Harmonized;M;M
Physical Energy & Power Flows;2021;12;313;313;313;LT;LV;Value on 3rd Wed. at 03;Import;Harmonized;M;M
Physical Energy & Power Flows;2021;12;371;371;371;LT;LV;Value on 3rd Wed. at 11;Import;Harmonized;M;M
Physical Energy & Power Flows;2021;1;117;117;117;LT;PL;Monthly Value;Export;Harmonized;M;M
Physical Energy & Power Flows;2021;1;56;56;56;LT;PL;Monthly Value;Import;Harmonized;M;M
Physical Energy & Power Flows;2021;1;480;480;480;LT;PL;Value on 3rd Wed. at 03;Export;Harmonized;M;M
Physical Energy & Power Flows;2021;1;0;0;0;LT;PL;Value on 3rd Wed. at 11;Import;Harmonized;M;M
Physical Energy & Power Flows;2021;2;125;125;125;LT;PL;Monthly Value;Export;Harmonized;M;M
Physical Energy & Power Flows;2021;2;62;62;62;LT;PL;Monthly Value;Import;Harmonized;M;M
Physical Energy & Power Flows;2021;2;157;157;157;LT;PL;Value on 3rd Wed. at 03;Import;Harmonized;M;M
Physical Energy & Power Flows;2021;2;7;7;7;LT;PL;Value on 3rd Wed. at 11;Import;Harmonized;M;M
Physical Energy & Power Flows;2021;3;212;212;212;LT;PL;Monthly Value;Export;Harmonized;M;M
Physical Energy & Power Flows;2021;3;2;2;2;LT;PL;Monthly Value;Import;Harmonized;M;M
Physical Energy & Power Flows;2021;3;0;0;0;LT;PL;Value on 3rd Wed. at 03;Import;Harmonized;M;M
Physical Energy & Power Flows;2021;3;0;0;0;LT;PL;Value on 3rd Wed. at 11;Import;Harmonized;M;M
Physical Energy & Power Flows;2021;4;222;222;222;LT;PL;Monthly Value;Export;Harmonized;M;M
Physical Energy & Power Flows;2021;4;16;16;16;LT;PL;Monthly Value;Import;Harmonized;M;M
Physical Energy & Power Flows;2021;4;67;67;67;LT;PL;Value on 3rd Wed. at 03;Export;Harmonized;M;M
Physical Energy & Power Flows;2021;4;423;423;423;LT;PL;Value on 3rd Wed. at 11;Export;Harmonized;M;M
Physical Energy & Power Flows;2021;5;42;42;42;LT;PL;Monthly Value;Export;Harmonized;M;M
Physical Energy & Power Flows;2021;5;2;2;2;LT;PL;Monthly Value;Import;Harmonized;M;M
Physical Energy & Power Flows;2021;5;0;0;0;LT;PL;Value on 3rd Wed. at 03;Import;Harmonized;M;M
Physical Energy & Power Flows;2021;5;0;0;0;LT;PL;Value on 3rd Wed. at 11;Import;Harmonized;M;M
Physical Energy & Power Flows;2021;6;119;119;119;LT;PL;Monthly Value;Export;Harmonized;M;M
Physical Energy & Power Flows;2021;6;66;66;66;LT;PL;Monthly Value;Import;Harmonized;M;M
Physical Energy & Power Flows;2021;6;1;1;1;LT;PL;Value on 3rd Wed. at 03;Export;Harmonized;M;M
Physical Energy & Power Flows;2021;6;217;217;217;LT;PL;Value on 3rd Wed. at 11;Import;Harmonized;M;M
Physical Energy & Power Flows;2021;7;110;110;110;LT;PL;Monthly Value;Export;Harmonized;M;M
Physical Energy & Power Flows;2021;7;126;126;126;LT;PL;Monthly Value;Import;Harmonized;M;M
Physical Energy & Power Flows;2021;7;485;485;485;LT;PL;Value on 3rd Wed. at 03;Export;Harmonized;M;M
Physical Energy & Power Flows;2021;7;472;472;472;LT;PL;Value on 3rd Wed. at 11;Import;Harmonized;M;M
Physical Energy & Power Flows;2021;8;84;84;84;LT;PL;Monthly Value;Export;Harmonized;M;M
Physical Energy & Power Flows;2021;8;109;109;109;LT;PL;Monthly Value;Import;Harmonized;M;M
Physical Energy & Power Flows;2021;8;486;486;486;LT;PL;Value on 3rd Wed. at 03;Export;Harmonized;M;M
Physical Energy & Power Flows;2021;8;94;94;94;LT;PL;Value on 3rd Wed. at 11;Import;Harmonized;M;M
Physical Energy & Power Flows;2021;9;91;91;91;LT;PL;Monthly Value;Export;Harmonized;M;M
Physical Energy & Power Flows;2021;9;78;78;78;LT;PL;Monthly Value;Import;Harmonized;M;M
Physical Energy & Power Flows;2021;9;0;0;0;LT;PL;Value on 3rd Wed. at 03;Import;Harmonized;M;M
Physical Energy & Power Flows;2021;9;0;0;0;LT;PL;Value on 3rd Wed. at 11;Import;Harmonized;M;M
Physical Energy & Power Flows;2021;10;222;222;222;LT;PL;Monthly Value;Export;Harmonized;M;M
Physical Energy & Power Flows;2021;10;24;24;24;LT;PL;Monthly Value;Import;Harmonized;M;M
Physical Energy & Power Flows;2021;10;440;440;440;LT;PL;Value on 3rd Wed. at 03;Export;Harmonized;M;M
Physical Energy & Power Flows;2021;10;191;191;191;LT;PL;Value on 3rd Wed. at 11;Import;Harmonized;M;M
Physical Energy & Power Flows;2021;11;191;191;191;LT;PL;Monthly Value;Export;Harmonized;M;M
Physical Energy & Power Flows;2021;11;28;28;28;LT;PL;Monthly Value;Import;Harmonized;M;M
Physical Energy & Power Flows;2021;11;486;486;486;LT;PL;Value on 3rd Wed. at 03;Export;Harmonized;M;M
Physical Energy & Power Flows;2021;11;485;485;485;LT;PL;Value on 3rd Wed. at 11;Export;Harmonized;M;M
Physical Energy & Power Flows;2021;12;148;148;148;LT;PL;Monthly Value;Export;Harmonized;M;M
Physical Energy & Power Flows;2021;12;125;125;125;LT;PL;Monthly Value;Import;Harmonized;M;M
Physical Energy & Power Flows;2021;12;486;486;486;LT;PL;Value on 3rd Wed. at 03;Export;Harmonized;M;M
Physical Energy & Power Flows;2021;12;486;486;486;LT;PL;Value on 3rd Wed. at 11;Export;Harmonized;M;M
Physical Energy & Power Flows;2021;1;206;206;206;LT;RU;Monthly Value;Import;Harmonized;M;NaM
Physical Energy & Power Flows;2021;1;340;340;340;LT;RU;Value on 3rd Wed. at 03;Import;Harmonized;M;NaM
Physical Energy & Power Flows;2021;1;125;125;125;LT;RU;Value on 3rd Wed. at 11;Import;Harmonized;M;NaM
Physical Energy & Power Flows;2021;2;176;176;176;LT;RU;Monthly Value;Import;Harmonized;M;NaM
Physical Energy & Power Flows;2021;2;361;361;361;LT;RU;Value on 3rd Wed. at 03;Import;Harmonized;M;NaM
Physical Energy & Power Flows;2021;2;176;176;176;LT;RU;Value on 3rd Wed. at 11;Import;Harmonized;M;NaM
Physical Energy & Power Flows;2021;3;221;221;221;LT;RU;Monthly Value;Import;Harmonized;M;NaM
Physical Energy & Power Flows;2021;3;417;417;417;LT;RU;Value on 3rd Wed. at 03;Import;Harmonized;M;NaM
Physical Energy & Power Flows;2021;3;238;238;238;LT;RU;Value on 3rd Wed. at 11;Import;Harmonized;M;NaM
Physical Energy & Power Flows;2021;4;0;0;0;LT;RU;Monthly Value;Export;Harmonized;M;NaM
Physical Energy & Power Flows;2021;4;105;105;105;LT;RU;Monthly Value;Import;Harmonized;M;NaM
Physical Energy & Power Flows;2021;4;266;266;266;LT;RU;Value on 3rd Wed. at 03;Import;Harmonized;M;NaM
Physical Energy & Power Flows;2021;4;103;103;103;LT;RU;Value on 3rd Wed. at 11;Import;Harmonized;M;NaM
Physical Energy & Power Flows;2021;5;0;0;0;LT;RU;Monthly Value;Export;Harmonized;M;NaM
Physical Energy & Power Flows;2021;5;134;134;134;LT;RU;Monthly Value;Import;Harmonized;M;NaM
Physical Energy & Power Flows;2021;5;289;289;289;LT;RU;Value on 3rd Wed. at 03;Import;Harmonized;M;NaM
Physical Energy & Power Flows;2021;5;101;101;101;LT;RU;Value on 3rd Wed. at 11;Import;Harmonized;M;NaM
Physical Energy & Power Flows;2021;6;0;0;0;LT;RU;Monthly Value;Export;Harmonized;M;NaM
Physical Energy & Power Flows;2021;6;136;136;136;LT;RU;Monthly Value;Import;Harmonized;M;NaM
Physical Energy & Power Flows;2021;6;348;348;348;LT;RU;Value on 3rd Wed. at 03;Import;Harmonized;M;NaM
Physical Energy & Power Flows;2021;6;150;150;150;LT;RU;Value on 3rd Wed. at 11;Import;Harmonized;M;NaM
Physical Energy & Power Flows;2021;7;1;1;1;LT;RU;Monthly Value;Export;Harmonized;M;NaM
Physical Energy & Power Flows;2021;7;99;99;99;LT;RU;Monthly Value;Import;Harmonized;M;NaM
Physical Energy & Power Flows;2021;7;175;175;175;LT;RU;Value on 3rd Wed. at 03;Import;Harmonized;M;NaM
Physical Energy & Power Flows;2021;7;21;21;21;LT;RU;Value on 3rd Wed. at 11;Export;Harmonized;M;NaM
Physical Energy & Power Flows;2021;8;94;94;94;LT;RU;Monthly Value;Import;Harmonized;M;NaM
Physical Energy & Power Flows;2021;8;132;132;132;LT;RU;Value on 3rd Wed. at 03;Import;Harmonized;M;NaM
Physical Energy & Power Flows;2021;8;117;117;117;LT;RU;Value on 3rd Wed. at 11;Import;Harmonized;M;NaM
Physical Energy & Power Flows;2021;9;1;1;1;LT;RU;Monthly Value;Export;Harmonized;M;NaM
Physical Energy & Power Flows;2021;9;41;41;41;LT;RU;Monthly Value;Import;Harmonized;M;NaM
Physical Energy & Power Flows;2021;9;131;131;131;LT;RU;Value on 3rd Wed. at 03;Import;Harmonized;M;NaM
Physical Energy & Power Flows;2021;9;23;23;23;LT;RU;Value on 3rd Wed. at 11;Import;Harmonized;M;NaM
Physical Energy & Power Flows;2021;10;166;166;166;LT;RU;Monthly Value;Import;Harmonized;M;NaM
Physical Energy & Power Flows;2021;10;242;242;242;LT;RU;Value on 3rd Wed. at 03;Import;Harmonized;M;NaM
Physical Energy & Power Flows;2021;10;185;185;185;LT;RU;Value on 3rd Wed. at 11;Import;Harmonized;M;NaM
Physical Energy & Power Flows;2021;11;349;349;349;LT;RU;Monthly Value;Import;Harmonized;M;NaM
Physical Energy & Power Flows;2021;11;608;608;608;LT;RU;Value on 3rd Wed. at 03;Import;Harmonized;M;NaM
Physical Energy & Power Flows;2021;11;554;554;554;LT;RU;Value on 3rd Wed. at 11;Import;Harmonized;M;NaM
Physical Energy & Power Flows;2021;12;174;174;174;LT;RU;Monthly Value;Import;Harmonized;M;NaM
Physical Energy & Power Flows;2021;12;224;224;224;LT;RU;Value on 3rd Wed. at 03;Import;Harmonized;M;NaM
Physical Energy & Power Flows;2021;12;173;173;173;LT;RU;Value on 3rd Wed. at 11;Import;Harmonized;M;NaM
Physical Energy & Power Flows;2021;1;19;19;19;LT;SE;Monthly Value;Export;Harmonized;M;M
Physical Energy & Power Flows;2021;1;317;317;317;LT;SE;Monthly Value;Import;Harmonized;M;M
Physical Energy & Power Flows;2021;1;732;732;732;LT;SE;Value on 3rd Wed. at 03;Import;Harmonized;M;M
Physical Energy & Power Flows;2021;1;732;732;732;LT;SE;Value on 3rd Wed. at 11;Import;Harmonized;M;M
Physical Energy & Power Flows;2021;2;12;12;12;LT;SE;Monthly Value;Export;Harmonized;M;M
Physical Energy & Power Flows;2021;2;340;340;340;LT;SE;Monthly Value;Import;Harmonized;M;M
Physical Energy & Power Flows;2021;2;667;667;667;LT;SE;Value on 3rd Wed. at 03;Import;Harmonized;M;M
Physical Energy & Power Flows;2021;2;703;703;703;LT;SE;Value on 3rd Wed. at 11;Import;Harmonized;M;M
Physical Energy & Power Flows;2021;3;35;35;35;LT;SE;Monthly Value;Export;Harmonized;M;M
Physical Energy & Power Flows;2021;3;260;260;260;LT;SE;Monthly Value;Import;Harmonized;M;M
Physical Energy & Power Flows;2021;3;63;63;63;LT;SE;Value on 3rd Wed. at 03;Export;Harmonized;M;M
Physical Energy & Power Flows;2021;3;268;268;268;LT;SE;Value on 3rd Wed. at 11;Import;Harmonized;M;M
Physical Energy & Power Flows;2021;4;24;24;24;LT;SE;Monthly Value;Export;Harmonized;M;M
Physical Energy & Power Flows;2021;4;215;215;215;LT;SE;Monthly Value;Import;Harmonized;M;M
Physical Energy & Power Flows;2021;4;107;107;107;LT;SE;Value on 3rd Wed. at 03;Import;Harmonized;M;M
Physical Energy & Power Flows;2021;4;732;732;732;LT;SE;Value on 3rd Wed. at 11;Import;Harmonized;M;M
Physical Energy & Power Flows;2021;5;50;50;50;LT;SE;Monthly Value;Export;Harmonized;M;M
Physical Energy & Power Flows;2021;5;190;190;190;LT;SE;Monthly Value;Import;Harmonized;M;M
Physical Energy & Power Flows;2021;5;127;127;127;LT;SE;Value on 3rd Wed. at 03;Import;Harmonized;M;M
Physical Energy & Power Flows;2021;5;542;542;542;LT;SE;Value on 3rd Wed. at 11;Import;Harmonized;M;M
Physical Energy & Power Flows;2021;6;33;33;33;LT;SE;Monthly Value;Export;Harmonized;M;M
Physical Energy & Power Flows;2021;6;189;189;189;LT;SE;Monthly Value;Import;Harmonized;M;M
Physical Energy & Power Flows;2021;6;100;100;100;LT;SE;Value on 3rd Wed. at 03;Export;Harmonized;M;M
Physical Energy & Power Flows;2021;6;330;330;330;LT;SE;Value on 3rd Wed. at 11;Import;Harmonized;M;M
Physical Energy & Power Flows;2021;7;1;1;1;LT;SE;Monthly Value;Export;Harmonized;M;M
Physical Energy & Power Flows;2021;7;405;405;405;LT;SE;Monthly Value;Import;Harmonized;M;M
Physical Energy & Power Flows;2021;7;545;545;545;LT;SE;Value on 3rd Wed. at 03;Import;Harmonized;M;M
Physical Energy & Power Flows;2021;7;573;573;573;LT;SE;Value on 3rd Wed. at 11;Import;Harmonized;M;M
Physical Energy & Power Flows;2021;8;3;3;3;LT;SE;Monthly Value;Export;Harmonized;M;M
Physical Energy & Power Flows;2021;8;345;345;345;LT;SE;Monthly Value;Import;Harmonized;M;M
Physical Energy & Power Flows;2021;8;294;294;294;LT;SE;Value on 3rd Wed. at 03;Import;Harmonized;M;M
Physical Energy & Power Flows;2021;8;686;686;686;LT;SE;Value on 3rd Wed. at 11;Import;Harmonized;M;M
Physical Energy & Power Flows;2021;9;25;25;25;LT;SE;Monthly Value;Export;Harmonized;M;M
Physical Energy & Power Flows;2021;9;179;179;179;LT;SE;Monthly Value;Import;Harmonized;M;M
Physical Energy & Power Flows;2021;9;393;393;393;LT;SE;Value on 3rd Wed. at 03;Import;Harmonized;M;M
Physical Energy & Power Flows;2021;9;327;327;327;LT;SE;Value on 3rd Wed. at 11;Import;Harmonized;M;M
Physical Energy & Power Flows;2021;10;11;11;11;LT;SE;Monthly Value;Export;Harmonized;M;M
Physical Energy & Power Flows;2021;10;429;429;429;LT;SE;Monthly Value;Import;Harmonized;M;M
Physical Energy & Power Flows;2021;10;734;734;734;LT;SE;Value on 3rd Wed. at 03;Import;Harmonized;M;M
Physical Energy & Power Flows;2021;10;734;734;734;LT;SE;Value on 3rd Wed. at 11;Import;Harmonized;M;M
Physical Energy & Power Flows;2021;11;20;20;20;LT;SE;Monthly Value;Export;Harmonized;M;M
Physical Energy & Power Flows;2021;11;345;345;345;LT;SE;Monthly Value;Import;Harmonized;M;M
Physical Energy & Power Flows;2021;11;575;575;575;LT;SE;Value on 3rd Wed. at 03;Import;Harmonized;M;M
Physical Energy & Power Flows;2021;11;559;559;559;LT;SE;Value on 3rd Wed. at 11;Import;Harmonized;M;M
Physical Energy & Power Flows;2021;12;17;17;17;LT;SE;Monthly Value;Export;Harmonized;M;M
Physical Energy & Power Flows;2021;12;374;374;374;LT;SE;Monthly Value;Import;Harmonized;M;M
Physical Energy & Power Flows;2021;12;733;733;733;LT;SE;Value on 3rd Wed. at 03;Import;Harmonized;M;M
Physical Energy & Power Flows;2021;12;733;733;733;LT;SE;Value on 3rd Wed. at 11;Import;Harmonized;M;M
Physical Energy & Power Flows;2021;1;7;7;7;LU;BE;Monthly Value;Export;Harmonized;M;M
Physical Energy & Power Flows;2021;1;54;54;54;LU;BE;Monthly Value;Import;Harmonized;M;M
Physical Energy & Power Flows;2021;1;198;198;198;LU;BE;Value on 3rd Wed. at 03;Import;Harmonized;M;M
Physical Energy & Power Flows;2021;1;69;69;69;LU;BE;Value on 3rd Wed. at 11;Import;Harmonized;M;M
Physical Energy & Power Flows;2021;2;9;9;9;LU;BE;Monthly Value;Export;Harmonized;M;M
Physical Energy & Power Flows;2021;2;47;47;47;LU;BE;Monthly Value;Import;Harmonized;M;M
Physical Energy & Power Flows;2021;2;78;78;78;LU;BE;Value on 3rd Wed. at 03;Import;Harmonized;M;M
Physical Energy & Power Flows;2021;2;167;167;167;LU;BE;Value on 3rd Wed. at 11;Import;Harmonized;M;M
Physical Energy & Power Flows;2021;3;7;7;7;LU;BE;Monthly Value;Export;Harmonized;M;M
Physical Energy & Power Flows;2021;3;67;67;67;LU;BE;Monthly Value;Import;Harmonized;M;M
Physical Energy & Power Flows;2021;3;65;65;65;LU;BE;Value on 3rd Wed. at 03;Import;Harmonized;M;M
Physical Energy & Power Flows;2021;3;80;80;80;LU;BE;Value on 3rd Wed. at 11;Import;Harmonized;M;M
Physical Energy & Power Flows;2021;4;0;0;0;LU;BE;Monthly Value;Export;Harmonized;M;M
Physical Energy & Power Flows;2021;4;89;89;89;LU;BE;Monthly Value;Import;Harmonized;M;M
Physical Energy & Power Flows;2021;4;197;197;197;LU;BE;Value on 3rd Wed. at 03;Import;Harmonized;M;M
Physical Energy & Power Flows;2021;4;163;163;163;LU;BE;Value on 3rd Wed. at 11;Import;Harmonized;M;M
Physical Energy & Power Flows;2021;5;108;108;108;LU;BE;Monthly Value;Import;Harmonized;M;M
Physical Energy & Power Flows;2021;5;189;189;189;LU;BE;Value on 3rd Wed. at 03;Import;Harmonized;M;M
Physical Energy & Power Flows;2021;5;75;75;75;LU;BE;Value on 3rd Wed. at 11;Import;Harmonized;M;M
Physical Energy & Power Flows;2021;6;101;101;101;LU;BE;Monthly Value;Import;Harmonized;M;M
Physical Energy & Power Flows;2021;6;229;229;229;LU;BE;Value on 3rd Wed. at 03;Import;Harmonized;M;M
Physical Energy & Power Flows;2021;6;51;51;51;LU;BE;Value on 3rd Wed. at 11;Import;Harmonized;M;M
Physical Energy & Power Flows;2021;7;88;88;88;LU;BE;Monthly Value;Import;Harmonized;M;M
Physical Energy & Power Flows;2021;7;207;207;207;LU;BE;Value on 3rd Wed. at 03;Import;Harmonized;M;M
Physical Energy & Power Flows;2021;7;47;47;47;LU;BE;Value on 3rd Wed. at 11;Import;Harmonized;M;M
Physical Energy & Power Flows;2021;8;84;84;84;LU;BE;Monthly Value;Import;Harmonized;M;M
Physical Energy & Power Flows;2021;8;209;209;209;LU;BE;Value on 3rd Wed. at 03;Import;Harmonized;M;M
Physical Energy & Power Flows;2021;8;101;101;101;LU;BE;Value on 3rd Wed. at 11;Import;Harmonized;M;M
Physical Energy & Power Flows;2021;9;3;3;3;LU;BE;Monthly Value;Export;Harmonized;M;M
Physical Energy & Power Flows;2021;9;87;87;87;LU;BE;Monthly Value;Import;Harmonized;M;M
Physical Energy & Power Flows;2021;9;226;226;226;LU;BE;Value on 3rd Wed. at 03;Import;Harmonized;M;M
Physical Energy & Power Flows;2021;9;237;237;237;LU;BE;Value on 3rd Wed. at 11;Import;Harmonized;M;M
Physical Energy & Power Flows;2021;10;7;7;7;LU;BE;Monthly Value;Export;Harmonized;M;M
Physical Energy & Power Flows;2021;10;54;54;54;LU;BE;Monthly Value;Import;Harmonized;M;M
Physical Energy & Power Flows;2021;10;213;213;213;LU;BE;Value on 3rd Wed. at 03;Import;Harmonized;M;M
Physical Energy & Power Flows;2021;10;56;56;56;LU;BE;Value on 3rd Wed. at 11;Import;Harmonized;M;M
Physical Energy & Power Flows;2021;11;11;11;11;LU;BE;Monthly Value;Export;Harmonized;M;M
Physical Energy & Power Flows;2021;11;55;55;55;LU;BE;Monthly Value;Import;Harmonized;M;M
Physical Energy & Power Flows;2021;11;126;126;126;LU;BE;Value on 3rd Wed. at 03;Import;Harmonized;M;M
Physical Energy & Power Flows;2021;11;243;243;243;LU;BE;Value on 3rd Wed. at 11;Import;Harmonized;M;M
Physical Energy & Power Flows;2021;12;10;10;10;LU;BE;Monthly Value;Export;Harmonized;M;M
Physical Energy & Power Flows;2021;12;57;57;57;LU;BE;Monthly Value;Import;Harmonized;M;M
Physical Energy & Power Flows;2021;12;114;114;114;LU;BE;Value on 3rd Wed. at 03;Import;Harmonized;M;M
Physical Energy & Power Flows;2021;12;27;27;27;LU;BE;Value on 3rd Wed. at 11;Export;Harmonized;M;M
Physical Energy & Power Flows;2021;1;310;310;310;LU;DE;Monthly Value;Import;Harmonized;M;M
Physical Energy & Power Flows;2021;1;164;164;164;LU;DE;Value on 3rd Wed. at 03;Import;Harmonized;M;M
Physical Energy & Power Flows;2021;1;480;480;480;LU;DE;Value on 3rd Wed. at 11;Import;Harmonized;M;M
Physical Energy & Power Flows;2021;2;276;276;276;LU;DE;Monthly Value;Import;Harmonized;M;M
Physical Energy & Power Flows;2021;2;287;287;287;LU;DE;Value on 3rd Wed. at 03;Import;Harmonized;M;M
Physical Energy & Power Flows;2021;2;392;392;392;LU;DE;Value on 3rd Wed. at 11;Import;Harmonized;M;M
Physical Energy & Power Flows;2021;3;276;276;276;LU;DE;Monthly Value;Import;Harmonized;M;M
Physical Energy & Power Flows;2021;3;358;358;358;LU;DE;Value on 3rd Wed. at 03;Import;Harmonized;M;M
Physical Energy & Power Flows;2021;3;481;481;481;LU;DE;Value on 3rd Wed. at 11;Import;Harmonized;M;M
Physical Energy & Power Flows;2021;4;221;221;221;LU;DE;Monthly Value;Import;Harmonized;M;M
Physical Energy & Power Flows;2021;4;241;241;241;LU;DE;Value on 3rd Wed. at 03;Import;Harmonized;M;M
Physical Energy & Power Flows;2021;4;339;339;339;LU;DE;Value on 3rd Wed. at 11;Import;Harmonized;M;M
Physical Energy & Power Flows;2021;5;188;188;188;LU;DE;Monthly Value;Import;Harmonized;M;M
Physical Energy & Power Flows;2021;5;209;209;209;LU;DE;Value on 3rd Wed. at 03;Import;Harmonized;M;M
Physical Energy & Power Flows;2021;5;418;418;418;LU;DE;Value on 3rd Wed. at 11;Import;Harmonized;M;M
Physical Energy & Power Flows;2021;6;225;225;225;LU;DE;Monthly Value;Import;Harmonized;M;M
Physical Energy & Power Flows;2021;6;197;197;197;LU;DE;Value on 3rd Wed. at 03;Import;Harmonized;M;M
Physical Energy & Power Flows;2021;6;487;487;487;LU;DE;Value on 3rd Wed. at 11;Import;Harmonized;M;M
Physical Energy & Power Flows;2021;7;233;233;233;LU;DE;Monthly Value;Import;Harmonized;M;M
Physical Energy & Power Flows;2021;7;194;194;194;LU;DE;Value on 3rd Wed. at 03;Import;Harmonized;M;M
Physical Energy & Power Flows;2021;7;436;436;436;LU;DE;Value on 3rd Wed. at 11;Import;Harmonized;M;M
Physical Energy & Power Flows;2021;8;214;214;214;LU;DE;Monthly Value;Import;Harmonized;M;M
Physical Energy & Power Flows;2021;8;153;153;153;LU;DE;Value on 3rd Wed. at 03;Import;Harmonized;M;M
Physical Energy & Power Flows;2021;8;424;424;424;LU;DE;Value on 3rd Wed. at 11;Import;Harmonized;M;M
Physical Energy & Power Flows;2021;9;248;248;248;LU;DE;Monthly Value;Import;Harmonized;M;M
Physical Energy & Power Flows;2021;9;177;177;177;LU;DE;Value on 3rd Wed. at 03;Import;Harmonized;M;M
Physical Energy & Power Flows;2021;9;370;370;370;LU;DE;Value on 3rd Wed. at 11;Import;Harmonized;M;M
Physical Energy & Power Flows;2021;10;297;297;297;LU;DE;Monthly Value;Import;Harmonized;M;M
Physical Energy & Power Flows;2021;10;118;118;118;LU;DE;Value on 3rd Wed. at 03;Import;Harmonized;M;M
Physical Energy & Power Flows;2021;10;457;457;457;LU;DE;Value on 3rd Wed. at 11;Import;Harmonized;M;M
Physical Energy & Power Flows;2021;11;318;318;318;LU;DE;Monthly Value;Import;Harmonized;M;M
Physical Energy & Power Flows;2021;11;315;315;315;LU;DE;Value on 3rd Wed. at 03;Import;Harmonized;M;M
Physical Energy & Power Flows;2021;11;395;395;395;LU;DE;Value on 3rd Wed. at 11;Import;Harmonized;M;M
Physical Energy & Power Flows;2021;12;303;303;303;LU;DE;Monthly Value;Import;Harmonized;M;M
Physical Energy & Power Flows;2021;12;339;339;339;LU;DE;Value on 3rd Wed. at 03;Import;Harmonized;M;M
Physical Energy & Power Flows;2021;12;653;653;653;LU;DE;Value on 3rd Wed. at 11;Import;Harmonized;M;M
Physical Energy & Power Flows;2021;1;22;22;22;LV;EE;Monthly Value;Export;Harmonized;M;M
Physical Energy & Power Flows;2021;1;129;129;129;LV;EE;Monthly Value;Import;Harmonized;M;M
Physical Energy & Power Flows;2021;1;444;444;444;LV;EE;Value on 3rd Wed. at 03;Import;Harmonized;M;M
Physical Energy & Power Flows;2021;1;97;97;97;LV;EE;Value on 3rd Wed. at 11;Import;Harmonized;M;M
Physical Energy & Power Flows;2021;2;22;22;22;LV;EE;Monthly Value;Export;Harmonized;M;M
Physical Energy & Power Flows;2021;2;130;130;130;LV;EE;Monthly Value;Import;Harmonized;M;M
Physical Energy & Power Flows;2021;2;133;133;133;LV;EE;Value on 3rd Wed. at 03;Import;Harmonized;M;M
Physical Energy & Power Flows;2021;2;103;103;103;LV;EE;Value on 3rd Wed. at 11;Export;Harmonized;M;M
Physical Energy & Power Flows;2021;3;5;5;5;LV;EE;Monthly Value;Export;Harmonized;M;M
Physical Energy & Power Flows;2021;3;149;149;149;LV;EE;Monthly Value;Import;Harmonized;M;M
Physical Energy & Power Flows;2021;3;290;290;290;LV;EE;Value on 3rd Wed. at 03;Import;Harmonized;M;M
Physical Energy & Power Flows;2021;3;67;67;67;LV;EE;Value on 3rd Wed. at 11;Export;Harmonized;M;M
Physical Energy & Power Flows;2021;4;5;5;5;LV;EE;Monthly Value;Export;Harmonized;M;M
Physical Energy & Power Flows;2021;4;192;192;192;LV;EE;Monthly Value;Import;Harmonized;M;M
Physical Energy & Power Flows;2021;4;424;424;424;LV;EE;Value on 3rd Wed. at 03;Import;Harmonized;M;M
Physical Energy & Power Flows;2021;4;292;292;292;LV;EE;Value on 3rd Wed. at 11;Import;Harmonized;M;M
Physical Energy & Power Flows;2021;5;4;4;4;LV;EE;Monthly Value;Export;Harmonized;M;M
Physical Energy & Power Flows;2021;5;162;162;162;LV;EE;Monthly Value;Import;Harmonized;M;M
Physical Energy & Power Flows;2021;5;501;501;501;LV;EE;Value on 3rd Wed. at 03;Import;Harmonized;M;M
Physical Energy & Power Flows;2021;5;372;372;372;LV;EE;Value on 3rd Wed. at 11;Import;Harmonized;M;M
Physical Energy & Power Flows;2021;6;1;1;1;LV;EE;Monthly Value;Export;Harmonized;M;M
Physical Energy & Power Flows;2021;6;273;273;273;LV;EE;Monthly Value;Import;Harmonized;M;M
Physical Energy & Power Flows;2021;6;734;734;734;LV;EE;Value on 3rd Wed. at 03;Import;Harmonized;M;M
Physical Energy & Power Flows;2021;6;121;121;121;LV;EE;Value on 3rd Wed. at 11;Import;Harmonized;M;M
Physical Energy & Power Flows;2021;7;4;4;4;LV;EE;Monthly Value;Export;Harmonized;M;M
Physical Energy & Power Flows;2021;7;308;308;308;LV;EE;Monthly Value;Import;Harmonized;M;M
Physical Energy & Power Flows;2021;7;775;775;775;LV;EE;Value on 3rd Wed. at 03;Import;Harmonized;M;M
Physical Energy & Power Flows;2021;7;654;654;654;LV;EE;Value on 3rd Wed. at 11;Import;Harmonized;M;M
Physical Energy & Power Flows;2021;8;444;444;444;LV;EE;Monthly Value;Import;Harmonized;M;M
Physical Energy & Power Flows;2021;8;653;653;653;LV;EE;Value on 3rd Wed. at 03;Import;Harmonized;M;M
Physical Energy & Power Flows;2021;8;570;570;570;LV;EE;Value on 3rd Wed. at 11;Import;Harmonized;M;M
Physical Energy & Power Flows;2021;9;0;0;0;LV;EE;Monthly Value;Export;Harmonized;M;M
Physical Energy & Power Flows;2021;9;456;456;456;LV;EE;Monthly Value;Import;Harmonized;M;M
Physical Energy & Power Flows;2021;9;559;559;559;LV;EE;Value on 3rd Wed. at 03;Import;Harmonized;M;M
Physical Energy & Power Flows;2021;9;14;14;14;LV;EE;Value on 3rd Wed. at 11;Export;Harmonized;M;M
Physical Energy & Power Flows;2021;10;0;0;0;LV;EE;Monthly Value;Export;Harmonized;M;M
Physical Energy & Power Flows;2021;10;345;345;345;LV;EE;Monthly Value;Import;Harmonized;M;M
Physical Energy & Power Flows;2021;10;322;322;322;LV;EE;Value on 3rd Wed. at 03;Import;Harmonized;M;M
Physical Energy & Power Flows;2021;10;241;241;241;LV;EE;Value on 3rd Wed. at 11;Import;Harmonized;M;M
Physical Energy & Power Flows;2021;11;13;13;13;LV;EE;Monthly Value;Export;Harmonized;M;M
Physical Energy & Power Flows;2021;11;123;123;123;LV;EE;Monthly Value;Import;Harmonized;M;M
Physical Energy & Power Flows;2021;11;241;241;241;LV;EE;Value on 3rd Wed. at 03;Import;Harmonized;M;M
Physical Energy & Power Flows;2021;11;332;332;332;LV;EE;Value on 3rd Wed. at 11;Import;Harmonized;M;M
Physical Energy & Power Flows;2021;12;27;27;27;LV;EE;Monthly Value;Export;Harmonized;M;M
Physical Energy & Power Flows;2021;12;126;126;126;LV;EE;Monthly Value;Import;Harmonized;M;M
Physical Energy & Power Flows;2021;12;377;377;377;LV;EE;Value on 3rd Wed. at 03;Import;Harmonized;M;M
Physical Energy & Power Flows;2021;12;231;231;231;LV;EE;Value on 3rd Wed. at 11;Import;Harmonized;M;M
Physical Energy & Power Flows;2021;1;122;122;122;LV;LT;Monthly Value;Export;Harmonized;M;M
Physical Energy & Power Flows;2021;1;32;32;32;LV;LT;Monthly Value;Import;Harmonized;M;M
Physical Energy & Power Flows;2021;1;346;346;346;LV;LT;Value on 3rd Wed. at 03;Export;Harmonized;M;M
Physical Energy & Power Flows;2021;1;236;236;236;LV;LT;Value on 3rd Wed. at 11;Export;Harmonized;M;M
Physical Energy & Power Flows;2021;2;153;153;153;LV;LT;Monthly Value;Export;Harmonized;M;M
Physical Energy & Power Flows;2021;2;28;28;28;LV;LT;Monthly Value;Import;Harmonized;M;M
Physical Energy & Power Flows;2021;2;218;218;218;LV;LT;Value on 3rd Wed. at 03;Export;Harmonized;M;M
Physical Energy & Power Flows;2021;2;204;204;204;LV;LT;Value on 3rd Wed. at 11;Import;Harmonized;M;M
Physical Energy & Power Flows;2021;3;274;274;274;LV;LT;Monthly Value;Export;Harmonized;M;M
Physical Energy & Power Flows;2021;3;3;3;3;LV;LT;Monthly Value;Import;Harmonized;M;M
Physical Energy & Power Flows;2021;3;313;313;313;LV;LT;Value on 3rd Wed. at 03;Export;Harmonized;M;M
Physical Energy & Power Flows;2021;3;139;139;139;LV;LT;Value on 3rd Wed. at 11;Export;Harmonized;M;M
Physical Energy & Power Flows;2021;4;319;319;319;LV;LT;Monthly Value;Export;Harmonized;M;M
Physical Energy & Power Flows;2021;4;3;3;3;LV;LT;Monthly Value;Import;Harmonized;M;M
Physical Energy & Power Flows;2021;4;455;455;455;LV;LT;Value on 3rd Wed. at 03;Export;Harmonized;M;M
Physical Energy & Power Flows;2021;4;372;372;372;LV;LT;Value on 3rd Wed. at 11;Export;Harmonized;M;M
Physical Energy & Power Flows;2021;5;169;169;169;LV;LT;Monthly Value;Export;Harmonized;M;M
Physical Energy & Power Flows;2021;5;16;16;16;LV;LT;Monthly Value;Import;Harmonized;M;M
Physical Energy & Power Flows;2021;5;403;403;403;LV;LT;Value on 3rd Wed. at 03;Export;Harmonized;M;M
Physical Energy & Power Flows;2021;5;123;123;123;LV;LT;Value on 3rd Wed. at 11;Export;Harmonized;M;M
Physical Energy & Power Flows;2021;6;153;153;153;LV;LT;Monthly Value;Export;Harmonized;M;M
Physical Energy & Power Flows;2021;6;32;32;32;LV;LT;Monthly Value;Import;Harmonized;M;M
Physical Energy & Power Flows;2021;6;416;416;416;LV;LT;Value on 3rd Wed. at 03;Export;Harmonized;M;M
Physical Energy & Power Flows;2021;6;13;13;13;LV;LT;Value on 3rd Wed. at 11;Import;Harmonized;M;M
Physical Energy & Power Flows;2021;7;134;134;134;LV;LT;Monthly Value;Export;Harmonized;M;M
Physical Energy & Power Flows;2021;7;50;50;50;LV;LT;Monthly Value;Import;Harmonized;M;M
Physical Energy & Power Flows;2021;7;523;523;523;LV;LT;Value on 3rd Wed. at 03;Export;Harmonized;M;M
Physical Energy & Power Flows;2021;7;243;243;243;LV;LT;Value on 3rd Wed. at 11;Export;Harmonized;M;M
Physical Energy & Power Flows;2021;8;138;138;138;LV;LT;Monthly Value;Export;Harmonized;M;M
Physical Energy & Power Flows;2021;8;23;23;23;LV;LT;Monthly Value;Import;Harmonized;M;M
Physical Energy & Power Flows;2021;8;357;357;357;LV;LT;Value on 3rd Wed. at 03;Export;Harmonized;M;M
Physical Energy & Power Flows;2021;8;118;118;118;LV;LT;Value on 3rd Wed. at 11;Export;Harmonized;M;M
Physical Energy & Power Flows;2021;9;285;285;285;LV;LT;Monthly Value;Export;Harmonized;M;M
Physical Energy & Power Flows;2021;9;2;2;2;LV;LT;Monthly Value;Import;Harmonized;M;M
Physical Energy & Power Flows;2021;9;317;317;317;LV;LT;Value on 3rd Wed. at 03;Export;Harmonized;M;M
Physical Energy & Power Flows;2021;9;315;315;315;LV;LT;Value on 3rd Wed. at 11;Export;Harmonized;M;M
Physical Energy & Power Flows;2021;10;124;124;124;LV;LT;Monthly Value;Export;Harmonized;M;M
Physical Energy & Power Flows;2021;10;38;38;38;LV;LT;Monthly Value;Import;Harmonized;M;M
Physical Energy & Power Flows;2021;10;98;98;98;LV;LT;Value on 3rd Wed. at 03;Export;Harmonized;M;M
Physical Energy & Power Flows;2021;10;402;402;402;LV;LT;Value on 3rd Wed. at 11;Import;Harmonized;M;M
Physical Energy & Power Flows;2021;11;45;45;45;LV;LT;Monthly Value;Export;Harmonized;M;M
Physical Energy & Power Flows;2021;11;106;106;106;LV;LT;Monthly Value;Import;Harmonized;M;M
Physical Energy & Power Flows;2021;11;12;12;12;LV;LT;Value on 3rd Wed. at 03;Export;Harmonized;M;M
Physical Energy & Power Flows;2021;11;219;219;219;LV;LT;Value on 3rd Wed. at 11;Export;Harmonized;M;M
Physical Energy & Power Flows;2021;12;145;145;145;LV;LT;Monthly Value;Export;Harmonized;M;M
Physical Energy & Power Flows;2021;12;78;78;78;LV;LT;Monthly Value;Import;Harmonized;M;M
Physical Energy & Power Flows;2021;12;313;313;313;LV;LT;Value on 3rd Wed. at 03;Export;Harmonized;M;M
Physical Energy & Power Flows;2021;12;371;371;371;LV;LT;Value on 3rd Wed. at 11;Export;Harmonized;M;M
Physical Energy & Power Flows;2021;1;8;8;8;LV;RU;Monthly Value;Export;Harmonized;M;NaM
Physical Energy & Power Flows;2021;1;54;54;54;LV;RU;Monthly Value;Import;Harmonized;M;NaM
Physical Energy & Power Flows;2021;1;202;202;202;LV;RU;Value on 3rd Wed. at 03;Import;Harmonized;M;NaM
Physical Energy & Power Flows;2021;1;68;68;68;LV;RU;Value on 3rd Wed. at 11;Import;Harmonized;M;NaM
Physical Energy & Power Flows;2021;2;6;6;6;LV;RU;Monthly Value;Export;Harmonized;M;NaM
Physical Energy & Power Flows;2021;2;61;61;61;LV;RU;Monthly Value;Import;Harmonized;M;NaM
Physical Energy & Power Flows;2021;2;132;132;132;LV;RU;Value on 3rd Wed. at 03;Import;Harmonized;M;NaM
Physical Energy & Power Flows;2021;2;9;9;9;LV;RU;Value on 3rd Wed. at 11;Export;Harmonized;M;NaM
Physical Energy & Power Flows;2021;3;2;2;2;LV;RU;Monthly Value;Export;Harmonized;M;NaM
Physical Energy & Power Flows;2021;3;74;74;74;LV;RU;Monthly Value;Import;Harmonized;M;NaM
Physical Energy & Power Flows;2021;3;86;86;86;LV;RU;Value on 3rd Wed. at 03;Import;Harmonized;M;NaM
Physical Energy & Power Flows;2021;3;54;54;54;LV;RU;Value on 3rd Wed. at 11;Export;Harmonized;M;NaM
Physical Energy & Power Flows;2021;4;4;4;4;LV;RU;Monthly Value;Export;Harmonized;M;NaM
Physical Energy & Power Flows;2021;4;58;58;58;LV;RU;Monthly Value;Import;Harmonized;M;NaM
Physical Energy & Power Flows;2021;4;125;125;125;LV;RU;Value on 3rd Wed. at 03;Import;Harmonized;M;NaM
Physical Energy & Power Flows;2021;4;102;102;102;LV;RU;Value on 3rd Wed. at 11;Import;Harmonized;M;NaM
Physical Energy & Power Flows;2021;5;5;5;5;LV;RU;Monthly Value;Export;Harmonized;M;NaM
Physical Energy & Power Flows;2021;5;44;44;44;LV;RU;Monthly Value;Import;Harmonized;M;NaM
Physical Energy & Power Flows;2021;5;161;161;161;LV;RU;Value on 3rd Wed. at 03;Import;Harmonized;M;NaM
Physical Energy & Power Flows;2021;5;90;90;90;LV;RU;Value on 3rd Wed. at 11;Import;Harmonized;M;NaM
Physical Energy & Power Flows;2021;6;0;0;0;LV;RU;Monthly Value;Export;Harmonized;M;NaM
Physical Energy & Power Flows;2021;6;48;48;48;LV;RU;Monthly Value;Import;Harmonized;M;NaM
Physical Energy & Power Flows;2021;6;162;162;162;LV;RU;Value on 3rd Wed. at 03;Import;Harmonized;M;NaM
Physical Energy & Power Flows;2021;6;5;5;5;LV;RU;Value on 3rd Wed. at 11;Import;Harmonized;M;NaM
Physical Energy & Power Flows;2021;7;1;1;1;LV;RU;Monthly Value;Export;Harmonized;M;NaM
Physical Energy & Power Flows;2021;7;70;70;70;LV;RU;Monthly Value;Import;Harmonized;M;NaM
Physical Energy & Power Flows;2021;7;82;82;82;LV;RU;Value on 3rd Wed. at 03;Import;Harmonized;M;NaM
Physical Energy & Power Flows;2021;7;80;80;80;LV;RU;Value on 3rd Wed. at 11;Import;Harmonized;M;NaM
Physical Energy & Power Flows;2021;8;0;0;0;LV;RU;Monthly Value;Export;Harmonized;M;NaM
Physical Energy & Power Flows;2021;8;88;88;88;LV;RU;Monthly Value;Import;Harmonized;M;NaM
Physical Energy & Power Flows;2021;8;202;202;202;LV;RU;Value on 3rd Wed. at 03;Import;Harmonized;M;NaM
Physical Energy & Power Flows;2021;8;91;91;91;LV;RU;Value on 3rd Wed. at 11;Import;Harmonized;M;NaM
Physical Energy & Power Flows;2021;9;88;88;88;LV;RU;Monthly Value;Import;Harmonized;M;NaM
Physical Energy & Power Flows;2021;9;0;0;0;LV;RU;Value on 3rd Wed. at 03;Import;Harmonized;M;NaM
Physical Energy & Power Flows;2021;9;0;0;0;LV;RU;Value on 3rd Wed. at 11;Import;Harmonized;M;NaM
Physical Energy & Power Flows;2021;10;1;1;1;LV;RU;Monthly Value;Export;Harmonized;M;NaM
Physical Energy & Power Flows;2021;10;75;75;75;LV;RU;Monthly Value;Import;Harmonized;M;NaM
Physical Energy & Power Flows;2021;10;161;161;161;LV;RU;Value on 3rd Wed. at 03;Import;Harmonized;M;NaM
Physical Energy & Power Flows;2021;10;60;60;60;LV;RU;Value on 3rd Wed. at 11;Import;Harmonized;M;NaM
Physical Energy & Power Flows;2021;11;9;9;9;LV;RU;Monthly Value;Export;Harmonized;M;NaM
Physical Energy & Power Flows;2021;11;36;36;36;LV;RU;Monthly Value;Import;Harmonized;M;NaM
Physical Energy & Power Flows;2021;11;94;94;94;LV;RU;Value on 3rd Wed. at 03;Import;Harmonized;M;NaM
Physical Energy & Power Flows;2021;11;187;187;187;LV;RU;Value on 3rd Wed. at 11;Import;Harmonized;M;NaM
Physical Energy & Power Flows;2021;12;18;18;18;LV;RU;Monthly Value;Export;Harmonized;M;NaM
Physical Energy & Power Flows;2021;12;22;22;22;LV;RU;Monthly Value;Import;Harmonized;M;NaM
Physical Energy & Power Flows;2021;12;122;122;122;LV;RU;Value on 3rd Wed. at 03;Import;Harmonized;M;NaM
Physical Energy & Power Flows;2021;12;31;31;31;LV;RU;Value on 3rd Wed. at 11;Import;Harmonized;M;NaM
Physical Energy & Power Flows;2021;1;0;0;0;MD;RO;Monthly Value;Import;Harmonized;NaM;M
Physical Energy & Power Flows;2021;1;0;0;0;MD;RO;Value on 3rd Wed. at 03;Import;Harmonized;NaM;M
Physical Energy & Power Flows;2021;1;0;0;0;MD;RO;Value on 3rd Wed. at 11;Import;Harmonized;NaM;M
Physical Energy & Power Flows;2021;2;0;0;0;MD;RO;Monthly Value;Import;Harmonized;NaM;M
Physical Energy & Power Flows;2021;2;0;0;0;MD;RO;Value on 3rd Wed. at 03;Import;Harmonized;NaM;M
Physical Energy & Power Flows;2021;2;0;0;0;MD;RO;Value on 3rd Wed. at 11;Import;Harmonized;NaM;M
Physical Energy & Power Flows;2021;3;0;0;0;MD;RO;Monthly Value;Import;Harmonized;NaM;M
Physical Energy & Power Flows;2021;3;0;0;0;MD;RO;Value on 3rd Wed. at 03;Import;Harmonized;NaM;M
Physical Energy & Power Flows;2021;3;0;0;0;MD;RO;Value on 3rd Wed. at 11;Import;Harmonized;NaM;M
Physical Energy & Power Flows;2021;4;0;0;0;MD;RO;Monthly Value;Import;Harmonized;NaM;M
Physical Energy & Power Flows;2021;4;0;0;0;MD;RO;Value on 3rd Wed. at 03;Import;Harmonized;NaM;M
Physical Energy & Power Flows;2021;4;0;0;0;MD;RO;Value on 3rd Wed. at 11;Import;Harmonized;NaM;M
Physical Energy & Power Flows;2021;5;0;0;0;MD;RO;Monthly Value;Import;Harmonized;NaM;M
Physical Energy & Power Flows;2021;5;0;0;0;MD;RO;Value on 3rd Wed. at 03;Import;Harmonized;NaM;M
Physical Energy & Power Flows;2021;5;0;0;0;MD;RO;Value on 3rd Wed. at 11;Import;Harmonized;NaM;M
Physical Energy & Power Flows;2021;6;0;0;0;MD;RO;Monthly Value;Import;Harmonized;NaM;M
Physical Energy & Power Flows;2021;6;0;0;0;MD;RO;Value on 3rd Wed. at 03;Import;Harmonized;NaM;M
Physical Energy & Power Flows;2021;6;0;0;0;MD;RO;Value on 3rd Wed. at 11;Import;Harmonized;NaM;M
Physical Energy & Power Flows;2021;7;0;0;0;MD;RO;Monthly Value;Import;Harmonized;NaM;M
Physical Energy & Power Flows;2021;7;0;0;0;MD;RO;Value on 3rd Wed. at 03;Import;Harmonized;NaM;M
Physical Energy & Power Flows;2021;7;0;0;0;MD;RO;Value on 3rd Wed. at 11;Import;Harmonized;NaM;M
Physical Energy & Power Flows;2021;8;0;0;0;MD;RO;Monthly Value;Import;Harmonized;NaM;M
Physical Energy & Power Flows;2021;8;0;0;0;MD;RO;Value on 3rd Wed. at 03;Import;Harmonized;NaM;M
Physical Energy & Power Flows;2021;8;0;0;0;MD;RO;Value on 3rd Wed. at 11;Import;Harmonized;NaM;M
Physical Energy & Power Flows;2021;9;0;0;0;MD;RO;Monthly Value;Import;Harmonized;NaM;M
Physical Energy & Power Flows;2021;9;0;0;0;MD;RO;Value on 3rd Wed. at 03;Import;Harmonized;NaM;M
Physical Energy & Power Flows;2021;9;0;0;0;MD;RO;Value on 3rd Wed. at 11;Import;Harmonized;NaM;M
Physical Energy & Power Flows;2021;10;0;0;0;MD;RO;Monthly Value;Import;Harmonized;NaM;M
Physical Energy & Power Flows;2021;10;0;0;0;MD;RO;Value on 3rd Wed. at 03;Import;Harmonized;NaM;M
Physical Energy & Power Flows;2021;10;0;0;0;MD;RO;Value on 3rd Wed. at 11;Import;Harmonized;NaM;M
Physical Energy & Power Flows;2021;11;0;0;0;MD;RO;Monthly Value;Import;Harmonized;NaM;M
Physical Energy & Power Flows;2021;11;0;0;0;MD;RO;Value on 3rd Wed. at 03;Import;Harmonized;NaM;M
Physical Energy & Power Flows;2021;11;0;0;0;MD;RO;Value on 3rd Wed. at 11;Import;Harmonized;NaM;M
Physical Energy & Power Flows;2021;12;0;0;0;MD;RO;Monthly Value;Import;Harmonized;NaM;M
Physical Energy & Power Flows;2021;12;0;0;0;MD;RO;Value on 3rd Wed. at 03;Import;Harmonized;NaM;M
Physical Energy & Power Flows;2021;12;0;0;0;MD;RO;Value on 3rd Wed. at 11;Import;Harmonized;NaM;M
Physical Energy & Power Flows;2021;1;13;13;13;MD;UA;Monthly Value;Export;Harmonized;NaM;NaM
Physical Energy & Power Flows;2021;1;9;9;9;MD;UA;Monthly Value;Import;Harmonized;NaM;NaM
Physical Energy & Power Flows;2021;1;21;21;21;MD;UA;Value on 3rd Wed. at 03;Import;Harmonized;NaM;NaM
Physical Energy & Power Flows;2021;1;0;0;0;MD;UA;Value on 3rd Wed. at 11;Import;Harmonized;NaM;NaM
Physical Energy & Power Flows;2021;2;13;13;13;MD;UA;Monthly Value;Export;Harmonized;NaM;NaM
Physical Energy & Power Flows;2021;2;9;9;9;MD;UA;Monthly Value;Import;Harmonized;NaM;NaM
Physical Energy & Power Flows;2021;2;101;101;101;MD;UA;Value on 3rd Wed. at 03;Import;Harmonized;NaM;NaM
Physical Energy & Power Flows;2021;2;39;39;39;MD;UA;Value on 3rd Wed. at 11;Export;Harmonized;NaM;NaM
Physical Energy & Power Flows;2021;3;13;13;13;MD;UA;Monthly Value;Export;Harmonized;NaM;NaM
Physical Energy & Power Flows;2021;3;11;11;11;MD;UA;Monthly Value;Import;Harmonized;NaM;NaM
Physical Energy & Power Flows;2021;3;37;37;37;MD;UA;Value on 3rd Wed. at 03;Export;Harmonized;NaM;NaM
Physical Energy & Power Flows;2021;3;12;12;12;MD;UA;Value on 3rd Wed. at 11;Export;Harmonized;NaM;NaM
Physical Energy & Power Flows;2021;4;6;6;6;MD;UA;Monthly Value;Export;Harmonized;NaM;NaM
Physical Energy & Power Flows;2021;4;22;22;22;MD;UA;Monthly Value;Import;Harmonized;NaM;NaM
Physical Energy & Power Flows;2021;4;34;34;34;MD;UA;Value on 3rd Wed. at 03;Import;Harmonized;NaM;NaM
Physical Energy & Power Flows;2021;4;4;4;4;MD;UA;Value on 3rd Wed. at 11;Import;Harmonized;NaM;NaM
Physical Energy & Power Flows;2021;5;4;4;4;MD;UA;Monthly Value;Export;Harmonized;NaM;NaM
Physical Energy & Power Flows;2021;5;29;29;29;MD;UA;Monthly Value;Import;Harmonized;NaM;NaM
Physical Energy & Power Flows;2021;5;32;32;32;MD;UA;Value on 3rd Wed. at 03;Import;Harmonized;NaM;NaM
Physical Energy & Power Flows;2021;5;61;61;61;MD;UA;Value on 3rd Wed. at 11;Import;Harmonized;NaM;NaM
Physical Energy & Power Flows;2021;6;5;5;5;MD;UA;Monthly Value;Export;Harmonized;NaM;NaM
Physical Energy & Power Flows;2021;6;26;26;26;MD;UA;Monthly Value;Import;Harmonized;NaM;NaM
Physical Energy & Power Flows;2021;6;19;19;19;MD;UA;Value on 3rd Wed. at 03;Export;Harmonized;NaM;NaM
Physical Energy & Power Flows;2021;6;78;78;78;MD;UA;Value on 3rd Wed. at 11;Import;Harmonized;NaM;NaM
Physical Energy & Power Flows;2021;7;4;4;4;MD;UA;Monthly Value;Export;Harmonized;NaM;NaM
Physical Energy & Power Flows;2021;7;38;38;38;MD;UA;Monthly Value;Import;Harmonized;NaM;NaM
Physical Energy & Power Flows;2021;7;50;50;50;MD;UA;Value on 3rd Wed. at 03;Export;Harmonized;NaM;NaM
Physical Energy & Power Flows;2021;7;69;69;69;MD;UA;Value on 3rd Wed. at 11;Import;Harmonized;NaM;NaM
Physical Energy & Power Flows;2021;8;3;3;3;MD;UA;Monthly Value;Export;Harmonized;NaM;NaM
Physical Energy & Power Flows;2021;8;36;36;36;MD;UA;Monthly Value;Import;Harmonized;NaM;NaM
Physical Energy & Power Flows;2021;8;78;78;78;MD;UA;Value on 3rd Wed. at 03;Import;Harmonized;NaM;NaM
Physical Energy & Power Flows;2021;8;100;100;100;MD;UA;Value on 3rd Wed. at 11;Import;Harmonized;NaM;NaM
Physical Energy & Power Flows;2021;9;14;14;14;MD;UA;Monthly Value;Export;Harmonized;NaM;NaM
Physical Energy & Power Flows;2021;9;13;13;13;MD;UA;Monthly Value;Import;Harmonized;NaM;NaM
Physical Energy & Power Flows;2021;9;20;20;20;MD;UA;Value on 3rd Wed. at 03;Import;Harmonized;NaM;NaM
Physical Energy & Power Flows;2021;9;6;6;6;MD;UA;Value on 3rd Wed. at 11;Import;Harmonized;NaM;NaM
Physical Energy & Power Flows;2021;10;8;8;8;MD;UA;Monthly Value;Export;Harmonized;NaM;NaM
Physical Energy & Power Flows;2021;10;36;36;36;MD;UA;Monthly Value;Import;Harmonized;NaM;NaM
Physical Energy & Power Flows;2021;10;20;20;20;MD;UA;Value on 3rd Wed. at 03;Import;Harmonized;NaM;NaM
Physical Energy & Power Flows;2021;10;48;48;48;MD;UA;Value on 3rd Wed. at 11;Import;Harmonized;NaM;NaM
Physical Energy & Power Flows;2021;11;14;14;14;MD;UA;Monthly Value;Export;Harmonized;NaM;NaM
Physical Energy & Power Flows;2021;11;9;9;9;MD;UA;Monthly Value;Import;Harmonized;NaM;NaM
Physical Energy & Power Flows;2021;11;74;74;74;MD;UA;Value on 3rd Wed. at 03;Import;Harmonized;NaM;NaM
Physical Energy & Power Flows;2021;11;36;36;36;MD;UA;Value on 3rd Wed. at 11;Export;Harmonized;NaM;NaM
Physical Energy & Power Flows;2021;12;39;39;39;MD;UA;Monthly Value;Export;Harmonized;NaM;NaM
Physical Energy & Power Flows;2021;12;9;9;9;MD;UA;Monthly Value;Import;Harmonized;NaM;NaM
Physical Energy & Power Flows;2021;12;150;150;150;MD;UA;Value on 3rd Wed. at 03;Export;Harmonized;NaM;NaM
Physical Energy & Power Flows;2021;12;48;48;48;MD;UA;Value on 3rd Wed. at 11;Import;Harmonized;NaM;NaM
Physical Energy & Power Flows;2021;1;19;19;19;ME;AL;Monthly Value;Export;Harmonized;M;M
Physical Energy & Power Flows;2021;1;135;135;135;ME;AL;Monthly Value;Import;Harmonized;M;M
Physical Energy & Power Flows;2021;1;190;190;190;ME;AL;Value on 3rd Wed. at 03;Import;Harmonized;M;M
Physical Energy & Power Flows;2021;1;27;27;27;ME;AL;Value on 3rd Wed. at 11;Import;Harmonized;M;M
Physical Energy & Power Flows;2021;2;13;13;13;ME;AL;Monthly Value;Export;Harmonized;M;M
Physical Energy & Power Flows;2021;2;120;120;120;ME;AL;Monthly Value;Import;Harmonized;M;M
Physical Energy & Power Flows;2021;2;111;111;111;ME;AL;Value on 3rd Wed. at 03;Import;Harmonized;M;M
Physical Energy & Power Flows;2021;2;74;74;74;ME;AL;Value on 3rd Wed. at 11;Import;Harmonized;M;M
Physical Energy & Power Flows;2021;3;27;27;27;ME;AL;Monthly Value;Export;Harmonized;M;M
Physical Energy & Power Flows;2021;3;58;58;58;ME;AL;Monthly Value;Import;Harmonized;M;M
Physical Energy & Power Flows;2021;3;22;22;22;ME;AL;Value on 3rd Wed. at 03;Import;Harmonized;M;M
Physical Energy & Power Flows;2021;3;146;146;146;ME;AL;Value on 3rd Wed. at 11;Import;Harmonized;M;M
Physical Energy & Power Flows;2021;4;3;3;3;ME;AL;Monthly Value;Export;Harmonized;M;M
Physical Energy & Power Flows;2021;4;191;191;191;ME;AL;Monthly Value;Import;Harmonized;M;M
Physical Energy & Power Flows;2021;4;103;103;103;ME;AL;Value on 3rd Wed. at 03;Import;Harmonized;M;M
Physical Energy & Power Flows;2021;4;581;581;581;ME;AL;Value on 3rd Wed. at 11;Import;Harmonized;M;M
Physical Energy & Power Flows;2021;5;3;3;3;ME;AL;Monthly Value;Export;Harmonized;M;M
Physical Energy & Power Flows;2021;5;210;210;210;ME;AL;Monthly Value;Import;Harmonized;M;M
Physical Energy & Power Flows;2021;5;325;325;325;ME;AL;Value on 3rd Wed. at 03;Import;Harmonized;M;M
Physical Energy & Power Flows;2021;5;324;324;324;ME;AL;Value on 3rd Wed. at 11;Import;Harmonized;M;M
Physical Energy & Power Flows;2021;6;18;18;18;ME;AL;Monthly Value;Export;Harmonized;M;M
Physical Energy & Power Flows;2021;6;94;94;94;ME;AL;Monthly Value;Import;Harmonized;M;M
Physical Energy & Power Flows;2021;6;213;213;213;ME;AL;Value on 3rd Wed. at 03;Import;Harmonized;M;M
Physical Energy & Power Flows;2021;6;313;313;313;ME;AL;Value on 3rd Wed. at 11;Import;Harmonized;M;M
Physical Energy & Power Flows;2021;7;44;44;44;ME;AL;Monthly Value;Export;Harmonized;M;M
Physical Energy & Power Flows;2021;7;71;71;71;ME;AL;Monthly Value;Import;Harmonized;M;M
Physical Energy & Power Flows;2021;7;157;157;157;ME;AL;Value on 3rd Wed. at 03;Export;Harmonized;M;M
Physical Energy & Power Flows;2021;7;4;4;4;ME;AL;Value on 3rd Wed. at 11;Import;Harmonized;M;M
Physical Energy & Power Flows;2021;8;92;92;92;ME;AL;Monthly Value;Export;Harmonized;M;M
Physical Energy & Power Flows;2021;8;27;27;27;ME;AL;Monthly Value;Import;Harmonized;M;M
Physical Energy & Power Flows;2021;8;46;46;46;ME;AL;Value on 3rd Wed. at 03;Export;Harmonized;M;M
Physical Energy & Power Flows;2021;8;270;270;270;ME;AL;Value on 3rd Wed. at 11;Export;Harmonized;M;M
Physical Energy & Power Flows;2021;9;9;9;9;ME;AL;Monthly Value;Export;Harmonized;M;M
Physical Energy & Power Flows;2021;9;71;71;71;ME;AL;Monthly Value;Import;Harmonized;M;M
Physical Energy & Power Flows;2021;9;269;269;269;ME;AL;Value on 3rd Wed. at 03;Import;Harmonized;M;M
Physical Energy & Power Flows;2021;9;27;27;27;ME;AL;Value on 3rd Wed. at 11;Export;Harmonized;M;M
Physical Energy & Power Flows;2021;10;41;41;41;ME;AL;Monthly Value;Export;Harmonized;M;M
Physical Energy & Power Flows;2021;10;45;45;45;ME;AL;Monthly Value;Import;Harmonized;M;M
Physical Energy & Power Flows;2021;10;13;13;13;ME;AL;Value on 3rd Wed. at 03;Export;Harmonized;M;M
Physical Energy & Power Flows;2021;10;177;177;177;ME;AL;Value on 3rd Wed. at 11;Export;Harmonized;M;M
Physical Energy & Power Flows;2021;11;120;120;120;ME;AL;Monthly Value;Export;Harmonized;M;M
Physical Energy & Power Flows;2021;11;23;23;23;ME;AL;Monthly Value;Import;Harmonized;M;M
Physical Energy & Power Flows;2021;11;10;10;10;ME;AL;Value on 3rd Wed. at 03;Import;Harmonized;M;M
Physical Energy & Power Flows;2021;11;480;480;480;ME;AL;Value on 3rd Wed. at 11;Export;Harmonized;M;M
Physical Energy & Power Flows;2021;12;17;17;17;ME;AL;Monthly Value;Export;Harmonized;M;M
Physical Energy & Power Flows;2021;12;126;126;126;ME;AL;Monthly Value;Import;Harmonized;M;M
Physical Energy & Power Flows;2021;12;354;354;354;ME;AL;Value on 3rd Wed. at 03;Import;Harmonized;M;M
Physical Energy & Power Flows;2021;12;340;340;340;ME;AL;Value on 3rd Wed. at 11;Import;Harmonized;M;M
Physical Energy & Power Flows;2021;1;12;12;12;ME;BA;Monthly Value;Export;Harmonized;M;M
Physical Energy & Power Flows;2021;1;180;180;180;ME;BA;Monthly Value;Import;Harmonized;M;M
Physical Energy & Power Flows;2021;1;407;407;407;ME;BA;Value on 3rd Wed. at 03;Import;Harmonized;M;M
Physical Energy & Power Flows;2021;1;242;242;242;ME;BA;Value on 3rd Wed. at 11;Import;Harmonized;M;M
Physical Energy & Power Flows;2021;2;2;2;2;ME;BA;Monthly Value;Export;Harmonized;M;M
Physical Energy & Power Flows;2021;2;245;245;245;ME;BA;Monthly Value;Import;Harmonized;M;M
Physical Energy & Power Flows;2021;2;682;682;682;ME;BA;Value on 3rd Wed. at 03;Import;Harmonized;M;M
Physical Energy & Power Flows;2021;2;327;327;327;ME;BA;Value on 3rd Wed. at 11;Import;Harmonized;M;M
Physical Energy & Power Flows;2021;3;2;2;2;ME;BA;Monthly Value;Export;Harmonized;M;M
Physical Energy & Power Flows;2021;3;261;261;261;ME;BA;Monthly Value;Import;Harmonized;M;M
Physical Energy & Power Flows;2021;3;216;216;216;ME;BA;Value on 3rd Wed. at 03;Import;Harmonized;M;M
Physical Energy & Power Flows;2021;3;210;210;210;ME;BA;Value on 3rd Wed. at 11;Import;Harmonized;M;M
Physical Energy & Power Flows;2021;4;26;26;26;ME;BA;Monthly Value;Export;Harmonized;M;M
Physical Energy & Power Flows;2021;4;133;133;133;ME;BA;Monthly Value;Import;Harmonized;M;M
Physical Energy & Power Flows;2021;4;144;144;144;ME;BA;Value on 3rd Wed. at 03;Import;Harmonized;M;M
Physical Energy & Power Flows;2021;4;412;412;412;ME;BA;Value on 3rd Wed. at 11;Export;Harmonized;M;M
Physical Energy & Power Flows;2021;5;29;29;29;ME;BA;Monthly Value;Export;Harmonized;M;M
Physical Energy & Power Flows;2021;5;124;124;124;ME;BA;Monthly Value;Import;Harmonized;M;M
Physical Energy & Power Flows;2021;5;52;52;52;ME;BA;Value on 3rd Wed. at 03;Import;Harmonized;M;M
Physical Energy & Power Flows;2021;5;326;326;326;ME;BA;Value on 3rd Wed. at 11;Export;Harmonized;M;M
Physical Energy & Power Flows;2021;6;33;33;33;ME;BA;Monthly Value;Export;Harmonized;M;M
Physical Energy & Power Flows;2021;6;137;137;137;ME;BA;Monthly Value;Import;Harmonized;M;M
Physical Energy & Power Flows;2021;6;245;245;245;ME;BA;Value on 3rd Wed. at 03;Export;Harmonized;M;M
Physical Energy & Power Flows;2021;6;177;177;177;ME;BA;Value on 3rd Wed. at 11;Export;Harmonized;M;M
Physical Energy & Power Flows;2021;7;14;14;14;ME;BA;Monthly Value;Export;Harmonized;M;M
Physical Energy & Power Flows;2021;7;174;174;174;ME;BA;Monthly Value;Import;Harmonized;M;M
Physical Energy & Power Flows;2021;7;79;79;79;ME;BA;Value on 3rd Wed. at 03;Import;Harmonized;M;M
Physical Energy & Power Flows;2021;7;112;112;112;ME;BA;Value on 3rd Wed. at 11;Import;Harmonized;M;M
Physical Energy & Power Flows;2021;8;3;3;3;ME;BA;Monthly Value;Export;Harmonized;M;M
Physical Energy & Power Flows;2021;8;273;273;273;ME;BA;Monthly Value;Import;Harmonized;M;M
Physical Energy & Power Flows;2021;8;452;452;452;ME;BA;Value on 3rd Wed. at 03;Import;Harmonized;M;M
Physical Energy & Power Flows;2021;8;351;351;351;ME;BA;Value on 3rd Wed. at 11;Import;Harmonized;M;M
Physical Energy & Power Flows;2021;9;16;16;16;ME;BA;Monthly Value;Export;Harmonized;M;M
Physical Energy & Power Flows;2021;9;98;98;98;ME;BA;Monthly Value;Import;Harmonized;M;M
Physical Energy & Power Flows;2021;9;6;6;6;ME;BA;Value on 3rd Wed. at 03;Import;Harmonized;M;M
Physical Energy & Power Flows;2021;9;43;43;43;ME;BA;Value on 3rd Wed. at 11;Export;Harmonized;M;M
Physical Energy & Power Flows;2021;10;3;3;3;ME;BA;Monthly Value;Export;Harmonized;M;M
Physical Energy & Power Flows;2021;10;221;221;221;ME;BA;Monthly Value;Import;Harmonized;M;M
Physical Energy & Power Flows;2021;10;534;534;534;ME;BA;Value on 3rd Wed. at 03;Import;Harmonized;M;M
Physical Energy & Power Flows;2021;10;296;296;296;ME;BA;Value on 3rd Wed. at 11;Import;Harmonized;M;M
Physical Energy & Power Flows;2021;11;6;6;6;ME;BA;Monthly Value;Export;Harmonized;M;M
Physical Energy & Power Flows;2021;11;269;269;269;ME;BA;Monthly Value;Import;Harmonized;M;M
Physical Energy & Power Flows;2021;11;323;323;323;ME;BA;Value on 3rd Wed. at 03;Import;Harmonized;M;M
Physical Energy & Power Flows;2021;11;249;249;249;ME;BA;Value on 3rd Wed. at 11;Import;Harmonized;M;M
Physical Energy & Power Flows;2021;12;19;19;19;ME;BA;Monthly Value;Export;Harmonized;M;M
Physical Energy & Power Flows;2021;12;213;213;213;ME;BA;Monthly Value;Import;Harmonized;M;M
Physical Energy & Power Flows;2021;12;176;176;176;ME;BA;Value on 3rd Wed. at 03;Import;Harmonized;M;M
Physical Energy & Power Flows;2021;12;216;216;216;ME;BA;Value on 3rd Wed. at 11;Export;Harmonized;M;M
Physical Energy & Power Flows;2021;1;306;306;306;ME;IT;Monthly Value;Export;Harmonized;M;M
Physical Energy & Power Flows;2021;1;10;10;10;ME;IT;Monthly Value;Import;Harmonized;M;M
Physical Energy & Power Flows;2021;1;561;561;561;ME;IT;Value on 3rd Wed. at 03;Export;Harmonized;M;M
Physical Energy & Power Flows;2021;1;197;197;197;ME;IT;Value on 3rd Wed. at 11;Export;Harmonized;M;M
Physical Energy & Power Flows;2021;2;359;359;359;ME;IT;Monthly Value;Export;Harmonized;M;M
Physical Energy & Power Flows;2021;2;601;601;601;ME;IT;Value on 3rd Wed. at 03;Export;Harmonized;M;M
Physical Energy & Power Flows;2021;2;289;289;289;ME;IT;Value on 3rd Wed. at 11;Export;Harmonized;M;M
Physical Energy & Power Flows;2021;3;376;376;376;ME;IT;Monthly Value;Export;Harmonized;M;M
Physical Energy & Power Flows;2021;3;1;1;1;ME;IT;Monthly Value;Import;Harmonized;M;M
Physical Energy & Power Flows;2021;3;587;587;587;ME;IT;Value on 3rd Wed. at 03;Export;Harmonized;M;M
Physical Energy & Power Flows;2021;3;544;544;544;ME;IT;Value on 3rd Wed. at 11;Export;Harmonized;M;M
Physical Energy & Power Flows;2021;4;344;344;344;ME;IT;Monthly Value;Export;Harmonized;M;M
Physical Energy & Power Flows;2021;4;5;5;5;ME;IT;Monthly Value;Import;Harmonized;M;M
Physical Energy & Power Flows;2021;4;287;287;287;ME;IT;Value on 3rd Wed. at 03;Export;Harmonized;M;M
Physical Energy & Power Flows;2021;4;1;1;1;ME;IT;Value on 3rd Wed. at 11;Export;Harmonized;M;M
Physical Energy & Power Flows;2021;5;381;381;381;ME;IT;Monthly Value;Export;Harmonized;M;M
Physical Energy & Power Flows;2021;5;4;4;4;ME;IT;Monthly Value;Import;Harmonized;M;M
Physical Energy & Power Flows;2021;5;539;539;539;ME;IT;Value on 3rd Wed. at 03;Export;Harmonized;M;M
Physical Energy & Power Flows;2021;5;169;169;169;ME;IT;Value on 3rd Wed. at 11;Import;Harmonized;M;M
Physical Energy & Power Flows;2021;6;210;210;210;ME;IT;Monthly Value;Export;Harmonized;M;M
Physical Energy & Power Flows;2021;6;11;11;11;ME;IT;Monthly Value;Import;Harmonized;M;M
Physical Energy & Power Flows;2021;6;0;0;0;ME;IT;Value on 3rd Wed. at 03;Import;Harmonized;M;M
Physical Energy & Power Flows;2021;6;0;0;0;ME;IT;Value on 3rd Wed. at 11;Import;Harmonized;M;M
Physical Energy & Power Flows;2021;7;200;200;200;ME;IT;Monthly Value;Export;Harmonized;M;M
Physical Energy & Power Flows;2021;7;12;12;12;ME;IT;Monthly Value;Import;Harmonized;M;M
Physical Energy & Power Flows;2021;7;1;1;1;ME;IT;Value on 3rd Wed. at 03;Export;Harmonized;M;M
Physical Energy & Power Flows;2021;7;1;1;1;ME;IT;Value on 3rd Wed. at 11;Export;Harmonized;M;M
Physical Energy & Power Flows;2021;8;182;182;182;ME;IT;Monthly Value;Export;Harmonized;M;M
Physical Energy & Power Flows;2021;8;49;49;49;ME;IT;Monthly Value;Import;Harmonized;M;M
Physical Energy & Power Flows;2021;8;564;564;564;ME;IT;Value on 3rd Wed. at 03;Export;Harmonized;M;M
Physical Energy & Power Flows;2021;8;245;245;245;ME;IT;Value on 3rd Wed. at 11;Import;Harmonized;M;M
Physical Energy & Power Flows;2021;9;239;239;239;ME;IT;Monthly Value;Export;Harmonized;M;M
Physical Energy & Power Flows;2021;9;1;1;1;ME;IT;Monthly Value;Import;Harmonized;M;M
Physical Energy & Power Flows;2021;9;593;593;593;ME;IT;Value on 3rd Wed. at 03;Export;Harmonized;M;M
Physical Energy & Power Flows;2021;9;172;172;172;ME;IT;Value on 3rd Wed. at 11;Export;Harmonized;M;M
Physical Energy & Power Flows;2021;10;262;262;262;ME;IT;Monthly Value;Export;Harmonized;M;M
Physical Energy & Power Flows;2021;10;26;26;26;ME;IT;Monthly Value;Import;Harmonized;M;M
Physical Energy & Power Flows;2021;10;519;519;519;ME;IT;Value on 3rd Wed. at 03;Export;Harmonized;M;M
Physical Energy & Power Flows;2021;10;51;51;51;ME;IT;Value on 3rd Wed. at 11;Export;Harmonized;M;M
Physical Energy & Power Flows;2021;11;177;177;177;ME;IT;Monthly Value;Export;Harmonized;M;M
Physical Energy & Power Flows;2021;11;54;54;54;ME;IT;Monthly Value;Import;Harmonized;M;M
Physical Energy & Power Flows;2021;11;363;363;363;ME;IT;Value on 3rd Wed. at 03;Export;Harmonized;M;M
Physical Energy & Power Flows;2021;11;452;452;452;ME;IT;Value on 3rd Wed. at 11;Import;Harmonized;M;M
Physical Energy & Power Flows;2021;12;317;317;317;ME;IT;Monthly Value;Export;Harmonized;M;M
Physical Energy & Power Flows;2021;12;16;16;16;ME;IT;Monthly Value;Import;Harmonized;M;M
Physical Energy & Power Flows;2021;12;601;601;601;ME;IT;Value on 3rd Wed. at 03;Export;Harmonized;M;M
Physical Energy & Power Flows;2021;12;94;94;94;ME;IT;Value on 3rd Wed. at 11;Import;Harmonized;M;M
Physical Energy & Power Flows;2021;1;81;81;81;ME;RS;Monthly Value;Export;Harmonized;M;M
Physical Energy & Power Flows;2021;1;2;2;2;ME;RS;Monthly Value;Import;Harmonized;M;M
Physical Energy & Power Flows;2021;1;81;81;81;ME;RS;Value on 3rd Wed. at 03;Export;Harmonized;M;M
Physical Energy & Power Flows;2021;1;128;128;128;ME;RS;Value on 3rd Wed. at 11;Export;Harmonized;M;M
Physical Energy & Power Flows;2021;2;74;74;74;ME;RS;Monthly Value;Export;Harmonized;M;M
Physical Energy & Power Flows;2021;2;2;2;2;ME;RS;Monthly Value;Import;Harmonized;M;M
Physical Energy & Power Flows;2021;2;104;104;104;ME;RS;Value on 3rd Wed. at 03;Export;Harmonized;M;M
Physical Energy & Power Flows;2021;2;74;74;74;ME;RS;Value on 3rd Wed. at 11;Export;Harmonized;M;M
Physical Energy & Power Flows;2021;3;41;41;41;ME;RS;Monthly Value;Export;Harmonized;M;M
Physical Energy & Power Flows;2021;3;7;7;7;ME;RS;Monthly Value;Import;Harmonized;M;M
Physical Energy & Power Flows;2021;3;7;7;7;ME;RS;Value on 3rd Wed. at 03;Export;Harmonized;M;M
Physical Energy & Power Flows;2021;3;106;106;106;ME;RS;Value on 3rd Wed. at 11;Export;Harmonized;M;M
Physical Energy & Power Flows;2021;4;8;8;8;ME;RS;Monthly Value;Export;Harmonized;M;M
Physical Energy & Power Flows;2021;4;51;51;51;ME;RS;Monthly Value;Import;Harmonized;M;M
Physical Energy & Power Flows;2021;4;127;127;127;ME;RS;Value on 3rd Wed. at 03;Import;Harmonized;M;M
Physical Energy & Power Flows;2021;4;71;71;71;ME;RS;Value on 3rd Wed. at 11;Export;Harmonized;M;M
Physical Energy & Power Flows;2021;5;18;18;18;ME;RS;Monthly Value;Export;Harmonized;M;M
Physical Energy & Power Flows;2021;5;22;22;22;ME;RS;Monthly Value;Import;Harmonized;M;M
Physical Energy & Power Flows;2021;5;7;7;7;ME;RS;Value on 3rd Wed. at 03;Export;Harmonized;M;M
Physical Energy & Power Flows;2021;5;174;174;174;ME;RS;Value on 3rd Wed. at 11;Export;Harmonized;M;M
Physical Energy & Power Flows;2021;6;10;10;10;ME;RS;Monthly Value;Export;Harmonized;M;M
Physical Energy & Power Flows;2021;6;46;46;46;ME;RS;Monthly Value;Import;Harmonized;M;M
Physical Energy & Power Flows;2021;6;87;87;87;ME;RS;Value on 3rd Wed. at 03;Export;Harmonized;M;M
Physical Energy & Power Flows;2021;6;80;80;80;ME;RS;Value on 3rd Wed. at 11;Import;Harmonized;M;M
Physical Energy & Power Flows;2021;7;11;11;11;ME;RS;Monthly Value;Export;Harmonized;M;M
Physical Energy & Power Flows;2021;7;20;20;20;ME;RS;Monthly Value;Import;Harmonized;M;M
Physical Energy & Power Flows;2021;7;17;17;17;ME;RS;Value on 3rd Wed. at 03;Export;Harmonized;M;M
Physical Energy & Power Flows;2021;7;4;4;4;ME;RS;Value on 3rd Wed. at 11;Export;Harmonized;M;M
Physical Energy & Power Flows;2021;8;9;9;9;ME;RS;Monthly Value;Export;Harmonized;M;M
Physical Energy & Power Flows;2021;8;20;20;20;ME;RS;Monthly Value;Import;Harmonized;M;M
Physical Energy & Power Flows;2021;8;57;57;57;ME;RS;Value on 3rd Wed. at 03;Import;Harmonized;M;M
Physical Energy & Power Flows;2021;8;47;47;47;ME;RS;Value on 3rd Wed. at 11;Import;Harmonized;M;M
Physical Energy & Power Flows;2021;9;30;30;30;ME;RS;Monthly Value;Export;Harmonized;M;M
Physical Energy & Power Flows;2021;9;14;14;14;ME;RS;Monthly Value;Import;Harmonized;M;M
Physical Energy & Power Flows;2021;9;16;16;16;ME;RS;Value on 3rd Wed. at 03;Export;Harmonized;M;M
Physical Energy & Power Flows;2021;9;67;67;67;ME;RS;Value on 3rd Wed. at 11;Import;Harmonized;M;M
Physical Energy & Power Flows;2021;10;45;45;45;ME;RS;Monthly Value;Export;Harmonized;M;M
Physical Energy & Power Flows;2021;10;5;5;5;ME;RS;Monthly Value;Import;Harmonized;M;M
Physical Energy & Power Flows;2021;10;88;88;88;ME;RS;Value on 3rd Wed. at 03;Export;Harmonized;M;M
Physical Energy & Power Flows;2021;10;27;27;27;ME;RS;Value on 3rd Wed. at 11;Export;Harmonized;M;M
Physical Energy & Power Flows;2021;11;59;59;59;ME;RS;Monthly Value;Export;Harmonized;M;M
Physical Energy & Power Flows;2021;11;1;1;1;ME;RS;Monthly Value;Import;Harmonized;M;M
Physical Energy & Power Flows;2021;11;117;117;117;ME;RS;Value on 3rd Wed. at 03;Export;Harmonized;M;M
Physical Energy & Power Flows;2021;11;64;64;64;ME;RS;Value on 3rd Wed. at 11;Export;Harmonized;M;M
Physical Energy & Power Flows;2021;12;105;105;105;ME;RS;Monthly Value;Export;Harmonized;M;M
Physical Energy & Power Flows;2021;12;7;7;7;ME;RS;Monthly Value;Import;Harmonized;M;M
Physical Energy & Power Flows;2021;12;149;149;149;ME;RS;Value on 3rd Wed. at 03;Export;Harmonized;M;M
Physical Energy & Power Flows;2021;12;317;317;317;ME;RS;Value on 3rd Wed. at 11;Export;Harmonized;M;M
Physical Energy & Power Flows;2021;1;105;105;105;ME;XK;Monthly Value;Export;Harmonized;M;M
Physical Energy & Power Flows;2021;1;4;4;4;ME;XK;Monthly Value;Import;Harmonized;M;M
Physical Energy & Power Flows;2021;1;144;144;144;ME;XK;Value on 3rd Wed. at 03;Export;Harmonized;M;M
Physical Energy & Power Flows;2021;1;292;292;292;ME;XK;Value on 3rd Wed. at 11;Export;Harmonized;M;M
Physical Energy & Power Flows;2021;2;125;125;125;ME;XK;Monthly Value;Export;Harmonized;M;M
Physical Energy & Power Flows;2021;2;2;2;2;ME;XK;Monthly Value;Import;Harmonized;M;M
Physical Energy & Power Flows;2021;2;274;274;274;ME;XK;Value on 3rd Wed. at 03;Export;Harmonized;M;M
Physical Energy & Power Flows;2021;2;361;361;361;ME;XK;Value on 3rd Wed. at 11;Export;Harmonized;M;M
Physical Energy & Power Flows;2021;3;67;67;67;ME;XK;Monthly Value;Export;Harmonized;M;M
Physical Energy & Power Flows;2021;3;22;22;22;ME;XK;Monthly Value;Import;Harmonized;M;M
Physical Energy & Power Flows;2021;3;190;190;190;ME;XK;Value on 3rd Wed. at 03;Import;Harmonized;M;M
Physical Energy & Power Flows;2021;3;104;104;104;ME;XK;Value on 3rd Wed. at 11;Export;Harmonized;M;M
Physical Energy & Power Flows;2021;4;13;13;13;ME;XK;Monthly Value;Export;Harmonized;M;M
Physical Energy & Power Flows;2021;4;88;88;88;ME;XK;Monthly Value;Import;Harmonized;M;M
Physical Energy & Power Flows;2021;4;129;129;129;ME;XK;Value on 3rd Wed. at 03;Import;Harmonized;M;M
Physical Energy & Power Flows;2021;4;60;60;60;ME;XK;Value on 3rd Wed. at 11;Import;Harmonized;M;M
Physical Energy & Power Flows;2021;5;0;0;0;ME;XK;Monthly Value;Export;Harmonized;M;M
Physical Energy & Power Flows;2021;5;134;134;134;ME;XK;Monthly Value;Import;Harmonized;M;M
Physical Energy & Power Flows;2021;5;252;252;252;ME;XK;Value on 3rd Wed. at 03;Import;Harmonized;M;M
Physical Energy & Power Flows;2021;5;0;0;0;ME;XK;Value on 3rd Wed. at 11;Import;Harmonized;M;M
Physical Energy & Power Flows;2021;6;7;7;7;ME;XK;Monthly Value;Export;Harmonized;M;M
Physical Energy & Power Flows;2021;6;104;104;104;ME;XK;Monthly Value;Import;Harmonized;M;M
Physical Energy & Power Flows;2021;6;303;303;303;ME;XK;Value on 3rd Wed. at 03;Import;Harmonized;M;M
Physical Energy & Power Flows;2021;6;43;43;43;ME;XK;Value on 3rd Wed. at 11;Export;Harmonized;M;M
Physical Energy & Power Flows;2021;7;24;24;24;ME;XK;Monthly Value;Export;Harmonized;M;M
Physical Energy & Power Flows;2021;7;83;83;83;ME;XK;Monthly Value;Import;Harmonized;M;M
Physical Energy & Power Flows;2021;7;109;109;109;ME;XK;Value on 3rd Wed. at 03;Import;Harmonized;M;M
Physical Energy & Power Flows;2021;7;8;8;8;ME;XK;Value on 3rd Wed. at 11;Import;Harmonized;M;M
Physical Energy & Power Flows;2021;8;34;34;34;ME;XK;Monthly Value;Export;Harmonized;M;M
Physical Energy & Power Flows;2021;8;72;72;72;ME;XK;Monthly Value;Import;Harmonized;M;M
Physical Energy & Power Flows;2021;8;222;222;222;ME;XK;Value on 3rd Wed. at 03;Import;Harmonized;M;M
Physical Energy & Power Flows;2021;8;65;65;65;ME;XK;Value on 3rd Wed. at 11;Export;Harmonized;M;M
Physical Energy & Power Flows;2021;9;1;1;1;ME;XK;Monthly Value;Export;Harmonized;M;M
Physical Energy & Power Flows;2021;9;146;146;146;ME;XK;Monthly Value;Import;Harmonized;M;M
Physical Energy & Power Flows;2021;9;391;391;391;ME;XK;Value on 3rd Wed. at 03;Import;Harmonized;M;M
Physical Energy & Power Flows;2021;9;210;210;210;ME;XK;Value on 3rd Wed. at 11;Import;Harmonized;M;M
Physical Energy & Power Flows;2021;10;19;19;19;ME;XK;Monthly Value;Export;Harmonized;M;M
Physical Energy & Power Flows;2021;10;84;84;84;ME;XK;Monthly Value;Import;Harmonized;M;M
Physical Energy & Power Flows;2021;10;139;139;139;ME;XK;Value on 3rd Wed. at 03;Import;Harmonized;M;M
Physical Energy & Power Flows;2021;10;9;9;9;ME;XK;Value on 3rd Wed. at 11;Export;Harmonized;M;M
Physical Energy & Power Flows;2021;11;47;47;47;ME;XK;Monthly Value;Export;Harmonized;M;M
Physical Energy & Power Flows;2021;11;44;44;44;ME;XK;Monthly Value;Import;Harmonized;M;M
Physical Energy & Power Flows;2021;11;166;166;166;ME;XK;Value on 3rd Wed. at 03;Import;Harmonized;M;M
Physical Energy & Power Flows;2021;11;258;258;258;ME;XK;Value on 3rd Wed. at 11;Export;Harmonized;M;M
Physical Energy & Power Flows;2021;12;38;38;38;ME;XK;Monthly Value;Export;Harmonized;M;M
Physical Energy & Power Flows;2021;12;38;38;38;ME;XK;Monthly Value;Import;Harmonized;M;M
Physical Energy & Power Flows;2021;12;181;181;181;ME;XK;Value on 3rd Wed. at 03;Import;Harmonized;M;M
Physical Energy & Power Flows;2021;12;32;32;32;ME;XK;Value on 3rd Wed. at 11;Export;Harmonized;M;M
Physical Energy & Power Flows;2021;1;1;1;1;MK;BG;Monthly Value;Export;Harmonized;M;M
Physical Energy & Power Flows;2021;1;112;112;112;MK;BG;Monthly Value;Import;Harmonized;M;M
Physical Energy & Power Flows;2021;1;66;66;66;MK;BG;Value on 3rd Wed. at 03;Import;Harmonized;M;M
Physical Energy & Power Flows;2021;1;87;87;87;MK;BG;Value on 3rd Wed. at 11;Import;Harmonized;M;M
Physical Energy & Power Flows;2021;2;0;0;0;MK;BG;Monthly Value;Export;Harmonized;M;M
Physical Energy & Power Flows;2021;2;122;122;122;MK;BG;Monthly Value;Import;Harmonized;M;M
Physical Energy & Power Flows;2021;2;174;174;174;MK;BG;Value on 3rd Wed. at 03;Import;Harmonized;M;M
Physical Energy & Power Flows;2021;2;236;236;236;MK;BG;Value on 3rd Wed. at 11;Import;Harmonized;M;M
Physical Energy & Power Flows;2021;3;219;219;219;MK;BG;Monthly Value;Import;Harmonized;M;M
Physical Energy & Power Flows;2021;3;332;332;332;MK;BG;Value on 3rd Wed. at 03;Import;Harmonized;M;M
Physical Energy & Power Flows;2021;3;270;270;270;MK;BG;Value on 3rd Wed. at 11;Import;Harmonized;M;M
Physical Energy & Power Flows;2021;4;0;0;0;MK;BG;Monthly Value;Export;Harmonized;M;M
Physical Energy & Power Flows;2021;4;195;195;195;MK;BG;Monthly Value;Import;Harmonized;M;M
Physical Energy & Power Flows;2021;4;186;186;186;MK;BG;Value on 3rd Wed. at 03;Import;Harmonized;M;M
Physical Energy & Power Flows;2021;4;46;46;46;MK;BG;Value on 3rd Wed. at 11;Import;Harmonized;M;M
Physical Energy & Power Flows;2021;5;0;0;0;MK;BG;Monthly Value;Export;Harmonized;M;M
Physical Energy & Power Flows;2021;5;174;174;174;MK;BG;Monthly Value;Import;Harmonized;M;M
Physical Energy & Power Flows;2021;5;260;260;260;MK;BG;Value on 3rd Wed. at 03;Import;Harmonized;M;M
Physical Energy & Power Flows;2021;5;215;215;215;MK;BG;Value on 3rd Wed. at 11;Import;Harmonized;M;M
Physical Energy & Power Flows;2021;6;0;0;0;MK;BG;Monthly Value;Export;Harmonized;M;M
Physical Energy & Power Flows;2021;6;206;206;206;MK;BG;Monthly Value;Import;Harmonized;M;M
Physical Energy & Power Flows;2021;6;339;339;339;MK;BG;Value on 3rd Wed. at 03;Import;Harmonized;M;M
Physical Energy & Power Flows;2021;6;208;208;208;MK;BG;Value on 3rd Wed. at 11;Import;Harmonized;M;M
Physical Energy & Power Flows;2021;7;229;229;229;MK;BG;Monthly Value;Import;Harmonized;M;M
Physical Energy & Power Flows;2021;7;401;401;401;MK;BG;Value on 3rd Wed. at 03;Import;Harmonized;M;M
Physical Energy & Power Flows;2021;7;334;334;334;MK;BG;Value on 3rd Wed. at 11;Import;Harmonized;M;M
Physical Energy & Power Flows;2021;8;223;223;223;MK;BG;Monthly Value;Import;Harmonized;M;M
Physical Energy & Power Flows;2021;8;336;336;336;MK;BG;Value on 3rd Wed. at 03;Import;Harmonized;M;M
Physical Energy & Power Flows;2021;8;377;377;377;MK;BG;Value on 3rd Wed. at 11;Import;Harmonized;M;M
Physical Energy & Power Flows;2021;9;262;262;262;MK;BG;Monthly Value;Import;Harmonized;M;M
Physical Energy & Power Flows;2021;9;416;416;416;MK;BG;Value on 3rd Wed. at 03;Import;Harmonized;M;M
Physical Energy & Power Flows;2021;9;278;278;278;MK;BG;Value on 3rd Wed. at 11;Import;Harmonized;M;M
Physical Energy & Power Flows;2021;10;0;0;0;MK;BG;Monthly Value;Export;Harmonized;M;M
Physical Energy & Power Flows;2021;10;174;174;174;MK;BG;Monthly Value;Import;Harmonized;M;M
Physical Energy & Power Flows;2021;10;0;0;0;MK;BG;Value on 3rd Wed. at 03;Import;Harmonized;M;M
Physical Energy & Power Flows;2021;10;0;0;0;MK;BG;Value on 3rd Wed. at 11;Import;Harmonized;M;M
Physical Energy & Power Flows;2021;11;262;262;262;MK;BG;Monthly Value;Import;Harmonized;M;M
Physical Energy & Power Flows;2021;11;410;410;410;MK;BG;Value on 3rd Wed. at 03;Import;Harmonized;M;M
Physical Energy & Power Flows;2021;11;177;177;177;MK;BG;Value on 3rd Wed. at 11;Import;Harmonized;M;M
Physical Energy & Power Flows;2021;12;0;0;0;MK;BG;Monthly Value;Export;Harmonized;M;M
Physical Energy & Power Flows;2021;12;226;226;226;MK;BG;Monthly Value;Import;Harmonized;M;M
Physical Energy & Power Flows;2021;12;372;372;372;MK;BG;Value on 3rd Wed. at 03;Import;Harmonized;M;M
Physical Energy & Power Flows;2021;12;207;207;207;MK;BG;Value on 3rd Wed. at 11;Import;Harmonized;M;M
Physical Energy & Power Flows;2021;1;27;27;27;MK;GR;Monthly Value;Export;Harmonized;M;M
Physical Energy & Power Flows;2021;1;145;145;145;MK;GR;Monthly Value;Import;Harmonized;M;M
Physical Energy & Power Flows;2021;1;65;65;65;MK;GR;Value on 3rd Wed. at 03;Export;Harmonized;M;M
Physical Energy & Power Flows;2021;1;324;324;324;MK;GR;Value on 3rd Wed. at 11;Import;Harmonized;M;M
Physical Energy & Power Flows;2021;2;131;131;131;MK;GR;Monthly Value;Export;Harmonized;M;M
Physical Energy & Power Flows;2021;2;34;34;34;MK;GR;Monthly Value;Import;Harmonized;M;M
Physical Energy & Power Flows;2021;2;272;272;272;MK;GR;Value on 3rd Wed. at 03;Export;Harmonized;M;M
Physical Energy & Power Flows;2021;2;20;20;20;MK;GR;Value on 3rd Wed. at 11;Import;Harmonized;M;M
Physical Energy & Power Flows;2021;3;171;171;171;MK;GR;Monthly Value;Export;Harmonized;M;M
Physical Energy & Power Flows;2021;3;15;15;15;MK;GR;Monthly Value;Import;Harmonized;M;M
Physical Energy & Power Flows;2021;3;350;350;350;MK;GR;Value on 3rd Wed. at 03;Export;Harmonized;M;M
Physical Energy & Power Flows;2021;3;18;18;18;MK;GR;Value on 3rd Wed. at 11;Export;Harmonized;M;M
Physical Energy & Power Flows;2021;4;71;71;71;MK;GR;Monthly Value;Export;Harmonized;M;M
Physical Energy & Power Flows;2021;4;69;69;69;MK;GR;Monthly Value;Import;Harmonized;M;M
Physical Energy & Power Flows;2021;4;146;146;146;MK;GR;Value on 3rd Wed. at 03;Export;Harmonized;M;M
Physical Energy & Power Flows;2021;4;562;562;562;MK;GR;Value on 3rd Wed. at 11;Import;Harmonized;M;M
Physical Energy & Power Flows;2021;5;142;142;142;MK;GR;Monthly Value;Export;Harmonized;M;M
Physical Energy & Power Flows;2021;5;20;20;20;MK;GR;Monthly Value;Import;Harmonized;M;M
Physical Energy & Power Flows;2021;5;224;224;224;MK;GR;Value on 3rd Wed. at 03;Export;Harmonized;M;M
Physical Energy & Power Flows;2021;5;88;88;88;MK;GR;Value on 3rd Wed. at 11;Import;Harmonized;M;M
Physical Energy & Power Flows;2021;6;227;227;227;MK;GR;Monthly Value;Export;Harmonized;M;M
Physical Energy & Power Flows;2021;6;5;5;5;MK;GR;Monthly Value;Import;Harmonized;M;M
Physical Energy & Power Flows;2021;6;228;228;228;MK;GR;Value on 3rd Wed. at 03;Export;Harmonized;M;M
Physical Energy & Power Flows;2021;6;59;59;59;MK;GR;Value on 3rd Wed. at 11;Export;Harmonized;M;M
Physical Energy & Power Flows;2021;7;241;241;241;MK;GR;Monthly Value;Export;Harmonized;M;M
Physical Energy & Power Flows;2021;7;7;7;7;MK;GR;Monthly Value;Import;Harmonized;M;M
Physical Energy & Power Flows;2021;7;466;466;466;MK;GR;Value on 3rd Wed. at 03;Export;Harmonized;M;M
Physical Energy & Power Flows;2021;7;382;382;382;MK;GR;Value on 3rd Wed. at 11;Export;Harmonized;M;M
Physical Energy & Power Flows;2021;8;205;205;205;MK;GR;Monthly Value;Export;Harmonized;M;M
Physical Energy & Power Flows;2021;8;19;19;19;MK;GR;Monthly Value;Import;Harmonized;M;M
Physical Energy & Power Flows;2021;8;439;439;439;MK;GR;Value on 3rd Wed. at 03;Export;Harmonized;M;M
Physical Energy & Power Flows;2021;8;314;314;314;MK;GR;Value on 3rd Wed. at 11;Export;Harmonized;M;M
Physical Energy & Power Flows;2021;9;94;94;94;MK;GR;Monthly Value;Export;Harmonized;M;M
Physical Energy & Power Flows;2021;9;39;39;39;MK;GR;Monthly Value;Import;Harmonized;M;M
Physical Energy & Power Flows;2021;9;137;137;137;MK;GR;Value on 3rd Wed. at 03;Export;Harmonized;M;M
Physical Energy & Power Flows;2021;9;437;437;437;MK;GR;Value on 3rd Wed. at 11;Import;Harmonized;M;M
Physical Energy & Power Flows;2021;10;27;27;27;MK;GR;Monthly Value;Export;Harmonized;M;M
Physical Energy & Power Flows;2021;10;171;171;171;MK;GR;Monthly Value;Import;Harmonized;M;M
Physical Energy & Power Flows;2021;10;30;30;30;MK;GR;Value on 3rd Wed. at 03;Import;Harmonized;M;M
Physical Energy & Power Flows;2021;10;228;228;228;MK;GR;Value on 3rd Wed. at 11;Import;Harmonized;M;M
Physical Energy & Power Flows;2021;11;58;58;58;MK;GR;Monthly Value;Export;Harmonized;M;M
Physical Energy & Power Flows;2021;11;84;84;84;MK;GR;Monthly Value;Import;Harmonized;M;M
Physical Energy & Power Flows;2021;11;110;110;110;MK;GR;Value on 3rd Wed. at 03;Export;Harmonized;M;M
Physical Energy & Power Flows;2021;11;300;300;300;MK;GR;Value on 3rd Wed. at 11;Import;Harmonized;M;M
Physical Energy & Power Flows;2021;12;20;20;20;MK;GR;Monthly Value;Export;Harmonized;M;M
Physical Energy & Power Flows;2021;12;236;236;236;MK;GR;Monthly Value;Import;Harmonized;M;M
Physical Energy & Power Flows;2021;12;460;460;460;MK;GR;Value on 3rd Wed. at 03;Import;Harmonized;M;M
Physical Energy & Power Flows;2021;12;974;974;974;MK;GR;Value on 3rd Wed. at 11;Import;Harmonized;M;M
Physical Energy & Power Flows;2021;1;22;22;22;MK;RS;Monthly Value;Export;Harmonized;M;M
Physical Energy & Power Flows;2021;1;24;24;24;MK;RS;Monthly Value;Import;Harmonized;M;M
Physical Energy & Power Flows;2021;1;114;114;114;MK;RS;Value on 3rd Wed. at 03;Import;Harmonized;M;M
Physical Energy & Power Flows;2021;1;28;28;28;MK;RS;Value on 3rd Wed. at 11;Import;Harmonized;M;M
Physical Energy & Power Flows;2021;2;5;5;5;MK;RS;Monthly Value;Export;Harmonized;M;M
Physical Energy & Power Flows;2021;2;71;71;71;MK;RS;Monthly Value;Import;Harmonized;M;M
Physical Energy & Power Flows;2021;2;227;227;227;MK;RS;Value on 3rd Wed. at 03;Import;Harmonized;M;M
Physical Energy & Power Flows;2021;2;89;89;89;MK;RS;Value on 3rd Wed. at 11;Import;Harmonized;M;M
Physical Energy & Power Flows;2021;3;6;6;6;MK;RS;Monthly Value;Export;Harmonized;M;M
Physical Energy & Power Flows;2021;3;79;79;79;MK;RS;Monthly Value;Import;Harmonized;M;M
Physical Energy & Power Flows;2021;3;108;108;108;MK;RS;Value on 3rd Wed. at 03;Import;Harmonized;M;M
Physical Energy & Power Flows;2021;3;72;72;72;MK;RS;Value on 3rd Wed. at 11;Import;Harmonized;M;M
Physical Energy & Power Flows;2021;4;20;20;20;MK;RS;Monthly Value;Export;Harmonized;M;M
Physical Energy & Power Flows;2021;4;42;42;42;MK;RS;Monthly Value;Import;Harmonized;M;M
Physical Energy & Power Flows;2021;4;144;144;144;MK;RS;Value on 3rd Wed. at 03;Import;Harmonized;M;M
Physical Energy & Power Flows;2021;4;116;116;116;MK;RS;Value on 3rd Wed. at 11;Export;Harmonized;M;M
Physical Energy & Power Flows;2021;5;7;7;7;MK;RS;Monthly Value;Export;Harmonized;M;M
Physical Energy & Power Flows;2021;5;67;67;67;MK;RS;Monthly Value;Import;Harmonized;M;M
Physical Energy & Power Flows;2021;5;76;76;76;MK;RS;Value on 3rd Wed. at 03;Import;Harmonized;M;M
Physical Energy & Power Flows;2021;5;26;26;26;MK;RS;Value on 3rd Wed. at 11;Export;Harmonized;M;M
Physical Energy & Power Flows;2021;6;4;4;4;MK;RS;Monthly Value;Export;Harmonized;M;M
Physical Energy & Power Flows;2021;6;89;89;89;MK;RS;Monthly Value;Import;Harmonized;M;M
Physical Energy & Power Flows;2021;6;27;27;27;MK;RS;Value on 3rd Wed. at 03;Export;Harmonized;M;M
Physical Energy & Power Flows;2021;6;16;16;16;MK;RS;Value on 3rd Wed. at 11;Import;Harmonized;M;M
Physical Energy & Power Flows;2021;7;6;6;6;MK;RS;Monthly Value;Export;Harmonized;M;M
Physical Energy & Power Flows;2021;7;62;62;62;MK;RS;Monthly Value;Import;Harmonized;M;M
Physical Energy & Power Flows;2021;7;64;64;64;MK;RS;Value on 3rd Wed. at 03;Import;Harmonized;M;M
Physical Energy & Power Flows;2021;7;116;116;116;MK;RS;Value on 3rd Wed. at 11;Import;Harmonized;M;M
Physical Energy & Power Flows;2021;8;17;17;17;MK;RS;Monthly Value;Export;Harmonized;M;M
Physical Energy & Power Flows;2021;8;47;47;47;MK;RS;Monthly Value;Import;Harmonized;M;M
Physical Energy & Power Flows;2021;8;112;112;112;MK;RS;Value on 3rd Wed. at 03;Import;Harmonized;M;M
Physical Energy & Power Flows;2021;8;30;30;30;MK;RS;Value on 3rd Wed. at 11;Import;Harmonized;M;M
Physical Energy & Power Flows;2021;9;48;48;48;MK;RS;Monthly Value;Export;Harmonized;M;M
Physical Energy & Power Flows;2021;9;7;7;7;MK;RS;Monthly Value;Import;Harmonized;M;M
Physical Energy & Power Flows;2021;9;49;49;49;MK;RS;Value on 3rd Wed. at 03;Export;Harmonized;M;M
Physical Energy & Power Flows;2021;9;184;184;184;MK;RS;Value on 3rd Wed. at 11;Export;Harmonized;M;M
Physical Energy & Power Flows;2021;10;44;44;44;MK;RS;Monthly Value;Export;Harmonized;M;M
Physical Energy & Power Flows;2021;10;14;14;14;MK;RS;Monthly Value;Import;Harmonized;M;M
Physical Energy & Power Flows;2021;10;172;172;172;MK;RS;Value on 3rd Wed. at 03;Import;Harmonized;M;M
Physical Energy & Power Flows;2021;10;121;121;121;MK;RS;Value on 3rd Wed. at 11;Import;Harmonized;M;M
Physical Energy & Power Flows;2021;11;23;23;23;MK;RS;Monthly Value;Export;Harmonized;M;M
Physical Energy & Power Flows;2021;11;21;21;21;MK;RS;Monthly Value;Import;Harmonized;M;M
Physical Energy & Power Flows;2021;11;71;71;71;MK;RS;Value on 3rd Wed. at 03;Import;Harmonized;M;M
Physical Energy & Power Flows;2021;11;27;27;27;MK;RS;Value on 3rd Wed. at 11;Import;Harmonized;M;M
Physical Energy & Power Flows;2021;12;78;78;78;MK;RS;Monthly Value;Export;Harmonized;M;M
Physical Energy & Power Flows;2021;12;9;9;9;MK;RS;Monthly Value;Import;Harmonized;M;M
Physical Energy & Power Flows;2021;12;156;156;156;MK;RS;Value on 3rd Wed. at 03;Export;Harmonized;M;M
Physical Energy & Power Flows;2021;12;312;312;312;MK;RS;Value on 3rd Wed. at 11;Export;Harmonized;M;M
Physical Energy & Power Flows;2021;1;12;12;12;MK;XK;Monthly Value;Export;Harmonized;M;M
Physical Energy & Power Flows;2021;1;69;69;69;MK;XK;Monthly Value;Import;Harmonized;M;M
Physical Energy & Power Flows;2021;1;243;243;243;MK;XK;Value on 3rd Wed. at 03;Import;Harmonized;M;M
Physical Energy & Power Flows;2021;1;142;142;142;MK;XK;Value on 3rd Wed. at 11;Import;Harmonized;M;M
Physical Energy & Power Flows;2021;2;0;0;0;MK;XK;Monthly Value;Export;Harmonized;M;M
Physical Energy & Power Flows;2021;2;154;154;154;MK;XK;Monthly Value;Import;Harmonized;M;M
Physical Energy & Power Flows;2021;2;480;480;480;MK;XK;Value on 3rd Wed. at 03;Import;Harmonized;M;M
Physical Energy & Power Flows;2021;2;276;276;276;MK;XK;Value on 3rd Wed. at 11;Import;Harmonized;M;M
Physical Energy & Power Flows;2021;3;1;1;1;MK;XK;Monthly Value;Export;Harmonized;M;M
Physical Energy & Power Flows;2021;3;78;78;78;MK;XK;Monthly Value;Import;Harmonized;M;M
Physical Energy & Power Flows;2021;3;120;120;120;MK;XK;Value on 3rd Wed. at 03;Import;Harmonized;M;M
Physical Energy & Power Flows;2021;3;129;129;129;MK;XK;Value on 3rd Wed. at 11;Import;Harmonized;M;M
Physical Energy & Power Flows;2021;4;0;0;0;MK;XK;Monthly Value;Export;Harmonized;M;M
Physical Energy & Power Flows;2021;4;101;101;101;MK;XK;Monthly Value;Import;Harmonized;M;M
Physical Energy & Power Flows;2021;4;208;208;208;MK;XK;Value on 3rd Wed. at 03;Import;Harmonized;M;M
Physical Energy & Power Flows;2021;4;41;41;41;MK;XK;Value on 3rd Wed. at 11;Import;Harmonized;M;M
Physical Energy & Power Flows;2021;5;0;0;0;MK;XK;Monthly Value;Export;Harmonized;M;M
Physical Energy & Power Flows;2021;5;102;102;102;MK;XK;Monthly Value;Import;Harmonized;M;M
Physical Energy & Power Flows;2021;5;164;164;164;MK;XK;Value on 3rd Wed. at 03;Import;Harmonized;M;M
Physical Energy & Power Flows;2021;5;176;176;176;MK;XK;Value on 3rd Wed. at 11;Import;Harmonized;M;M
Physical Energy & Power Flows;2021;6;5;5;5;MK;XK;Monthly Value;Export;Harmonized;M;M
Physical Energy & Power Flows;2021;6;87;87;87;MK;XK;Monthly Value;Import;Harmonized;M;M
Physical Energy & Power Flows;2021;6;19;19;19;MK;XK;Value on 3rd Wed. at 03;Export;Harmonized;M;M
Physical Energy & Power Flows;2021;6;16;16;16;MK;XK;Value on 3rd Wed. at 11;Import;Harmonized;M;M
Physical Energy & Power Flows;2021;7;14;14;14;MK;XK;Monthly Value;Export;Harmonized;M;M
Physical Energy & Power Flows;2021;7;54;54;54;MK;XK;Monthly Value;Import;Harmonized;M;M
Physical Energy & Power Flows;2021;7;61;61;61;MK;XK;Value on 3rd Wed. at 03;Import;Harmonized;M;M
Physical Energy & Power Flows;2021;7;129;129;129;MK;XK;Value on 3rd Wed. at 11;Import;Harmonized;M;M
Physical Energy & Power Flows;2021;8;34;34;34;MK;XK;Monthly Value;Export;Harmonized;M;M
Physical Energy & Power Flows;2021;8;28;28;28;MK;XK;Monthly Value;Import;Harmonized;M;M
Physical Energy & Power Flows;2021;8;23;23;23;MK;XK;Value on 3rd Wed. at 03;Import;Harmonized;M;M
Physical Energy & Power Flows;2021;8;89;89;89;MK;XK;Value on 3rd Wed. at 11;Import;Harmonized;M;M
Physical Energy & Power Flows;2021;9;112;112;112;MK;XK;Monthly Value;Export;Harmonized;M;M
Physical Energy & Power Flows;2021;9;1;1;1;MK;XK;Monthly Value;Import;Harmonized;M;M
Physical Energy & Power Flows;2021;9;220;220;220;MK;XK;Value on 3rd Wed. at 03;Export;Harmonized;M;M
Physical Energy & Power Flows;2021;9;343;343;343;MK;XK;Value on 3rd Wed. at 11;Export;Harmonized;M;M
Physical Energy & Power Flows;2021;10;48;48;48;MK;XK;Monthly Value;Export;Harmonized;M;M
Physical Energy & Power Flows;2021;10;6;6;6;MK;XK;Monthly Value;Import;Harmonized;M;M
Physical Energy & Power Flows;2021;10;17;17;17;MK;XK;Value on 3rd Wed. at 03;Import;Harmonized;M;M
Physical Energy & Power Flows;2021;10;2;2;2;MK;XK;Value on 3rd Wed. at 11;Export;Harmonized;M;M
Physical Energy & Power Flows;2021;11;20;20;20;MK;XK;Monthly Value;Export;Harmonized;M;M
Physical Energy & Power Flows;2021;11;35;35;35;MK;XK;Monthly Value;Import;Harmonized;M;M
Physical Energy & Power Flows;2021;11;41;41;41;MK;XK;Value on 3rd Wed. at 03;Import;Harmonized;M;M
Physical Energy & Power Flows;2021;11;133;133;133;MK;XK;Value on 3rd Wed. at 11;Import;Harmonized;M;M
Physical Energy & Power Flows;2021;12;105;105;105;MK;XK;Monthly Value;Export;Harmonized;M;M
Physical Energy & Power Flows;2021;12;10;10;10;MK;XK;Monthly Value;Import;Harmonized;M;M
Physical Energy & Power Flows;2021;12;355;355;355;MK;XK;Value on 3rd Wed. at 03;Export;Harmonized;M;M
Physical Energy & Power Flows;2021;12;442;442;442;MK;XK;Value on 3rd Wed. at 11;Export;Harmonized;M;M
Physical Energy & Power Flows;2021;1;0;0;0;MT;IT;Monthly Value;Export;Harmonized;NaM;M
Physical Energy & Power Flows;2021;1;70;70;70;MT;IT;Monthly Value;Import;Harmonized;NaM;M
Physical Energy & Power Flows;2021;1;83;83;83;MT;IT;Value on 3rd Wed. at 03;Import;Harmonized;NaM;M
Physical Energy & Power Flows;2021;1;90;90;90;MT;IT;Value on 3rd Wed. at 11;Import;Harmonized;NaM;M
Physical Energy & Power Flows;2021;2;0;0;0;MT;IT;Monthly Value;Export;Harmonized;NaM;M
Physical Energy & Power Flows;2021;2;39;39;39;MT;IT;Monthly Value;Import;Harmonized;NaM;M
Physical Energy & Power Flows;2021;2;57;57;57;MT;IT;Value on 3rd Wed. at 03;Import;Harmonized;NaM;M
Physical Energy & Power Flows;2021;2;1;1;1;MT;IT;Value on 3rd Wed. at 11;Import;Harmonized;NaM;M
Physical Energy & Power Flows;2021;3;1;1;1;MT;IT;Monthly Value;Export;Harmonized;NaM;M
Physical Energy & Power Flows;2021;3;44;44;44;MT;IT;Monthly Value;Import;Harmonized;NaM;M
Physical Energy & Power Flows;2021;3;94;94;94;MT;IT;Value on 3rd Wed. at 03;Import;Harmonized;NaM;M
Physical Energy & Power Flows;2021;3;1;1;1;MT;IT;Value on 3rd Wed. at 11;Export;Harmonized;NaM;M
Physical Energy & Power Flows;2021;4;13;13;13;MT;IT;Monthly Value;Export;Harmonized;NaM;M
Physical Energy & Power Flows;2021;4;4;4;4;MT;IT;Monthly Value;Import;Harmonized;NaM;M
Physical Energy & Power Flows;2021;4;14;14;14;MT;IT;Value on 3rd Wed. at 03;Import;Harmonized;NaM;M
Physical Energy & Power Flows;2021;4;3;3;3;MT;IT;Value on 3rd Wed. at 11;Import;Harmonized;NaM;M
Physical Energy & Power Flows;2021;5;10;10;10;MT;IT;Monthly Value;Export;Harmonized;NaM;M
Physical Energy & Power Flows;2021;5;10;10;10;MT;IT;Monthly Value;Import;Harmonized;NaM;M
Physical Energy & Power Flows;2021;5;32;32;32;MT;IT;Value on 3rd Wed. at 03;Import;Harmonized;NaM;M
Physical Energy & Power Flows;2021;5;0;0;0;MT;IT;Value on 3rd Wed. at 11;Import;Harmonized;NaM;M
Physical Energy & Power Flows;2021;6;6;6;6;MT;IT;Monthly Value;Export;Harmonized;NaM;M
Physical Energy & Power Flows;2021;6;25;25;25;MT;IT;Monthly Value;Import;Harmonized;NaM;M
Physical Energy & Power Flows;2021;6;13;13;13;MT;IT;Value on 3rd Wed. at 03;Import;Harmonized;NaM;M
Physical Energy & Power Flows;2021;6;46;46;46;MT;IT;Value on 3rd Wed. at 11;Import;Harmonized;NaM;M
Physical Energy & Power Flows;2021;7;1;1;1;MT;IT;Monthly Value;Export;Harmonized;NaM;M
Physical Energy & Power Flows;2021;7;50;50;50;MT;IT;Monthly Value;Import;Harmonized;NaM;M
Physical Energy & Power Flows;2021;7;37;37;37;MT;IT;Value on 3rd Wed. at 03;Export;Harmonized;NaM;M
Physical Energy & Power Flows;2021;7;58;58;58;MT;IT;Value on 3rd Wed. at 11;Import;Harmonized;NaM;M
Physical Energy & Power Flows;2021;8;0;0;0;MT;IT;Monthly Value;Export;Harmonized;NaM;M
Physical Energy & Power Flows;2021;8;78;78;78;MT;IT;Monthly Value;Import;Harmonized;NaM;M
Physical Energy & Power Flows;2021;8;74;74;74;MT;IT;Value on 3rd Wed. at 03;Import;Harmonized;NaM;M
Physical Energy & Power Flows;2021;8;96;96;96;MT;IT;Value on 3rd Wed. at 11;Import;Harmonized;NaM;M
Physical Energy & Power Flows;2021;9;0;0;0;MT;IT;Monthly Value;Export;Harmonized;NaM;M
Physical Energy & Power Flows;2021;9;81;81;81;MT;IT;Monthly Value;Import;Harmonized;NaM;M
Physical Energy & Power Flows;2021;9;101;101;101;MT;IT;Value on 3rd Wed. at 03;Import;Harmonized;NaM;M
Physical Energy & Power Flows;2021;9;117;117;117;MT;IT;Value on 3rd Wed. at 11;Import;Harmonized;NaM;M
Physical Energy & Power Flows;2021;10;0;0;0;MT;IT;Monthly Value;Export;Harmonized;NaM;M
Physical Energy & Power Flows;2021;10;37;37;37;MT;IT;Monthly Value;Import;Harmonized;NaM;M
Physical Energy & Power Flows;2021;10;35;35;35;MT;IT;Value on 3rd Wed. at 03;Import;Harmonized;NaM;M
Physical Energy & Power Flows;2021;10;29;29;29;MT;IT;Value on 3rd Wed. at 11;Import;Harmonized;NaM;M
Physical Energy & Power Flows;2021;11;0;0;0;MT;IT;Monthly Value;Export;Harmonized;NaM;M
Physical Energy & Power Flows;2021;11;47;47;47;MT;IT;Monthly Value;Import;Harmonized;NaM;M
Physical Energy & Power Flows;2021;11;32;32;32;MT;IT;Value on 3rd Wed. at 03;Import;Harmonized;NaM;M
Physical Energy & Power Flows;2021;11;29;29;29;MT;IT;Value on 3rd Wed. at 11;Import;Harmonized;NaM;M
Physical Energy & Power Flows;2021;12;0;0;0;MT;IT;Monthly Value;Export;Harmonized;NaM;M
Physical Energy & Power Flows;2021;12;57;57;57;MT;IT;Monthly Value;Import;Harmonized;NaM;M
Physical Energy & Power Flows;2021;12;0;0;0;MT;IT;Value on 3rd Wed. at 03;Import;Harmonized;NaM;M
Physical Energy & Power Flows;2021;12;85;85;85;MT;IT;Value on 3rd Wed. at 11;Import;Harmonized;NaM;M
Physical Energy & Power Flows;2021;1;1072;1072;1072;NL;BE;Monthly Value;Export;Harmonized;M;M
Physical Energy & Power Flows;2021;1;112;112;112;NL;BE;Monthly Value;Import;Harmonized;M;M
Physical Energy & Power Flows;2021;1;201;201;201;NL;BE;Value on 3rd Wed. at 03;Import;Harmonized;M;M
Physical Energy & Power Flows;2021;1;694;694;694;NL;BE;Value on 3rd Wed. at 11;Export;Harmonized;M;M
Physical Energy & Power Flows;2021;2;437;437;437;NL;BE;Monthly Value;Export;Harmonized;M;M
Physical Energy & Power Flows;2021;2;297;297;297;NL;BE;Monthly Value;Import;Harmonized;M;M
Physical Energy & Power Flows;2021;2;679;679;679;NL;BE;Value on 3rd Wed. at 03;Import;Harmonized;M;M
Physical Energy & Power Flows;2021;2;1098;1098;1098;NL;BE;Value on 3rd Wed. at 11;Import;Harmonized;M;M
Physical Energy & Power Flows;2021;3;389;389;389;NL;BE;Monthly Value;Export;Harmonized;M;M
Physical Energy & Power Flows;2021;3;190;190;190;NL;BE;Monthly Value;Import;Harmonized;M;M
Physical Energy & Power Flows;2021;3;712;712;712;NL;BE;Value on 3rd Wed. at 03;Import;Harmonized;M;M
Physical Energy & Power Flows;2021;3;4;4;4;NL;BE;Value on 3rd Wed. at 11;Export;Harmonized;M;M
Physical Energy & Power Flows;2021;4;503;503;503;NL;BE;Monthly Value;Export;Harmonized;M;M
Physical Energy & Power Flows;2021;4;90;90;90;NL;BE;Monthly Value;Import;Harmonized;M;M
Physical Energy & Power Flows;2021;4;638;638;638;NL;BE;Value on 3rd Wed. at 03;Export;Harmonized;M;M
Physical Energy & Power Flows;2021;4;295;295;295;NL;BE;Value on 3rd Wed. at 11;Import;Harmonized;M;M
Physical Energy & Power Flows;2021;5;167;167;167;NL;BE;Monthly Value;Export;Harmonized;M;M
Physical Energy & Power Flows;2021;5;569;569;569;NL;BE;Monthly Value;Import;Harmonized;M;M
Physical Energy & Power Flows;2021;5;430;430;430;NL;BE;Value on 3rd Wed. at 03;Import;Harmonized;M;M
Physical Energy & Power Flows;2021;5;527;527;527;NL;BE;Value on 3rd Wed. at 11;Export;Harmonized;M;M
Physical Energy & Power Flows;2021;6;63;63;63;NL;BE;Monthly Value;Export;Harmonized;M;M
Physical Energy & Power Flows;2021;6;552;552;552;NL;BE;Monthly Value;Import;Harmonized;M;M
Physical Energy & Power Flows;2021;6;295;295;295;NL;BE;Value on 3rd Wed. at 03;Import;Harmonized;M;M
Physical Energy & Power Flows;2021;6;1203;1203;1203;NL;BE;Value on 3rd Wed. at 11;Export;Harmonized;M;M
Physical Energy & Power Flows;2021;7;78;78;78;NL;BE;Monthly Value;Export;Harmonized;M;M
Physical Energy & Power Flows;2021;7;539;539;539;NL;BE;Monthly Value;Import;Harmonized;M;M
Physical Energy & Power Flows;2021;7;1011;1011;1011;NL;BE;Value on 3rd Wed. at 03;Import;Harmonized;M;M
Physical Energy & Power Flows;2021;7;388;388;388;NL;BE;Value on 3rd Wed. at 11;Export;Harmonized;M;M
Physical Energy & Power Flows;2021;8;103;103;103;NL;BE;Monthly Value;Export;Harmonized;M;M
Physical Energy & Power Flows;2021;8;457;457;457;NL;BE;Monthly Value;Import;Harmonized;M;M
Physical Energy & Power Flows;2021;8;67;67;67;NL;BE;Value on 3rd Wed. at 03;Export;Harmonized;M;M
Physical Energy & Power Flows;2021;8;633;633;633;NL;BE;Value on 3rd Wed. at 11;Export;Harmonized;M;M
Physical Energy & Power Flows;2021;9;469;469;469;NL;BE;Monthly Value;Export;Harmonized;M;M
Physical Energy & Power Flows;2021;9;48;48;48;NL;BE;Monthly Value;Import;Harmonized;M;M
Physical Energy & Power Flows;2021;9;531;531;531;NL;BE;Value on 3rd Wed. at 03;Export;Harmonized;M;M
Physical Energy & Power Flows;2021;9;618;618;618;NL;BE;Value on 3rd Wed. at 11;Export;Harmonized;M;M
Physical Energy & Power Flows;2021;10;524;524;524;NL;BE;Monthly Value;Export;Harmonized;M;M
Physical Energy & Power Flows;2021;10;155;155;155;NL;BE;Monthly Value;Import;Harmonized;M;M
Physical Energy & Power Flows;2021;10;2109;2109;2109;NL;BE;Value on 3rd Wed. at 03;Import;Harmonized;M;M
Physical Energy & Power Flows;2021;10;879;879;879;NL;BE;Value on 3rd Wed. at 11;Import;Harmonized;M;M
Physical Energy & Power Flows;2021;11;765;765;765;NL;BE;Monthly Value;Export;Harmonized;M;M
Physical Energy & Power Flows;2021;11;57;57;57;NL;BE;Monthly Value;Import;Harmonized;M;M
Physical Energy & Power Flows;2021;11;1629;1629;1629;NL;BE;Value on 3rd Wed. at 03;Export;Harmonized;M;M
Physical Energy & Power Flows;2021;11;628;628;628;NL;BE;Value on 3rd Wed. at 11;Export;Harmonized;M;M
Physical Energy & Power Flows;2021;12;722;722;722;NL;BE;Monthly Value;Export;Harmonized;M;M
Physical Energy & Power Flows;2021;12;143;143;143;NL;BE;Monthly Value;Import;Harmonized;M;M
Physical Energy & Power Flows;2021;12;611;611;611;NL;BE;Value on 3rd Wed. at 03;Export;Harmonized;M;M
Physical Energy & Power Flows;2021;12;2277;2277;2277;NL;BE;Value on 3rd Wed. at 11;Export;Harmonized;M;M
Physical Energy & Power Flows;2021;1;154;154;154;NL;DE;Monthly Value;Export;Harmonized;M;M
Physical Energy & Power Flows;2021;1;862;862;862;NL;DE;Monthly Value;Import;Harmonized;M;M
Physical Energy & Power Flows;2021;1;483;483;483;NL;DE;Value on 3rd Wed. at 03;Export;Harmonized;M;M
Physical Energy & Power Flows;2021;1;736;736;736;NL;DE;Value on 3rd Wed. at 11;Import;Harmonized;M;M
Physical Energy & Power Flows;2021;2;476;476;476;NL;DE;Monthly Value;Export;Harmonized;M;M
Physical Energy & Power Flows;2021;2;367;367;367;NL;DE;Monthly Value;Import;Harmonized;M;M
Physical Energy & Power Flows;2021;2;199;199;199;NL;DE;Value on 3rd Wed. at 03;Export;Harmonized;M;M
Physical Energy & Power Flows;2021;2;2278;2278;2278;NL;DE;Value on 3rd Wed. at 11;Export;Harmonized;M;M
Physical Energy & Power Flows;2021;3;896;896;896;NL;DE;Monthly Value;Export;Harmonized;M;M
Physical Energy & Power Flows;2021;3;201;201;201;NL;DE;Monthly Value;Import;Harmonized;M;M
Physical Energy & Power Flows;2021;3;1877;1877;1877;NL;DE;Value on 3rd Wed. at 03;Export;Harmonized;M;M
Physical Energy & Power Flows;2021;3;2776;2776;2776;NL;DE;Value on 3rd Wed. at 11;Export;Harmonized;M;M
Physical Energy & Power Flows;2021;4;576;576;576;NL;DE;Monthly Value;Export;Harmonized;M;M
Physical Energy & Power Flows;2021;4;130;130;130;NL;DE;Monthly Value;Import;Harmonized;M;M
Physical Energy & Power Flows;2021;4;2872;2872;2872;NL;DE;Value on 3rd Wed. at 03;Export;Harmonized;M;M
Physical Energy & Power Flows;2021;4;1164;1164;1164;NL;DE;Value on 3rd Wed. at 11;Export;Harmonized;M;M
Physical Energy & Power Flows;2021;5;692;692;692;NL;DE;Monthly Value;Export;Harmonized;M;M
Physical Energy & Power Flows;2021;5;189;189;189;NL;DE;Monthly Value;Import;Harmonized;M;M
Physical Energy & Power Flows;2021;5;2381;2381;2381;NL;DE;Value on 3rd Wed. at 03;Export;Harmonized;M;M
Physical Energy & Power Flows;2021;5;2324;2324;2324;NL;DE;Value on 3rd Wed. at 11;Export;Harmonized;M;M
Physical Energy & Power Flows;2021;6;289;289;289;NL;DE;Monthly Value;Export;Harmonized;M;M
Physical Energy & Power Flows;2021;6;379;379;379;NL;DE;Monthly Value;Import;Harmonized;M;M
Physical Energy & Power Flows;2021;6;504;504;504;NL;DE;Value on 3rd Wed. at 03;Export;Harmonized;M;M
Physical Energy & Power Flows;2021;6;171;171;171;NL;DE;Value on 3rd Wed. at 11;Import;Harmonized;M;M
Physical Energy & Power Flows;2021;7;502;502;502;NL;DE;Monthly Value;Export;Harmonized;M;M
Physical Energy & Power Flows;2021;7;318;318;318;NL;DE;Monthly Value;Import;Harmonized;M;M
Physical Energy & Power Flows;2021;7;934;934;934;NL;DE;Value on 3rd Wed. at 03;Export;Harmonized;M;M
Physical Energy & Power Flows;2021;7;2397;2397;2397;NL;DE;Value on 3rd Wed. at 11;Export;Harmonized;M;M
Physical Energy & Power Flows;2021;8;87;87;87;NL;DE;Monthly Value;Export;Harmonized;M;M
Physical Energy & Power Flows;2021;8;793;793;793;NL;DE;Monthly Value;Import;Harmonized;M;M
Physical Energy & Power Flows;2021;8;3372;3372;3372;NL;DE;Value on 3rd Wed. at 03;Import;Harmonized;M;M
Physical Energy & Power Flows;2021;8;1091;1091;1091;NL;DE;Value on 3rd Wed. at 11;Import;Harmonized;M;M
Physical Energy & Power Flows;2021;9;37;37;37;NL;DE;Monthly Value;Export;Harmonized;M;M
Physical Energy & Power Flows;2021;9;1111;1111;1111;NL;DE;Monthly Value;Import;Harmonized;M;M
Physical Energy & Power Flows;2021;9;1565;1565;1565;NL;DE;Value on 3rd Wed. at 03;Import;Harmonized;M;M
Physical Energy & Power Flows;2021;9;111;111;111;NL;DE;Value on 3rd Wed. at 11;Import;Harmonized;M;M
Physical Energy & Power Flows;2021;10;124;124;124;NL;DE;Monthly Value;Export;Harmonized;M;M
Physical Energy & Power Flows;2021;10;587;587;587;NL;DE;Monthly Value;Import;Harmonized;M;M
Physical Energy & Power Flows;2021;10;304;304;304;NL;DE;Value on 3rd Wed. at 03;Export;Harmonized;M;M
Physical Energy & Power Flows;2021;10;589;589;589;NL;DE;Value on 3rd Wed. at 11;Import;Harmonized;M;M
Physical Energy & Power Flows;2021;11;293;293;293;NL;DE;Monthly Value;Export;Harmonized;M;M
Physical Energy & Power Flows;2021;11;418;418;418;NL;DE;Monthly Value;Import;Harmonized;M;M
Physical Energy & Power Flows;2021;11;1343;1343;1343;NL;DE;Value on 3rd Wed. at 03;Import;Harmonized;M;M
Physical Energy & Power Flows;2021;11;1545;1545;1545;NL;DE;Value on 3rd Wed. at 11;Export;Harmonized;M;M
Physical Energy & Power Flows;2021;12;338;338;338;NL;DE;Monthly Value;Export;Harmonized;M;M
Physical Energy & Power Flows;2021;12;552;552;552;NL;DE;Monthly Value;Import;Harmonized;M;M
Physical Energy & Power Flows;2021;12;175;175;175;NL;DE;Value on 3rd Wed. at 03;Import;Harmonized;M;M
Physical Energy & Power Flows;2021;12;1262;1262;1262;NL;DE;Value on 3rd Wed. at 11;Export;Harmonized;M;M
Physical Energy & Power Flows;2021;1;96;96;96;NL;DK;Monthly Value;Export;Harmonized;M;M
Physical Energy & Power Flows;2021;1;157;157;157;NL;DK;Monthly Value;Import;Harmonized;M;M
Physical Energy & Power Flows;2021;1;495;495;495;NL;DK;Value on 3rd Wed. at 03;Import;Harmonized;M;M
Physical Energy & Power Flows;2021;1;700;700;700;NL;DK;Value on 3rd Wed. at 11;Import;Harmonized;M;M
Physical Energy & Power Flows;2021;2;152;152;152;NL;DK;Monthly Value;Export;Harmonized;M;M
Physical Energy & Power Flows;2021;2;185;185;185;NL;DK;Monthly Value;Import;Harmonized;M;M
Physical Energy & Power Flows;2021;2;191;191;191;NL;DK;Value on 3rd Wed. at 03;Export;Harmonized;M;M
Physical Energy & Power Flows;2021;2;11;11;11;NL;DK;Value on 3rd Wed. at 11;Export;Harmonized;M;M
Physical Energy & Power Flows;2021;3;104;104;104;NL;DK;Monthly Value;Export;Harmonized;M;M
Physical Energy & Power Flows;2021;3;249;249;249;NL;DK;Monthly Value;Import;Harmonized;M;M
Physical Energy & Power Flows;2021;3;599;599;599;NL;DK;Value on 3rd Wed. at 03;Export;Harmonized;M;M
Physical Energy & Power Flows;2021;3;697;697;697;NL;DK;Value on 3rd Wed. at 11;Export;Harmonized;M;M
Physical Energy & Power Flows;2021;4;73;73;73;NL;DK;Monthly Value;Export;Harmonized;M;M
Physical Energy & Power Flows;2021;4;286;286;286;NL;DK;Monthly Value;Import;Harmonized;M;M
Physical Energy & Power Flows;2021;4;459;459;459;NL;DK;Value on 3rd Wed. at 03;Import;Harmonized;M;M
Physical Energy & Power Flows;2021;4;694;694;694;NL;DK;Value on 3rd Wed. at 11;Import;Harmonized;M;M
Physical Energy & Power Flows;2021;5;73;73;73;NL;DK;Monthly Value;Export;Harmonized;M;M
Physical Energy & Power Flows;2021;5;256;256;256;NL;DK;Monthly Value;Import;Harmonized;M;M
Physical Energy & Power Flows;2021;5;248;248;248;NL;DK;Value on 3rd Wed. at 03;Import;Harmonized;M;M
Physical Energy & Power Flows;2021;5;430;430;430;NL;DK;Value on 3rd Wed. at 11;Export;Harmonized;M;M
Physical Energy & Power Flows;2021;6;97;97;97;NL;DK;Monthly Value;Export;Harmonized;M;M
Physical Energy & Power Flows;2021;6;245;245;245;NL;DK;Monthly Value;Import;Harmonized;M;M
Physical Energy & Power Flows;2021;6;683;683;683;NL;DK;Value on 3rd Wed. at 03;Import;Harmonized;M;M
Physical Energy & Power Flows;2021;6;699;699;699;NL;DK;Value on 3rd Wed. at 11;Export;Harmonized;M;M
Physical Energy & Power Flows;2021;7;46;46;46;NL;DK;Monthly Value;Export;Harmonized;M;M
Physical Energy & Power Flows;2021;7;97;97;97;NL;DK;Monthly Value;Import;Harmonized;M;M
Physical Energy & Power Flows;2021;7;0;0;0;NL;DK;Value on 3rd Wed. at 03;Export;Harmonized;M;M
Physical Energy & Power Flows;2021;7;0;0;0;NL;DK;Value on 3rd Wed. at 11;Export;Harmonized;M;M
Physical Energy & Power Flows;2021;8;66;66;66;NL;DK;Monthly Value;Export;Harmonized;M;M
Physical Energy & Power Flows;2021;8;218;218;218;NL;DK;Monthly Value;Import;Harmonized;M;M
Physical Energy & Power Flows;2021;8;700;700;700;NL;DK;Value on 3rd Wed. at 03;Import;Harmonized;M;M
Physical Energy & Power Flows;2021;8;700;700;700;NL;DK;Value on 3rd Wed. at 11;Import;Harmonized;M;M
Physical Energy & Power Flows;2021;9;28;28;28;NL;DK;Monthly Value;Export;Harmonized;M;M
Physical Energy & Power Flows;2021;9;384;384;384;NL;DK;Monthly Value;Import;Harmonized;M;M
Physical Energy & Power Flows;2021;9;643;643;643;NL;DK;Value on 3rd Wed. at 03;Import;Harmonized;M;M
Physical Energy & Power Flows;2021;9;700;700;700;NL;DK;Value on 3rd Wed. at 11;Import;Harmonized;M;M
Physical Energy & Power Flows;2021;10;11;11;11;NL;DK;Monthly Value;Export;Harmonized;M;M
Physical Energy & Power Flows;2021;10;366;366;366;NL;DK;Monthly Value;Import;Harmonized;M;M
Physical Energy & Power Flows;2021;10;174;174;174;NL;DK;Value on 3rd Wed. at 03;Import;Harmonized;M;M
Physical Energy & Power Flows;2021;10;700;700;700;NL;DK;Value on 3rd Wed. at 11;Import;Harmonized;M;M
Physical Energy & Power Flows;2021;11;46;46;46;NL;DK;Monthly Value;Export;Harmonized;M;M
Physical Energy & Power Flows;2021;11;344;344;344;NL;DK;Monthly Value;Import;Harmonized;M;M
Physical Energy & Power Flows;2021;11;700;700;700;NL;DK;Value on 3rd Wed. at 03;Import;Harmonized;M;M
Physical Energy & Power Flows;2021;11;700;700;700;NL;DK;Value on 3rd Wed. at 11;Import;Harmonized;M;M
Physical Energy & Power Flows;2021;12;80;80;80;NL;DK;Monthly Value;Export;Harmonized;M;M
Physical Energy & Power Flows;2021;12;290;290;290;NL;DK;Monthly Value;Import;Harmonized;M;M
Physical Energy & Power Flows;2021;12;700;700;700;NL;DK;Value on 3rd Wed. at 03;Import;Harmonized;M;M
Physical Energy & Power Flows;2021;12;490;490;490;NL;DK;Value on 3rd Wed. at 11;Import;Harmonized;M;M
Physical Energy & Power Flows;2021;1;0;0;0;NL;GB;Monthly Value;Export;Harmonized;M;M
Physical Energy & Power Flows;2021;1;0;0;0;NL;GB;Monthly Value;Import;Harmonized;M;M
Physical Energy & Power Flows;2021;1;0;0;0;NL;GB;Value on 3rd Wed. at 03;Import;Harmonized;M;M
Physical Energy & Power Flows;2021;1;0;0;0;NL;GB;Value on 3rd Wed. at 11;Export;Harmonized;M;M
Physical Energy & Power Flows;2021;2;381;381;381;NL;GB;Monthly Value;Export;Harmonized;M;M
Physical Energy & Power Flows;2021;2;7;7;7;NL;GB;Monthly Value;Import;Harmonized;M;M
Physical Energy & Power Flows;2021;2;679;679;679;NL;GB;Value on 3rd Wed. at 03;Export;Harmonized;M;M
Physical Energy & Power Flows;2021;2;1024;1024;1024;NL;GB;Value on 3rd Wed. at 11;Export;Harmonized;M;M
Physical Energy & Power Flows;2021;3;203;203;203;NL;GB;Monthly Value;Export;Harmonized;M;M
Physical Energy & Power Flows;2021;3;0;0;0;NL;GB;Monthly Value;Import;Harmonized;M;M
Physical Energy & Power Flows;2021;3;0;0;0;NL;GB;Value on 3rd Wed. at 03;Export;Harmonized;M;M
Physical Energy & Power Flows;2021;3;0;0;0;NL;GB;Value on 3rd Wed. at 11;Export;Harmonized;M;M
Physical Energy & Power Flows;2021;4;0;0;0;NL;GB;Monthly Value;Export;Harmonized;M;M
Physical Energy & Power Flows;2021;4;0;0;0;NL;GB;Monthly Value;Import;Harmonized;M;M
Physical Energy & Power Flows;2021;4;0;0;0;NL;GB;Value on 3rd Wed. at 03;Export;Harmonized;M;M
Physical Energy & Power Flows;2021;4;0;0;0;NL;GB;Value on 3rd Wed. at 11;Export;Harmonized;M;M
Physical Energy & Power Flows;2021;5;0;0;0;NL;GB;Monthly Value;Export;Harmonized;M;M
Physical Energy & Power Flows;2021;5;0;0;0;NL;GB;Monthly Value;Import;Harmonized;M;M
Physical Energy & Power Flows;2021;5;0;0;0;NL;GB;Value on 3rd Wed. at 03;Import;Harmonized;M;M
Physical Energy & Power Flows;2021;5;0;0;0;NL;GB;Value on 3rd Wed. at 11;Import;Harmonized;M;M
Physical Energy & Power Flows;2021;6;378;378;378;NL;GB;Monthly Value;Export;Harmonized;M;M
Physical Energy & Power Flows;2021;6;7;7;7;NL;GB;Monthly Value;Import;Harmonized;M;M
Physical Energy & Power Flows;2021;6;420;420;420;NL;GB;Value on 3rd Wed. at 03;Export;Harmonized;M;M
Physical Energy & Power Flows;2021;6;1030;1030;1030;NL;GB;Value on 3rd Wed. at 11;Export;Harmonized;M;M
Physical Energy & Power Flows;2021;7;630;630;630;NL;GB;Monthly Value;Export;Harmonized;M;M
Physical Energy & Power Flows;2021;7;0;0;0;NL;GB;Monthly Value;Import;Harmonized;M;M
Physical Energy & Power Flows;2021;7;974;974;974;NL;GB;Value on 3rd Wed. at 03;Export;Harmonized;M;M
Physical Energy & Power Flows;2021;7;1067;1067;1067;NL;GB;Value on 3rd Wed. at 11;Export;Harmonized;M;M
Physical Energy & Power Flows;2021;8;602;602;602;NL;GB;Monthly Value;Export;Harmonized;M;M
Physical Energy & Power Flows;2021;8;10;10;10;NL;GB;Monthly Value;Import;Harmonized;M;M
Physical Energy & Power Flows;2021;8;635;635;635;NL;GB;Value on 3rd Wed. at 03;Export;Harmonized;M;M
Physical Energy & Power Flows;2021;8;251;251;251;NL;GB;Value on 3rd Wed. at 11;Import;Harmonized;M;M
Physical Energy & Power Flows;2021;9;535;535;535;NL;GB;Monthly Value;Export;Harmonized;M;M
Physical Energy & Power Flows;2021;9;5;5;5;NL;GB;Monthly Value;Import;Harmonized;M;M
Physical Energy & Power Flows;2021;9;975;975;975;NL;GB;Value on 3rd Wed. at 03;Export;Harmonized;M;M
Physical Energy & Power Flows;2021;9;501;501;501;NL;GB;Value on 3rd Wed. at 11;Export;Harmonized;M;M
Physical Energy & Power Flows;2021;10;527;527;527;NL;GB;Monthly Value;Export;Harmonized;M;M
Physical Energy & Power Flows;2021;10;17;17;17;NL;GB;Monthly Value;Import;Harmonized;M;M
Physical Energy & Power Flows;2021;10;347;347;347;NL;GB;Value on 3rd Wed. at 03;Export;Harmonized;M;M
Physical Energy & Power Flows;2021;10;1062;1062;1062;NL;GB;Value on 3rd Wed. at 11;Export;Harmonized;M;M
Physical Energy & Power Flows;2021;11;555;555;555;NL;GB;Monthly Value;Export;Harmonized;M;M
Physical Energy & Power Flows;2021;11;17;17;17;NL;GB;Monthly Value;Import;Harmonized;M;M
Physical Energy & Power Flows;2021;11;937;937;937;NL;GB;Value on 3rd Wed. at 03;Export;Harmonized;M;M
Physical Energy & Power Flows;2021;11;707;707;707;NL;GB;Value on 3rd Wed. at 11;Export;Harmonized;M;M
Physical Energy & Power Flows;2021;12;620;620;620;NL;GB;Monthly Value;Export;Harmonized;M;M
Physical Energy & Power Flows;2021;12;13;13;13;NL;GB;Monthly Value;Import;Harmonized;M;M
Physical Energy & Power Flows;2021;12;1075;1075;1075;NL;GB;Value on 3rd Wed. at 03;Export;Harmonized;M;M
Physical Energy & Power Flows;2021;12;413;413;413;NL;GB;Value on 3rd Wed. at 11;Export;Harmonized;M;M
Physical Energy & Power Flows;2021;1;56;56;56;NL;NO;Monthly Value;Export;Harmonized;M;M
Physical Energy & Power Flows;2021;1;129;129;129;NL;NO;Monthly Value;Import;Harmonized;M;M
Physical Energy & Power Flows;2021;1;0;0;0;NL;NO;Value on 3rd Wed. at 03;Import;Harmonized;M;M
Physical Energy & Power Flows;2021;1;0;0;0;NL;NO;Value on 3rd Wed. at 11;Import;Harmonized;M;M
Physical Energy & Power Flows;2021;2;0;0;0;NL;NO;Monthly Value;Import;Harmonized;M;M
Physical Energy & Power Flows;2021;2;0;0;0;NL;NO;Value on 3rd Wed. at 03;Import;Harmonized;M;M
Physical Energy & Power Flows;2021;2;0;0;0;NL;NO;Value on 3rd Wed. at 11;Import;Harmonized;M;M
Physical Energy & Power Flows;2021;3;31;31;31;NL;NO;Monthly Value;Import;Harmonized;M;M
Physical Energy & Power Flows;2021;3;0;0;0;NL;NO;Value on 3rd Wed. at 03;Import;Harmonized;M;M
Physical Energy & Power Flows;2021;3;0;0;0;NL;NO;Value on 3rd Wed. at 11;Import;Harmonized;M;M
Physical Energy & Power Flows;2021;4;47;47;47;NL;NO;Monthly Value;Export;Harmonized;M;M
Physical Energy & Power Flows;2021;4;381;381;381;NL;NO;Monthly Value;Import;Harmonized;M;M
Physical Energy & Power Flows;2021;4;706;706;706;NL;NO;Value on 3rd Wed. at 03;Import;Harmonized;M;M
Physical Energy & Power Flows;2021;4;292;292;292;NL;NO;Value on 3rd Wed. at 11;Import;Harmonized;M;M
Physical Energy & Power Flows;2021;5;71;71;71;NL;NO;Monthly Value;Export;Harmonized;M;M
Physical Energy & Power Flows;2021;5;370;370;370;NL;NO;Monthly Value;Import;Harmonized;M;M
Physical Energy & Power Flows;2021;5;705;705;705;NL;NO;Value on 3rd Wed. at 03;Import;Harmonized;M;M
Physical Energy & Power Flows;2021;5;704;704;704;NL;NO;Value on 3rd Wed. at 11;Import;Harmonized;M;M
Physical Energy & Power Flows;2021;6;9;9;9;NL;NO;Monthly Value;Export;Harmonized;M;M
Physical Energy & Power Flows;2021;6;469;469;469;NL;NO;Monthly Value;Import;Harmonized;M;M
Physical Energy & Power Flows;2021;6;704;704;704;NL;NO;Value on 3rd Wed. at 03;Import;Harmonized;M;M
Physical Energy & Power Flows;2021;6;704;704;704;NL;NO;Value on 3rd Wed. at 11;Import;Harmonized;M;M
Physical Energy & Power Flows;2021;7;28;28;28;NL;NO;Monthly Value;Export;Harmonized;M;M
Physical Energy & Power Flows;2021;7;403;403;403;NL;NO;Monthly Value;Import;Harmonized;M;M
Physical Energy & Power Flows;2021;7;505;505;505;NL;NO;Value on 3rd Wed. at 03;Import;Harmonized;M;M
Physical Energy & Power Flows;2021;7;505;505;505;NL;NO;Value on 3rd Wed. at 11;Import;Harmonized;M;M
Physical Energy & Power Flows;2021;8;47;47;47;NL;NO;Monthly Value;Export;Harmonized;M;M
Physical Energy & Power Flows;2021;8;254;254;254;NL;NO;Monthly Value;Import;Harmonized;M;M
Physical Energy & Power Flows;2021;8;107;107;107;NL;NO;Value on 3rd Wed. at 03;Import;Harmonized;M;M
Physical Energy & Power Flows;2021;8;505;505;505;NL;NO;Value on 3rd Wed. at 11;Import;Harmonized;M;M
Physical Energy & Power Flows;2021;9;5;5;5;NL;NO;Monthly Value;Export;Harmonized;M;M
Physical Energy & Power Flows;2021;9;229;229;229;NL;NO;Monthly Value;Import;Harmonized;M;M
Physical Energy & Power Flows;2021;9;506;506;506;NL;NO;Value on 3rd Wed. at 03;Import;Harmonized;M;M
Physical Energy & Power Flows;2021;9;504;504;504;NL;NO;Value on 3rd Wed. at 11;Import;Harmonized;M;M
Physical Energy & Power Flows;2021;10;17;17;17;NL;NO;Monthly Value;Export;Harmonized;M;M
Physical Energy & Power Flows;2021;10;456;456;456;NL;NO;Monthly Value;Import;Harmonized;M;M
Physical Energy & Power Flows;2021;10;730;730;730;NL;NO;Value on 3rd Wed. at 03;Export;Harmonized;M;M
Physical Energy & Power Flows;2021;10;526;526;526;NL;NO;Value on 3rd Wed. at 11;Import;Harmonized;M;M
Physical Energy & Power Flows;2021;11;6;6;6;NL;NO;Monthly Value;Export;Harmonized;M;M
Physical Energy & Power Flows;2021;11;471;471;471;NL;NO;Monthly Value;Import;Harmonized;M;M
Physical Energy & Power Flows;2021;11;704;704;704;NL;NO;Value on 3rd Wed. at 03;Import;Harmonized;M;M
Physical Energy & Power Flows;2021;11;704;704;704;NL;NO;Value on 3rd Wed. at 11;Import;Harmonized;M;M
Physical Energy & Power Flows;2021;12;79;79;79;NL;NO;Monthly Value;Export;Harmonized;M;M
Physical Energy & Power Flows;2021;12;316;316;316;NL;NO;Monthly Value;Import;Harmonized;M;M
Physical Energy & Power Flows;2021;12;703;703;703;NL;NO;Value on 3rd Wed. at 03;Import;Harmonized;M;M
Physical Energy & Power Flows;2021;12;495;495;495;NL;NO;Value on 3rd Wed. at 11;Import;Harmonized;M;M
Physical Energy & Power Flows;2021;1;292;292;292;NO;DE;Monthly Value;Export;Harmonized;M;M
Physical Energy & Power Flows;2021;1;47;47;47;NO;DE;Monthly Value;Import;Harmonized;M;M
Physical Energy & Power Flows;2021;1;902;902;902;NO;DE;Value on 3rd Wed. at 03;Import;Harmonized;M;M
Physical Energy & Power Flows;2021;1;181;181;181;NO;DE;Value on 3rd Wed. at 11;Export;Harmonized;M;M
Physical Energy & Power Flows;2021;2;153;153;153;NO;DE;Monthly Value;Export;Harmonized;M;M
Physical Energy & Power Flows;2021;2;110;110;110;NO;DE;Monthly Value;Import;Harmonized;M;M
Physical Energy & Power Flows;2021;2;446;446;446;NO;DE;Value on 3rd Wed. at 03;Import;Harmonized;M;M
Physical Energy & Power Flows;2021;2;96;96;96;NO;DE;Value on 3rd Wed. at 11;Import;Harmonized;M;M
Physical Energy & Power Flows;2021;3;274;274;274;NO;DE;Monthly Value;Export;Harmonized;M;M
Physical Energy & Power Flows;2021;3;109;109;109;NO;DE;Monthly Value;Import;Harmonized;M;M
Physical Energy & Power Flows;2021;3;932;932;932;NO;DE;Value on 3rd Wed. at 03;Export;Harmonized;M;M
Physical Energy & Power Flows;2021;3;367;367;367;NO;DE;Value on 3rd Wed. at 11;Export;Harmonized;M;M
Physical Energy & Power Flows;2021;4;409;409;409;NO;DE;Monthly Value;Export;Harmonized;M;M
Physical Energy & Power Flows;2021;4;83;83;83;NO;DE;Monthly Value;Import;Harmonized;M;M
Physical Energy & Power Flows;2021;4;885;885;885;NO;DE;Value on 3rd Wed. at 03;Export;Harmonized;M;M
Physical Energy & Power Flows;2021;4;291;291;291;NO;DE;Value on 3rd Wed. at 11;Export;Harmonized;M;M
Physical Energy & Power Flows;2021;5;421;421;421;NO;DE;Monthly Value;Export;Harmonized;M;M
Physical Energy & Power Flows;2021;5;156;156;156;NO;DE;Monthly Value;Import;Harmonized;M;M
Physical Energy & Power Flows;2021;5;1204;1204;1204;NO;DE;Value on 3rd Wed. at 03;Export;Harmonized;M;M
Physical Energy & Power Flows;2021;5;791;791;791;NO;DE;Value on 3rd Wed. at 11;Export;Harmonized;M;M
Physical Energy & Power Flows;2021;6;479;479;479;NO;DE;Monthly Value;Export;Harmonized;M;M
Physical Energy & Power Flows;2021;6;32;32;32;NO;DE;Monthly Value;Import;Harmonized;M;M
Physical Energy & Power Flows;2021;6;1174;1174;1174;NO;DE;Value on 3rd Wed. at 03;Export;Harmonized;M;M
Physical Energy & Power Flows;2021;6;300;300;300;NO;DE;Value on 3rd Wed. at 11;Export;Harmonized;M;M
Physical Energy & Power Flows;2021;7;492;492;492;NO;DE;Monthly Value;Export;Harmonized;M;M
Physical Energy & Power Flows;2021;7;38;38;38;NO;DE;Monthly Value;Import;Harmonized;M;M
Physical Energy & Power Flows;2021;7;501;501;501;NO;DE;Value on 3rd Wed. at 03;Export;Harmonized;M;M
Physical Energy & Power Flows;2021;7;502;502;502;NO;DE;Value on 3rd Wed. at 11;Export;Harmonized;M;M
Physical Energy & Power Flows;2021;8;329;329;329;NO;DE;Monthly Value;Export;Harmonized;M;M
Physical Energy & Power Flows;2021;8;108;108;108;NO;DE;Monthly Value;Import;Harmonized;M;M
Physical Energy & Power Flows;2021;8;62;62;62;NO;DE;Value on 3rd Wed. at 03;Import;Harmonized;M;M
Physical Energy & Power Flows;2021;8;80;80;80;NO;DE;Value on 3rd Wed. at 11;Export;Harmonized;M;M
Physical Energy & Power Flows;2021;9;400;400;400;NO;DE;Monthly Value;Export;Harmonized;M;M
Physical Energy & Power Flows;2021;9;21;21;21;NO;DE;Monthly Value;Import;Harmonized;M;M
Physical Energy & Power Flows;2021;9;791;791;791;NO;DE;Value on 3rd Wed. at 03;Export;Harmonized;M;M
Physical Energy & Power Flows;2021;9;331;331;331;NO;DE;Value on 3rd Wed. at 11;Export;Harmonized;M;M
Physical Energy & Power Flows;2021;10;319;319;319;NO;DE;Monthly Value;Export;Harmonized;M;M
Physical Energy & Power Flows;2021;10;124;124;124;NO;DE;Monthly Value;Import;Harmonized;M;M
Physical Energy & Power Flows;2021;10;1184;1184;1184;NO;DE;Value on 3rd Wed. at 03;Import;Harmonized;M;M
Physical Energy & Power Flows;2021;10;1400;1400;1400;NO;DE;Value on 3rd Wed. at 11;Import;Harmonized;M;M
Physical Energy & Power Flows;2021;11;378;378;378;NO;DE;Monthly Value;Export;Harmonized;M;M
Physical Energy & Power Flows;2021;11;48;48;48;NO;DE;Monthly Value;Import;Harmonized;M;M
Physical Energy & Power Flows;2021;11;664;664;664;NO;DE;Value on 3rd Wed. at 03;Export;Harmonized;M;M
Physical Energy & Power Flows;2021;11;310;310;310;NO;DE;Value on 3rd Wed. at 11;Export;Harmonized;M;M
Physical Energy & Power Flows;2021;12;338;338;338;NO;DE;Monthly Value;Export;Harmonized;M;M
Physical Energy & Power Flows;2021;12;239;239;239;NO;DE;Monthly Value;Import;Harmonized;M;M
Physical Energy & Power Flows;2021;12;402;402;402;NO;DE;Value on 3rd Wed. at 03;Export;Harmonized;M;M
Physical Energy & Power Flows;2021;12;391;391;391;NO;DE;Value on 3rd Wed. at 11;Export;Harmonized;M;M
Physical Energy & Power Flows;2021;1;609;609;609;NO;DK;Monthly Value;Export;Harmonized;M;M
Physical Energy & Power Flows;2021;1;90;90;90;NO;DK;Monthly Value;Import;Harmonized;M;M
Physical Energy & Power Flows;2021;1;1068;1068;1068;NO;DK;Value on 3rd Wed. at 03;Import;Harmonized;M;M
Physical Energy & Power Flows;2021;1;310;310;310;NO;DK;Value on 3rd Wed. at 11;Export;Harmonized;M;M
Physical Energy & Power Flows;2021;2;236;236;236;NO;DK;Monthly Value;Export;Harmonized;M;M
Physical Energy & Power Flows;2021;2;209;209;209;NO;DK;Monthly Value;Import;Harmonized;M;M
Physical Energy & Power Flows;2021;2;437;437;437;NO;DK;Value on 3rd Wed. at 03;Import;Harmonized;M;M
Physical Energy & Power Flows;2021;2;515;515;515;NO;DK;Value on 3rd Wed. at 11;Export;Harmonized;M;M
Physical Energy & Power Flows;2021;3;760;760;760;NO;DK;Monthly Value;Export;Harmonized;M;M
Physical Energy & Power Flows;2021;3;194;194;194;NO;DK;Monthly Value;Import;Harmonized;M;M
Physical Energy & Power Flows;2021;3;1631;1631;1631;NO;DK;Value on 3rd Wed. at 03;Export;Harmonized;M;M
Physical Energy & Power Flows;2021;3;1547;1547;1547;NO;DK;Value on 3rd Wed. at 11;Export;Harmonized;M;M
Physical Energy & Power Flows;2021;4;673;673;673;NO;DK;Monthly Value;Export;Harmonized;M;M
Physical Energy & Power Flows;2021;4;122;122;122;NO;DK;Monthly Value;Import;Harmonized;M;M
Physical Energy & Power Flows;2021;4;1631;1631;1631;NO;DK;Value on 3rd Wed. at 03;Export;Harmonized;M;M
Physical Energy & Power Flows;2021;4;1032;1032;1032;NO;DK;Value on 3rd Wed. at 11;Import;Harmonized;M;M
Physical Energy & Power Flows;2021;5;706;706;706;NO;DK;Monthly Value;Export;Harmonized;M;M
Physical Energy & Power Flows;2021;5;147;147;147;NO;DK;Monthly Value;Import;Harmonized;M;M
Physical Energy & Power Flows;2021;5;1632;1632;1632;NO;DK;Value on 3rd Wed. at 03;Export;Harmonized;M;M
Physical Energy & Power Flows;2021;5;1632;1632;1632;NO;DK;Value on 3rd Wed. at 11;Export;Harmonized;M;M
Physical Energy & Power Flows;2021;6;948;948;948;NO;DK;Monthly Value;Export;Harmonized;M;M
Physical Energy & Power Flows;2021;6;34;34;34;NO;DK;Monthly Value;Import;Harmonized;M;M
Physical Energy & Power Flows;2021;6;1604;1604;1604;NO;DK;Value on 3rd Wed. at 03;Export;Harmonized;M;M
Physical Energy & Power Flows;2021;6;732;732;732;NO;DK;Value on 3rd Wed. at 11;Export;Harmonized;M;M
Physical Energy & Power Flows;2021;7;779;779;779;NO;DK;Monthly Value;Export;Harmonized;M;M
Physical Energy & Power Flows;2021;7;57;57;57;NO;DK;Monthly Value;Import;Harmonized;M;M
Physical Energy & Power Flows;2021;7;899;899;899;NO;DK;Value on 3rd Wed. at 03;Export;Harmonized;M;M
Physical Energy & Power Flows;2021;7;900;900;900;NO;DK;Value on 3rd Wed. at 11;Export;Harmonized;M;M
Physical Energy & Power Flows;2021;8;741;741;741;NO;DK;Monthly Value;Export;Harmonized;M;M
Physical Energy & Power Flows;2021;8;82;82;82;NO;DK;Monthly Value;Import;Harmonized;M;M
Physical Energy & Power Flows;2021;8;45;45;45;NO;DK;Value on 3rd Wed. at 03;Import;Harmonized;M;M
Physical Energy & Power Flows;2021;8;276;276;276;NO;DK;Value on 3rd Wed. at 11;Export;Harmonized;M;M
Physical Energy & Power Flows;2021;9;796;796;796;NO;DK;Monthly Value;Export;Harmonized;M;M
Physical Energy & Power Flows;2021;9;67;67;67;NO;DK;Monthly Value;Import;Harmonized;M;M
Physical Energy & Power Flows;2021;9;1231;1231;1231;NO;DK;Value on 3rd Wed. at 03;Export;Harmonized;M;M
Physical Energy & Power Flows;2021;9;1187;1187;1187;NO;DK;Value on 3rd Wed. at 11;Export;Harmonized;M;M
Physical Energy & Power Flows;2021;10;484;484;484;NO;DK;Monthly Value;Export;Harmonized;M;M
Physical Energy & Power Flows;2021;10;255;255;255;NO;DK;Monthly Value;Import;Harmonized;M;M
Physical Energy & Power Flows;2021;10;1092;1092;1092;NO;DK;Value on 3rd Wed. at 03;Import;Harmonized;M;M
Physical Energy & Power Flows;2021;10;1090;1090;1090;NO;DK;Value on 3rd Wed. at 11;Import;Harmonized;M;M
Physical Energy & Power Flows;2021;11;659;659;659;NO;DK;Monthly Value;Export;Harmonized;M;M
Physical Energy & Power Flows;2021;11;172;172;172;NO;DK;Monthly Value;Import;Harmonized;M;M
Physical Energy & Power Flows;2021;11;643;643;643;NO;DK;Value on 3rd Wed. at 03;Export;Harmonized;M;M
Physical Energy & Power Flows;2021;11;1275;1275;1275;NO;DK;Value on 3rd Wed. at 11;Export;Harmonized;M;M
Physical Energy & Power Flows;2021;12;549;549;549;NO;DK;Monthly Value;Export;Harmonized;M;M
Physical Energy & Power Flows;2021;12;222;222;222;NO;DK;Monthly Value;Import;Harmonized;M;M
Physical Energy & Power Flows;2021;12;1089;1089;1089;NO;DK;Value on 3rd Wed. at 03;Import;Harmonized;M;M
Physical Energy & Power Flows;2021;12;433;433;433;NO;DK;Value on 3rd Wed. at 11;Import;Harmonized;M;M
Physical Energy & Power Flows;2021;1;30;30;30;NO;FI;Monthly Value;Export;Harmonized;M;M
Physical Energy & Power Flows;2021;1;1;1;1;NO;FI;Monthly Value;Import;Harmonized;M;M
Physical Energy & Power Flows;2021;1;17;17;17;NO;FI;Value on 3rd Wed. at 03;Export;Harmonized;M;M
Physical Energy & Power Flows;2021;1;11;11;11;NO;FI;Value on 3rd Wed. at 11;Export;Harmonized;M;M
Physical Energy & Power Flows;2021;2;13;13;13;NO;FI;Monthly Value;Export;Harmonized;M;M
Physical Energy & Power Flows;2021;2;3;3;3;NO;FI;Monthly Value;Import;Harmonized;M;M
Physical Energy & Power Flows;2021;2;33;33;33;NO;FI;Value on 3rd Wed. at 03;Export;Harmonized;M;M
Physical Energy & Power Flows;2021;2;36;36;36;NO;FI;Value on 3rd Wed. at 11;Export;Harmonized;M;M
Physical Energy & Power Flows;2021;3;13;13;13;NO;FI;Monthly Value;Export;Harmonized;M;M
Physical Energy & Power Flows;2021;3;3;3;3;NO;FI;Monthly Value;Import;Harmonized;M;M
Physical Energy & Power Flows;2021;3;4;4;4;NO;FI;Value on 3rd Wed. at 03;Export;Harmonized;M;M
Physical Energy & Power Flows;2021;3;4;4;4;NO;FI;Value on 3rd Wed. at 11;Export;Harmonized;M;M
Physical Energy & Power Flows;2021;4;22;22;22;NO;FI;Monthly Value;Export;Harmonized;M;M
Physical Energy & Power Flows;2021;4;3;3;3;NO;FI;Monthly Value;Import;Harmonized;M;M
Physical Energy & Power Flows;2021;4;39;39;39;NO;FI;Value on 3rd Wed. at 03;Export;Harmonized;M;M
Physical Energy & Power Flows;2021;4;61;61;61;NO;FI;Value on 3rd Wed. at 11;Export;Harmonized;M;M
Physical Energy & Power Flows;2021;5;17;17;17;NO;FI;Monthly Value;Export;Harmonized;M;M
Physical Energy & Power Flows;2021;5;5;5;5;NO;FI;Monthly Value;Import;Harmonized;M;M
Physical Energy & Power Flows;2021;5;46;46;46;NO;FI;Value on 3rd Wed. at 03;Export;Harmonized;M;M
Physical Energy & Power Flows;2021;5;28;28;28;NO;FI;Value on 3rd Wed. at 11;Export;Harmonized;M;M
Physical Energy & Power Flows;2021;6;29;29;29;NO;FI;Monthly Value;Export;Harmonized;M;M
Physical Energy & Power Flows;2021;6;0;0;0;NO;FI;Monthly Value;Import;Harmonized;M;M
Physical Energy & Power Flows;2021;6;56;56;56;NO;FI;Value on 3rd Wed. at 03;Export;Harmonized;M;M
Physical Energy & Power Flows;2021;6;30;30;30;NO;FI;Value on 3rd Wed. at 11;Export;Harmonized;M;M
Physical Energy & Power Flows;2021;7;29;29;29;NO;FI;Monthly Value;Export;Harmonized;M;M
Physical Energy & Power Flows;2021;7;0;0;0;NO;FI;Monthly Value;Import;Harmonized;M;M
Physical Energy & Power Flows;2021;7;31;31;31;NO;FI;Value on 3rd Wed. at 03;Export;Harmonized;M;M
Physical Energy & Power Flows;2021;7;34;34;34;NO;FI;Value on 3rd Wed. at 11;Export;Harmonized;M;M
Physical Energy & Power Flows;2021;8;20;20;20;NO;FI;Monthly Value;Export;Harmonized;M;M
Physical Energy & Power Flows;2021;8;0;0;0;NO;FI;Monthly Value;Import;Harmonized;M;M
Physical Energy & Power Flows;2021;8;0;0;0;NO;FI;Value on 3rd Wed. at 03;Import;Harmonized;M;M
Physical Energy & Power Flows;2021;8;0;0;0;NO;FI;Value on 3rd Wed. at 11;Import;Harmonized;M;M
Physical Energy & Power Flows;2021;9;33;33;33;NO;FI;Monthly Value;Export;Harmonized;M;M
Physical Energy & Power Flows;2021;9;0;0;0;NO;FI;Monthly Value;Import;Harmonized;M;M
Physical Energy & Power Flows;2021;9;41;41;41;NO;FI;Value on 3rd Wed. at 03;Export;Harmonized;M;M
Physical Energy & Power Flows;2021;9;35;35;35;NO;FI;Value on 3rd Wed. at 11;Export;Harmonized;M;M
Physical Energy & Power Flows;2021;10;19;19;19;NO;FI;Monthly Value;Export;Harmonized;M;M
Physical Energy & Power Flows;2021;10;0;0;0;NO;FI;Monthly Value;Import;Harmonized;M;M
Physical Energy & Power Flows;2021;10;1;1;1;NO;FI;Value on 3rd Wed. at 03;Import;Harmonized;M;M
Physical Energy & Power Flows;2021;10;35;35;35;NO;FI;Value on 3rd Wed. at 11;Import;Harmonized;M;M
Physical Energy & Power Flows;2021;11;22;22;22;NO;FI;Monthly Value;Export;Harmonized;M;M
Physical Energy & Power Flows;2021;11;2;2;2;NO;FI;Monthly Value;Import;Harmonized;M;M
Physical Energy & Power Flows;2021;11;30;30;30;NO;FI;Value on 3rd Wed. at 03;Export;Harmonized;M;M
Physical Energy & Power Flows;2021;11;51;51;51;NO;FI;Value on 3rd Wed. at 11;Export;Harmonized;M;M
Physical Energy & Power Flows;2021;12;29;29;29;NO;FI;Monthly Value;Export;Harmonized;M;M
Physical Energy & Power Flows;2021;12;2;2;2;NO;FI;Monthly Value;Import;Harmonized;M;M
Physical Energy & Power Flows;2021;12;57;57;57;NO;FI;Value on 3rd Wed. at 03;Export;Harmonized;M;M
Physical Energy & Power Flows;2021;12;47;47;47;NO;FI;Value on 3rd Wed. at 11;Export;Harmonized;M;M
Physical Energy & Power Flows;2021;6;2;2;2;NO;GB;Monthly Value;Export;Harmonized;M;M
Physical Energy & Power Flows;2021;6;1;1;1;NO;GB;Monthly Value;Import;Harmonized;M;M
Physical Energy & Power Flows;2021;6;2;2;2;NO;GB;Value on 3rd Wed. at 03;Export;Harmonized;M;M
Physical Energy & Power Flows;2021;6;2;2;2;NO;GB;Value on 3rd Wed. at 11;Export;Harmonized;M;M
Physical Energy & Power Flows;2021;7;14;14;14;NO;GB;Monthly Value;Export;Harmonized;M;M
Physical Energy & Power Flows;2021;7;0;0;0;NO;GB;Monthly Value;Import;Harmonized;M;M
Physical Energy & Power Flows;2021;7;2;2;2;NO;GB;Value on 3rd Wed. at 03;Export;Harmonized;M;M
Physical Energy & Power Flows;2021;7;2;2;2;NO;GB;Value on 3rd Wed. at 11;Export;Harmonized;M;M
Physical Energy & Power Flows;2021;8;5;5;5;NO;GB;Monthly Value;Export;Harmonized;M;M
Physical Energy & Power Flows;2021;8;1;1;1;NO;GB;Monthly Value;Import;Harmonized;M;M
Physical Energy & Power Flows;2021;8;3;3;3;NO;GB;Value on 3rd Wed. at 03;Export;Harmonized;M;M
Physical Energy & Power Flows;2021;8;280;280;280;NO;GB;Value on 3rd Wed. at 11;Export;Harmonized;M;M
Physical Energy & Power Flows;2021;9;48;48;48;NO;GB;Monthly Value;Export;Harmonized;M;M
Physical Energy & Power Flows;2021;9;19;19;19;NO;GB;Monthly Value;Import;Harmonized;M;M
Physical Energy & Power Flows;2021;9;3;3;3;NO;GB;Value on 3rd Wed. at 03;Export;Harmonized;M;M
Physical Energy & Power Flows;2021;9;700;700;700;NO;GB;Value on 3rd Wed. at 11;Export;Harmonized;M;M
Physical Energy & Power Flows;2021;10;492;492;492;NO;GB;Monthly Value;Export;Harmonized;M;M
Physical Energy & Power Flows;2021;10;1;1;1;NO;GB;Monthly Value;Import;Harmonized;M;M
Physical Energy & Power Flows;2021;10;119;119;119;NO;GB;Value on 3rd Wed. at 03;Export;Harmonized;M;M
Physical Energy & Power Flows;2021;10;694;694;694;NO;GB;Value on 3rd Wed. at 11;Export;Harmonized;M;M
Physical Energy & Power Flows;2021;11;462;462;462;NO;GB;Monthly Value;Export;Harmonized;M;M
Physical Energy & Power Flows;2021;11;3;3;3;NO;GB;Monthly Value;Import;Harmonized;M;M
Physical Energy & Power Flows;2021;11;694;694;694;NO;GB;Value on 3rd Wed. at 03;Export;Harmonized;M;M
Physical Energy & Power Flows;2021;11;694;694;694;NO;GB;Value on 3rd Wed. at 11;Export;Harmonized;M;M
Physical Energy & Power Flows;2021;12;442;442;442;NO;GB;Monthly Value;Export;Harmonized;M;M
Physical Energy & Power Flows;2021;12;15;15;15;NO;GB;Monthly Value;Import;Harmonized;M;M
Physical Energy & Power Flows;2021;12;694;694;694;NO;GB;Value on 3rd Wed. at 03;Export;Harmonized;M;M
Physical Energy & Power Flows;2021;12;694;694;694;NO;GB;Value on 3rd Wed. at 11;Export;Harmonized;M;M
Physical Energy & Power Flows;2021;1;129;129;129;NO;NL;Monthly Value;Export;Harmonized;M;M
Physical Energy & Power Flows;2021;1;56;56;56;NO;NL;Monthly Value;Import;Harmonized;M;M
Physical Energy & Power Flows;2021;1;0;0;0;NO;NL;Value on 3rd Wed. at 03;Import;Harmonized;M;M
Physical Energy & Power Flows;2021;1;0;0;0;NO;NL;Value on 3rd Wed. at 11;Import;Harmonized;M;M
Physical Energy & Power Flows;2021;2;0;0;0;NO;NL;Monthly Value;Import;Harmonized;M;M
Physical Energy & Power Flows;2021;2;0;0;0;NO;NL;Value on 3rd Wed. at 03;Import;Harmonized;M;M
Physical Energy & Power Flows;2021;2;0;0;0;NO;NL;Value on 3rd Wed. at 11;Import;Harmonized;M;M
Physical Energy & Power Flows;2021;3;31;31;31;NO;NL;Monthly Value;Export;Harmonized;M;M
Physical Energy & Power Flows;2021;3;0;0;0;NO;NL;Monthly Value;Import;Harmonized;M;M
Physical Energy & Power Flows;2021;3;0;0;0;NO;NL;Value on 3rd Wed. at 03;Import;Harmonized;M;M
Physical Energy & Power Flows;2021;3;0;0;0;NO;NL;Value on 3rd Wed. at 11;Import;Harmonized;M;M
Physical Energy & Power Flows;2021;4;381;381;381;NO;NL;Monthly Value;Export;Harmonized;M;M
Physical Energy & Power Flows;2021;4;47;47;47;NO;NL;Monthly Value;Import;Harmonized;M;M
Physical Energy & Power Flows;2021;4;706;706;706;NO;NL;Value on 3rd Wed. at 03;Export;Harmonized;M;M
Physical Energy & Power Flows;2021;4;292;292;292;NO;NL;Value on 3rd Wed. at 11;Export;Harmonized;M;M
Physical Energy & Power Flows;2021;5;370;370;370;NO;NL;Monthly Value;Export;Harmonized;M;M
Physical Energy & Power Flows;2021;5;71;71;71;NO;NL;Monthly Value;Import;Harmonized;M;M
Physical Energy & Power Flows;2021;5;705;705;705;NO;NL;Value on 3rd Wed. at 03;Export;Harmonized;M;M
Physical Energy & Power Flows;2021;5;704;704;704;NO;NL;Value on 3rd Wed. at 11;Export;Harmonized;M;M
Physical Energy & Power Flows;2021;6;469;469;469;NO;NL;Monthly Value;Export;Harmonized;M;M
Physical Energy & Power Flows;2021;6;9;9;9;NO;NL;Monthly Value;Import;Harmonized;M;M
Physical Energy & Power Flows;2021;6;704;704;704;NO;NL;Value on 3rd Wed. at 03;Export;Harmonized;M;M
Physical Energy & Power Flows;2021;6;704;704;704;NO;NL;Value on 3rd Wed. at 11;Export;Harmonized;M;M
Physical Energy & Power Flows;2021;7;403;403;403;NO;NL;Monthly Value;Export;Harmonized;M;M
Physical Energy & Power Flows;2021;7;28;28;28;NO;NL;Monthly Value;Import;Harmonized;M;M
Physical Energy & Power Flows;2021;7;505;505;505;NO;NL;Value on 3rd Wed. at 03;Export;Harmonized;M;M
Physical Energy & Power Flows;2021;7;505;505;505;NO;NL;Value on 3rd Wed. at 11;Export;Harmonized;M;M
Physical Energy & Power Flows;2021;8;254;254;254;NO;NL;Monthly Value;Export;Harmonized;M;M
Physical Energy & Power Flows;2021;8;47;47;47;NO;NL;Monthly Value;Import;Harmonized;M;M
Physical Energy & Power Flows;2021;8;107;107;107;NO;NL;Value on 3rd Wed. at 03;Export;Harmonized;M;M
Physical Energy & Power Flows;2021;8;505;505;505;NO;NL;Value on 3rd Wed. at 11;Export;Harmonized;M;M
Physical Energy & Power Flows;2021;9;229;229;229;NO;NL;Monthly Value;Export;Harmonized;M;M
Physical Energy & Power Flows;2021;9;5;5;5;NO;NL;Monthly Value;Import;Harmonized;M;M
Physical Energy & Power Flows;2021;9;506;506;506;NO;NL;Value on 3rd Wed. at 03;Export;Harmonized;M;M
Physical Energy & Power Flows;2021;9;504;504;504;NO;NL;Value on 3rd Wed. at 11;Export;Harmonized;M;M
Physical Energy & Power Flows;2021;10;456;456;456;NO;NL;Monthly Value;Export;Harmonized;M;M
Physical Energy & Power Flows;2021;10;17;17;17;NO;NL;Monthly Value;Import;Harmonized;M;M
Physical Energy & Power Flows;2021;10;730;730;730;NO;NL;Value on 3rd Wed. at 03;Import;Harmonized;M;M
Physical Energy & Power Flows;2021;10;526;526;526;NO;NL;Value on 3rd Wed. at 11;Export;Harmonized;M;M
Physical Energy & Power Flows;2021;11;471;471;471;NO;NL;Monthly Value;Export;Harmonized;M;M
Physical Energy & Power Flows;2021;11;6;6;6;NO;NL;Monthly Value;Import;Harmonized;M;M
Physical Energy & Power Flows;2021;11;704;704;704;NO;NL;Value on 3rd Wed. at 03;Export;Harmonized;M;M
Physical Energy & Power Flows;2021;11;704;704;704;NO;NL;Value on 3rd Wed. at 11;Export;Harmonized;M;M
Physical Energy & Power Flows;2021;12;316;316;316;NO;NL;Monthly Value;Export;Harmonized;M;M
Physical Energy & Power Flows;2021;12;79;79;79;NO;NL;Monthly Value;Import;Harmonized;M;M
Physical Energy & Power Flows;2021;12;703;703;703;NO;NL;Value on 3rd Wed. at 03;Export;Harmonized;M;M
Physical Energy & Power Flows;2021;12;495;495;495;NO;NL;Value on 3rd Wed. at 11;Export;Harmonized;M;M
Physical Energy & Power Flows;2021;1;1091;1091;1091;NO;SE;Monthly Value;Export;Harmonized;M;M
Physical Energy & Power Flows;2021;1;121;121;121;NO;SE;Monthly Value;Import;Harmonized;M;M
Physical Energy & Power Flows;2021;1;176;176;176;NO;SE;Value on 3rd Wed. at 03;Import;Harmonized;M;M
Physical Energy & Power Flows;2021;1;2969;2969;2969;NO;SE;Value on 3rd Wed. at 11;Export;Harmonized;M;M
Physical Energy & Power Flows;2021;2;665;665;665;NO;SE;Monthly Value;Export;Harmonized;M;M
Physical Energy & Power Flows;2021;2;302;302;302;NO;SE;Monthly Value;Import;Harmonized;M;M
Physical Energy & Power Flows;2021;2;1765;1765;1765;NO;SE;Value on 3rd Wed. at 03;Export;Harmonized;M;M
Physical Energy & Power Flows;2021;2;2686;2686;2686;NO;SE;Value on 3rd Wed. at 11;Export;Harmonized;M;M
Physical Energy & Power Flows;2021;3;399;399;399;NO;SE;Monthly Value;Export;Harmonized;M;M
Physical Energy & Power Flows;2021;3;576;576;576;NO;SE;Monthly Value;Import;Harmonized;M;M
Physical Energy & Power Flows;2021;3;35;35;35;NO;SE;Value on 3rd Wed. at 03;Export;Harmonized;M;M
Physical Energy & Power Flows;2021;3;2768;2768;2768;NO;SE;Value on 3rd Wed. at 11;Export;Harmonized;M;M
Physical Energy & Power Flows;2021;4;211;211;211;NO;SE;Monthly Value;Export;Harmonized;M;M
Physical Energy & Power Flows;2021;4;652;652;652;NO;SE;Monthly Value;Import;Harmonized;M;M
Physical Energy & Power Flows;2021;4;1661;1661;1661;NO;SE;Value on 3rd Wed. at 03;Import;Harmonized;M;M
Physical Energy & Power Flows;2021;4;496;496;496;NO;SE;Value on 3rd Wed. at 11;Import;Harmonized;M;M
Physical Energy & Power Flows;2021;5;531;531;531;NO;SE;Monthly Value;Export;Harmonized;M;M
Physical Energy & Power Flows;2021;5;276;276;276;NO;SE;Monthly Value;Import;Harmonized;M;M
Physical Energy & Power Flows;2021;5;272;272;272;NO;SE;Value on 3rd Wed. at 03;Export;Harmonized;M;M
Physical Energy & Power Flows;2021;5;1798;1798;1798;NO;SE;Value on 3rd Wed. at 11;Export;Harmonized;M;M
Physical Energy & Power Flows;2021;6;425;425;425;NO;SE;Monthly Value;Export;Harmonized;M;M
Physical Energy & Power Flows;2021;6;46;46;46;NO;SE;Monthly Value;Import;Harmonized;M;M
Physical Energy & Power Flows;2021;6;36;36;36;NO;SE;Value on 3rd Wed. at 03;Import;Harmonized;M;M
Physical Energy & Power Flows;2021;6;1661;1661;1661;NO;SE;Value on 3rd Wed. at 11;Export;Harmonized;M;M
Physical Energy & Power Flows;2021;7;636;636;636;NO;SE;Monthly Value;Export;Harmonized;M;M
Physical Energy & Power Flows;2021;7;45;45;45;NO;SE;Monthly Value;Import;Harmonized;M;M
Physical Energy & Power Flows;2021;7;255;255;255;NO;SE;Value on 3rd Wed. at 03;Import;Harmonized;M;M
Physical Energy & Power Flows;2021;7;1724;1724;1724;NO;SE;Value on 3rd Wed. at 11;Export;Harmonized;M;M
Physical Energy & Power Flows;2021;8;176;176;176;NO;SE;Monthly Value;Export;Harmonized;M;M
Physical Energy & Power Flows;2021;8;142;142;142;NO;SE;Monthly Value;Import;Harmonized;M;M
Physical Energy & Power Flows;2021;8;976;976;976;NO;SE;Value on 3rd Wed. at 03;Import;Harmonized;M;M
Physical Energy & Power Flows;2021;8;295;295;295;NO;SE;Value on 3rd Wed. at 11;Export;Harmonized;M;M
Physical Energy & Power Flows;2021;9;362;362;362;NO;SE;Monthly Value;Export;Harmonized;M;M
Physical Energy & Power Flows;2021;9;55;55;55;NO;SE;Monthly Value;Import;Harmonized;M;M
Physical Energy & Power Flows;2021;9;593;593;593;NO;SE;Value on 3rd Wed. at 03;Export;Harmonized;M;M
Physical Energy & Power Flows;2021;9;644;644;644;NO;SE;Value on 3rd Wed. at 11;Export;Harmonized;M;M
Physical Energy & Power Flows;2021;10;219;219;219;NO;SE;Monthly Value;Export;Harmonized;M;M
Physical Energy & Power Flows;2021;10;401;401;401;NO;SE;Monthly Value;Import;Harmonized;M;M
Physical Energy & Power Flows;2021;10;1984;1984;1984;NO;SE;Value on 3rd Wed. at 03;Import;Harmonized;M;M
Physical Energy & Power Flows;2021;10;262;262;262;NO;SE;Value on 3rd Wed. at 11;Import;Harmonized;M;M
Physical Energy & Power Flows;2021;11;475;475;475;NO;SE;Monthly Value;Export;Harmonized;M;M
Physical Energy & Power Flows;2021;11;296;296;296;NO;SE;Monthly Value;Import;Harmonized;M;M
Physical Energy & Power Flows;2021;11;285;285;285;NO;SE;Value on 3rd Wed. at 03;Import;Harmonized;M;M
Physical Energy & Power Flows;2021;11;520;520;520;NO;SE;Value on 3rd Wed. at 11;Import;Harmonized;M;M
Physical Energy & Power Flows;2021;12;684;684;684;NO;SE;Monthly Value;Export;Harmonized;M;M
Physical Energy & Power Flows;2021;12;181;181;181;NO;SE;Monthly Value;Import;Harmonized;M;M
Physical Energy & Power Flows;2021;12;755;755;755;NO;SE;Value on 3rd Wed. at 03;Import;Harmonized;M;M
Physical Energy & Power Flows;2021;12;66;66;66;NO;SE;Value on 3rd Wed. at 11;Export;Harmonized;M;M
Physical Energy & Power Flows;2021;1;612;612;612;PL;CZ;Monthly Value;Export;Harmonized;M;M
Physical Energy & Power Flows;2021;1;3;3;3;PL;CZ;Monthly Value;Import;Harmonized;M;M
Physical Energy & Power Flows;2021;1;1168;1168;1168;PL;CZ;Value on 3rd Wed. at 03;Export;Harmonized;M;M
Physical Energy & Power Flows;2021;1;1078;1078;1078;PL;CZ;Value on 3rd Wed. at 11;Export;Harmonized;M;M
Physical Energy & Power Flows;2021;2;266;266;266;PL;CZ;Monthly Value;Export;Harmonized;M;M
Physical Energy & Power Flows;2021;2;14;14;14;PL;CZ;Monthly Value;Import;Harmonized;M;M
Physical Energy & Power Flows;2021;2;497;497;497;PL;CZ;Value on 3rd Wed. at 03;Export;Harmonized;M;M
Physical Energy & Power Flows;2021;2;208;208;208;PL;CZ;Value on 3rd Wed. at 11;Export;Harmonized;M;M
Physical Energy & Power Flows;2021;3;430;430;430;PL;CZ;Monthly Value;Export;Harmonized;M;M
Physical Energy & Power Flows;2021;3;2;2;2;PL;CZ;Monthly Value;Import;Harmonized;M;M
Physical Energy & Power Flows;2021;3;894;894;894;PL;CZ;Value on 3rd Wed. at 03;Export;Harmonized;M;M
Physical Energy & Power Flows;2021;3;288;288;288;PL;CZ;Value on 3rd Wed. at 11;Export;Harmonized;M;M
Physical Energy & Power Flows;2021;4;696;696;696;PL;CZ;Monthly Value;Export;Harmonized;M;M
Physical Energy & Power Flows;2021;4;3;3;3;PL;CZ;Monthly Value;Import;Harmonized;M;M
Physical Energy & Power Flows;2021;4;1392;1392;1392;PL;CZ;Value on 3rd Wed. at 03;Export;Harmonized;M;M
Physical Energy & Power Flows;2021;4;907;907;907;PL;CZ;Value on 3rd Wed. at 11;Export;Harmonized;M;M
Physical Energy & Power Flows;2021;5;428;428;428;PL;CZ;Monthly Value;Export;Harmonized;M;M
Physical Energy & Power Flows;2021;5;9;9;9;PL;CZ;Monthly Value;Import;Harmonized;M;M
Physical Energy & Power Flows;2021;5;749;749;749;PL;CZ;Value on 3rd Wed. at 03;Export;Harmonized;M;M
Physical Energy & Power Flows;2021;5;942;942;942;PL;CZ;Value on 3rd Wed. at 11;Export;Harmonized;M;M
Physical Energy & Power Flows;2021;6;432;432;432;PL;CZ;Monthly Value;Export;Harmonized;M;M
Physical Energy & Power Flows;2021;6;0;0;0;PL;CZ;Monthly Value;Import;Harmonized;M;M
Physical Energy & Power Flows;2021;6;144;144;144;PL;CZ;Value on 3rd Wed. at 03;Export;Harmonized;M;M
Physical Energy & Power Flows;2021;6;134;134;134;PL;CZ;Value on 3rd Wed. at 11;Export;Harmonized;M;M
Physical Energy & Power Flows;2021;7;531;531;531;PL;CZ;Monthly Value;Export;Harmonized;M;M
Physical Energy & Power Flows;2021;7;2;2;2;PL;CZ;Monthly Value;Import;Harmonized;M;M
Physical Energy & Power Flows;2021;7;1092;1092;1092;PL;CZ;Value on 3rd Wed. at 03;Export;Harmonized;M;M
Physical Energy & Power Flows;2021;7;519;519;519;PL;CZ;Value on 3rd Wed. at 11;Export;Harmonized;M;M
Physical Energy & Power Flows;2021;8;655;655;655;PL;CZ;Monthly Value;Export;Harmonized;M;M
Physical Energy & Power Flows;2021;8;8;8;8;PL;CZ;Monthly Value;Import;Harmonized;M;M
Physical Energy & Power Flows;2021;8;1565;1565;1565;PL;CZ;Value on 3rd Wed. at 03;Export;Harmonized;M;M
Physical Energy & Power Flows;2021;8;1709;1709;1709;PL;CZ;Value on 3rd Wed. at 11;Export;Harmonized;M;M
Physical Energy & Power Flows;2021;9;966;966;966;PL;CZ;Monthly Value;Export;Harmonized;M;M
Physical Energy & Power Flows;2021;9;0;0;0;PL;CZ;Monthly Value;Import;Harmonized;M;M
Physical Energy & Power Flows;2021;9;1931;1931;1931;PL;CZ;Value on 3rd Wed. at 03;Export;Harmonized;M;M
Physical Energy & Power Flows;2021;9;1050;1050;1050;PL;CZ;Value on 3rd Wed. at 11;Export;Harmonized;M;M
Physical Energy & Power Flows;2021;10;1096;1096;1096;PL;CZ;Monthly Value;Export;Harmonized;M;M
Physical Energy & Power Flows;2021;10;1569;1569;1569;PL;CZ;Value on 3rd Wed. at 03;Export;Harmonized;M;M
Physical Energy & Power Flows;2021;10;1254;1254;1254;PL;CZ;Value on 3rd Wed. at 11;Export;Harmonized;M;M
Physical Energy & Power Flows;2021;11;984;984;984;PL;CZ;Monthly Value;Export;Harmonized;M;M
Physical Energy & Power Flows;2021;11;1387;1387;1387;PL;CZ;Value on 3rd Wed. at 03;Export;Harmonized;M;M
Physical Energy & Power Flows;2021;11;976;976;976;PL;CZ;Value on 3rd Wed. at 11;Export;Harmonized;M;M
Physical Energy & Power Flows;2021;12;816;816;816;PL;CZ;Monthly Value;Export;Harmonized;M;M
Physical Energy & Power Flows;2021;12;3;3;3;PL;CZ;Monthly Value;Import;Harmonized;M;M
Physical Energy & Power Flows;2021;12;1744;1744;1744;PL;CZ;Value on 3rd Wed. at 03;Export;Harmonized;M;M
Physical Energy & Power Flows;2021;12;1230;1230;1230;PL;CZ;Value on 3rd Wed. at 11;Export;Harmonized;M;M
Physical Energy & Power Flows;2021;1;0;0;0;PL;DE;Monthly Value;Export;Harmonized;M;M
Physical Energy & Power Flows;2021;1;780;780;780;PL;DE;Monthly Value;Import;Harmonized;M;M
Physical Energy & Power Flows;2021;1;1416;1416;1416;PL;DE;Value on 3rd Wed. at 03;Import;Harmonized;M;M
Physical Energy & Power Flows;2021;1;1567;1567;1567;PL;DE;Value on 3rd Wed. at 11;Import;Harmonized;M;M
Physical Energy & Power Flows;2021;2;0;0;0;PL;DE;Monthly Value;Export;Harmonized;M;M
Physical Energy & Power Flows;2021;2;870;870;870;PL;DE;Monthly Value;Import;Harmonized;M;M
Physical Energy & Power Flows;2021;2;1474;1474;1474;PL;DE;Value on 3rd Wed. at 03;Import;Harmonized;M;M
Physical Energy & Power Flows;2021;2;1979;1979;1979;PL;DE;Value on 3rd Wed. at 11;Import;Harmonized;M;M
Physical Energy & Power Flows;2021;3;1039;1039;1039;PL;DE;Monthly Value;Import;Harmonized;M;M
Physical Energy & Power Flows;2021;3;1253;1253;1253;PL;DE;Value on 3rd Wed. at 03;Import;Harmonized;M;M
Physical Energy & Power Flows;2021;3;1697;1697;1697;PL;DE;Value on 3rd Wed. at 11;Import;Harmonized;M;M
Physical Energy & Power Flows;2021;4;1;1;1;PL;DE;Monthly Value;Export;Harmonized;M;M
Physical Energy & Power Flows;2021;4;818;818;818;PL;DE;Monthly Value;Import;Harmonized;M;M
Physical Energy & Power Flows;2021;4;1666;1666;1666;PL;DE;Value on 3rd Wed. at 03;Import;Harmonized;M;M
Physical Energy & Power Flows;2021;4;1197;1197;1197;PL;DE;Value on 3rd Wed. at 11;Import;Harmonized;M;M
Physical Energy & Power Flows;2021;5;25;25;25;PL;DE;Monthly Value;Export;Harmonized;M;M
Physical Energy & Power Flows;2021;5;624;624;624;PL;DE;Monthly Value;Import;Harmonized;M;M
Physical Energy & Power Flows;2021;5;483;483;483;PL;DE;Value on 3rd Wed. at 03;Import;Harmonized;M;M
Physical Energy & Power Flows;2021;5;931;931;931;PL;DE;Value on 3rd Wed. at 11;Import;Harmonized;M;M
Physical Energy & Power Flows;2021;6;11;11;11;PL;DE;Monthly Value;Export;Harmonized;M;M
Physical Energy & Power Flows;2021;6;563;563;563;PL;DE;Monthly Value;Import;Harmonized;M;M
Physical Energy & Power Flows;2021;6;642;642;642;PL;DE;Value on 3rd Wed. at 03;Import;Harmonized;M;M
Physical Energy & Power Flows;2021;6;1193;1193;1193;PL;DE;Value on 3rd Wed. at 11;Import;Harmonized;M;M
Physical Energy & Power Flows;2021;7;19;19;19;PL;DE;Monthly Value;Export;Harmonized;M;M
Physical Energy & Power Flows;2021;7;692;692;692;PL;DE;Monthly Value;Import;Harmonized;M;M
Physical Energy & Power Flows;2021;7;42;42;42;PL;DE;Value on 3rd Wed. at 03;Export;Harmonized;M;M
Physical Energy & Power Flows;2021;7;1099;1099;1099;PL;DE;Value on 3rd Wed. at 11;Import;Harmonized;M;M
Physical Energy & Power Flows;2021;8;21;21;21;PL;DE;Monthly Value;Export;Harmonized;M;M
Physical Energy & Power Flows;2021;8;621;621;621;PL;DE;Monthly Value;Import;Harmonized;M;M
Physical Energy & Power Flows;2021;8;858;858;858;PL;DE;Value on 3rd Wed. at 03;Import;Harmonized;M;M
Physical Energy & Power Flows;2021;8;781;781;781;PL;DE;Value on 3rd Wed. at 11;Import;Harmonized;M;M
Physical Energy & Power Flows;2021;9;43;43;43;PL;DE;Monthly Value;Export;Harmonized;M;M
Physical Energy & Power Flows;2021;9;510;510;510;PL;DE;Monthly Value;Import;Harmonized;M;M
Physical Energy & Power Flows;2021;9;578;578;578;PL;DE;Value on 3rd Wed. at 03;Import;Harmonized;M;M
Physical Energy & Power Flows;2021;9;507;507;507;PL;DE;Value on 3rd Wed. at 11;Import;Harmonized;M;M
Physical Energy & Power Flows;2021;10;0;0;0;PL;DE;Monthly Value;Export;Harmonized;M;M
Physical Energy & Power Flows;2021;10;776;776;776;PL;DE;Monthly Value;Import;Harmonized;M;M
Physical Energy & Power Flows;2021;10;1380;1380;1380;PL;DE;Value on 3rd Wed. at 03;Import;Harmonized;M;M
Physical Energy & Power Flows;2021;10;1097;1097;1097;PL;DE;Value on 3rd Wed. at 11;Import;Harmonized;M;M
Physical Energy & Power Flows;2021;11;1;1;1;PL;DE;Monthly Value;Export;Harmonized;M;M
Physical Energy & Power Flows;2021;11;589;589;589;PL;DE;Monthly Value;Import;Harmonized;M;M
Physical Energy & Power Flows;2021;11;203;203;203;PL;DE;Value on 3rd Wed. at 03;Import;Harmonized;M;M
Physical Energy & Power Flows;2021;11;730;730;730;PL;DE;Value on 3rd Wed. at 11;Import;Harmonized;M;M
Physical Energy & Power Flows;2021;12;8;8;8;PL;DE;Monthly Value;Export;Harmonized;M;M
Physical Energy & Power Flows;2021;12;656;656;656;PL;DE;Monthly Value;Import;Harmonized;M;M
Physical Energy & Power Flows;2021;12;1006;1006;1006;PL;DE;Value on 3rd Wed. at 03;Import;Harmonized;M;M
Physical Energy & Power Flows;2021;12;896;896;896;PL;DE;Value on 3rd Wed. at 11;Import;Harmonized;M;M
Physical Energy & Power Flows;2021;1;56;56;56;PL;LT;Monthly Value;Export;Harmonized;M;M
Physical Energy & Power Flows;2021;1;117;117;117;PL;LT;Monthly Value;Import;Harmonized;M;M
Physical Energy & Power Flows;2021;1;480;480;480;PL;LT;Value on 3rd Wed. at 03;Import;Harmonized;M;M
Physical Energy & Power Flows;2021;1;0;0;0;PL;LT;Value on 3rd Wed. at 11;Export;Harmonized;M;M
Physical Energy & Power Flows;2021;2;62;62;62;PL;LT;Monthly Value;Export;Harmonized;M;M
Physical Energy & Power Flows;2021;2;125;125;125;PL;LT;Monthly Value;Import;Harmonized;M;M
Physical Energy & Power Flows;2021;2;157;157;157;PL;LT;Value on 3rd Wed. at 03;Export;Harmonized;M;M
Physical Energy & Power Flows;2021;2;7;7;7;PL;LT;Value on 3rd Wed. at 11;Export;Harmonized;M;M
Physical Energy & Power Flows;2021;3;2;2;2;PL;LT;Monthly Value;Export;Harmonized;M;M
Physical Energy & Power Flows;2021;3;212;212;212;PL;LT;Monthly Value;Import;Harmonized;M;M
Physical Energy & Power Flows;2021;3;0;0;0;PL;LT;Value on 3rd Wed. at 03;Import;Harmonized;M;M
Physical Energy & Power Flows;2021;3;0;0;0;PL;LT;Value on 3rd Wed. at 11;Import;Harmonized;M;M
Physical Energy & Power Flows;2021;4;16;16;16;PL;LT;Monthly Value;Export;Harmonized;M;M
Physical Energy & Power Flows;2021;4;222;222;222;PL;LT;Monthly Value;Import;Harmonized;M;M
Physical Energy & Power Flows;2021;4;67;67;67;PL;LT;Value on 3rd Wed. at 03;Import;Harmonized;M;M
Physical Energy & Power Flows;2021;4;423;423;423;PL;LT;Value on 3rd Wed. at 11;Import;Harmonized;M;M
Physical Energy & Power Flows;2021;5;2;2;2;PL;LT;Monthly Value;Export;Harmonized;M;M
Physical Energy & Power Flows;2021;5;42;42;42;PL;LT;Monthly Value;Import;Harmonized;M;M
Physical Energy & Power Flows;2021;5;0;0;0;PL;LT;Value on 3rd Wed. at 03;Import;Harmonized;M;M
Physical Energy & Power Flows;2021;5;0;0;0;PL;LT;Value on 3rd Wed. at 11;Import;Harmonized;M;M
Physical Energy & Power Flows;2021;6;66;66;66;PL;LT;Monthly Value;Export;Harmonized;M;M
Physical Energy & Power Flows;2021;6;119;119;119;PL;LT;Monthly Value;Import;Harmonized;M;M
Physical Energy & Power Flows;2021;6;1;1;1;PL;LT;Value on 3rd Wed. at 03;Import;Harmonized;M;M
Physical Energy & Power Flows;2021;6;217;217;217;PL;LT;Value on 3rd Wed. at 11;Export;Harmonized;M;M
Physical Energy & Power Flows;2021;7;126;126;126;PL;LT;Monthly Value;Export;Harmonized;M;M
Physical Energy & Power Flows;2021;7;110;110;110;PL;LT;Monthly Value;Import;Harmonized;M;M
Physical Energy & Power Flows;2021;7;485;485;485;PL;LT;Value on 3rd Wed. at 03;Import;Harmonized;M;M
Physical Energy & Power Flows;2021;7;472;472;472;PL;LT;Value on 3rd Wed. at 11;Export;Harmonized;M;M
Physical Energy & Power Flows;2021;8;109;109;109;PL;LT;Monthly Value;Export;Harmonized;M;M
Physical Energy & Power Flows;2021;8;84;84;84;PL;LT;Monthly Value;Import;Harmonized;M;M
Physical Energy & Power Flows;2021;8;486;486;486;PL;LT;Value on 3rd Wed. at 03;Import;Harmonized;M;M
Physical Energy & Power Flows;2021;8;94;94;94;PL;LT;Value on 3rd Wed. at 11;Export;Harmonized;M;M
Physical Energy & Power Flows;2021;9;78;78;78;PL;LT;Monthly Value;Export;Harmonized;M;M
Physical Energy & Power Flows;2021;9;91;91;91;PL;LT;Monthly Value;Import;Harmonized;M;M
Physical Energy & Power Flows;2021;9;0;0;0;PL;LT;Value on 3rd Wed. at 03;Import;Harmonized;M;M
Physical Energy & Power Flows;2021;9;0;0;0;PL;LT;Value on 3rd Wed. at 11;Import;Harmonized;M;M
Physical Energy & Power Flows;2021;10;24;24;24;PL;LT;Monthly Value;Export;Harmonized;M;M
Physical Energy & Power Flows;2021;10;222;222;222;PL;LT;Monthly Value;Import;Harmonized;M;M
Physical Energy & Power Flows;2021;10;440;440;440;PL;LT;Value on 3rd Wed. at 03;Import;Harmonized;M;M
Physical Energy & Power Flows;2021;10;191;191;191;PL;LT;Value on 3rd Wed. at 11;Export;Harmonized;M;M
Physical Energy & Power Flows;2021;11;28;28;28;PL;LT;Monthly Value;Export;Harmonized;M;M
Physical Energy & Power Flows;2021;11;191;191;191;PL;LT;Monthly Value;Import;Harmonized;M;M
Physical Energy & Power Flows;2021;11;486;486;486;PL;LT;Value on 3rd Wed. at 03;Import;Harmonized;M;M
Physical Energy & Power Flows;2021;11;485;485;485;PL;LT;Value on 3rd Wed. at 11;Import;Harmonized;M;M
Physical Energy & Power Flows;2021;12;125;125;125;PL;LT;Monthly Value;Export;Harmonized;M;M
Physical Energy & Power Flows;2021;12;148;148;148;PL;LT;Monthly Value;Import;Harmonized;M;M
Physical Energy & Power Flows;2021;12;486;486;486;PL;LT;Value on 3rd Wed. at 03;Import;Harmonized;M;M
Physical Energy & Power Flows;2021;12;486;486;486;PL;LT;Value on 3rd Wed. at 11;Import;Harmonized;M;M
Physical Energy & Power Flows;2021;1;14;14;14;PL;SE;Monthly Value;Export;Harmonized;M;M
Physical Energy & Power Flows;2021;1;266;266;266;PL;SE;Monthly Value;Import;Harmonized;M;M
Physical Energy & Power Flows;2021;1;5;5;5;PL;SE;Value on 3rd Wed. at 03;Import;Harmonized;M;M
Physical Energy & Power Flows;2021;1;597;597;597;PL;SE;Value on 3rd Wed. at 11;Import;Harmonized;M;M
Physical Energy & Power Flows;2021;2;9;9;9;PL;SE;Monthly Value;Export;Harmonized;M;M
Physical Energy & Power Flows;2021;2;274;274;274;PL;SE;Monthly Value;Import;Harmonized;M;M
Physical Energy & Power Flows;2021;2;598;598;598;PL;SE;Value on 3rd Wed. at 03;Import;Harmonized;M;M
Physical Energy & Power Flows;2021;2;598;598;598;PL;SE;Value on 3rd Wed. at 11;Import;Harmonized;M;M
Physical Energy & Power Flows;2021;3;1;1;1;PL;SE;Monthly Value;Export;Harmonized;M;M
Physical Energy & Power Flows;2021;3;358;358;358;PL;SE;Monthly Value;Import;Harmonized;M;M
Physical Energy & Power Flows;2021;3;492;492;492;PL;SE;Value on 3rd Wed. at 03;Import;Harmonized;M;M
Physical Energy & Power Flows;2021;3;598;598;598;PL;SE;Value on 3rd Wed. at 11;Import;Harmonized;M;M
Physical Energy & Power Flows;2021;4;8;8;8;PL;SE;Monthly Value;Export;Harmonized;M;M
Physical Energy & Power Flows;2021;4;349;349;349;PL;SE;Monthly Value;Import;Harmonized;M;M
Physical Energy & Power Flows;2021;4;275;275;275;PL;SE;Value on 3rd Wed. at 03;Import;Harmonized;M;M
Physical Energy & Power Flows;2021;4;598;598;598;PL;SE;Value on 3rd Wed. at 11;Import;Harmonized;M;M
Physical Energy & Power Flows;2021;5;16;16;16;PL;SE;Monthly Value;Export;Harmonized;M;M
Physical Energy & Power Flows;2021;5;279;279;279;PL;SE;Monthly Value;Import;Harmonized;M;M
Physical Energy & Power Flows;2021;5;598;598;598;PL;SE;Value on 3rd Wed. at 03;Import;Harmonized;M;M
Physical Energy & Power Flows;2021;5;598;598;598;PL;SE;Value on 3rd Wed. at 11;Import;Harmonized;M;M
Physical Energy & Power Flows;2021;6;9;9;9;PL;SE;Monthly Value;Export;Harmonized;M;M
Physical Energy & Power Flows;2021;6;207;207;207;PL;SE;Monthly Value;Import;Harmonized;M;M
Physical Energy & Power Flows;2021;6;11;11;11;PL;SE;Value on 3rd Wed. at 03;Import;Harmonized;M;M
Physical Energy & Power Flows;2021;6;297;297;297;PL;SE;Value on 3rd Wed. at 11;Import;Harmonized;M;M
Physical Energy & Power Flows;2021;7;1;1;1;PL;SE;Monthly Value;Export;Harmonized;M;M
Physical Energy & Power Flows;2021;7;228;228;228;PL;SE;Monthly Value;Import;Harmonized;M;M
Physical Energy & Power Flows;2021;7;297;297;297;PL;SE;Value on 3rd Wed. at 03;Import;Harmonized;M;M
Physical Energy & Power Flows;2021;7;297;297;297;PL;SE;Value on 3rd Wed. at 11;Import;Harmonized;M;M
Physical Energy & Power Flows;2021;8;41;41;41;PL;SE;Monthly Value;Export;Harmonized;M;M
Physical Energy & Power Flows;2021;8;258;258;258;PL;SE;Monthly Value;Import;Harmonized;M;M
Physical Energy & Power Flows;2021;8;417;417;417;PL;SE;Value on 3rd Wed. at 03;Import;Harmonized;M;M
Physical Energy & Power Flows;2021;8;406;406;406;PL;SE;Value on 3rd Wed. at 11;Import;Harmonized;M;M
Physical Energy & Power Flows;2021;9;34;34;34;PL;SE;Monthly Value;Export;Harmonized;M;M
Physical Energy & Power Flows;2021;9;158;158;158;PL;SE;Monthly Value;Import;Harmonized;M;M
Physical Energy & Power Flows;2021;9;595;595;595;PL;SE;Value on 3rd Wed. at 03;Export;Harmonized;M;M
Physical Energy & Power Flows;2021;9;397;397;397;PL;SE;Value on 3rd Wed. at 11;Import;Harmonized;M;M
Physical Energy & Power Flows;2021;10;1;1;1;PL;SE;Monthly Value;Export;Harmonized;M;M
Physical Energy & Power Flows;2021;10;403;403;403;PL;SE;Monthly Value;Import;Harmonized;M;M
Physical Energy & Power Flows;2021;10;598;598;598;PL;SE;Value on 3rd Wed. at 03;Import;Harmonized;M;M
Physical Energy & Power Flows;2021;10;598;598;598;PL;SE;Value on 3rd Wed. at 11;Import;Harmonized;M;M
Physical Energy & Power Flows;2021;11;18;18;18;PL;SE;Monthly Value;Export;Harmonized;M;M
Physical Energy & Power Flows;2021;11;345;345;345;PL;SE;Monthly Value;Import;Harmonized;M;M
Physical Energy & Power Flows;2021;11;598;598;598;PL;SE;Value on 3rd Wed. at 03;Import;Harmonized;M;M
Physical Energy & Power Flows;2021;11;598;598;598;PL;SE;Value on 3rd Wed. at 11;Import;Harmonized;M;M
Physical Energy & Power Flows;2021;12;56;56;56;PL;SE;Monthly Value;Export;Harmonized;M;M
Physical Energy & Power Flows;2021;12;306;306;306;PL;SE;Monthly Value;Import;Harmonized;M;M
Physical Energy & Power Flows;2021;12;598;598;598;PL;SE;Value on 3rd Wed. at 03;Import;Harmonized;M;M
Physical Energy & Power Flows;2021;12;598;598;598;PL;SE;Value on 3rd Wed. at 11;Import;Harmonized;M;M
Physical Energy & Power Flows;2021;1;289;289;289;PL;SK;Monthly Value;Export;Harmonized;M;M
Physical Energy & Power Flows;2021;1;3;3;3;PL;SK;Monthly Value;Import;Harmonized;M;M
Physical Energy & Power Flows;2021;1;850;850;850;PL;SK;Value on 3rd Wed. at 03;Export;Harmonized;M;M
Physical Energy & Power Flows;2021;1;812;812;812;PL;SK;Value on 3rd Wed. at 11;Export;Harmonized;M;M
Physical Energy & Power Flows;2021;2;171;171;171;PL;SK;Monthly Value;Export;Harmonized;M;M
Physical Energy & Power Flows;2021;2;13;13;13;PL;SK;Monthly Value;Import;Harmonized;M;M
Physical Energy & Power Flows;2021;2;461;461;461;PL;SK;Value on 3rd Wed. at 03;Export;Harmonized;M;M
Physical Energy & Power Flows;2021;2;476;476;476;PL;SK;Value on 3rd Wed. at 11;Export;Harmonized;M;M
Physical Energy & Power Flows;2021;3;242;242;242;PL;SK;Monthly Value;Export;Harmonized;M;M
Physical Energy & Power Flows;2021;3;12;12;12;PL;SK;Monthly Value;Import;Harmonized;M;M
Physical Energy & Power Flows;2021;3;184;184;184;PL;SK;Value on 3rd Wed. at 03;Export;Harmonized;M;M
Physical Energy & Power Flows;2021;3;28;28;28;PL;SK;Value on 3rd Wed. at 11;Export;Harmonized;M;M
Physical Energy & Power Flows;2021;4;408;408;408;PL;SK;Monthly Value;Export;Harmonized;M;M
Physical Energy & Power Flows;2021;4;2;2;2;PL;SK;Monthly Value;Import;Harmonized;M;M
Physical Energy & Power Flows;2021;4;933;933;933;PL;SK;Value on 3rd Wed. at 03;Export;Harmonized;M;M
Physical Energy & Power Flows;2021;4;511;511;511;PL;SK;Value on 3rd Wed. at 11;Export;Harmonized;M;M
Physical Energy & Power Flows;2021;5;151;151;151;PL;SK;Monthly Value;Export;Harmonized;M;M
Physical Energy & Power Flows;2021;5;34;34;34;PL;SK;Monthly Value;Import;Harmonized;M;M
Physical Energy & Power Flows;2021;5;234;234;234;PL;SK;Value on 3rd Wed. at 03;Export;Harmonized;M;M
Physical Energy & Power Flows;2021;5;171;171;171;PL;SK;Value on 3rd Wed. at 11;Export;Harmonized;M;M
Physical Energy & Power Flows;2021;6;221;221;221;PL;SK;Monthly Value;Export;Harmonized;M;M
Physical Energy & Power Flows;2021;6;7;7;7;PL;SK;Monthly Value;Import;Harmonized;M;M
Physical Energy & Power Flows;2021;6;91;91;91;PL;SK;Value on 3rd Wed. at 03;Import;Harmonized;M;M
Physical Energy & Power Flows;2021;6;26;26;26;PL;SK;Value on 3rd Wed. at 11;Export;Harmonized;M;M
Physical Energy & Power Flows;2021;7;398;398;398;PL;SK;Monthly Value;Export;Harmonized;M;M
Physical Energy & Power Flows;2021;7;0;0;0;PL;SK;Monthly Value;Import;Harmonized;M;M
Physical Energy & Power Flows;2021;7;667;667;667;PL;SK;Value on 3rd Wed. at 03;Export;Harmonized;M;M
Physical Energy & Power Flows;2021;7;333;333;333;PL;SK;Value on 3rd Wed. at 11;Export;Harmonized;M;M
Physical Energy & Power Flows;2021;8;411;411;411;PL;SK;Monthly Value;Export;Harmonized;M;M
Physical Energy & Power Flows;2021;8;1;1;1;PL;SK;Monthly Value;Import;Harmonized;M;M
Physical Energy & Power Flows;2021;8;945;945;945;PL;SK;Value on 3rd Wed. at 03;Export;Harmonized;M;M
Physical Energy & Power Flows;2021;8;911;911;911;PL;SK;Value on 3rd Wed. at 11;Export;Harmonized;M;M
Physical Energy & Power Flows;2021;9;526;526;526;PL;SK;Monthly Value;Export;Harmonized;M;M
Physical Energy & Power Flows;2021;9;1;1;1;PL;SK;Monthly Value;Import;Harmonized;M;M
Physical Energy & Power Flows;2021;9;1003;1003;1003;PL;SK;Value on 3rd Wed. at 03;Export;Harmonized;M;M
Physical Energy & Power Flows;2021;9;423;423;423;PL;SK;Value on 3rd Wed. at 11;Export;Harmonized;M;M
Physical Energy & Power Flows;2021;10;706;706;706;PL;SK;Monthly Value;Export;Harmonized;M;M
Physical Energy & Power Flows;2021;10;999;999;999;PL;SK;Value on 3rd Wed. at 03;Export;Harmonized;M;M
Physical Energy & Power Flows;2021;10;725;725;725;PL;SK;Value on 3rd Wed. at 11;Export;Harmonized;M;M
Physical Energy & Power Flows;2021;11;597;597;597;PL;SK;Monthly Value;Export;Harmonized;M;M
Physical Energy & Power Flows;2021;11;0;0;0;PL;SK;Monthly Value;Import;Harmonized;M;M
Physical Energy & Power Flows;2021;11;1034;1034;1034;PL;SK;Value on 3rd Wed. at 03;Export;Harmonized;M;M
Physical Energy & Power Flows;2021;11;877;877;877;PL;SK;Value on 3rd Wed. at 11;Export;Harmonized;M;M
Physical Energy & Power Flows;2021;12;506;506;506;PL;SK;Monthly Value;Export;Harmonized;M;M
Physical Energy & Power Flows;2021;12;2;2;2;PL;SK;Monthly Value;Import;Harmonized;M;M
Physical Energy & Power Flows;2021;12;979;979;979;PL;SK;Value on 3rd Wed. at 03;Export;Harmonized;M;M
Physical Energy & Power Flows;2021;12;745;745;745;PL;SK;Value on 3rd Wed. at 11;Export;Harmonized;M;M
Physical Energy & Power Flows;2021;1;0;0;0;PL;UA;Monthly Value;Import;Harmonized;M;NaM
Physical Energy & Power Flows;2021;1;0;0;0;PL;UA;Value on 3rd Wed. at 03;Import;Harmonized;M;NaM
Physical Energy & Power Flows;2021;1;0;0;0;PL;UA;Value on 3rd Wed. at 11;Import;Harmonized;M;NaM
Physical Energy & Power Flows;2021;2;0;0;0;PL;UA;Monthly Value;Import;Harmonized;M;NaM
Physical Energy & Power Flows;2021;2;0;0;0;PL;UA;Value on 3rd Wed. at 03;Import;Harmonized;M;NaM
Physical Energy & Power Flows;2021;2;0;0;0;PL;UA;Value on 3rd Wed. at 11;Import;Harmonized;M;NaM
Physical Energy & Power Flows;2021;3;159;159;159;PL;UA;Monthly Value;Import;Harmonized;M;NaM
Physical Energy & Power Flows;2021;3;216;216;216;PL;UA;Value on 3rd Wed. at 03;Import;Harmonized;M;NaM
Physical Energy & Power Flows;2021;3;214;214;214;PL;UA;Value on 3rd Wed. at 11;Import;Harmonized;M;NaM
Physical Energy & Power Flows;2021;4;84;84;84;PL;UA;Monthly Value;Import;Harmonized;M;NaM
Physical Energy & Power Flows;2021;4;149;149;149;PL;UA;Value on 3rd Wed. at 03;Import;Harmonized;M;NaM
Physical Energy & Power Flows;2021;4;149;149;149;PL;UA;Value on 3rd Wed. at 11;Import;Harmonized;M;NaM
Physical Energy & Power Flows;2021;5;111;111;111;PL;UA;Monthly Value;Import;Harmonized;M;NaM
Physical Energy & Power Flows;2021;5;196;196;196;PL;UA;Value on 3rd Wed. at 03;Import;Harmonized;M;NaM
Physical Energy & Power Flows;2021;5;194;194;194;PL;UA;Value on 3rd Wed. at 11;Import;Harmonized;M;NaM
Physical Energy & Power Flows;2021;6;100;100;100;PL;UA;Monthly Value;Import;Harmonized;M;NaM
Physical Energy & Power Flows;2021;6;139;139;139;PL;UA;Value on 3rd Wed. at 03;Import;Harmonized;M;NaM
Physical Energy & Power Flows;2021;6;145;145;145;PL;UA;Value on 3rd Wed. at 11;Import;Harmonized;M;NaM
Physical Energy & Power Flows;2021;7;90;90;90;PL;UA;Monthly Value;Import;Harmonized;M;NaM
Physical Energy & Power Flows;2021;7;148;148;148;PL;UA;Value on 3rd Wed. at 03;Import;Harmonized;M;NaM
Physical Energy & Power Flows;2021;7;146;146;146;PL;UA;Value on 3rd Wed. at 11;Import;Harmonized;M;NaM
Physical Energy & Power Flows;2021;8;111;111;111;PL;UA;Monthly Value;Import;Harmonized;M;NaM
Physical Energy & Power Flows;2021;8;164;164;164;PL;UA;Value on 3rd Wed. at 03;Import;Harmonized;M;NaM
Physical Energy & Power Flows;2021;8;161;161;161;PL;UA;Value on 3rd Wed. at 11;Import;Harmonized;M;NaM
Physical Energy & Power Flows;2021;9;81;81;81;PL;UA;Monthly Value;Import;Harmonized;M;NaM
Physical Energy & Power Flows;2021;9;75;75;75;PL;UA;Value on 3rd Wed. at 03;Import;Harmonized;M;NaM
Physical Energy & Power Flows;2021;9;74;74;74;PL;UA;Value on 3rd Wed. at 11;Import;Harmonized;M;NaM
Physical Energy & Power Flows;2021;10;52;52;52;PL;UA;Monthly Value;Import;Harmonized;M;NaM
Physical Energy & Power Flows;2021;10;0;0;0;PL;UA;Value on 3rd Wed. at 03;Import;Harmonized;M;NaM
Physical Energy & Power Flows;2021;10;0;0;0;PL;UA;Value on 3rd Wed. at 11;Import;Harmonized;M;NaM
Physical Energy & Power Flows;2021;11;0;0;0;PL;UA;Monthly Value;Import;Harmonized;M;NaM
Physical Energy & Power Flows;2021;11;0;0;0;PL;UA;Value on 3rd Wed. at 03;Import;Harmonized;M;NaM
Physical Energy & Power Flows;2021;11;0;0;0;PL;UA;Value on 3rd Wed. at 11;Import;Harmonized;M;NaM
Physical Energy & Power Flows;2021;12;43;43;43;PL;UA;Monthly Value;Import;Harmonized;M;NaM
Physical Energy & Power Flows;2021;12;143;143;143;PL;UA;Value on 3rd Wed. at 03;Import;Harmonized;M;NaM
Physical Energy & Power Flows;2021;12;77;77;77;PL;UA;Value on 3rd Wed. at 11;Import;Harmonized;M;NaM
Physical Energy & Power Flows;2021;1;351;351;351;PT;ES;Monthly Value;Export;Harmonized;M;M
Physical Energy & Power Flows;2021;1;639;639;639;PT;ES;Monthly Value;Import;Harmonized;M;M
Physical Energy & Power Flows;2021;1;812;812;812;PT;ES;Value on 3rd Wed. at 03;Import;Harmonized;M;M
Physical Energy & Power Flows;2021;1;175;175;175;PT;ES;Value on 3rd Wed. at 11;Export;Harmonized;M;M
Physical Energy & Power Flows;2021;2;925;925;925;PT;ES;Monthly Value;Export;Harmonized;M;M
Physical Energy & Power Flows;2021;2;71;71;71;PT;ES;Monthly Value;Import;Harmonized;M;M
Physical Energy & Power Flows;2021;2;1273;1273;1273;PT;ES;Value on 3rd Wed. at 03;Export;Harmonized;M;M
Physical Energy & Power Flows;2021;2;2183;2183;2183;PT;ES;Value on 3rd Wed. at 11;Export;Harmonized;M;M
Physical Energy & Power Flows;2021;3;414;414;414;PT;ES;Monthly Value;Export;Harmonized;M;M
Physical Energy & Power Flows;2021;3;408;408;408;PT;ES;Monthly Value;Import;Harmonized;M;M
Physical Energy & Power Flows;2021;3;648;648;648;PT;ES;Value on 3rd Wed. at 03;Export;Harmonized;M;M
Physical Energy & Power Flows;2021;3;391;391;391;PT;ES;Value on 3rd Wed. at 11;Import;Harmonized;M;M
Physical Energy & Power Flows;2021;4;401;401;401;PT;ES;Monthly Value;Export;Harmonized;M;M
Physical Energy & Power Flows;2021;4;588;588;588;PT;ES;Monthly Value;Import;Harmonized;M;M
Physical Energy & Power Flows;2021;4;288;288;288;PT;ES;Value on 3rd Wed. at 03;Import;Harmonized;M;M
Physical Energy & Power Flows;2021;4;270;270;270;PT;ES;Value on 3rd Wed. at 11;Import;Harmonized;M;M
Physical Energy & Power Flows;2021;5;142;142;142;PT;ES;Monthly Value;Export;Harmonized;M;M
Physical Energy & Power Flows;2021;5;975;975;975;PT;ES;Monthly Value;Import;Harmonized;M;M
Physical Energy & Power Flows;2021;5;441;441;441;PT;ES;Value on 3rd Wed. at 03;Import;Harmonized;M;M
Physical Energy & Power Flows;2021;5;1450;1450;1450;PT;ES;Value on 3rd Wed. at 11;Import;Harmonized;M;M
Physical Energy & Power Flows;2021;6;213;213;213;PT;ES;Monthly Value;Export;Harmonized;M;M
Physical Energy & Power Flows;2021;6;537;537;537;PT;ES;Monthly Value;Import;Harmonized;M;M
Physical Energy & Power Flows;2021;6;1265;1265;1265;PT;ES;Value on 3rd Wed. at 03;Export;Harmonized;M;M
Physical Energy & Power Flows;2021;6;148;148;148;PT;ES;Value on 3rd Wed. at 11;Import;Harmonized;M;M
Physical Energy & Power Flows;2021;7;140;140;140;PT;ES;Monthly Value;Export;Harmonized;M;M
Physical Energy & Power Flows;2021;7;703;703;703;PT;ES;Monthly Value;Import;Harmonized;M;M
Physical Energy & Power Flows;2021;7;335;335;335;PT;ES;Value on 3rd Wed. at 03;Export;Harmonized;M;M
Physical Energy & Power Flows;2021;7;793;793;793;PT;ES;Value on 3rd Wed. at 11;Import;Harmonized;M;M
Physical Energy & Power Flows;2021;8;61;61;61;PT;ES;Monthly Value;Export;Harmonized;M;M
Physical Energy & Power Flows;2021;8;1085;1085;1085;PT;ES;Monthly Value;Import;Harmonized;M;M
Physical Energy & Power Flows;2021;8;2521;2521;2521;PT;ES;Value on 3rd Wed. at 03;Import;Harmonized;M;M
Physical Energy & Power Flows;2021;8;3188;3188;3188;PT;ES;Value on 3rd Wed. at 11;Import;Harmonized;M;M
Physical Energy & Power Flows;2021;9;102;102;102;PT;ES;Monthly Value;Export;Harmonized;M;M
Physical Energy & Power Flows;2021;9;792;792;792;PT;ES;Monthly Value;Import;Harmonized;M;M
Physical Energy & Power Flows;2021;9;1081;1081;1081;PT;ES;Value on 3rd Wed. at 03;Import;Harmonized;M;M
Physical Energy & Power Flows;2021;9;0;0;0;PT;ES;Value on 3rd Wed. at 11;Import;Harmonized;M;M
Physical Energy & Power Flows;2021;10;106;106;106;PT;ES;Monthly Value;Export;Harmonized;M;M
Physical Energy & Power Flows;2021;10;990;990;990;PT;ES;Monthly Value;Import;Harmonized;M;M
Physical Energy & Power Flows;2021;10;2127;2127;2127;PT;ES;Value on 3rd Wed. at 03;Import;Harmonized;M;M
Physical Energy & Power Flows;2021;10;2034;2034;2034;PT;ES;Value on 3rd Wed. at 11;Import;Harmonized;M;M
Physical Energy & Power Flows;2021;11;216;216;216;PT;ES;Monthly Value;Export;Harmonized;M;M
Physical Energy & Power Flows;2021;11;685;685;685;PT;ES;Monthly Value;Import;Harmonized;M;M
Physical Energy & Power Flows;2021;11;166;166;166;PT;ES;Value on 3rd Wed. at 03;Export;Harmonized;M;M
Physical Energy & Power Flows;2021;11;774;774;774;PT;ES;Value on 3rd Wed. at 11;Import;Harmonized;M;M
Physical Energy & Power Flows;2021;12;233;233;233;PT;ES;Monthly Value;Export;Harmonized;M;M
Physical Energy & Power Flows;2021;12;610;610;610;PT;ES;Monthly Value;Import;Harmonized;M;M
Physical Energy & Power Flows;2021;12;99;99;99;PT;ES;Value on 3rd Wed. at 03;Import;Harmonized;M;M
Physical Energy & Power Flows;2021;12;192;192;192;PT;ES;Value on 3rd Wed. at 11;Export;Harmonized;M;M
Physical Energy & Power Flows;2021;1;121;121;121;RO;BG;Monthly Value;Export;Harmonized;M;M
Physical Energy & Power Flows;2021;1;96;96;96;RO;BG;Monthly Value;Import;Harmonized;M;M
Physical Energy & Power Flows;2021;1;387;387;387;RO;BG;Value on 3rd Wed. at 03;Export;Harmonized;M;M
Physical Energy & Power Flows;2021;1;171;171;171;RO;BG;Value on 3rd Wed. at 11;Import;Harmonized;M;M
Physical Energy & Power Flows;2021;2;114;114;114;RO;BG;Monthly Value;Export;Harmonized;M;M
Physical Energy & Power Flows;2021;2;81;81;81;RO;BG;Monthly Value;Import;Harmonized;M;M
Physical Energy & Power Flows;2021;2;388;388;388;RO;BG;Value on 3rd Wed. at 03;Export;Harmonized;M;M
Physical Energy & Power Flows;2021;2;51;51;51;RO;BG;Value on 3rd Wed. at 11;Export;Harmonized;M;M
Physical Energy & Power Flows;2021;3;134;134;134;RO;BG;Monthly Value;Export;Harmonized;M;M
Physical Energy & Power Flows;2021;3;65;65;65;RO;BG;Monthly Value;Import;Harmonized;M;M
Physical Energy & Power Flows;2021;3;525;525;525;RO;BG;Value on 3rd Wed. at 03;Export;Harmonized;M;M
Physical Energy & Power Flows;2021;3;5;5;5;RO;BG;Value on 3rd Wed. at 11;Import;Harmonized;M;M
Physical Energy & Power Flows;2021;4;63;63;63;RO;BG;Monthly Value;Export;Harmonized;M;M
Physical Energy & Power Flows;2021;4;112;112;112;RO;BG;Monthly Value;Import;Harmonized;M;M
Physical Energy & Power Flows;2021;4;180;180;180;RO;BG;Value on 3rd Wed. at 03;Export;Harmonized;M;M
Physical Energy & Power Flows;2021;4;365;365;365;RO;BG;Value on 3rd Wed. at 11;Import;Harmonized;M;M
Physical Energy & Power Flows;2021;5;123;123;123;RO;BG;Monthly Value;Export;Harmonized;M;M
Physical Energy & Power Flows;2021;5;91;91;91;RO;BG;Monthly Value;Import;Harmonized;M;M
Physical Energy & Power Flows;2021;5;694;694;694;RO;BG;Value on 3rd Wed. at 03;Export;Harmonized;M;M
Physical Energy & Power Flows;2021;5;27;27;27;RO;BG;Value on 3rd Wed. at 11;Import;Harmonized;M;M
Physical Energy & Power Flows;2021;6;201;201;201;RO;BG;Monthly Value;Export;Harmonized;M;M
Physical Energy & Power Flows;2021;6;21;21;21;RO;BG;Monthly Value;Import;Harmonized;M;M
Physical Energy & Power Flows;2021;6;225;225;225;RO;BG;Value on 3rd Wed. at 03;Export;Harmonized;M;M
Physical Energy & Power Flows;2021;6;134;134;134;RO;BG;Value on 3rd Wed. at 11;Import;Harmonized;M;M
Physical Energy & Power Flows;2021;7;69;69;69;RO;BG;Monthly Value;Export;Harmonized;M;M
Physical Energy & Power Flows;2021;7;74;74;74;RO;BG;Monthly Value;Import;Harmonized;M;M
Physical Energy & Power Flows;2021;7;375;375;375;RO;BG;Value on 3rd Wed. at 03;Export;Harmonized;M;M
Physical Energy & Power Flows;2021;7;326;326;326;RO;BG;Value on 3rd Wed. at 11;Export;Harmonized;M;M
Physical Energy & Power Flows;2021;8;53;53;53;RO;BG;Monthly Value;Export;Harmonized;M;M
Physical Energy & Power Flows;2021;8;122;122;122;RO;BG;Monthly Value;Import;Harmonized;M;M
Physical Energy & Power Flows;2021;8;23;23;23;RO;BG;Value on 3rd Wed. at 03;Import;Harmonized;M;M
Physical Energy & Power Flows;2021;8;25;25;25;RO;BG;Value on 3rd Wed. at 11;Export;Harmonized;M;M
Physical Energy & Power Flows;2021;9;7;7;7;RO;BG;Monthly Value;Export;Harmonized;M;M
Physical Energy & Power Flows;2021;9;329;329;329;RO;BG;Monthly Value;Import;Harmonized;M;M
Physical Energy & Power Flows;2021;9;412;412;412;RO;BG;Value on 3rd Wed. at 03;Import;Harmonized;M;M
Physical Energy & Power Flows;2021;9;973;973;973;RO;BG;Value on 3rd Wed. at 11;Import;Harmonized;M;M
Physical Energy & Power Flows;2021;10;46;46;46;RO;BG;Monthly Value;Export;Harmonized;M;M
Physical Energy & Power Flows;2021;10;185;185;185;RO;BG;Monthly Value;Import;Harmonized;M;M
Physical Energy & Power Flows;2021;10;60;60;60;RO;BG;Value on 3rd Wed. at 03;Import;Harmonized;M;M
Physical Energy & Power Flows;2021;10;182;182;182;RO;BG;Value on 3rd Wed. at 11;Import;Harmonized;M;M
Physical Energy & Power Flows;2021;11;9;9;9;RO;BG;Monthly Value;Export;Harmonized;M;M
Physical Energy & Power Flows;2021;11;295;295;295;RO;BG;Monthly Value;Import;Harmonized;M;M
Physical Energy & Power Flows;2021;11;306;306;306;RO;BG;Value on 3rd Wed. at 03;Import;Harmonized;M;M
Physical Energy & Power Flows;2021;11;680;680;680;RO;BG;Value on 3rd Wed. at 11;Import;Harmonized;M;M
Physical Energy & Power Flows;2021;12;29;29;29;RO;BG;Monthly Value;Export;Harmonized;M;M
Physical Energy & Power Flows;2021;12;346;346;346;RO;BG;Monthly Value;Import;Harmonized;M;M
Physical Energy & Power Flows;2021;12;135;135;135;RO;BG;Value on 3rd Wed. at 03;Import;Harmonized;M;M
Physical Energy & Power Flows;2021;12;547;547;547;RO;BG;Value on 3rd Wed. at 11;Import;Harmonized;M;M
Physical Energy & Power Flows;2021;1;38;38;38;RO;HU;Monthly Value;Export;Harmonized;M;M
Physical Energy & Power Flows;2021;1;104;104;104;RO;HU;Monthly Value;Import;Harmonized;M;M
Physical Energy & Power Flows;2021;1;421;421;421;RO;HU;Value on 3rd Wed. at 03;Import;Harmonized;M;M
Physical Energy & Power Flows;2021;1;484;484;484;RO;HU;Value on 3rd Wed. at 11;Import;Harmonized;M;M
Physical Energy & Power Flows;2021;2;27;27;27;RO;HU;Monthly Value;Export;Harmonized;M;M
Physical Energy & Power Flows;2021;2;119;119;119;RO;HU;Monthly Value;Import;Harmonized;M;M
Physical Energy & Power Flows;2021;2;254;254;254;RO;HU;Value on 3rd Wed. at 03;Import;Harmonized;M;M
Physical Energy & Power Flows;2021;2;149;149;149;RO;HU;Value on 3rd Wed. at 11;Import;Harmonized;M;M
Physical Energy & Power Flows;2021;3;14;14;14;RO;HU;Monthly Value;Export;Harmonized;M;M
Physical Energy & Power Flows;2021;3;129;129;129;RO;HU;Monthly Value;Import;Harmonized;M;M
Physical Energy & Power Flows;2021;3;39;39;39;RO;HU;Value on 3rd Wed. at 03;Export;Harmonized;M;M
Physical Energy & Power Flows;2021;3;111;111;111;RO;HU;Value on 3rd Wed. at 11;Import;Harmonized;M;M
Physical Energy & Power Flows;2021;4;21;21;21;RO;HU;Monthly Value;Export;Harmonized;M;M
Physical Energy & Power Flows;2021;4;118;118;118;RO;HU;Monthly Value;Import;Harmonized;M;M
Physical Energy & Power Flows;2021;4;238;238;238;RO;HU;Value on 3rd Wed. at 03;Import;Harmonized;M;M
Physical Energy & Power Flows;2021;4;142;142;142;RO;HU;Value on 3rd Wed. at 11;Import;Harmonized;M;M
Physical Energy & Power Flows;2021;5;131;131;131;RO;HU;Monthly Value;Export;Harmonized;M;M
Physical Energy & Power Flows;2021;5;33;33;33;RO;HU;Monthly Value;Import;Harmonized;M;M
Physical Energy & Power Flows;2021;5;287;287;287;RO;HU;Value on 3rd Wed. at 03;Export;Harmonized;M;M
Physical Energy & Power Flows;2021;5;540;540;540;RO;HU;Value on 3rd Wed. at 11;Export;Harmonized;M;M
Physical Energy & Power Flows;2021;6;59;59;59;RO;HU;Monthly Value;Export;Harmonized;M;M
Physical Energy & Power Flows;2021;6;78;78;78;RO;HU;Monthly Value;Import;Harmonized;M;M
Physical Energy & Power Flows;2021;6;327;327;327;RO;HU;Value on 3rd Wed. at 03;Export;Harmonized;M;M
Physical Energy & Power Flows;2021;6;102;102;102;RO;HU;Value on 3rd Wed. at 11;Export;Harmonized;M;M
Physical Energy & Power Flows;2021;7;21;21;21;RO;HU;Monthly Value;Export;Harmonized;M;M
Physical Energy & Power Flows;2021;7;181;181;181;RO;HU;Monthly Value;Import;Harmonized;M;M
Physical Energy & Power Flows;2021;7;93;93;93;RO;HU;Value on 3rd Wed. at 03;Import;Harmonized;M;M
Physical Energy & Power Flows;2021;7;195;195;195;RO;HU;Value on 3rd Wed. at 11;Import;Harmonized;M;M
Physical Energy & Power Flows;2021;8;1;1;1;RO;HU;Monthly Value;Export;Harmonized;M;M
Physical Energy & Power Flows;2021;8;237;237;237;RO;HU;Monthly Value;Import;Harmonized;M;M
Physical Energy & Power Flows;2021;8;293;293;293;RO;HU;Value on 3rd Wed. at 03;Import;Harmonized;M;M
Physical Energy & Power Flows;2021;8;390;390;390;RO;HU;Value on 3rd Wed. at 11;Import;Harmonized;M;M
Physical Energy & Power Flows;2021;9;26;26;26;RO;HU;Monthly Value;Export;Harmonized;M;M
Physical Energy & Power Flows;2021;9;89;89;89;RO;HU;Monthly Value;Import;Harmonized;M;M
Physical Energy & Power Flows;2021;9;131;131;131;RO;HU;Value on 3rd Wed. at 03;Import;Harmonized;M;M
Physical Energy & Power Flows;2021;9;57;57;57;RO;HU;Value on 3rd Wed. at 11;Import;Harmonized;M;M
Physical Energy & Power Flows;2021;10;5;5;5;RO;HU;Monthly Value;Export;Harmonized;M;M
Physical Energy & Power Flows;2021;10;215;215;215;RO;HU;Monthly Value;Import;Harmonized;M;M
Physical Energy & Power Flows;2021;10;407;407;407;RO;HU;Value on 3rd Wed. at 03;Import;Harmonized;M;M
Physical Energy & Power Flows;2021;10;366;366;366;RO;HU;Value on 3rd Wed. at 11;Import;Harmonized;M;M
Physical Energy & Power Flows;2021;11;21;21;21;RO;HU;Monthly Value;Export;Harmonized;M;M
Physical Energy & Power Flows;2021;11;166;166;166;RO;HU;Monthly Value;Import;Harmonized;M;M
Physical Energy & Power Flows;2021;11;179;179;179;RO;HU;Value on 3rd Wed. at 03;Import;Harmonized;M;M
Physical Energy & Power Flows;2021;11;487;487;487;RO;HU;Value on 3rd Wed. at 11;Import;Harmonized;M;M
Physical Energy & Power Flows;2021;12;65;65;65;RO;HU;Monthly Value;Export;Harmonized;M;M
Physical Energy & Power Flows;2021;12;66;66;66;RO;HU;Monthly Value;Import;Harmonized;M;M
Physical Energy & Power Flows;2021;12;188;188;188;RO;HU;Value on 3rd Wed. at 03;Export;Harmonized;M;M
Physical Energy & Power Flows;2021;12;235;235;235;RO;HU;Value on 3rd Wed. at 11;Export;Harmonized;M;M
Physical Energy & Power Flows;2021;1;0;0;0;RO;MD;Monthly Value;Import;Harmonized;M;NaM
Physical Energy & Power Flows;2021;1;0;0;0;RO;MD;Value on 3rd Wed. at 03;Import;Harmonized;M;NaM
Physical Energy & Power Flows;2021;1;0;0;0;RO;MD;Value on 3rd Wed. at 11;Import;Harmonized;M;NaM
Physical Energy & Power Flows;2021;2;0;0;0;RO;MD;Monthly Value;Import;Harmonized;M;NaM
Physical Energy & Power Flows;2021;2;0;0;0;RO;MD;Value on 3rd Wed. at 03;Import;Harmonized;M;NaM
Physical Energy & Power Flows;2021;2;0;0;0;RO;MD;Value on 3rd Wed. at 11;Import;Harmonized;M;NaM
Physical Energy & Power Flows;2021;3;0;0;0;RO;MD;Monthly Value;Import;Harmonized;M;NaM
Physical Energy & Power Flows;2021;3;0;0;0;RO;MD;Value on 3rd Wed. at 03;Import;Harmonized;M;NaM
Physical Energy & Power Flows;2021;3;0;0;0;RO;MD;Value on 3rd Wed. at 11;Import;Harmonized;M;NaM
Physical Energy & Power Flows;2021;4;0;0;0;RO;MD;Monthly Value;Import;Harmonized;M;NaM
Physical Energy & Power Flows;2021;4;0;0;0;RO;MD;Value on 3rd Wed. at 03;Import;Harmonized;M;NaM
Physical Energy & Power Flows;2021;4;0;0;0;RO;MD;Value on 3rd Wed. at 11;Import;Harmonized;M;NaM
Physical Energy & Power Flows;2021;5;0;0;0;RO;MD;Monthly Value;Import;Harmonized;M;NaM
Physical Energy & Power Flows;2021;5;0;0;0;RO;MD;Value on 3rd Wed. at 03;Import;Harmonized;M;NaM
Physical Energy & Power Flows;2021;5;0;0;0;RO;MD;Value on 3rd Wed. at 11;Import;Harmonized;M;NaM
Physical Energy & Power Flows;2021;6;0;0;0;RO;MD;Monthly Value;Import;Harmonized;M;NaM
Physical Energy & Power Flows;2021;6;0;0;0;RO;MD;Value on 3rd Wed. at 03;Import;Harmonized;M;NaM
Physical Energy & Power Flows;2021;6;0;0;0;RO;MD;Value on 3rd Wed. at 11;Import;Harmonized;M;NaM
Physical Energy & Power Flows;2021;7;0;0;0;RO;MD;Monthly Value;Import;Harmonized;M;NaM
Physical Energy & Power Flows;2021;7;0;0;0;RO;MD;Value on 3rd Wed. at 03;Import;Harmonized;M;NaM
Physical Energy & Power Flows;2021;7;0;0;0;RO;MD;Value on 3rd Wed. at 11;Import;Harmonized;M;NaM
Physical Energy & Power Flows;2021;8;0;0;0;RO;MD;Monthly Value;Import;Harmonized;M;NaM
Physical Energy & Power Flows;2021;8;0;0;0;RO;MD;Value on 3rd Wed. at 03;Import;Harmonized;M;NaM
Physical Energy & Power Flows;2021;8;0;0;0;RO;MD;Value on 3rd Wed. at 11;Import;Harmonized;M;NaM
Physical Energy & Power Flows;2021;9;0;0;0;RO;MD;Monthly Value;Import;Harmonized;M;NaM
Physical Energy & Power Flows;2021;9;0;0;0;RO;MD;Value on 3rd Wed. at 03;Import;Harmonized;M;NaM
Physical Energy & Power Flows;2021;9;0;0;0;RO;MD;Value on 3rd Wed. at 11;Import;Harmonized;M;NaM
Physical Energy & Power Flows;2021;10;0;0;0;RO;MD;Monthly Value;Import;Harmonized;M;NaM
Physical Energy & Power Flows;2021;10;0;0;0;RO;MD;Value on 3rd Wed. at 03;Import;Harmonized;M;NaM
Physical Energy & Power Flows;2021;10;0;0;0;RO;MD;Value on 3rd Wed. at 11;Import;Harmonized;M;NaM
Physical Energy & Power Flows;2021;11;0;0;0;RO;MD;Monthly Value;Import;Harmonized;M;NaM
Physical Energy & Power Flows;2021;11;0;0;0;RO;MD;Value on 3rd Wed. at 03;Import;Harmonized;M;NaM
Physical Energy & Power Flows;2021;11;0;0;0;RO;MD;Value on 3rd Wed. at 11;Import;Harmonized;M;NaM
Physical Energy & Power Flows;2021;12;0;0;0;RO;MD;Monthly Value;Import;Harmonized;M;NaM
Physical Energy & Power Flows;2021;12;0;0;0;RO;MD;Value on 3rd Wed. at 03;Import;Harmonized;M;NaM
Physical Energy & Power Flows;2021;12;0;0;0;RO;MD;Value on 3rd Wed. at 11;Import;Harmonized;M;NaM
Physical Energy & Power Flows;2021;1;33;33;33;RO;RS;Monthly Value;Export;Harmonized;M;M
Physical Energy & Power Flows;2021;1;104;104;104;RO;RS;Monthly Value;Import;Harmonized;M;M
Physical Energy & Power Flows;2021;1;55;55;55;RO;RS;Value on 3rd Wed. at 03;Export;Harmonized;M;M
Physical Energy & Power Flows;2021;1;273;273;273;RO;RS;Value on 3rd Wed. at 11;Import;Harmonized;M;M
Physical Energy & Power Flows;2021;2;14;14;14;RO;RS;Monthly Value;Export;Harmonized;M;M
Physical Energy & Power Flows;2021;2;114;114;114;RO;RS;Monthly Value;Import;Harmonized;M;M
Physical Energy & Power Flows;2021;2;32;32;32;RO;RS;Value on 3rd Wed. at 03;Import;Harmonized;M;M
Physical Energy & Power Flows;2021;2;132;132;132;RO;RS;Value on 3rd Wed. at 11;Import;Harmonized;M;M
Physical Energy & Power Flows;2021;3;85;85;85;RO;RS;Monthly Value;Export;Harmonized;M;M
Physical Energy & Power Flows;2021;3;60;60;60;RO;RS;Monthly Value;Import;Harmonized;M;M
Physical Energy & Power Flows;2021;3;387;387;387;RO;RS;Value on 3rd Wed. at 03;Export;Harmonized;M;M
Physical Energy & Power Flows;2021;3;49;49;49;RO;RS;Value on 3rd Wed. at 11;Import;Harmonized;M;M
Physical Energy & Power Flows;2021;4;122;122;122;RO;RS;Monthly Value;Export;Harmonized;M;M
Physical Energy & Power Flows;2021;4;20;20;20;RO;RS;Monthly Value;Import;Harmonized;M;M
Physical Energy & Power Flows;2021;4;430;430;430;RO;RS;Value on 3rd Wed. at 03;Export;Harmonized;M;M
Physical Energy & Power Flows;2021;4;44;44;44;RO;RS;Value on 3rd Wed. at 11;Export;Harmonized;M;M
Physical Energy & Power Flows;2021;5;121;121;121;RO;RS;Monthly Value;Export;Harmonized;M;M
Physical Energy & Power Flows;2021;5;22;22;22;RO;RS;Monthly Value;Import;Harmonized;M;M
Physical Energy & Power Flows;2021;5;513;513;513;RO;RS;Value on 3rd Wed. at 03;Export;Harmonized;M;M
Physical Energy & Power Flows;2021;5;170;170;170;RO;RS;Value on 3rd Wed. at 11;Export;Harmonized;M;M
Physical Energy & Power Flows;2021;6;213;213;213;RO;RS;Monthly Value;Export;Harmonized;M;M
Physical Energy & Power Flows;2021;6;3;3;3;RO;RS;Monthly Value;Import;Harmonized;M;M
Physical Energy & Power Flows;2021;6;527;527;527;RO;RS;Value on 3rd Wed. at 03;Export;Harmonized;M;M
Physical Energy & Power Flows;2021;6;389;389;389;RO;RS;Value on 3rd Wed. at 11;Export;Harmonized;M;M
Physical Energy & Power Flows;2021;7;120;120;120;RO;RS;Monthly Value;Export;Harmonized;M;M
Physical Energy & Power Flows;2021;7;29;29;29;RO;RS;Monthly Value;Import;Harmonized;M;M
Physical Energy & Power Flows;2021;7;360;360;360;RO;RS;Value on 3rd Wed. at 03;Export;Harmonized;M;M
Physical Energy & Power Flows;2021;7;173;173;173;RO;RS;Value on 3rd Wed. at 11;Export;Harmonized;M;M
Physical Energy & Power Flows;2021;8;61;61;61;RO;RS;Monthly Value;Export;Harmonized;M;M
Physical Energy & Power Flows;2021;8;64;64;64;RO;RS;Monthly Value;Import;Harmonized;M;M
Physical Energy & Power Flows;2021;8;287;287;287;RO;RS;Value on 3rd Wed. at 03;Export;Harmonized;M;M
Physical Energy & Power Flows;2021;8;429;429;429;RO;RS;Value on 3rd Wed. at 11;Import;Harmonized;M;M
Physical Energy & Power Flows;2021;9;128;128;128;RO;RS;Monthly Value;Export;Harmonized;M;M
Physical Energy & Power Flows;2021;9;10;10;10;RO;RS;Monthly Value;Import;Harmonized;M;M
Physical Energy & Power Flows;2021;9;234;234;234;RO;RS;Value on 3rd Wed. at 03;Export;Harmonized;M;M
Physical Energy & Power Flows;2021;9;132;132;132;RO;RS;Value on 3rd Wed. at 11;Export;Harmonized;M;M
Physical Energy & Power Flows;2021;10;138;138;138;RO;RS;Monthly Value;Export;Harmonized;M;M
Physical Energy & Power Flows;2021;10;34;34;34;RO;RS;Monthly Value;Import;Harmonized;M;M
Physical Energy & Power Flows;2021;10;295;295;295;RO;RS;Value on 3rd Wed. at 03;Export;Harmonized;M;M
Physical Energy & Power Flows;2021;10;153;153;153;RO;RS;Value on 3rd Wed. at 11;Export;Harmonized;M;M
Physical Energy & Power Flows;2021;11;138;138;138;RO;RS;Monthly Value;Export;Harmonized;M;M
Physical Energy & Power Flows;2021;11;36;36;36;RO;RS;Monthly Value;Import;Harmonized;M;M
Physical Energy & Power Flows;2021;11;389;389;389;RO;RS;Value on 3rd Wed. at 03;Export;Harmonized;M;M
Physical Energy & Power Flows;2021;11;110;110;110;RO;RS;Value on 3rd Wed. at 11;Import;Harmonized;M;M
Physical Energy & Power Flows;2021;12;195;195;195;RO;RS;Monthly Value;Export;Harmonized;M;M
Physical Energy & Power Flows;2021;12;26;26;26;RO;RS;Monthly Value;Import;Harmonized;M;M
Physical Energy & Power Flows;2021;12;839;839;839;RO;RS;Value on 3rd Wed. at 03;Export;Harmonized;M;M
Physical Energy & Power Flows;2021;12;214;214;214;RO;RS;Value on 3rd Wed. at 11;Export;Harmonized;M;M
Physical Energy & Power Flows;2021;1;87;87;87;RO;UA;Monthly Value;Export;Harmonized;M;NaM
Physical Energy & Power Flows;2021;1;52;52;52;RO;UA;Monthly Value;Import;Harmonized;M;NaM
Physical Energy & Power Flows;2021;1;319;319;319;RO;UA;Value on 3rd Wed. at 03;Import;Harmonized;M;NaM
Physical Energy & Power Flows;2021;1;299;299;299;RO;UA;Value on 3rd Wed. at 11;Import;Harmonized;M;NaM
Physical Energy & Power Flows;2021;2;94;94;94;RO;UA;Monthly Value;Export;Harmonized;M;NaM
Physical Energy & Power Flows;2021;2;24;24;24;RO;UA;Monthly Value;Import;Harmonized;M;NaM
Physical Energy & Power Flows;2021;2;131;131;131;RO;UA;Value on 3rd Wed. at 03;Import;Harmonized;M;NaM
Physical Energy & Power Flows;2021;2;26;26;26;RO;UA;Value on 3rd Wed. at 11;Import;Harmonized;M;NaM
Physical Energy & Power Flows;2021;3;24;24;24;RO;UA;Monthly Value;Export;Harmonized;M;NaM
Physical Energy & Power Flows;2021;3;90;90;90;RO;UA;Monthly Value;Import;Harmonized;M;NaM
Physical Energy & Power Flows;2021;3;52;52;52;RO;UA;Value on 3rd Wed. at 03;Import;Harmonized;M;NaM
Physical Energy & Power Flows;2021;3;48;48;48;RO;UA;Value on 3rd Wed. at 11;Import;Harmonized;M;NaM
Physical Energy & Power Flows;2021;4;11;11;11;RO;UA;Monthly Value;Export;Harmonized;M;NaM
Physical Energy & Power Flows;2021;4;119;119;119;RO;UA;Monthly Value;Import;Harmonized;M;NaM
Physical Energy & Power Flows;2021;4;328;328;328;RO;UA;Value on 3rd Wed. at 03;Import;Harmonized;M;NaM
Physical Energy & Power Flows;2021;4;122;122;122;RO;UA;Value on 3rd Wed. at 11;Import;Harmonized;M;NaM
Physical Energy & Power Flows;2021;5;77;77;77;RO;UA;Monthly Value;Export;Harmonized;M;NaM
Physical Energy & Power Flows;2021;5;50;50;50;RO;UA;Monthly Value;Import;Harmonized;M;NaM
Physical Energy & Power Flows;2021;5;267;267;267;RO;UA;Value on 3rd Wed. at 03;Export;Harmonized;M;NaM
Physical Energy & Power Flows;2021;5;334;334;334;RO;UA;Value on 3rd Wed. at 11;Export;Harmonized;M;NaM
Physical Energy & Power Flows;2021;6;48;48;48;RO;UA;Monthly Value;Export;Harmonized;M;NaM
Physical Energy & Power Flows;2021;6;81;81;81;RO;UA;Monthly Value;Import;Harmonized;M;NaM
Physical Energy & Power Flows;2021;6;315;315;315;RO;UA;Value on 3rd Wed. at 03;Export;Harmonized;M;NaM
Physical Energy & Power Flows;2021;6;51;51;51;RO;UA;Value on 3rd Wed. at 11;Export;Harmonized;M;NaM
Physical Energy & Power Flows;2021;7;14;14;14;RO;UA;Monthly Value;Export;Harmonized;M;NaM
Physical Energy & Power Flows;2021;7;166;166;166;RO;UA;Monthly Value;Import;Harmonized;M;NaM
Physical Energy & Power Flows;2021;7;114;114;114;RO;UA;Value on 3rd Wed. at 03;Export;Harmonized;M;NaM
Physical Energy & Power Flows;2021;7;178;178;178;RO;UA;Value on 3rd Wed. at 11;Import;Harmonized;M;NaM
Physical Energy & Power Flows;2021;8;0;0;0;RO;UA;Monthly Value;Export;Harmonized;M;NaM
Physical Energy & Power Flows;2021;8;176;176;176;RO;UA;Monthly Value;Import;Harmonized;M;NaM
Physical Energy & Power Flows;2021;8;308;308;308;RO;UA;Value on 3rd Wed. at 03;Import;Harmonized;M;NaM
Physical Energy & Power Flows;2021;8;448;448;448;RO;UA;Value on 3rd Wed. at 11;Import;Harmonized;M;NaM
Physical Energy & Power Flows;2021;9;5;5;5;RO;UA;Monthly Value;Export;Harmonized;M;NaM
Physical Energy & Power Flows;2021;9;113;113;113;RO;UA;Monthly Value;Import;Harmonized;M;NaM
Physical Energy & Power Flows;2021;9;99;99;99;RO;UA;Value on 3rd Wed. at 03;Import;Harmonized;M;NaM
Physical Energy & Power Flows;2021;9;75;75;75;RO;UA;Value on 3rd Wed. at 11;Import;Harmonized;M;NaM
Physical Energy & Power Flows;2021;10;2;2;2;RO;UA;Monthly Value;Export;Harmonized;M;NaM
Physical Energy & Power Flows;2021;10;236;236;236;RO;UA;Monthly Value;Import;Harmonized;M;NaM
Physical Energy & Power Flows;2021;10;315;315;315;RO;UA;Value on 3rd Wed. at 03;Import;Harmonized;M;NaM
Physical Energy & Power Flows;2021;10;289;289;289;RO;UA;Value on 3rd Wed. at 11;Import;Harmonized;M;NaM
Physical Energy & Power Flows;2021;11;8;8;8;RO;UA;Monthly Value;Export;Harmonized;M;NaM
Physical Energy & Power Flows;2021;11;195;195;195;RO;UA;Monthly Value;Import;Harmonized;M;NaM
Physical Energy & Power Flows;2021;11;279;279;279;RO;UA;Value on 3rd Wed. at 03;Import;Harmonized;M;NaM
Physical Energy & Power Flows;2021;11;405;405;405;RO;UA;Value on 3rd Wed. at 11;Import;Harmonized;M;NaM
Physical Energy & Power Flows;2021;12;17;17;17;RO;UA;Monthly Value;Export;Harmonized;M;NaM
Physical Energy & Power Flows;2021;12;104;104;104;RO;UA;Monthly Value;Import;Harmonized;M;NaM
Physical Energy & Power Flows;2021;12;80;80;80;RO;UA;Value on 3rd Wed. at 03;Import;Harmonized;M;NaM
Physical Energy & Power Flows;2021;12;33;33;33;RO;UA;Value on 3rd Wed. at 11;Export;Harmonized;M;NaM
Physical Energy & Power Flows;2021;1;8;8;8;RS;BA;Monthly Value;Export;Harmonized;M;M
Physical Energy & Power Flows;2021;1;87;87;87;RS;BA;Monthly Value;Import;Harmonized;M;M
Physical Energy & Power Flows;2021;1;135;135;135;RS;BA;Value on 3rd Wed. at 03;Import;Harmonized;M;M
Physical Energy & Power Flows;2021;1;179;179;179;RS;BA;Value on 3rd Wed. at 11;Import;Harmonized;M;M
Physical Energy & Power Flows;2021;2;6;6;6;RS;BA;Monthly Value;Export;Harmonized;M;M
Physical Energy & Power Flows;2021;2;80;80;80;RS;BA;Monthly Value;Import;Harmonized;M;M
Physical Energy & Power Flows;2021;2;333;333;333;RS;BA;Value on 3rd Wed. at 03;Import;Harmonized;M;M
Physical Energy & Power Flows;2021;2;167;167;167;RS;BA;Value on 3rd Wed. at 11;Import;Harmonized;M;M
Physical Energy & Power Flows;2021;3;57;57;57;RS;BA;Monthly Value;Export;Harmonized;M;M
Physical Energy & Power Flows;2021;3;14;14;14;RS;BA;Monthly Value;Import;Harmonized;M;M
Physical Energy & Power Flows;2021;3;376;376;376;RS;BA;Value on 3rd Wed. at 03;Export;Harmonized;M;M
Physical Energy & Power Flows;2021;3;184;184;184;RS;BA;Value on 3rd Wed. at 11;Export;Harmonized;M;M
Physical Energy & Power Flows;2021;4;82;82;82;RS;BA;Monthly Value;Export;Harmonized;M;M
Physical Energy & Power Flows;2021;4;11;11;11;RS;BA;Monthly Value;Import;Harmonized;M;M
Physical Energy & Power Flows;2021;4;112;112;112;RS;BA;Value on 3rd Wed. at 03;Export;Harmonized;M;M
Physical Energy & Power Flows;2021;4;19;19;19;RS;BA;Value on 3rd Wed. at 11;Export;Harmonized;M;M
Physical Energy & Power Flows;2021;5;75;75;75;RS;BA;Monthly Value;Export;Harmonized;M;M
Physical Energy & Power Flows;2021;5;31;31;31;RS;BA;Monthly Value;Import;Harmonized;M;M
Physical Energy & Power Flows;2021;5;112;112;112;RS;BA;Value on 3rd Wed. at 03;Export;Harmonized;M;M
Physical Energy & Power Flows;2021;5;144;144;144;RS;BA;Value on 3rd Wed. at 11;Export;Harmonized;M;M
Physical Energy & Power Flows;2021;6;30;30;30;RS;BA;Monthly Value;Export;Harmonized;M;M
Physical Energy & Power Flows;2021;6;37;37;37;RS;BA;Monthly Value;Import;Harmonized;M;M
Physical Energy & Power Flows;2021;6;257;257;257;RS;BA;Value on 3rd Wed. at 03;Export;Harmonized;M;M
Physical Energy & Power Flows;2021;6;145;145;145;RS;BA;Value on 3rd Wed. at 11;Export;Harmonized;M;M
Physical Energy & Power Flows;2021;7;44;44;44;RS;BA;Monthly Value;Export;Harmonized;M;M
Physical Energy & Power Flows;2021;7;28;28;28;RS;BA;Monthly Value;Import;Harmonized;M;M
Physical Energy & Power Flows;2021;7;67;67;67;RS;BA;Value on 3rd Wed. at 03;Export;Harmonized;M;M
Physical Energy & Power Flows;2021;7;10;10;10;RS;BA;Value on 3rd Wed. at 11;Export;Harmonized;M;M
Physical Energy & Power Flows;2021;8;32;32;32;RS;BA;Monthly Value;Export;Harmonized;M;M
Physical Energy & Power Flows;2021;8;54;54;54;RS;BA;Monthly Value;Import;Harmonized;M;M
Physical Energy & Power Flows;2021;8;89;89;89;RS;BA;Value on 3rd Wed. at 03;Export;Harmonized;M;M
Physical Energy & Power Flows;2021;8;94;94;94;RS;BA;Value on 3rd Wed. at 11;Import;Harmonized;M;M
Physical Energy & Power Flows;2021;9;131;131;131;RS;BA;Monthly Value;Export;Harmonized;M;M
Physical Energy & Power Flows;2021;9;4;4;4;RS;BA;Monthly Value;Import;Harmonized;M;M
Physical Energy & Power Flows;2021;9;295;295;295;RS;BA;Value on 3rd Wed. at 03;Export;Harmonized;M;M
Physical Energy & Power Flows;2021;9;287;287;287;RS;BA;Value on 3rd Wed. at 11;Export;Harmonized;M;M
Physical Energy & Power Flows;2021;10;71;71;71;RS;BA;Monthly Value;Export;Harmonized;M;M
Physical Energy & Power Flows;2021;10;20;20;20;RS;BA;Monthly Value;Import;Harmonized;M;M
Physical Energy & Power Flows;2021;10;68;68;68;RS;BA;Value on 3rd Wed. at 03;Export;Harmonized;M;M
Physical Energy & Power Flows;2021;10;92;92;92;RS;BA;Value on 3rd Wed. at 11;Export;Harmonized;M;M
Physical Energy & Power Flows;2021;11;13;13;13;RS;BA;Monthly Value;Export;Harmonized;M;M
Physical Energy & Power Flows;2021;11;73;73;73;RS;BA;Monthly Value;Import;Harmonized;M;M
Physical Energy & Power Flows;2021;11;65;65;65;RS;BA;Value on 3rd Wed. at 03;Export;Harmonized;M;M
Physical Energy & Power Flows;2021;11;161;161;161;RS;BA;Value on 3rd Wed. at 11;Import;Harmonized;M;M
Physical Energy & Power Flows;2021;12;23;23;23;RS;BA;Monthly Value;Export;Harmonized;M;M
Physical Energy & Power Flows;2021;12;83;83;83;RS;BA;Monthly Value;Import;Harmonized;M;M
Physical Energy & Power Flows;2021;12;2;2;2;RS;BA;Value on 3rd Wed. at 03;Export;Harmonized;M;M
Physical Energy & Power Flows;2021;12;122;122;122;RS;BA;Value on 3rd Wed. at 11;Import;Harmonized;M;M
Physical Energy & Power Flows;2021;1;3;3;3;RS;BG;Monthly Value;Export;Harmonized;M;M
Physical Energy & Power Flows;2021;1;125;125;125;RS;BG;Monthly Value;Import;Harmonized;M;M
Physical Energy & Power Flows;2021;1;18;18;18;RS;BG;Value on 3rd Wed. at 03;Export;Harmonized;M;M
Physical Energy & Power Flows;2021;1;49;49;49;RS;BG;Value on 3rd Wed. at 11;Import;Harmonized;M;M
Physical Energy & Power Flows;2021;2;14;14;14;RS;BG;Monthly Value;Export;Harmonized;M;M
Physical Energy & Power Flows;2021;2;73;73;73;RS;BG;Monthly Value;Import;Harmonized;M;M
Physical Energy & Power Flows;2021;2;88;88;88;RS;BG;Value on 3rd Wed. at 03;Export;Harmonized;M;M
Physical Energy & Power Flows;2021;2;144;144;144;RS;BG;Value on 3rd Wed. at 11;Import;Harmonized;M;M
Physical Energy & Power Flows;2021;3;0;0;0;RS;BG;Monthly Value;Export;Harmonized;M;M
Physical Energy & Power Flows;2021;3;177;177;177;RS;BG;Monthly Value;Import;Harmonized;M;M
Physical Energy & Power Flows;2021;3;288;288;288;RS;BG;Value on 3rd Wed. at 03;Import;Harmonized;M;M
Physical Energy & Power Flows;2021;3;250;250;250;RS;BG;Value on 3rd Wed. at 11;Import;Harmonized;M;M
Physical Energy & Power Flows;2021;4;0;0;0;RS;BG;Monthly Value;Export;Harmonized;M;M
Physical Energy & Power Flows;2021;4;213;213;213;RS;BG;Monthly Value;Import;Harmonized;M;M
Physical Energy & Power Flows;2021;4;54;54;54;RS;BG;Value on 3rd Wed. at 03;Import;Harmonized;M;M
Physical Energy & Power Flows;2021;4;191;191;191;RS;BG;Value on 3rd Wed. at 11;Import;Harmonized;M;M
Physical Energy & Power Flows;2021;5;10;10;10;RS;BG;Monthly Value;Export;Harmonized;M;M
Physical Energy & Power Flows;2021;5;139;139;139;RS;BG;Monthly Value;Import;Harmonized;M;M
Physical Energy & Power Flows;2021;5;218;218;218;RS;BG;Value on 3rd Wed. at 03;Import;Harmonized;M;M
Physical Energy & Power Flows;2021;5;277;277;277;RS;BG;Value on 3rd Wed. at 11;Import;Harmonized;M;M
Physical Energy & Power Flows;2021;6;1;1;1;RS;BG;Monthly Value;Export;Harmonized;M;M
Physical Energy & Power Flows;2021;6;164;164;164;RS;BG;Monthly Value;Import;Harmonized;M;M
Physical Energy & Power Flows;2021;6;453;453;453;RS;BG;Value on 3rd Wed. at 03;Import;Harmonized;M;M
Physical Energy & Power Flows;2021;6;247;247;247;RS;BG;Value on 3rd Wed. at 11;Import;Harmonized;M;M
Physical Energy & Power Flows;2021;7;227;227;227;RS;BG;Monthly Value;Import;Harmonized;M;M
Physical Energy & Power Flows;2021;7;453;453;453;RS;BG;Value on 3rd Wed. at 03;Import;Harmonized;M;M
Physical Energy & Power Flows;2021;7;271;271;271;RS;BG;Value on 3rd Wed. at 11;Import;Harmonized;M;M
Physical Energy & Power Flows;2021;8;0;0;0;RS;BG;Monthly Value;Export;Harmonized;M;M
Physical Energy & Power Flows;2021;8;252;252;252;RS;BG;Monthly Value;Import;Harmonized;M;M
Physical Energy & Power Flows;2021;8;298;298;298;RS;BG;Value on 3rd Wed. at 03;Import;Harmonized;M;M
Physical Energy & Power Flows;2021;8;440;440;440;RS;BG;Value on 3rd Wed. at 11;Import;Harmonized;M;M
Physical Energy & Power Flows;2021;9;0;0;0;RS;BG;Monthly Value;Export;Harmonized;M;M
Physical Energy & Power Flows;2021;9;366;366;366;RS;BG;Monthly Value;Import;Harmonized;M;M
Physical Energy & Power Flows;2021;9;607;607;607;RS;BG;Value on 3rd Wed. at 03;Import;Harmonized;M;M
Physical Energy & Power Flows;2021;9;595;595;595;RS;BG;Value on 3rd Wed. at 11;Import;Harmonized;M;M
Physical Energy & Power Flows;2021;10;0;0;0;RS;BG;Monthly Value;Export;Harmonized;M;M
Physical Energy & Power Flows;2021;10;261;261;261;RS;BG;Monthly Value;Import;Harmonized;M;M
Physical Energy & Power Flows;2021;10;465;465;465;RS;BG;Value on 3rd Wed. at 03;Import;Harmonized;M;M
Physical Energy & Power Flows;2021;10;536;536;536;RS;BG;Value on 3rd Wed. at 11;Import;Harmonized;M;M
Physical Energy & Power Flows;2021;11;317;317;317;RS;BG;Monthly Value;Import;Harmonized;M;M
Physical Energy & Power Flows;2021;11;421;421;421;RS;BG;Value on 3rd Wed. at 03;Import;Harmonized;M;M
Physical Energy & Power Flows;2021;11;135;135;135;RS;BG;Value on 3rd Wed. at 11;Import;Harmonized;M;M
Physical Energy & Power Flows;2021;12;374;374;374;RS;BG;Monthly Value;Import;Harmonized;M;M
Physical Energy & Power Flows;2021;12;734;734;734;RS;BG;Value on 3rd Wed. at 03;Import;Harmonized;M;M
Physical Energy & Power Flows;2021;12;671;671;671;RS;BG;Value on 3rd Wed. at 11;Import;Harmonized;M;M
Physical Energy & Power Flows;2021;1;221;221;221;RS;HR;Monthly Value;Export;Harmonized;M;M
Physical Energy & Power Flows;2021;1;0;0;0;RS;HR;Monthly Value;Import;Harmonized;M;M
Physical Energy & Power Flows;2021;1;26;26;26;RS;HR;Value on 3rd Wed. at 03;Export;Harmonized;M;M
Physical Energy & Power Flows;2021;1;146;146;146;RS;HR;Value on 3rd Wed. at 11;Export;Harmonized;M;M
Physical Energy & Power Flows;2021;2;209;209;209;RS;HR;Monthly Value;Export;Harmonized;M;M
Physical Energy & Power Flows;2021;2;0;0;0;RS;HR;Monthly Value;Import;Harmonized;M;M
Physical Energy & Power Flows;2021;2;145;145;145;RS;HR;Value on 3rd Wed. at 03;Export;Harmonized;M;M
Physical Energy & Power Flows;2021;2;226;226;226;RS;HR;Value on 3rd Wed. at 11;Export;Harmonized;M;M
Physical Energy & Power Flows;2021;3;147;147;147;RS;HR;Monthly Value;Export;Harmonized;M;M
Physical Energy & Power Flows;2021;3;4;4;4;RS;HR;Monthly Value;Import;Harmonized;M;M
Physical Energy & Power Flows;2021;3;202;202;202;RS;HR;Value on 3rd Wed. at 03;Export;Harmonized;M;M
Physical Energy & Power Flows;2021;3;233;233;233;RS;HR;Value on 3rd Wed. at 11;Export;Harmonized;M;M
Physical Energy & Power Flows;2021;4;81;81;81;RS;HR;Monthly Value;Export;Harmonized;M;M
Physical Energy & Power Flows;2021;4;17;17;17;RS;HR;Monthly Value;Import;Harmonized;M;M
Physical Energy & Power Flows;2021;4;70;70;70;RS;HR;Value on 3rd Wed. at 03;Import;Harmonized;M;M
Physical Energy & Power Flows;2021;4;88;88;88;RS;HR;Value on 3rd Wed. at 11;Export;Harmonized;M;M
Physical Energy & Power Flows;2021;5;109;109;109;RS;HR;Monthly Value;Export;Harmonized;M;M
Physical Energy & Power Flows;2021;5;20;20;20;RS;HR;Monthly Value;Import;Harmonized;M;M
Physical Energy & Power Flows;2021;5;282;282;282;RS;HR;Value on 3rd Wed. at 03;Export;Harmonized;M;M
Physical Energy & Power Flows;2021;5;392;392;392;RS;HR;Value on 3rd Wed. at 11;Export;Harmonized;M;M
Physical Energy & Power Flows;2021;6;78;78;78;RS;HR;Monthly Value;Export;Harmonized;M;M
Physical Energy & Power Flows;2021;6;29;29;29;RS;HR;Monthly Value;Import;Harmonized;M;M
Physical Energy & Power Flows;2021;6;361;361;361;RS;HR;Value on 3rd Wed. at 03;Export;Harmonized;M;M
Physical Energy & Power Flows;2021;6;227;227;227;RS;HR;Value on 3rd Wed. at 11;Export;Harmonized;M;M
Physical Energy & Power Flows;2021;7;61;61;61;RS;HR;Monthly Value;Export;Harmonized;M;M
Physical Energy & Power Flows;2021;7;32;32;32;RS;HR;Monthly Value;Import;Harmonized;M;M
Physical Energy & Power Flows;2021;7;200;200;200;RS;HR;Value on 3rd Wed. at 03;Export;Harmonized;M;M
Physical Energy & Power Flows;2021;7;8;8;8;RS;HR;Value on 3rd Wed. at 11;Export;Harmonized;M;M
Physical Energy & Power Flows;2021;8;14;14;14;RS;HR;Monthly Value;Export;Harmonized;M;M
Physical Energy & Power Flows;2021;8;51;51;51;RS;HR;Monthly Value;Import;Harmonized;M;M
Physical Energy & Power Flows;2021;8;84;84;84;RS;HR;Value on 3rd Wed. at 03;Import;Harmonized;M;M
Physical Energy & Power Flows;2021;8;133;133;133;RS;HR;Value on 3rd Wed. at 11;Import;Harmonized;M;M
Physical Energy & Power Flows;2021;9;100;100;100;RS;HR;Monthly Value;Export;Harmonized;M;M
Physical Energy & Power Flows;2021;9;7;7;7;RS;HR;Monthly Value;Import;Harmonized;M;M
Physical Energy & Power Flows;2021;9;173;173;173;RS;HR;Value on 3rd Wed. at 03;Export;Harmonized;M;M
Physical Energy & Power Flows;2021;9;170;170;170;RS;HR;Value on 3rd Wed. at 11;Export;Harmonized;M;M
Physical Energy & Power Flows;2021;10;35;35;35;RS;HR;Monthly Value;Export;Harmonized;M;M
Physical Energy & Power Flows;2021;10;29;29;29;RS;HR;Monthly Value;Import;Harmonized;M;M
Physical Energy & Power Flows;2021;10;106;106;106;RS;HR;Value on 3rd Wed. at 03;Import;Harmonized;M;M
Physical Energy & Power Flows;2021;10;26;26;26;RS;HR;Value on 3rd Wed. at 11;Import;Harmonized;M;M
Physical Energy & Power Flows;2021;11;46;46;46;RS;HR;Monthly Value;Export;Harmonized;M;M
Physical Energy & Power Flows;2021;11;25;25;25;RS;HR;Monthly Value;Import;Harmonized;M;M
Physical Energy & Power Flows;2021;11;28;28;28;RS;HR;Value on 3rd Wed. at 03;Import;Harmonized;M;M
Physical Energy & Power Flows;2021;11;49;49;49;RS;HR;Value on 3rd Wed. at 11;Import;Harmonized;M;M
Physical Energy & Power Flows;2021;12;123;123;123;RS;HR;Monthly Value;Export;Harmonized;M;M
Physical Energy & Power Flows;2021;12;11;11;11;RS;HR;Monthly Value;Import;Harmonized;M;M
Physical Energy & Power Flows;2021;12;123;123;123;RS;HR;Value on 3rd Wed. at 03;Export;Harmonized;M;M
Physical Energy & Power Flows;2021;12;234;234;234;RS;HR;Value on 3rd Wed. at 11;Export;Harmonized;M;M
Physical Energy & Power Flows;2021;1;255;255;255;RS;HU;Monthly Value;Export;Harmonized;M;M
Physical Energy & Power Flows;2021;1;0;0;0;RS;HU;Monthly Value;Import;Harmonized;M;M
Physical Energy & Power Flows;2021;1;43;43;43;RS;HU;Value on 3rd Wed. at 03;Export;Harmonized;M;M
Physical Energy & Power Flows;2021;1;168;168;168;RS;HU;Value on 3rd Wed. at 11;Export;Harmonized;M;M
Physical Energy & Power Flows;2021;2;273;273;273;RS;HU;Monthly Value;Export;Harmonized;M;M
Physical Energy & Power Flows;2021;2;0;0;0;RS;HU;Monthly Value;Import;Harmonized;M;M
Physical Energy & Power Flows;2021;2;223;223;223;RS;HU;Value on 3rd Wed. at 03;Export;Harmonized;M;M
Physical Energy & Power Flows;2021;2;260;260;260;RS;HU;Value on 3rd Wed. at 11;Export;Harmonized;M;M
Physical Energy & Power Flows;2021;3;158;158;158;RS;HU;Monthly Value;Export;Harmonized;M;M
Physical Energy & Power Flows;2021;3;16;16;16;RS;HU;Monthly Value;Import;Harmonized;M;M
Physical Energy & Power Flows;2021;3;230;230;230;RS;HU;Value on 3rd Wed. at 03;Export;Harmonized;M;M
Physical Energy & Power Flows;2021;3;404;404;404;RS;HU;Value on 3rd Wed. at 11;Export;Harmonized;M;M
Physical Energy & Power Flows;2021;4;56;56;56;RS;HU;Monthly Value;Export;Harmonized;M;M
Physical Energy & Power Flows;2021;4;41;41;41;RS;HU;Monthly Value;Import;Harmonized;M;M
Physical Energy & Power Flows;2021;4;63;63;63;RS;HU;Value on 3rd Wed. at 03;Import;Harmonized;M;M
Physical Energy & Power Flows;2021;4;156;156;156;RS;HU;Value on 3rd Wed. at 11;Export;Harmonized;M;M
Physical Energy & Power Flows;2021;5;87;87;87;RS;HU;Monthly Value;Export;Harmonized;M;M
Physical Energy & Power Flows;2021;5;55;55;55;RS;HU;Monthly Value;Import;Harmonized;M;M
Physical Energy & Power Flows;2021;5;186;186;186;RS;HU;Value on 3rd Wed. at 03;Export;Harmonized;M;M
Physical Energy & Power Flows;2021;5;171;171;171;RS;HU;Value on 3rd Wed. at 11;Export;Harmonized;M;M
Physical Energy & Power Flows;2021;6;50;50;50;RS;HU;Monthly Value;Export;Harmonized;M;M
Physical Energy & Power Flows;2021;6;47;47;47;RS;HU;Monthly Value;Import;Harmonized;M;M
Physical Energy & Power Flows;2021;6;309;309;309;RS;HU;Value on 3rd Wed. at 03;Export;Harmonized;M;M
Physical Energy & Power Flows;2021;6;4;4;4;RS;HU;Value on 3rd Wed. at 11;Export;Harmonized;M;M
Physical Energy & Power Flows;2021;7;36;36;36;RS;HU;Monthly Value;Export;Harmonized;M;M
Physical Energy & Power Flows;2021;7;77;77;77;RS;HU;Monthly Value;Import;Harmonized;M;M
Physical Energy & Power Flows;2021;7;189;189;189;RS;HU;Value on 3rd Wed. at 03;Export;Harmonized;M;M
Physical Energy & Power Flows;2021;7;162;162;162;RS;HU;Value on 3rd Wed. at 11;Import;Harmonized;M;M
Physical Energy & Power Flows;2021;8;20;20;20;RS;HU;Monthly Value;Export;Harmonized;M;M
Physical Energy & Power Flows;2021;8;51;51;51;RS;HU;Monthly Value;Import;Harmonized;M;M
Physical Energy & Power Flows;2021;8;96;96;96;RS;HU;Value on 3rd Wed. at 03;Import;Harmonized;M;M
Physical Energy & Power Flows;2021;8;200;200;200;RS;HU;Value on 3rd Wed. at 11;Import;Harmonized;M;M
Physical Energy & Power Flows;2021;9;54;54;54;RS;HU;Monthly Value;Export;Harmonized;M;M
Physical Energy & Power Flows;2021;9;34;34;34;RS;HU;Monthly Value;Import;Harmonized;M;M
Physical Energy & Power Flows;2021;9;2;2;2;RS;HU;Value on 3rd Wed. at 03;Export;Harmonized;M;M
Physical Energy & Power Flows;2021;9;64;64;64;RS;HU;Value on 3rd Wed. at 11;Import;Harmonized;M;M
Physical Energy & Power Flows;2021;10;9;9;9;RS;HU;Monthly Value;Export;Harmonized;M;M
Physical Energy & Power Flows;2021;10;108;108;108;RS;HU;Monthly Value;Import;Harmonized;M;M
Physical Energy & Power Flows;2021;10;155;155;155;RS;HU;Value on 3rd Wed. at 03;Import;Harmonized;M;M
Physical Energy & Power Flows;2021;10;239;239;239;RS;HU;Value on 3rd Wed. at 11;Import;Harmonized;M;M
Physical Energy & Power Flows;2021;11;21;21;21;RS;HU;Monthly Value;Export;Harmonized;M;M
Physical Energy & Power Flows;2021;11;78;78;78;RS;HU;Monthly Value;Import;Harmonized;M;M
Physical Energy & Power Flows;2021;11;174;174;174;RS;HU;Value on 3rd Wed. at 03;Import;Harmonized;M;M
Physical Energy & Power Flows;2021;11;61;61;61;RS;HU;Value on 3rd Wed. at 11;Import;Harmonized;M;M
Physical Energy & Power Flows;2021;12;77;77;77;RS;HU;Monthly Value;Export;Harmonized;M;M
Physical Energy & Power Flows;2021;12;53;53;53;RS;HU;Monthly Value;Import;Harmonized;M;M
Physical Energy & Power Flows;2021;12;105;105;105;RS;HU;Value on 3rd Wed. at 03;Import;Harmonized;M;M
Physical Energy & Power Flows;2021;12;86;86;86;RS;HU;Value on 3rd Wed. at 11;Export;Harmonized;M;M
Physical Energy & Power Flows;2021;1;2;2;2;RS;ME;Monthly Value;Export;Harmonized;M;M
Physical Energy & Power Flows;2021;1;81;81;81;RS;ME;Monthly Value;Import;Harmonized;M;M
Physical Energy & Power Flows;2021;1;81;81;81;RS;ME;Value on 3rd Wed. at 03;Import;Harmonized;M;M
Physical Energy & Power Flows;2021;1;128;128;128;RS;ME;Value on 3rd Wed. at 11;Import;Harmonized;M;M
Physical Energy & Power Flows;2021;2;2;2;2;RS;ME;Monthly Value;Export;Harmonized;M;M
Physical Energy & Power Flows;2021;2;74;74;74;RS;ME;Monthly Value;Import;Harmonized;M;M
Physical Energy & Power Flows;2021;2;104;104;104;RS;ME;Value on 3rd Wed. at 03;Import;Harmonized;M;M
Physical Energy & Power Flows;2021;2;74;74;74;RS;ME;Value on 3rd Wed. at 11;Import;Harmonized;M;M
Physical Energy & Power Flows;2021;3;7;7;7;RS;ME;Monthly Value;Export;Harmonized;M;M
Physical Energy & Power Flows;2021;3;41;41;41;RS;ME;Monthly Value;Import;Harmonized;M;M
Physical Energy & Power Flows;2021;3;7;7;7;RS;ME;Value on 3rd Wed. at 03;Import;Harmonized;M;M
Physical Energy & Power Flows;2021;3;106;106;106;RS;ME;Value on 3rd Wed. at 11;Import;Harmonized;M;M
Physical Energy & Power Flows;2021;4;51;51;51;RS;ME;Monthly Value;Export;Harmonized;M;M
Physical Energy & Power Flows;2021;4;8;8;8;RS;ME;Monthly Value;Import;Harmonized;M;M
Physical Energy & Power Flows;2021;4;127;127;127;RS;ME;Value on 3rd Wed. at 03;Export;Harmonized;M;M
Physical Energy & Power Flows;2021;4;71;71;71;RS;ME;Value on 3rd Wed. at 11;Import;Harmonized;M;M
Physical Energy & Power Flows;2021;5;22;22;22;RS;ME;Monthly Value;Export;Harmonized;M;M
Physical Energy & Power Flows;2021;5;18;18;18;RS;ME;Monthly Value;Import;Harmonized;M;M
Physical Energy & Power Flows;2021;5;7;7;7;RS;ME;Value on 3rd Wed. at 03;Import;Harmonized;M;M
Physical Energy & Power Flows;2021;5;174;174;174;RS;ME;Value on 3rd Wed. at 11;Import;Harmonized;M;M
Physical Energy & Power Flows;2021;6;46;46;46;RS;ME;Monthly Value;Export;Harmonized;M;M
Physical Energy & Power Flows;2021;6;10;10;10;RS;ME;Monthly Value;Import;Harmonized;M;M
Physical Energy & Power Flows;2021;6;87;87;87;RS;ME;Value on 3rd Wed. at 03;Import;Harmonized;M;M
Physical Energy & Power Flows;2021;6;80;80;80;RS;ME;Value on 3rd Wed. at 11;Export;Harmonized;M;M
Physical Energy & Power Flows;2021;7;20;20;20;RS;ME;Monthly Value;Export;Harmonized;M;M
Physical Energy & Power Flows;2021;7;11;11;11;RS;ME;Monthly Value;Import;Harmonized;M;M
Physical Energy & Power Flows;2021;7;17;17;17;RS;ME;Value on 3rd Wed. at 03;Import;Harmonized;M;M
Physical Energy & Power Flows;2021;7;4;4;4;RS;ME;Value on 3rd Wed. at 11;Import;Harmonized;M;M
Physical Energy & Power Flows;2021;8;20;20;20;RS;ME;Monthly Value;Export;Harmonized;M;M
Physical Energy & Power Flows;2021;8;9;9;9;RS;ME;Monthly Value;Import;Harmonized;M;M
Physical Energy & Power Flows;2021;8;57;57;57;RS;ME;Value on 3rd Wed. at 03;Export;Harmonized;M;M
Physical Energy & Power Flows;2021;8;47;47;47;RS;ME;Value on 3rd Wed. at 11;Export;Harmonized;M;M
Physical Energy & Power Flows;2021;9;14;14;14;RS;ME;Monthly Value;Export;Harmonized;M;M
Physical Energy & Power Flows;2021;9;30;30;30;RS;ME;Monthly Value;Import;Harmonized;M;M
Physical Energy & Power Flows;2021;9;16;16;16;RS;ME;Value on 3rd Wed. at 03;Import;Harmonized;M;M
Physical Energy & Power Flows;2021;9;67;67;67;RS;ME;Value on 3rd Wed. at 11;Export;Harmonized;M;M
Physical Energy & Power Flows;2021;10;5;5;5;RS;ME;Monthly Value;Export;Harmonized;M;M
Physical Energy & Power Flows;2021;10;45;45;45;RS;ME;Monthly Value;Import;Harmonized;M;M
Physical Energy & Power Flows;2021;10;88;88;88;RS;ME;Value on 3rd Wed. at 03;Import;Harmonized;M;M
Physical Energy & Power Flows;2021;10;27;27;27;RS;ME;Value on 3rd Wed. at 11;Import;Harmonized;M;M
Physical Energy & Power Flows;2021;11;1;1;1;RS;ME;Monthly Value;Export;Harmonized;M;M
Physical Energy & Power Flows;2021;11;59;59;59;RS;ME;Monthly Value;Import;Harmonized;M;M
Physical Energy & Power Flows;2021;11;117;117;117;RS;ME;Value on 3rd Wed. at 03;Import;Harmonized;M;M
Physical Energy & Power Flows;2021;11;64;64;64;RS;ME;Value on 3rd Wed. at 11;Import;Harmonized;M;M
Physical Energy & Power Flows;2021;12;7;7;7;RS;ME;Monthly Value;Export;Harmonized;M;M
Physical Energy & Power Flows;2021;12;105;105;105;RS;ME;Monthly Value;Import;Harmonized;M;M
Physical Energy & Power Flows;2021;12;149;149;149;RS;ME;Value on 3rd Wed. at 03;Import;Harmonized;M;M
Physical Energy & Power Flows;2021;12;317;317;317;RS;ME;Value on 3rd Wed. at 11;Import;Harmonized;M;M
Physical Energy & Power Flows;2021;1;24;24;24;RS;MK;Monthly Value;Export;Harmonized;M;M
Physical Energy & Power Flows;2021;1;22;22;22;RS;MK;Monthly Value;Import;Harmonized;M;M
Physical Energy & Power Flows;2021;1;114;114;114;RS;MK;Value on 3rd Wed. at 03;Export;Harmonized;M;M
Physical Energy & Power Flows;2021;1;28;28;28;RS;MK;Value on 3rd Wed. at 11;Export;Harmonized;M;M
Physical Energy & Power Flows;2021;2;71;71;71;RS;MK;Monthly Value;Export;Harmonized;M;M
Physical Energy & Power Flows;2021;2;5;5;5;RS;MK;Monthly Value;Import;Harmonized;M;M
Physical Energy & Power Flows;2021;2;227;227;227;RS;MK;Value on 3rd Wed. at 03;Export;Harmonized;M;M
Physical Energy & Power Flows;2021;2;89;89;89;RS;MK;Value on 3rd Wed. at 11;Export;Harmonized;M;M
Physical Energy & Power Flows;2021;3;79;79;79;RS;MK;Monthly Value;Export;Harmonized;M;M
Physical Energy & Power Flows;2021;3;6;6;6;RS;MK;Monthly Value;Import;Harmonized;M;M
Physical Energy & Power Flows;2021;3;108;108;108;RS;MK;Value on 3rd Wed. at 03;Export;Harmonized;M;M
Physical Energy & Power Flows;2021;3;72;72;72;RS;MK;Value on 3rd Wed. at 11;Export;Harmonized;M;M
Physical Energy & Power Flows;2021;4;42;42;42;RS;MK;Monthly Value;Export;Harmonized;M;M
Physical Energy & Power Flows;2021;4;20;20;20;RS;MK;Monthly Value;Import;Harmonized;M;M
Physical Energy & Power Flows;2021;4;144;144;144;RS;MK;Value on 3rd Wed. at 03;Export;Harmonized;M;M
Physical Energy & Power Flows;2021;4;116;116;116;RS;MK;Value on 3rd Wed. at 11;Import;Harmonized;M;M
Physical Energy & Power Flows;2021;5;67;67;67;RS;MK;Monthly Value;Export;Harmonized;M;M
Physical Energy & Power Flows;2021;5;7;7;7;RS;MK;Monthly Value;Import;Harmonized;M;M
Physical Energy & Power Flows;2021;5;76;76;76;RS;MK;Value on 3rd Wed. at 03;Export;Harmonized;M;M
Physical Energy & Power Flows;2021;5;26;26;26;RS;MK;Value on 3rd Wed. at 11;Import;Harmonized;M;M
Physical Energy & Power Flows;2021;6;89;89;89;RS;MK;Monthly Value;Export;Harmonized;M;M
Physical Energy & Power Flows;2021;6;4;4;4;RS;MK;Monthly Value;Import;Harmonized;M;M
Physical Energy & Power Flows;2021;6;27;27;27;RS;MK;Value on 3rd Wed. at 03;Import;Harmonized;M;M
Physical Energy & Power Flows;2021;6;16;16;16;RS;MK;Value on 3rd Wed. at 11;Export;Harmonized;M;M
Physical Energy & Power Flows;2021;7;62;62;62;RS;MK;Monthly Value;Export;Harmonized;M;M
Physical Energy & Power Flows;2021;7;6;6;6;RS;MK;Monthly Value;Import;Harmonized;M;M
Physical Energy & Power Flows;2021;7;64;64;64;RS;MK;Value on 3rd Wed. at 03;Export;Harmonized;M;M
Physical Energy & Power Flows;2021;7;116;116;116;RS;MK;Value on 3rd Wed. at 11;Export;Harmonized;M;M
Physical Energy & Power Flows;2021;8;47;47;47;RS;MK;Monthly Value;Export;Harmonized;M;M
Physical Energy & Power Flows;2021;8;17;17;17;RS;MK;Monthly Value;Import;Harmonized;M;M
Physical Energy & Power Flows;2021;8;112;112;112;RS;MK;Value on 3rd Wed. at 03;Export;Harmonized;M;M
Physical Energy & Power Flows;2021;8;30;30;30;RS;MK;Value on 3rd Wed. at 11;Export;Harmonized;M;M
Physical Energy & Power Flows;2021;9;7;7;7;RS;MK;Monthly Value;Export;Harmonized;M;M
Physical Energy & Power Flows;2021;9;48;48;48;RS;MK;Monthly Value;Import;Harmonized;M;M
Physical Energy & Power Flows;2021;9;49;49;49;RS;MK;Value on 3rd Wed. at 03;Import;Harmonized;M;M
Physical Energy & Power Flows;2021;9;184;184;184;RS;MK;Value on 3rd Wed. at 11;Import;Harmonized;M;M
Physical Energy & Power Flows;2021;10;14;14;14;RS;MK;Monthly Value;Export;Harmonized;M;M
Physical Energy & Power Flows;2021;10;44;44;44;RS;MK;Monthly Value;Import;Harmonized;M;M
Physical Energy & Power Flows;2021;10;172;172;172;RS;MK;Value on 3rd Wed. at 03;Export;Harmonized;M;M
Physical Energy & Power Flows;2021;10;121;121;121;RS;MK;Value on 3rd Wed. at 11;Export;Harmonized;M;M
Physical Energy & Power Flows;2021;11;21;21;21;RS;MK;Monthly Value;Export;Harmonized;M;M
Physical Energy & Power Flows;2021;11;23;23;23;RS;MK;Monthly Value;Import;Harmonized;M;M
Physical Energy & Power Flows;2021;11;71;71;71;RS;MK;Value on 3rd Wed. at 03;Export;Harmonized;M;M
Physical Energy & Power Flows;2021;11;27;27;27;RS;MK;Value on 3rd Wed. at 11;Export;Harmonized;M;M
Physical Energy & Power Flows;2021;12;9;9;9;RS;MK;Monthly Value;Export;Harmonized;M;M
Physical Energy & Power Flows;2021;12;78;78;78;RS;MK;Monthly Value;Import;Harmonized;M;M
Physical Energy & Power Flows;2021;12;156;156;156;RS;MK;Value on 3rd Wed. at 03;Import;Harmonized;M;M
Physical Energy & Power Flows;2021;12;312;312;312;RS;MK;Value on 3rd Wed. at 11;Import;Harmonized;M;M
Physical Energy & Power Flows;2021;1;104;104;104;RS;RO;Monthly Value;Export;Harmonized;M;M
Physical Energy & Power Flows;2021;1;33;33;33;RS;RO;Monthly Value;Import;Harmonized;M;M
Physical Energy & Power Flows;2021;1;55;55;55;RS;RO;Value on 3rd Wed. at 03;Import;Harmonized;M;M
Physical Energy & Power Flows;2021;1;273;273;273;RS;RO;Value on 3rd Wed. at 11;Export;Harmonized;M;M
Physical Energy & Power Flows;2021;2;114;114;114;RS;RO;Monthly Value;Export;Harmonized;M;M
Physical Energy & Power Flows;2021;2;14;14;14;RS;RO;Monthly Value;Import;Harmonized;M;M
Physical Energy & Power Flows;2021;2;32;32;32;RS;RO;Value on 3rd Wed. at 03;Export;Harmonized;M;M
Physical Energy & Power Flows;2021;2;132;132;132;RS;RO;Value on 3rd Wed. at 11;Export;Harmonized;M;M
Physical Energy & Power Flows;2021;3;60;60;60;RS;RO;Monthly Value;Export;Harmonized;M;M
Physical Energy & Power Flows;2021;3;85;85;85;RS;RO;Monthly Value;Import;Harmonized;M;M
Physical Energy & Power Flows;2021;3;387;387;387;RS;RO;Value on 3rd Wed. at 03;Import;Harmonized;M;M
Physical Energy & Power Flows;2021;3;49;49;49;RS;RO;Value on 3rd Wed. at 11;Export;Harmonized;M;M
Physical Energy & Power Flows;2021;4;20;20;20;RS;RO;Monthly Value;Export;Harmonized;M;M
Physical Energy & Power Flows;2021;4;122;122;122;RS;RO;Monthly Value;Import;Harmonized;M;M
Physical Energy & Power Flows;2021;4;430;430;430;RS;RO;Value on 3rd Wed. at 03;Import;Harmonized;M;M
Physical Energy & Power Flows;2021;4;44;44;44;RS;RO;Value on 3rd Wed. at 11;Import;Harmonized;M;M
Physical Energy & Power Flows;2021;5;22;22;22;RS;RO;Monthly Value;Export;Harmonized;M;M
Physical Energy & Power Flows;2021;5;121;121;121;RS;RO;Monthly Value;Import;Harmonized;M;M
Physical Energy & Power Flows;2021;5;513;513;513;RS;RO;Value on 3rd Wed. at 03;Import;Harmonized;M;M
Physical Energy & Power Flows;2021;5;170;170;170;RS;RO;Value on 3rd Wed. at 11;Import;Harmonized;M;M
Physical Energy & Power Flows;2021;6;3;3;3;RS;RO;Monthly Value;Export;Harmonized;M;M
Physical Energy & Power Flows;2021;6;213;213;213;RS;RO;Monthly Value;Import;Harmonized;M;M
Physical Energy & Power Flows;2021;6;527;527;527;RS;RO;Value on 3rd Wed. at 03;Import;Harmonized;M;M
Physical Energy & Power Flows;2021;6;389;389;389;RS;RO;Value on 3rd Wed. at 11;Import;Harmonized;M;M
Physical Energy & Power Flows;2021;7;29;29;29;RS;RO;Monthly Value;Export;Harmonized;M;M
Physical Energy & Power Flows;2021;7;120;120;120;RS;RO;Monthly Value;Import;Harmonized;M;M
Physical Energy & Power Flows;2021;7;360;360;360;RS;RO;Value on 3rd Wed. at 03;Import;Harmonized;M;M
Physical Energy & Power Flows;2021;7;173;173;173;RS;RO;Value on 3rd Wed. at 11;Import;Harmonized;M;M
Physical Energy & Power Flows;2021;8;64;64;64;RS;RO;Monthly Value;Export;Harmonized;M;M
Physical Energy & Power Flows;2021;8;61;61;61;RS;RO;Monthly Value;Import;Harmonized;M;M
Physical Energy & Power Flows;2021;8;287;287;287;RS;RO;Value on 3rd Wed. at 03;Import;Harmonized;M;M
Physical Energy & Power Flows;2021;8;429;429;429;RS;RO;Value on 3rd Wed. at 11;Export;Harmonized;M;M
Physical Energy & Power Flows;2021;9;10;10;10;RS;RO;Monthly Value;Export;Harmonized;M;M
Physical Energy & Power Flows;2021;9;128;128;128;RS;RO;Monthly Value;Import;Harmonized;M;M
Physical Energy & Power Flows;2021;9;234;234;234;RS;RO;Value on 3rd Wed. at 03;Import;Harmonized;M;M
Physical Energy & Power Flows;2021;9;132;132;132;RS;RO;Value on 3rd Wed. at 11;Import;Harmonized;M;M
Physical Energy & Power Flows;2021;10;34;34;34;RS;RO;Monthly Value;Export;Harmonized;M;M
Physical Energy & Power Flows;2021;10;138;138;138;RS;RO;Monthly Value;Import;Harmonized;M;M
Physical Energy & Power Flows;2021;10;295;295;295;RS;RO;Value on 3rd Wed. at 03;Import;Harmonized;M;M
Physical Energy & Power Flows;2021;10;153;153;153;RS;RO;Value on 3rd Wed. at 11;Import;Harmonized;M;M
Physical Energy & Power Flows;2021;11;36;36;36;RS;RO;Monthly Value;Export;Harmonized;M;M
Physical Energy & Power Flows;2021;11;138;138;138;RS;RO;Monthly Value;Import;Harmonized;M;M
Physical Energy & Power Flows;2021;11;389;389;389;RS;RO;Value on 3rd Wed. at 03;Import;Harmonized;M;M
Physical Energy & Power Flows;2021;11;110;110;110;RS;RO;Value on 3rd Wed. at 11;Export;Harmonized;M;M
Physical Energy & Power Flows;2021;12;26;26;26;RS;RO;Monthly Value;Export;Harmonized;M;M
Physical Energy & Power Flows;2021;12;195;195;195;RS;RO;Monthly Value;Import;Harmonized;M;M
Physical Energy & Power Flows;2021;12;839;839;839;RS;RO;Value on 3rd Wed. at 03;Import;Harmonized;M;M
Physical Energy & Power Flows;2021;12;214;214;214;RS;RO;Value on 3rd Wed. at 11;Import;Harmonized;M;M
Physical Energy & Power Flows;2021;1;43;43;43;RS;XK;Monthly Value;Export;Harmonized;M;M
Physical Energy & Power Flows;2021;1;35;35;35;RS;XK;Monthly Value;Import;Harmonized;M;M
Physical Energy & Power Flows;2021;1;47;47;47;RS;XK;Value on 3rd Wed. at 03;Import;Harmonized;M;M
Physical Energy & Power Flows;2021;1;51;51;51;RS;XK;Value on 3rd Wed. at 11;Import;Harmonized;M;M
Physical Energy & Power Flows;2021;2;39;39;39;RS;XK;Monthly Value;Export;Harmonized;M;M
Physical Energy & Power Flows;2021;2;26;26;26;RS;XK;Monthly Value;Import;Harmonized;M;M
Physical Energy & Power Flows;2021;2;85;85;85;RS;XK;Value on 3rd Wed. at 03;Export;Harmonized;M;M
Physical Energy & Power Flows;2021;2;52;52;52;RS;XK;Value on 3rd Wed. at 11;Export;Harmonized;M;M
Physical Energy & Power Flows;2021;3;121;121;121;RS;XK;Monthly Value;Export;Harmonized;M;M
Physical Energy & Power Flows;2021;3;4;4;4;RS;XK;Monthly Value;Import;Harmonized;M;M
Physical Energy & Power Flows;2021;3;151;151;151;RS;XK;Value on 3rd Wed. at 03;Export;Harmonized;M;M
Physical Energy & Power Flows;2021;3;66;66;66;RS;XK;Value on 3rd Wed. at 11;Export;Harmonized;M;M
Physical Energy & Power Flows;2021;4;113;113;113;RS;XK;Monthly Value;Export;Harmonized;M;M
Physical Energy & Power Flows;2021;4;4;4;4;RS;XK;Monthly Value;Import;Harmonized;M;M
Physical Energy & Power Flows;2021;4;178;178;178;RS;XK;Value on 3rd Wed. at 03;Export;Harmonized;M;M
Physical Energy & Power Flows;2021;4;47;47;47;RS;XK;Value on 3rd Wed. at 11;Export;Harmonized;M;M
Physical Energy & Power Flows;2021;5;43;43;43;RS;XK;Monthly Value;Export;Harmonized;M;M
Physical Energy & Power Flows;2021;5;32;32;32;RS;XK;Monthly Value;Import;Harmonized;M;M
Physical Energy & Power Flows;2021;5;40;40;40;RS;XK;Value on 3rd Wed. at 03;Import;Harmonized;M;M
Physical Energy & Power Flows;2021;5;210;210;210;RS;XK;Value on 3rd Wed. at 11;Import;Harmonized;M;M
Physical Energy & Power Flows;2021;6;112;112;112;RS;XK;Monthly Value;Export;Harmonized;M;M
Physical Energy & Power Flows;2021;6;8;8;8;RS;XK;Monthly Value;Import;Harmonized;M;M
Physical Energy & Power Flows;2021;6;40;40;40;RS;XK;Value on 3rd Wed. at 03;Export;Harmonized;M;M
Physical Energy & Power Flows;2021;6;12;12;12;RS;XK;Value on 3rd Wed. at 11;Import;Harmonized;M;M
Physical Energy & Power Flows;2021;7;172;172;172;RS;XK;Monthly Value;Export;Harmonized;M;M
Physical Energy & Power Flows;2021;7;1;1;1;RS;XK;Monthly Value;Import;Harmonized;M;M
Physical Energy & Power Flows;2021;7;324;324;324;RS;XK;Value on 3rd Wed. at 03;Export;Harmonized;M;M
Physical Energy & Power Flows;2021;7;301;301;301;RS;XK;Value on 3rd Wed. at 11;Export;Harmonized;M;M
Physical Energy & Power Flows;2021;8;192;192;192;RS;XK;Monthly Value;Export;Harmonized;M;M
Physical Energy & Power Flows;2021;8;2;2;2;RS;XK;Monthly Value;Import;Harmonized;M;M
Physical Energy & Power Flows;2021;8;416;416;416;RS;XK;Value on 3rd Wed. at 03;Export;Harmonized;M;M
Physical Energy & Power Flows;2021;8;209;209;209;RS;XK;Value on 3rd Wed. at 11;Export;Harmonized;M;M
Physical Energy & Power Flows;2021;9;202;202;202;RS;XK;Monthly Value;Export;Harmonized;M;M
Physical Energy & Power Flows;2021;9;1;1;1;RS;XK;Monthly Value;Import;Harmonized;M;M
Physical Energy & Power Flows;2021;9;357;357;357;RS;XK;Value on 3rd Wed. at 03;Export;Harmonized;M;M
Physical Energy & Power Flows;2021;9;369;369;369;RS;XK;Value on 3rd Wed. at 11;Export;Harmonized;M;M
Physical Energy & Power Flows;2021;10;145;145;145;RS;XK;Monthly Value;Export;Harmonized;M;M
Physical Energy & Power Flows;2021;10;8;8;8;RS;XK;Monthly Value;Import;Harmonized;M;M
Physical Energy & Power Flows;2021;10;372;372;372;RS;XK;Value on 3rd Wed. at 03;Export;Harmonized;M;M
Physical Energy & Power Flows;2021;10;390;390;390;RS;XK;Value on 3rd Wed. at 11;Export;Harmonized;M;M
Physical Energy & Power Flows;2021;11;128;128;128;RS;XK;Monthly Value;Export;Harmonized;M;M
Physical Energy & Power Flows;2021;11;3;3;3;RS;XK;Monthly Value;Import;Harmonized;M;M
Physical Energy & Power Flows;2021;11;296;296;296;RS;XK;Value on 3rd Wed. at 03;Export;Harmonized;M;M
Physical Energy & Power Flows;2021;11;67;67;67;RS;XK;Value on 3rd Wed. at 11;Export;Harmonized;M;M
Physical Energy & Power Flows;2021;12;101;101;101;RS;XK;Monthly Value;Export;Harmonized;M;M
Physical Energy & Power Flows;2021;12;23;23;23;RS;XK;Monthly Value;Import;Harmonized;M;M
Physical Energy & Power Flows;2021;12;228;228;228;RS;XK;Value on 3rd Wed. at 03;Export;Harmonized;M;M
Physical Energy & Power Flows;2021;12;87;87;87;RS;XK;Value on 3rd Wed. at 11;Import;Harmonized;M;M
Physical Energy & Power Flows;2021;1;94;94;94;RU;EE;Monthly Value;Export;Harmonized;NaM;M
Physical Energy & Power Flows;2021;1;35;35;35;RU;EE;Monthly Value;Import;Harmonized;NaM;M
Physical Energy & Power Flows;2021;1;185;185;185;RU;EE;Value on 3rd Wed. at 03;Import;Harmonized;NaM;M
Physical Energy & Power Flows;2021;1;134;134;134;RU;EE;Value on 3rd Wed. at 11;Import;Harmonized;NaM;M
Physical Energy & Power Flows;2021;2;93;93;93;RU;EE;Monthly Value;Export;Harmonized;NaM;M
Physical Energy & Power Flows;2021;2;47;47;47;RU;EE;Monthly Value;Import;Harmonized;NaM;M
Physical Energy & Power Flows;2021;2;234;234;234;RU;EE;Value on 3rd Wed. at 03;Import;Harmonized;NaM;M
Physical Energy & Power Flows;2021;2;22;22;22;RU;EE;Value on 3rd Wed. at 11;Export;Harmonized;NaM;M
Physical Energy & Power Flows;2021;3;84;84;84;RU;EE;Monthly Value;Export;Harmonized;NaM;M
Physical Energy & Power Flows;2021;3;56;56;56;RU;EE;Monthly Value;Import;Harmonized;NaM;M
Physical Energy & Power Flows;2021;3;29;29;29;RU;EE;Value on 3rd Wed. at 03;Export;Harmonized;NaM;M
Physical Energy & Power Flows;2021;3;95;95;95;RU;EE;Value on 3rd Wed. at 11;Import;Harmonized;NaM;M
Physical Energy & Power Flows;2021;4;21;21;21;RU;EE;Monthly Value;Export;Harmonized;NaM;M
Physical Energy & Power Flows;2021;4;122;122;122;RU;EE;Monthly Value;Import;Harmonized;NaM;M
Physical Energy & Power Flows;2021;4;283;283;283;RU;EE;Value on 3rd Wed. at 03;Import;Harmonized;NaM;M
Physical Energy & Power Flows;2021;4;298;298;298;RU;EE;Value on 3rd Wed. at 11;Import;Harmonized;NaM;M
Physical Energy & Power Flows;2021;5;45;45;45;RU;EE;Monthly Value;Export;Harmonized;NaM;M
Physical Energy & Power Flows;2021;5;60;60;60;RU;EE;Monthly Value;Import;Harmonized;NaM;M
Physical Energy & Power Flows;2021;5;107;107;107;RU;EE;Value on 3rd Wed. at 03;Import;Harmonized;NaM;M
Physical Energy & Power Flows;2021;5;248;248;248;RU;EE;Value on 3rd Wed. at 11;Import;Harmonized;NaM;M
Physical Energy & Power Flows;2021;6;5;5;5;RU;EE;Monthly Value;Export;Harmonized;NaM;M
Physical Energy & Power Flows;2021;6;147;147;147;RU;EE;Monthly Value;Import;Harmonized;NaM;M
Physical Energy & Power Flows;2021;6;179;179;179;RU;EE;Value on 3rd Wed. at 03;Import;Harmonized;NaM;M
Physical Energy & Power Flows;2021;6;106;106;106;RU;EE;Value on 3rd Wed. at 11;Import;Harmonized;NaM;M
Physical Energy & Power Flows;2021;7;10;10;10;RU;EE;Monthly Value;Export;Harmonized;NaM;M
Physical Energy & Power Flows;2021;7;115;115;115;RU;EE;Monthly Value;Import;Harmonized;NaM;M
Physical Energy & Power Flows;2021;7;32;32;32;RU;EE;Value on 3rd Wed. at 03;Import;Harmonized;NaM;M
Physical Energy & Power Flows;2021;7;110;110;110;RU;EE;Value on 3rd Wed. at 11;Import;Harmonized;NaM;M
Physical Energy & Power Flows;2021;8;14;14;14;RU;EE;Monthly Value;Export;Harmonized;NaM;M
Physical Energy & Power Flows;2021;8;72;72;72;RU;EE;Monthly Value;Import;Harmonized;NaM;M
Physical Energy & Power Flows;2021;8;162;162;162;RU;EE;Value on 3rd Wed. at 03;Import;Harmonized;NaM;M
Physical Energy & Power Flows;2021;8;88;88;88;RU;EE;Value on 3rd Wed. at 11;Import;Harmonized;NaM;M
Physical Energy & Power Flows;2021;9;3;3;3;RU;EE;Monthly Value;Export;Harmonized;NaM;M
Physical Energy & Power Flows;2021;9;117;117;117;RU;EE;Monthly Value;Import;Harmonized;NaM;M
Physical Energy & Power Flows;2021;9;128;128;128;RU;EE;Value on 3rd Wed. at 03;Import;Harmonized;NaM;M
Physical Energy & Power Flows;2021;9;122;122;122;RU;EE;Value on 3rd Wed. at 11;Import;Harmonized;NaM;M
Physical Energy & Power Flows;2021;10;1;1;1;RU;EE;Monthly Value;Export;Harmonized;NaM;M
Physical Energy & Power Flows;2021;10;229;229;229;RU;EE;Monthly Value;Import;Harmonized;NaM;M
Physical Energy & Power Flows;2021;10;492;492;492;RU;EE;Value on 3rd Wed. at 03;Import;Harmonized;NaM;M
Physical Energy & Power Flows;2021;10;228;228;228;RU;EE;Value on 3rd Wed. at 11;Import;Harmonized;NaM;M
Physical Energy & Power Flows;2021;11;0;0;0;RU;EE;Monthly Value;Export;Harmonized;NaM;M
Physical Energy & Power Flows;2021;11;340;340;340;RU;EE;Monthly Value;Import;Harmonized;NaM;M
Physical Energy & Power Flows;2021;11;600;600;600;RU;EE;Value on 3rd Wed. at 03;Import;Harmonized;NaM;M
Physical Energy & Power Flows;2021;11;481;481;481;RU;EE;Value on 3rd Wed. at 11;Import;Harmonized;NaM;M
Physical Energy & Power Flows;2021;12;2;2;2;RU;EE;Monthly Value;Export;Harmonized;NaM;M
Physical Energy & Power Flows;2021;12;288;288;288;RU;EE;Monthly Value;Import;Harmonized;NaM;M
Physical Energy & Power Flows;2021;12;654;654;654;RU;EE;Value on 3rd Wed. at 03;Import;Harmonized;NaM;M
Physical Energy & Power Flows;2021;12;582;582;582;RU;EE;Value on 3rd Wed. at 11;Import;Harmonized;NaM;M
Physical Energy & Power Flows;2021;1;926;926;926;RU;FI;Monthly Value;Export;Harmonized;NaM;M
Physical Energy & Power Flows;2021;1;1469;1469;1469;RU;FI;Value on 3rd Wed. at 03;Export;Harmonized;NaM;M
Physical Energy & Power Flows;2021;1;673;673;673;RU;FI;Value on 3rd Wed. at 11;Export;Harmonized;NaM;M
Physical Energy & Power Flows;2021;2;792;792;792;RU;FI;Monthly Value;Export;Harmonized;NaM;M
Physical Energy & Power Flows;2021;2;1472;1472;1472;RU;FI;Value on 3rd Wed. at 03;Export;Harmonized;NaM;M
Physical Energy & Power Flows;2021;2;1192;1192;1192;RU;FI;Value on 3rd Wed. at 11;Export;Harmonized;NaM;M
Physical Energy & Power Flows;2021;3;665;665;665;RU;FI;Monthly Value;Export;Harmonized;NaM;M
Physical Energy & Power Flows;2021;3;1355;1355;1355;RU;FI;Value on 3rd Wed. at 03;Export;Harmonized;NaM;M
Physical Energy & Power Flows;2021;3;972;972;972;RU;FI;Value on 3rd Wed. at 11;Export;Harmonized;NaM;M
Physical Energy & Power Flows;2021;4;471;471;471;RU;FI;Monthly Value;Export;Harmonized;NaM;M
Physical Energy & Power Flows;2021;4;757;757;757;RU;FI;Value on 3rd Wed. at 03;Export;Harmonized;NaM;M
Physical Energy & Power Flows;2021;4;287;287;287;RU;FI;Value on 3rd Wed. at 11;Export;Harmonized;NaM;M
Physical Energy & Power Flows;2021;5;783;783;783;RU;FI;Monthly Value;Export;Harmonized;NaM;M
Physical Energy & Power Flows;2021;5;1399;1399;1399;RU;FI;Value on 3rd Wed. at 03;Export;Harmonized;NaM;M
Physical Energy & Power Flows;2021;5;512;512;512;RU;FI;Value on 3rd Wed. at 11;Export;Harmonized;NaM;M
Physical Energy & Power Flows;2021;6;758;758;758;RU;FI;Monthly Value;Export;Harmonized;NaM;M
Physical Energy & Power Flows;2021;6;1160;1160;1160;RU;FI;Value on 3rd Wed. at 03;Export;Harmonized;NaM;M
Physical Energy & Power Flows;2021;6;1172;1172;1172;RU;FI;Value on 3rd Wed. at 11;Export;Harmonized;NaM;M
Physical Energy & Power Flows;2021;7;407;407;407;RU;FI;Monthly Value;Export;Harmonized;NaM;M
Physical Energy & Power Flows;2021;7;584;584;584;RU;FI;Value on 3rd Wed. at 03;Export;Harmonized;NaM;M
Physical Energy & Power Flows;2021;7;562;562;562;RU;FI;Value on 3rd Wed. at 11;Export;Harmonized;NaM;M
Physical Energy & Power Flows;2021;8;924;924;924;RU;FI;Monthly Value;Export;Harmonized;NaM;M
Physical Energy & Power Flows;2021;8;979;979;979;RU;FI;Value on 3rd Wed. at 03;Export;Harmonized;NaM;M
Physical Energy & Power Flows;2021;8;581;581;581;RU;FI;Value on 3rd Wed. at 11;Export;Harmonized;NaM;M
Physical Energy & Power Flows;2021;9;956;956;956;RU;FI;Monthly Value;Export;Harmonized;NaM;M
Physical Energy & Power Flows;2021;9;1239;1239;1239;RU;FI;Value on 3rd Wed. at 03;Export;Harmonized;NaM;M
Physical Energy & Power Flows;2021;9;1215;1215;1215;RU;FI;Value on 3rd Wed. at 11;Export;Harmonized;NaM;M
Physical Energy & Power Flows;2021;10;784;784;784;RU;FI;Monthly Value;Export;Harmonized;NaM;M
Physical Energy & Power Flows;2021;10;495;495;495;RU;FI;Value on 3rd Wed. at 03;Export;Harmonized;NaM;M
Physical Energy & Power Flows;2021;10;553;553;553;RU;FI;Value on 3rd Wed. at 11;Export;Harmonized;NaM;M
Physical Energy & Power Flows;2021;11;705;705;705;RU;FI;Monthly Value;Export;Harmonized;NaM;M
Physical Energy & Power Flows;2021;11;353;353;353;RU;FI;Value on 3rd Wed. at 03;Export;Harmonized;NaM;M
Physical Energy & Power Flows;2021;11;960;960;960;RU;FI;Value on 3rd Wed. at 11;Export;Harmonized;NaM;M
Physical Energy & Power Flows;2021;12;1016;1016;1016;RU;FI;Monthly Value;Export;Harmonized;NaM;M
Physical Energy & Power Flows;2021;12;1297;1297;1297;RU;FI;Value on 3rd Wed. at 03;Export;Harmonized;NaM;M
Physical Energy & Power Flows;2021;12;1367;1367;1367;RU;FI;Value on 3rd Wed. at 11;Export;Harmonized;NaM;M
Physical Energy & Power Flows;2021;12;94;94;94;RU;GE;Monthly Value;Export;Harmonized;NaM;NaM
Physical Energy & Power Flows;2021;1;206;206;206;RU;LT;Monthly Value;Export;Harmonized;NaM;M
Physical Energy & Power Flows;2021;1;340;340;340;RU;LT;Value on 3rd Wed. at 03;Export;Harmonized;NaM;M
Physical Energy & Power Flows;2021;1;125;125;125;RU;LT;Value on 3rd Wed. at 11;Export;Harmonized;NaM;M
Physical Energy & Power Flows;2021;2;176;176;176;RU;LT;Monthly Value;Export;Harmonized;NaM;M
Physical Energy & Power Flows;2021;2;361;361;361;RU;LT;Value on 3rd Wed. at 03;Export;Harmonized;NaM;M
Physical Energy & Power Flows;2021;2;176;176;176;RU;LT;Value on 3rd Wed. at 11;Export;Harmonized;NaM;M
Physical Energy & Power Flows;2021;3;221;221;221;RU;LT;Monthly Value;Export;Harmonized;NaM;M
Physical Energy & Power Flows;2021;3;417;417;417;RU;LT;Value on 3rd Wed. at 03;Export;Harmonized;NaM;M
Physical Energy & Power Flows;2021;3;238;238;238;RU;LT;Value on 3rd Wed. at 11;Export;Harmonized;NaM;M
Physical Energy & Power Flows;2021;4;105;105;105;RU;LT;Monthly Value;Export;Harmonized;NaM;M
Physical Energy & Power Flows;2021;4;0;0;0;RU;LT;Monthly Value;Import;Harmonized;NaM;M
Physical Energy & Power Flows;2021;4;266;266;266;RU;LT;Value on 3rd Wed. at 03;Export;Harmonized;NaM;M
Physical Energy & Power Flows;2021;4;103;103;103;RU;LT;Value on 3rd Wed. at 11;Export;Harmonized;NaM;M
Physical Energy & Power Flows;2021;5;134;134;134;RU;LT;Monthly Value;Export;Harmonized;NaM;M
Physical Energy & Power Flows;2021;5;0;0;0;RU;LT;Monthly Value;Import;Harmonized;NaM;M
Physical Energy & Power Flows;2021;5;289;289;289;RU;LT;Value on 3rd Wed. at 03;Export;Harmonized;NaM;M
Physical Energy & Power Flows;2021;5;101;101;101;RU;LT;Value on 3rd Wed. at 11;Export;Harmonized;NaM;M
Physical Energy & Power Flows;2021;6;136;136;136;RU;LT;Monthly Value;Export;Harmonized;NaM;M
Physical Energy & Power Flows;2021;6;0;0;0;RU;LT;Monthly Value;Import;Harmonized;NaM;M
Physical Energy & Power Flows;2021;6;348;348;348;RU;LT;Value on 3rd Wed. at 03;Export;Harmonized;NaM;M
Physical Energy & Power Flows;2021;6;150;150;150;RU;LT;Value on 3rd Wed. at 11;Export;Harmonized;NaM;M
Physical Energy & Power Flows;2021;7;99;99;99;RU;LT;Monthly Value;Export;Harmonized;NaM;M
Physical Energy & Power Flows;2021;7;1;1;1;RU;LT;Monthly Value;Import;Harmonized;NaM;M
Physical Energy & Power Flows;2021;7;175;175;175;RU;LT;Value on 3rd Wed. at 03;Export;Harmonized;NaM;M
Physical Energy & Power Flows;2021;7;21;21;21;RU;LT;Value on 3rd Wed. at 11;Import;Harmonized;NaM;M
Physical Energy & Power Flows;2021;8;94;94;94;RU;LT;Monthly Value;Export;Harmonized;NaM;M
Physical Energy & Power Flows;2021;8;132;132;132;RU;LT;Value on 3rd Wed. at 03;Export;Harmonized;NaM;M
Physical Energy & Power Flows;2021;8;117;117;117;RU;LT;Value on 3rd Wed. at 11;Export;Harmonized;NaM;M
Physical Energy & Power Flows;2021;9;41;41;41;RU;LT;Monthly Value;Export;Harmonized;NaM;M
Physical Energy & Power Flows;2021;9;1;1;1;RU;LT;Monthly Value;Import;Harmonized;NaM;M
Physical Energy & Power Flows;2021;9;131;131;131;RU;LT;Value on 3rd Wed. at 03;Export;Harmonized;NaM;M
Physical Energy & Power Flows;2021;9;23;23;23;RU;LT;Value on 3rd Wed. at 11;Export;Harmonized;NaM;M
Physical Energy & Power Flows;2021;10;166;166;166;RU;LT;Monthly Value;Export;Harmonized;NaM;M
Physical Energy & Power Flows;2021;10;242;242;242;RU;LT;Value on 3rd Wed. at 03;Export;Harmonized;NaM;M
Physical Energy & Power Flows;2021;10;185;185;185;RU;LT;Value on 3rd Wed. at 11;Export;Harmonized;NaM;M
Physical Energy & Power Flows;2021;11;349;349;349;RU;LT;Monthly Value;Export;Harmonized;NaM;M
Physical Energy & Power Flows;2021;11;608;608;608;RU;LT;Value on 3rd Wed. at 03;Export;Harmonized;NaM;M
Physical Energy & Power Flows;2021;11;554;554;554;RU;LT;Value on 3rd Wed. at 11;Export;Harmonized;NaM;M
Physical Energy & Power Flows;2021;12;174;174;174;RU;LT;Monthly Value;Export;Harmonized;NaM;M
Physical Energy & Power Flows;2021;12;224;224;224;RU;LT;Value on 3rd Wed. at 03;Export;Harmonized;NaM;M
Physical Energy & Power Flows;2021;12;173;173;173;RU;LT;Value on 3rd Wed. at 11;Export;Harmonized;NaM;M
Physical Energy & Power Flows;2021;1;54;54;54;RU;LV;Monthly Value;Export;Harmonized;NaM;M
Physical Energy & Power Flows;2021;1;8;8;8;RU;LV;Monthly Value;Import;Harmonized;NaM;M
Physical Energy & Power Flows;2021;1;202;202;202;RU;LV;Value on 3rd Wed. at 03;Export;Harmonized;NaM;M
Physical Energy & Power Flows;2021;1;68;68;68;RU;LV;Value on 3rd Wed. at 11;Export;Harmonized;NaM;M
Physical Energy & Power Flows;2021;2;61;61;61;RU;LV;Monthly Value;Export;Harmonized;NaM;M
Physical Energy & Power Flows;2021;2;6;6;6;RU;LV;Monthly Value;Import;Harmonized;NaM;M
Physical Energy & Power Flows;2021;2;132;132;132;RU;LV;Value on 3rd Wed. at 03;Export;Harmonized;NaM;M
Physical Energy & Power Flows;2021;2;9;9;9;RU;LV;Value on 3rd Wed. at 11;Import;Harmonized;NaM;M
Physical Energy & Power Flows;2021;3;74;74;74;RU;LV;Monthly Value;Export;Harmonized;NaM;M
Physical Energy & Power Flows;2021;3;2;2;2;RU;LV;Monthly Value;Import;Harmonized;NaM;M
Physical Energy & Power Flows;2021;3;86;86;86;RU;LV;Value on 3rd Wed. at 03;Export;Harmonized;NaM;M
Physical Energy & Power Flows;2021;3;54;54;54;RU;LV;Value on 3rd Wed. at 11;Import;Harmonized;NaM;M
Physical Energy & Power Flows;2021;4;58;58;58;RU;LV;Monthly Value;Export;Harmonized;NaM;M
Physical Energy & Power Flows;2021;4;4;4;4;RU;LV;Monthly Value;Import;Harmonized;NaM;M
Physical Energy & Power Flows;2021;4;125;125;125;RU;LV;Value on 3rd Wed. at 03;Export;Harmonized;NaM;M
Physical Energy & Power Flows;2021;4;102;102;102;RU;LV;Value on 3rd Wed. at 11;Export;Harmonized;NaM;M
Physical Energy & Power Flows;2021;5;44;44;44;RU;LV;Monthly Value;Export;Harmonized;NaM;M
Physical Energy & Power Flows;2021;5;5;5;5;RU;LV;Monthly Value;Import;Harmonized;NaM;M
Physical Energy & Power Flows;2021;5;161;161;161;RU;LV;Value on 3rd Wed. at 03;Export;Harmonized;NaM;M
Physical Energy & Power Flows;2021;5;90;90;90;RU;LV;Value on 3rd Wed. at 11;Export;Harmonized;NaM;M
Physical Energy & Power Flows;2021;6;48;48;48;RU;LV;Monthly Value;Export;Harmonized;NaM;M
Physical Energy & Power Flows;2021;6;0;0;0;RU;LV;Monthly Value;Import;Harmonized;NaM;M
Physical Energy & Power Flows;2021;6;162;162;162;RU;LV;Value on 3rd Wed. at 03;Export;Harmonized;NaM;M
Physical Energy & Power Flows;2021;6;5;5;5;RU;LV;Value on 3rd Wed. at 11;Export;Harmonized;NaM;M
Physical Energy & Power Flows;2021;7;70;70;70;RU;LV;Monthly Value;Export;Harmonized;NaM;M
Physical Energy & Power Flows;2021;7;1;1;1;RU;LV;Monthly Value;Import;Harmonized;NaM;M
Physical Energy & Power Flows;2021;7;82;82;82;RU;LV;Value on 3rd Wed. at 03;Export;Harmonized;NaM;M
Physical Energy & Power Flows;2021;7;80;80;80;RU;LV;Value on 3rd Wed. at 11;Export;Harmonized;NaM;M
Physical Energy & Power Flows;2021;8;88;88;88;RU;LV;Monthly Value;Export;Harmonized;NaM;M
Physical Energy & Power Flows;2021;8;0;0;0;RU;LV;Monthly Value;Import;Harmonized;NaM;M
Physical Energy & Power Flows;2021;8;202;202;202;RU;LV;Value on 3rd Wed. at 03;Export;Harmonized;NaM;M
Physical Energy & Power Flows;2021;8;91;91;91;RU;LV;Value on 3rd Wed. at 11;Export;Harmonized;NaM;M
Physical Energy & Power Flows;2021;9;88;88;88;RU;LV;Monthly Value;Export;Harmonized;NaM;M
Physical Energy & Power Flows;2021;9;0;0;0;RU;LV;Monthly Value;Import;Harmonized;NaM;M
Physical Energy & Power Flows;2021;9;0;0;0;RU;LV;Value on 3rd Wed. at 03;Import;Harmonized;NaM;M
Physical Energy & Power Flows;2021;9;0;0;0;RU;LV;Value on 3rd Wed. at 11;Import;Harmonized;NaM;M
Physical Energy & Power Flows;2021;10;75;75;75;RU;LV;Monthly Value;Export;Harmonized;NaM;M
Physical Energy & Power Flows;2021;10;1;1;1;RU;LV;Monthly Value;Import;Harmonized;NaM;M
Physical Energy & Power Flows;2021;10;161;161;161;RU;LV;Value on 3rd Wed. at 03;Export;Harmonized;NaM;M
Physical Energy & Power Flows;2021;10;60;60;60;RU;LV;Value on 3rd Wed. at 11;Export;Harmonized;NaM;M
Physical Energy & Power Flows;2021;11;36;36;36;RU;LV;Monthly Value;Export;Harmonized;NaM;M
Physical Energy & Power Flows;2021;11;9;9;9;RU;LV;Monthly Value;Import;Harmonized;NaM;M
Physical Energy & Power Flows;2021;11;94;94;94;RU;LV;Value on 3rd Wed. at 03;Export;Harmonized;NaM;M
Physical Energy & Power Flows;2021;11;187;187;187;RU;LV;Value on 3rd Wed. at 11;Export;Harmonized;NaM;M
Physical Energy & Power Flows;2021;12;22;22;22;RU;LV;Monthly Value;Export;Harmonized;NaM;M
Physical Energy & Power Flows;2021;12;18;18;18;RU;LV;Monthly Value;Import;Harmonized;NaM;M
Physical Energy & Power Flows;2021;12;122;122;122;RU;LV;Value on 3rd Wed. at 03;Export;Harmonized;NaM;M
Physical Energy & Power Flows;2021;12;31;31;31;RU;LV;Value on 3rd Wed. at 11;Export;Harmonized;NaM;M
Physical Energy & Power Flows;2021;1;138;138;138;RU;UA;Monthly Value;Export;Harmonized;NaM;NaM
Physical Energy & Power Flows;2021;1;3;3;3;RU;UA;Monthly Value;Import;Harmonized;NaM;NaM
Physical Energy & Power Flows;2021;1;159;159;159;RU;UA;Value on 3rd Wed. at 03;Export;Harmonized;NaM;NaM
Physical Energy & Power Flows;2021;1;300;300;300;RU;UA;Value on 3rd Wed. at 11;Export;Harmonized;NaM;NaM
Physical Energy & Power Flows;2021;2;254;254;254;RU;UA;Monthly Value;Export;Harmonized;NaM;NaM
Physical Energy & Power Flows;2021;2;1;1;1;RU;UA;Monthly Value;Import;Harmonized;NaM;NaM
Physical Energy & Power Flows;2021;2;318;318;318;RU;UA;Value on 3rd Wed. at 03;Export;Harmonized;NaM;NaM
Physical Energy & Power Flows;2021;2;971;971;971;RU;UA;Value on 3rd Wed. at 11;Export;Harmonized;NaM;NaM
Physical Energy & Power Flows;2021;3;151;151;151;RU;UA;Monthly Value;Export;Harmonized;NaM;NaM
Physical Energy & Power Flows;2021;3;5;5;5;RU;UA;Monthly Value;Import;Harmonized;NaM;NaM
Physical Energy & Power Flows;2021;3;472;472;472;RU;UA;Value on 3rd Wed. at 03;Export;Harmonized;NaM;NaM
Physical Energy & Power Flows;2021;3;219;219;219;RU;UA;Value on 3rd Wed. at 11;Export;Harmonized;NaM;NaM
Physical Energy & Power Flows;2021;4;228;228;228;RU;UA;Monthly Value;Export;Harmonized;NaM;NaM
Physical Energy & Power Flows;2021;4;3;3;3;RU;UA;Monthly Value;Import;Harmonized;NaM;NaM
Physical Energy & Power Flows;2021;4;394;394;394;RU;UA;Value on 3rd Wed. at 03;Export;Harmonized;NaM;NaM
Physical Energy & Power Flows;2021;4;306;306;306;RU;UA;Value on 3rd Wed. at 11;Export;Harmonized;NaM;NaM
Physical Energy & Power Flows;2021;5;330;330;330;RU;UA;Monthly Value;Export;Harmonized;NaM;NaM
Physical Energy & Power Flows;2021;5;0;0;0;RU;UA;Monthly Value;Import;Harmonized;NaM;NaM
Physical Energy & Power Flows;2021;5;540;540;540;RU;UA;Value on 3rd Wed. at 03;Export;Harmonized;NaM;NaM
Physical Energy & Power Flows;2021;5;443;443;443;RU;UA;Value on 3rd Wed. at 11;Export;Harmonized;NaM;NaM
Physical Energy & Power Flows;2021;6;191;191;191;RU;UA;Monthly Value;Export;Harmonized;NaM;NaM
Physical Energy & Power Flows;2021;6;1;1;1;RU;UA;Monthly Value;Import;Harmonized;NaM;NaM
Physical Energy & Power Flows;2021;6;194;194;194;RU;UA;Value on 3rd Wed. at 03;Export;Harmonized;NaM;NaM
Physical Energy & Power Flows;2021;6;90;90;90;RU;UA;Value on 3rd Wed. at 11;Export;Harmonized;NaM;NaM
Physical Energy & Power Flows;2021;7;61;61;61;RU;UA;Monthly Value;Export;Harmonized;NaM;NaM
Physical Energy & Power Flows;2021;7;53;53;53;RU;UA;Monthly Value;Import;Harmonized;NaM;NaM
Physical Energy & Power Flows;2021;7;20;20;20;RU;UA;Value on 3rd Wed. at 03;Import;Harmonized;NaM;NaM
Physical Energy & Power Flows;2021;7;256;256;256;RU;UA;Value on 3rd Wed. at 11;Import;Harmonized;NaM;NaM
Physical Energy & Power Flows;2021;8;100;100;100;RU;UA;Monthly Value;Export;Harmonized;NaM;NaM
Physical Energy & Power Flows;2021;8;24;24;24;RU;UA;Monthly Value;Import;Harmonized;NaM;NaM
Physical Energy & Power Flows;2021;8;29;29;29;RU;UA;Value on 3rd Wed. at 03;Export;Harmonized;NaM;NaM
Physical Energy & Power Flows;2021;8;154;154;154;RU;UA;Value on 3rd Wed. at 11;Import;Harmonized;NaM;NaM
Physical Energy & Power Flows;2021;9;224;224;224;RU;UA;Monthly Value;Export;Harmonized;NaM;NaM
Physical Energy & Power Flows;2021;9;1;1;1;RU;UA;Monthly Value;Import;Harmonized;NaM;NaM
Physical Energy & Power Flows;2021;9;208;208;208;RU;UA;Value on 3rd Wed. at 03;Export;Harmonized;NaM;NaM
Physical Energy & Power Flows;2021;9;230;230;230;RU;UA;Value on 3rd Wed. at 11;Export;Harmonized;NaM;NaM
Physical Energy & Power Flows;2021;10;160;160;160;RU;UA;Monthly Value;Export;Harmonized;NaM;NaM
Physical Energy & Power Flows;2021;10;3;3;3;RU;UA;Monthly Value;Import;Harmonized;NaM;NaM
Physical Energy & Power Flows;2021;10;216;216;216;RU;UA;Value on 3rd Wed. at 03;Export;Harmonized;NaM;NaM
Physical Energy & Power Flows;2021;10;192;192;192;RU;UA;Value on 3rd Wed. at 11;Export;Harmonized;NaM;NaM
Physical Energy & Power Flows;2021;11;235;235;235;RU;UA;Monthly Value;Export;Harmonized;NaM;NaM
Physical Energy & Power Flows;2021;11;1;1;1;RU;UA;Monthly Value;Import;Harmonized;NaM;NaM
Physical Energy & Power Flows;2021;11;523;523;523;RU;UA;Value on 3rd Wed. at 03;Export;Harmonized;NaM;NaM
Physical Energy & Power Flows;2021;11;269;269;269;RU;UA;Value on 3rd Wed. at 11;Export;Harmonized;NaM;NaM
Physical Energy & Power Flows;2021;12;299;299;299;RU;UA;Monthly Value;Export;Harmonized;NaM;NaM
Physical Energy & Power Flows;2021;12;0;0;0;RU;UA;Monthly Value;Import;Harmonized;NaM;NaM
Physical Energy & Power Flows;2021;12;353;353;353;RU;UA;Value on 3rd Wed. at 03;Export;Harmonized;NaM;NaM
Physical Energy & Power Flows;2021;12;180;180;180;RU;UA;Value on 3rd Wed. at 11;Export;Harmonized;NaM;NaM
Physical Energy & Power Flows;2021;1;201;201;201;SE;DE;Monthly Value;Export;Harmonized;M;M
Physical Energy & Power Flows;2021;1;30;30;30;SE;DE;Monthly Value;Import;Harmonized;M;M
Physical Energy & Power Flows;2021;1;276;276;276;SE;DE;Value on 3rd Wed. at 03;Import;Harmonized;M;M
Physical Energy & Power Flows;2021;1;102;102;102;SE;DE;Value on 3rd Wed. at 11;Export;Harmonized;M;M
Physical Energy & Power Flows;2021;2;77;77;77;SE;DE;Monthly Value;Export;Harmonized;M;M
Physical Energy & Power Flows;2021;2;96;96;96;SE;DE;Monthly Value;Import;Harmonized;M;M
Physical Energy & Power Flows;2021;2;253;253;253;SE;DE;Value on 3rd Wed. at 03;Import;Harmonized;M;M
Physical Energy & Power Flows;2021;2;104;104;104;SE;DE;Value on 3rd Wed. at 11;Import;Harmonized;M;M
Physical Energy & Power Flows;2021;3;168;168;168;SE;DE;Monthly Value;Export;Harmonized;M;M
Physical Energy & Power Flows;2021;3;32;32;32;SE;DE;Monthly Value;Import;Harmonized;M;M
Physical Energy & Power Flows;2021;3;148;148;148;SE;DE;Value on 3rd Wed. at 03;Export;Harmonized;M;M
Physical Energy & Power Flows;2021;3;2;2;2;SE;DE;Value on 3rd Wed. at 11;Import;Harmonized;M;M
Physical Energy & Power Flows;2021;4;324;324;324;SE;DE;Monthly Value;Export;Harmonized;M;M
Physical Energy & Power Flows;2021;4;9;9;9;SE;DE;Monthly Value;Import;Harmonized;M;M
Physical Energy & Power Flows;2021;4;382;382;382;SE;DE;Value on 3rd Wed. at 03;Export;Harmonized;M;M
Physical Energy & Power Flows;2021;4;2;2;2;SE;DE;Value on 3rd Wed. at 11;Import;Harmonized;M;M
Physical Energy & Power Flows;2021;5;198;198;198;SE;DE;Monthly Value;Export;Harmonized;M;M
Physical Energy & Power Flows;2021;5;38;38;38;SE;DE;Monthly Value;Import;Harmonized;M;M
Physical Energy & Power Flows;2021;5;607;607;607;SE;DE;Value on 3rd Wed. at 03;Export;Harmonized;M;M
Physical Energy & Power Flows;2021;5;272;272;272;SE;DE;Value on 3rd Wed. at 11;Export;Harmonized;M;M
Physical Energy & Power Flows;2021;6;68;68;68;SE;DE;Monthly Value;Export;Harmonized;M;M
Physical Energy & Power Flows;2021;6;14;14;14;SE;DE;Monthly Value;Import;Harmonized;M;M
Physical Energy & Power Flows;2021;6;2;2;2;SE;DE;Value on 3rd Wed. at 03;Import;Harmonized;M;M
Physical Energy & Power Flows;2021;6;144;144;144;SE;DE;Value on 3rd Wed. at 11;Import;Harmonized;M;M
Physical Energy & Power Flows;2021;7;147;147;147;SE;DE;Monthly Value;Export;Harmonized;M;M
Physical Energy & Power Flows;2021;7;7;7;7;SE;DE;Monthly Value;Import;Harmonized;M;M
Physical Energy & Power Flows;2021;7;294;294;294;SE;DE;Value on 3rd Wed. at 03;Export;Harmonized;M;M
Physical Energy & Power Flows;2021;7;293;293;293;SE;DE;Value on 3rd Wed. at 11;Export;Harmonized;M;M
Physical Energy & Power Flows;2021;8;43;43;43;SE;DE;Monthly Value;Export;Harmonized;M;M
Physical Energy & Power Flows;2021;8;19;19;19;SE;DE;Monthly Value;Import;Harmonized;M;M
Physical Energy & Power Flows;2021;8;606;606;606;SE;DE;Value on 3rd Wed. at 03;Export;Harmonized;M;M
Physical Energy & Power Flows;2021;8;111;111;111;SE;DE;Value on 3rd Wed. at 11;Export;Harmonized;M;M
Physical Energy & Power Flows;2021;9;134;134;134;SE;DE;Monthly Value;Export;Harmonized;M;M
Physical Energy & Power Flows;2021;9;5;5;5;SE;DE;Monthly Value;Import;Harmonized;M;M
Physical Energy & Power Flows;2021;9;337;337;337;SE;DE;Value on 3rd Wed. at 03;Export;Harmonized;M;M
Physical Energy & Power Flows;2021;9;2;2;2;SE;DE;Value on 3rd Wed. at 11;Import;Harmonized;M;M
Physical Energy & Power Flows;2021;10;303;303;303;SE;DE;Monthly Value;Export;Harmonized;M;M
Physical Energy & Power Flows;2021;10;1;1;1;SE;DE;Monthly Value;Import;Harmonized;M;M
Physical Energy & Power Flows;2021;10;251;251;251;SE;DE;Value on 3rd Wed. at 03;Import;Harmonized;M;M
Physical Energy & Power Flows;2021;10;233;233;233;SE;DE;Value on 3rd Wed. at 11;Export;Harmonized;M;M
Physical Energy & Power Flows;2021;11;343;343;343;SE;DE;Monthly Value;Export;Harmonized;M;M
Physical Energy & Power Flows;2021;11;4;4;4;SE;DE;Monthly Value;Import;Harmonized;M;M
Physical Energy & Power Flows;2021;11;604;604;604;SE;DE;Value on 3rd Wed. at 03;Export;Harmonized;M;M
Physical Energy & Power Flows;2021;11;604;604;604;SE;DE;Value on 3rd Wed. at 11;Export;Harmonized;M;M
Physical Energy & Power Flows;2021;12;216;216;216;SE;DE;Monthly Value;Export;Harmonized;M;M
Physical Energy & Power Flows;2021;12;24;24;24;SE;DE;Monthly Value;Import;Harmonized;M;M
Physical Energy & Power Flows;2021;12;604;604;604;SE;DE;Value on 3rd Wed. at 03;Export;Harmonized;M;M
Physical Energy & Power Flows;2021;12;603;603;603;SE;DE;Value on 3rd Wed. at 11;Export;Harmonized;M;M
Physical Energy & Power Flows;2021;1;416;416;416;SE;DK;Monthly Value;Export;Harmonized;M;M
Physical Energy & Power Flows;2021;1;240;240;240;SE;DK;Monthly Value;Import;Harmonized;M;M
Physical Energy & Power Flows;2021;1;1746;1746;1746;SE;DK;Value on 3rd Wed. at 03;Import;Harmonized;M;M
Physical Energy & Power Flows;2021;1;526;526;526;SE;DK;Value on 3rd Wed. at 11;Import;Harmonized;M;M
Physical Energy & Power Flows;2021;2;210;210;210;SE;DK;Monthly Value;Export;Harmonized;M;M
Physical Energy & Power Flows;2021;2;486;486;486;SE;DK;Monthly Value;Import;Harmonized;M;M
Physical Energy & Power Flows;2021;2;1242;1242;1242;SE;DK;Value on 3rd Wed. at 03;Import;Harmonized;M;M
Physical Energy & Power Flows;2021;2;980;980;980;SE;DK;Value on 3rd Wed. at 11;Import;Harmonized;M;M
Physical Energy & Power Flows;2021;3;521;521;521;SE;DK;Monthly Value;Export;Harmonized;M;M
Physical Energy & Power Flows;2021;3;116;116;116;SE;DK;Monthly Value;Import;Harmonized;M;M
Physical Energy & Power Flows;2021;3;867;867;867;SE;DK;Value on 3rd Wed. at 03;Export;Harmonized;M;M
Physical Energy & Power Flows;2021;3;1003;1003;1003;SE;DK;Value on 3rd Wed. at 11;Export;Harmonized;M;M
Physical Energy & Power Flows;2021;4;594;594;594;SE;DK;Monthly Value;Export;Harmonized;M;M
Physical Energy & Power Flows;2021;4;97;97;97;SE;DK;Monthly Value;Import;Harmonized;M;M
Physical Energy & Power Flows;2021;4;786;786;786;SE;DK;Value on 3rd Wed. at 03;Export;Harmonized;M;M
Physical Energy & Power Flows;2021;4;185;185;185;SE;DK;Value on 3rd Wed. at 11;Export;Harmonized;M;M
Physical Energy & Power Flows;2021;5;660;660;660;SE;DK;Monthly Value;Export;Harmonized;M;M
Physical Energy & Power Flows;2021;5;185;185;185;SE;DK;Monthly Value;Import;Harmonized;M;M
Physical Energy & Power Flows;2021;5;1717;1717;1717;SE;DK;Value on 3rd Wed. at 03;Export;Harmonized;M;M
Physical Energy & Power Flows;2021;5;1268;1268;1268;SE;DK;Value on 3rd Wed. at 11;Export;Harmonized;M;M
Physical Energy & Power Flows;2021;6;459;459;459;SE;DK;Monthly Value;Export;Harmonized;M;M
Physical Energy & Power Flows;2021;6;46;46;46;SE;DK;Monthly Value;Import;Harmonized;M;M
Physical Energy & Power Flows;2021;6;1108;1108;1108;SE;DK;Value on 3rd Wed. at 03;Export;Harmonized;M;M
Physical Energy & Power Flows;2021;6;181;181;181;SE;DK;Value on 3rd Wed. at 11;Export;Harmonized;M;M
Physical Energy & Power Flows;2021;7;637;637;637;SE;DK;Monthly Value;Export;Harmonized;M;M
Physical Energy & Power Flows;2021;7;42;42;42;SE;DK;Monthly Value;Import;Harmonized;M;M
Physical Energy & Power Flows;2021;7;1046;1046;1046;SE;DK;Value on 3rd Wed. at 03;Export;Harmonized;M;M
Physical Energy & Power Flows;2021;7;1271;1271;1271;SE;DK;Value on 3rd Wed. at 11;Export;Harmonized;M;M
Physical Energy & Power Flows;2021;8;326;326;326;SE;DK;Monthly Value;Export;Harmonized;M;M
Physical Energy & Power Flows;2021;8;219;219;219;SE;DK;Monthly Value;Import;Harmonized;M;M
Physical Energy & Power Flows;2021;8;76;76;76;SE;DK;Value on 3rd Wed. at 03;Export;Harmonized;M;M
Physical Energy & Power Flows;2021;8;710;710;710;SE;DK;Value on 3rd Wed. at 11;Import;Harmonized;M;M
Physical Energy & Power Flows;2021;9;653;653;653;SE;DK;Monthly Value;Export;Harmonized;M;M
Physical Energy & Power Flows;2021;9;15;15;15;SE;DK;Monthly Value;Import;Harmonized;M;M
Physical Energy & Power Flows;2021;9;1222;1222;1222;SE;DK;Value on 3rd Wed. at 03;Export;Harmonized;M;M
Physical Energy & Power Flows;2021;9;437;437;437;SE;DK;Value on 3rd Wed. at 11;Export;Harmonized;M;M
Physical Energy & Power Flows;2021;10;783;783;783;SE;DK;Monthly Value;Export;Harmonized;M;M
Physical Energy & Power Flows;2021;10;17;17;17;SE;DK;Monthly Value;Import;Harmonized;M;M
Physical Energy & Power Flows;2021;10;191;191;191;SE;DK;Value on 3rd Wed. at 03;Export;Harmonized;M;M
Physical Energy & Power Flows;2021;10;992;992;992;SE;DK;Value on 3rd Wed. at 11;Export;Harmonized;M;M
Physical Energy & Power Flows;2021;11;727;727;727;SE;DK;Monthly Value;Export;Harmonized;M;M
Physical Energy & Power Flows;2021;11;65;65;65;SE;DK;Monthly Value;Import;Harmonized;M;M
Physical Energy & Power Flows;2021;11;1169;1169;1169;SE;DK;Value on 3rd Wed. at 03;Export;Harmonized;M;M
Physical Energy & Power Flows;2021;11;122;122;122;SE;DK;Value on 3rd Wed. at 11;Import;Harmonized;M;M
Physical Energy & Power Flows;2021;12;593;593;593;SE;DK;Monthly Value;Export;Harmonized;M;M
Physical Energy & Power Flows;2021;12;272;272;272;SE;DK;Monthly Value;Import;Harmonized;M;M
Physical Energy & Power Flows;2021;12;1378;1378;1378;SE;DK;Value on 3rd Wed. at 03;Export;Harmonized;M;M
Physical Energy & Power Flows;2021;12;1560;1560;1560;SE;DK;Value on 3rd Wed. at 11;Export;Harmonized;M;M
Physical Energy & Power Flows;2021;1;1205;1205;1205;SE;FI;Monthly Value;Export;Harmonized;M;M
Physical Energy & Power Flows;2021;1;1;1;1;SE;FI;Monthly Value;Import;Harmonized;M;M
Physical Energy & Power Flows;2021;1;1646;1646;1646;SE;FI;Value on 3rd Wed. at 03;Export;Harmonized;M;M
Physical Energy & Power Flows;2021;1;2272;2272;2272;SE;FI;Value on 3rd Wed. at 11;Export;Harmonized;M;M
Physical Energy & Power Flows;2021;2;1239;1239;1239;SE;FI;Monthly Value;Export;Harmonized;M;M
Physical Energy & Power Flows;2021;2;0;0;0;SE;FI;Monthly Value;Import;Harmonized;M;M
Physical Energy & Power Flows;2021;2;2585;2585;2585;SE;FI;Value on 3rd Wed. at 03;Export;Harmonized;M;M
Physical Energy & Power Flows;2021;2;2471;2471;2471;SE;FI;Value on 3rd Wed. at 11;Export;Harmonized;M;M
Physical Energy & Power Flows;2021;3;1202;1202;1202;SE;FI;Monthly Value;Export;Harmonized;M;M
Physical Energy & Power Flows;2021;3;3;3;3;SE;FI;Monthly Value;Import;Harmonized;M;M
Physical Energy & Power Flows;2021;3;1299;1299;1299;SE;FI;Value on 3rd Wed. at 03;Export;Harmonized;M;M
Physical Energy & Power Flows;2021;3;2342;2342;2342;SE;FI;Value on 3rd Wed. at 11;Export;Harmonized;M;M
Physical Energy & Power Flows;2021;4;1259;1259;1259;SE;FI;Monthly Value;Export;Harmonized;M;M
Physical Energy & Power Flows;2021;4;889;889;889;SE;FI;Value on 3rd Wed. at 03;Export;Harmonized;M;M
Physical Energy & Power Flows;2021;4;2203;2203;2203;SE;FI;Value on 3rd Wed. at 11;Export;Harmonized;M;M
Physical Energy & Power Flows;2021;5;1095;1095;1095;SE;FI;Monthly Value;Export;Harmonized;M;M
Physical Energy & Power Flows;2021;5;6;6;6;SE;FI;Monthly Value;Import;Harmonized;M;M
Physical Energy & Power Flows;2021;5;696;696;696;SE;FI;Value on 3rd Wed. at 03;Export;Harmonized;M;M
Physical Energy & Power Flows;2021;5;2323;2323;2323;SE;FI;Value on 3rd Wed. at 11;Export;Harmonized;M;M
Physical Energy & Power Flows;2021;6;1226;1226;1226;SE;FI;Monthly Value;Export;Harmonized;M;M
Physical Energy & Power Flows;2021;6;1595;1595;1595;SE;FI;Value on 3rd Wed. at 03;Export;Harmonized;M;M
Physical Energy & Power Flows;2021;6;1369;1369;1369;SE;FI;Value on 3rd Wed. at 11;Export;Harmonized;M;M
Physical Energy & Power Flows;2021;7;1583;1583;1583;SE;FI;Monthly Value;Export;Harmonized;M;M
Physical Energy & Power Flows;2021;7;1474;1474;1474;SE;FI;Value on 3rd Wed. at 03;Export;Harmonized;M;M
Physical Energy & Power Flows;2021;7;1683;1683;1683;SE;FI;Value on 3rd Wed. at 11;Export;Harmonized;M;M
Physical Energy & Power Flows;2021;8;1273;1273;1273;SE;FI;Monthly Value;Export;Harmonized;M;M
Physical Energy & Power Flows;2021;8;1;1;1;SE;FI;Monthly Value;Import;Harmonized;M;M
Physical Energy & Power Flows;2021;8;1080;1080;1080;SE;FI;Value on 3rd Wed. at 03;Export;Harmonized;M;M
Physical Energy & Power Flows;2021;8;2256;2256;2256;SE;FI;Value on 3rd Wed. at 11;Export;Harmonized;M;M
Physical Energy & Power Flows;2021;9;1202;1202;1202;SE;FI;Monthly Value;Export;Harmonized;M;M
Physical Energy & Power Flows;2021;9;1799;1799;1799;SE;FI;Value on 3rd Wed. at 03;Export;Harmonized;M;M
Physical Energy & Power Flows;2021;9;1403;1403;1403;SE;FI;Value on 3rd Wed. at 11;Export;Harmonized;M;M
Physical Energy & Power Flows;2021;10;866;866;866;SE;FI;Monthly Value;Export;Harmonized;M;M
Physical Energy & Power Flows;2021;10;2;2;2;SE;FI;Monthly Value;Import;Harmonized;M;M
Physical Energy & Power Flows;2021;10;1075;1075;1075;SE;FI;Value on 3rd Wed. at 03;Export;Harmonized;M;M
Physical Energy & Power Flows;2021;10;1679;1679;1679;SE;FI;Value on 3rd Wed. at 11;Export;Harmonized;M;M
Physical Energy & Power Flows;2021;11;1263;1263;1263;SE;FI;Monthly Value;Export;Harmonized;M;M
Physical Energy & Power Flows;2021;11;1954;1954;1954;SE;FI;Value on 3rd Wed. at 03;Export;Harmonized;M;M
Physical Energy & Power Flows;2021;11;1194;1194;1194;SE;FI;Value on 3rd Wed. at 11;Export;Harmonized;M;M
Physical Energy & Power Flows;2021;12;1325;1325;1325;SE;FI;Monthly Value;Export;Harmonized;M;M
Physical Energy & Power Flows;2021;12;2213;2213;2213;SE;FI;Value on 3rd Wed. at 03;Export;Harmonized;M;M
Physical Energy & Power Flows;2021;12;1551;1551;1551;SE;FI;Value on 3rd Wed. at 11;Export;Harmonized;M;M
Physical Energy & Power Flows;2021;1;317;317;317;SE;LT;Monthly Value;Export;Harmonized;M;M
Physical Energy & Power Flows;2021;1;19;19;19;SE;LT;Monthly Value;Import;Harmonized;M;M
Physical Energy & Power Flows;2021;1;732;732;732;SE;LT;Value on 3rd Wed. at 03;Export;Harmonized;M;M
Physical Energy & Power Flows;2021;1;732;732;732;SE;LT;Value on 3rd Wed. at 11;Export;Harmonized;M;M
Physical Energy & Power Flows;2021;2;340;340;340;SE;LT;Monthly Value;Export;Harmonized;M;M
Physical Energy & Power Flows;2021;2;12;12;12;SE;LT;Monthly Value;Import;Harmonized;M;M
Physical Energy & Power Flows;2021;2;667;667;667;SE;LT;Value on 3rd Wed. at 03;Export;Harmonized;M;M
Physical Energy & Power Flows;2021;2;703;703;703;SE;LT;Value on 3rd Wed. at 11;Export;Harmonized;M;M
Physical Energy & Power Flows;2021;3;260;260;260;SE;LT;Monthly Value;Export;Harmonized;M;M
Physical Energy & Power Flows;2021;3;35;35;35;SE;LT;Monthly Value;Import;Harmonized;M;M
Physical Energy & Power Flows;2021;3;63;63;63;SE;LT;Value on 3rd Wed. at 03;Import;Harmonized;M;M
Physical Energy & Power Flows;2021;3;268;268;268;SE;LT;Value on 3rd Wed. at 11;Export;Harmonized;M;M
Physical Energy & Power Flows;2021;4;215;215;215;SE;LT;Monthly Value;Export;Harmonized;M;M
Physical Energy & Power Flows;2021;4;24;24;24;SE;LT;Monthly Value;Import;Harmonized;M;M
Physical Energy & Power Flows;2021;4;107;107;107;SE;LT;Value on 3rd Wed. at 03;Export;Harmonized;M;M
Physical Energy & Power Flows;2021;4;732;732;732;SE;LT;Value on 3rd Wed. at 11;Export;Harmonized;M;M
Physical Energy & Power Flows;2021;5;190;190;190;SE;LT;Monthly Value;Export;Harmonized;M;M
Physical Energy & Power Flows;2021;5;50;50;50;SE;LT;Monthly Value;Import;Harmonized;M;M
Physical Energy & Power Flows;2021;5;127;127;127;SE;LT;Value on 3rd Wed. at 03;Export;Harmonized;M;M
Physical Energy & Power Flows;2021;5;542;542;542;SE;LT;Value on 3rd Wed. at 11;Export;Harmonized;M;M
Physical Energy & Power Flows;2021;6;189;189;189;SE;LT;Monthly Value;Export;Harmonized;M;M
Physical Energy & Power Flows;2021;6;33;33;33;SE;LT;Monthly Value;Import;Harmonized;M;M
Physical Energy & Power Flows;2021;6;100;100;100;SE;LT;Value on 3rd Wed. at 03;Import;Harmonized;M;M
Physical Energy & Power Flows;2021;6;330;330;330;SE;LT;Value on 3rd Wed. at 11;Export;Harmonized;M;M
Physical Energy & Power Flows;2021;7;405;405;405;SE;LT;Monthly Value;Export;Harmonized;M;M
Physical Energy & Power Flows;2021;7;1;1;1;SE;LT;Monthly Value;Import;Harmonized;M;M
Physical Energy & Power Flows;2021;7;545;545;545;SE;LT;Value on 3rd Wed. at 03;Export;Harmonized;M;M
Physical Energy & Power Flows;2021;7;573;573;573;SE;LT;Value on 3rd Wed. at 11;Export;Harmonized;M;M
Physical Energy & Power Flows;2021;8;345;345;345;SE;LT;Monthly Value;Export;Harmonized;M;M
Physical Energy & Power Flows;2021;8;3;3;3;SE;LT;Monthly Value;Import;Harmonized;M;M
Physical Energy & Power Flows;2021;8;294;294;294;SE;LT;Value on 3rd Wed. at 03;Export;Harmonized;M;M
Physical Energy & Power Flows;2021;8;686;686;686;SE;LT;Value on 3rd Wed. at 11;Export;Harmonized;M;M
Physical Energy & Power Flows;2021;9;179;179;179;SE;LT;Monthly Value;Export;Harmonized;M;M
Physical Energy & Power Flows;2021;9;25;25;25;SE;LT;Monthly Value;Import;Harmonized;M;M
Physical Energy & Power Flows;2021;9;393;393;393;SE;LT;Value on 3rd Wed. at 03;Export;Harmonized;M;M
Physical Energy & Power Flows;2021;9;327;327;327;SE;LT;Value on 3rd Wed. at 11;Export;Harmonized;M;M
Physical Energy & Power Flows;2021;10;429;429;429;SE;LT;Monthly Value;Export;Harmonized;M;M
Physical Energy & Power Flows;2021;10;11;11;11;SE;LT;Monthly Value;Import;Harmonized;M;M
Physical Energy & Power Flows;2021;10;734;734;734;SE;LT;Value on 3rd Wed. at 03;Export;Harmonized;M;M
Physical Energy & Power Flows;2021;10;734;734;734;SE;LT;Value on 3rd Wed. at 11;Export;Harmonized;M;M
Physical Energy & Power Flows;2021;11;345;345;345;SE;LT;Monthly Value;Export;Harmonized;M;M
Physical Energy & Power Flows;2021;11;20;20;20;SE;LT;Monthly Value;Import;Harmonized;M;M
Physical Energy & Power Flows;2021;11;575;575;575;SE;LT;Value on 3rd Wed. at 03;Export;Harmonized;M;M
Physical Energy & Power Flows;2021;11;559;559;559;SE;LT;Value on 3rd Wed. at 11;Export;Harmonized;M;M
Physical Energy & Power Flows;2021;12;374;374;374;SE;LT;Monthly Value;Export;Harmonized;M;M
Physical Energy & Power Flows;2021;12;17;17;17;SE;LT;Monthly Value;Import;Harmonized;M;M
Physical Energy & Power Flows;2021;12;733;733;733;SE;LT;Value on 3rd Wed. at 03;Export;Harmonized;M;M
Physical Energy & Power Flows;2021;12;733;733;733;SE;LT;Value on 3rd Wed. at 11;Export;Harmonized;M;M
Physical Energy & Power Flows;2021;1;121;121;121;SE;NO;Monthly Value;Export;Harmonized;M;M
Physical Energy & Power Flows;2021;1;1091;1091;1091;SE;NO;Monthly Value;Import;Harmonized;M;M
Physical Energy & Power Flows;2021;1;176;176;176;SE;NO;Value on 3rd Wed. at 03;Export;Harmonized;M;M
Physical Energy & Power Flows;2021;1;2969;2969;2969;SE;NO;Value on 3rd Wed. at 11;Import;Harmonized;M;M
Physical Energy & Power Flows;2021;2;302;302;302;SE;NO;Monthly Value;Export;Harmonized;M;M
Physical Energy & Power Flows;2021;2;665;665;665;SE;NO;Monthly Value;Import;Harmonized;M;M
Physical Energy & Power Flows;2021;2;1765;1765;1765;SE;NO;Value on 3rd Wed. at 03;Import;Harmonized;M;M
Physical Energy & Power Flows;2021;2;2686;2686;2686;SE;NO;Value on 3rd Wed. at 11;Import;Harmonized;M;M
Physical Energy & Power Flows;2021;3;576;576;576;SE;NO;Monthly Value;Export;Harmonized;M;M
Physical Energy & Power Flows;2021;3;399;399;399;SE;NO;Monthly Value;Import;Harmonized;M;M
Physical Energy & Power Flows;2021;3;35;35;35;SE;NO;Value on 3rd Wed. at 03;Import;Harmonized;M;M
Physical Energy & Power Flows;2021;3;2768;2768;2768;SE;NO;Value on 3rd Wed. at 11;Import;Harmonized;M;M
Physical Energy & Power Flows;2021;4;652;652;652;SE;NO;Monthly Value;Export;Harmonized;M;M
Physical Energy & Power Flows;2021;4;211;211;211;SE;NO;Monthly Value;Import;Harmonized;M;M
Physical Energy & Power Flows;2021;4;1661;1661;1661;SE;NO;Value on 3rd Wed. at 03;Export;Harmonized;M;M
Physical Energy & Power Flows;2021;4;496;496;496;SE;NO;Value on 3rd Wed. at 11;Export;Harmonized;M;M
Physical Energy & Power Flows;2021;5;276;276;276;SE;NO;Monthly Value;Export;Harmonized;M;M
Physical Energy & Power Flows;2021;5;531;531;531;SE;NO;Monthly Value;Import;Harmonized;M;M
Physical Energy & Power Flows;2021;5;272;272;272;SE;NO;Value on 3rd Wed. at 03;Import;Harmonized;M;M
Physical Energy & Power Flows;2021;5;1798;1798;1798;SE;NO;Value on 3rd Wed. at 11;Import;Harmonized;M;M
Physical Energy & Power Flows;2021;6;46;46;46;SE;NO;Monthly Value;Export;Harmonized;M;M
Physical Energy & Power Flows;2021;6;425;425;425;SE;NO;Monthly Value;Import;Harmonized;M;M
Physical Energy & Power Flows;2021;6;36;36;36;SE;NO;Value on 3rd Wed. at 03;Export;Harmonized;M;M
Physical Energy & Power Flows;2021;6;1661;1661;1661;SE;NO;Value on 3rd Wed. at 11;Import;Harmonized;M;M
Physical Energy & Power Flows;2021;7;45;45;45;SE;NO;Monthly Value;Export;Harmonized;M;M
Physical Energy & Power Flows;2021;7;636;636;636;SE;NO;Monthly Value;Import;Harmonized;M;M
Physical Energy & Power Flows;2021;7;255;255;255;SE;NO;Value on 3rd Wed. at 03;Export;Harmonized;M;M
Physical Energy & Power Flows;2021;7;1724;1724;1724;SE;NO;Value on 3rd Wed. at 11;Import;Harmonized;M;M
Physical Energy & Power Flows;2021;8;142;142;142;SE;NO;Monthly Value;Export;Harmonized;M;M
Physical Energy & Power Flows;2021;8;176;176;176;SE;NO;Monthly Value;Import;Harmonized;M;M
Physical Energy & Power Flows;2021;8;976;976;976;SE;NO;Value on 3rd Wed. at 03;Export;Harmonized;M;M
Physical Energy & Power Flows;2021;8;295;295;295;SE;NO;Value on 3rd Wed. at 11;Import;Harmonized;M;M
Physical Energy & Power Flows;2021;9;55;55;55;SE;NO;Monthly Value;Export;Harmonized;M;M
Physical Energy & Power Flows;2021;9;362;362;362;SE;NO;Monthly Value;Import;Harmonized;M;M
Physical Energy & Power Flows;2021;9;593;593;593;SE;NO;Value on 3rd Wed. at 03;Import;Harmonized;M;M
Physical Energy & Power Flows;2021;9;644;644;644;SE;NO;Value on 3rd Wed. at 11;Import;Harmonized;M;M
Physical Energy & Power Flows;2021;10;401;401;401;SE;NO;Monthly Value;Export;Harmonized;M;M
Physical Energy & Power Flows;2021;10;219;219;219;SE;NO;Monthly Value;Import;Harmonized;M;M
Physical Energy & Power Flows;2021;10;1984;1984;1984;SE;NO;Value on 3rd Wed. at 03;Export;Harmonized;M;M
Physical Energy & Power Flows;2021;10;262;262;262;SE;NO;Value on 3rd Wed. at 11;Export;Harmonized;M;M
Physical Energy & Power Flows;2021;11;296;296;296;SE;NO;Monthly Value;Export;Harmonized;M;M
Physical Energy & Power Flows;2021;11;475;475;475;SE;NO;Monthly Value;Import;Harmonized;M;M
Physical Energy & Power Flows;2021;11;285;285;285;SE;NO;Value on 3rd Wed. at 03;Export;Harmonized;M;M
Physical Energy & Power Flows;2021;11;520;520;520;SE;NO;Value on 3rd Wed. at 11;Export;Harmonized;M;M
Physical Energy & Power Flows;2021;12;181;181;181;SE;NO;Monthly Value;Export;Harmonized;M;M
Physical Energy & Power Flows;2021;12;684;684;684;SE;NO;Monthly Value;Import;Harmonized;M;M
Physical Energy & Power Flows;2021;12;755;755;755;SE;NO;Value on 3rd Wed. at 03;Export;Harmonized;M;M
Physical Energy & Power Flows;2021;12;66;66;66;SE;NO;Value on 3rd Wed. at 11;Import;Harmonized;M;M
Physical Energy & Power Flows;2021;1;266;266;266;SE;PL;Monthly Value;Export;Harmonized;M;M
Physical Energy & Power Flows;2021;1;14;14;14;SE;PL;Monthly Value;Import;Harmonized;M;M
Physical Energy & Power Flows;2021;1;5;5;5;SE;PL;Value on 3rd Wed. at 03;Export;Harmonized;M;M
Physical Energy & Power Flows;2021;1;597;597;597;SE;PL;Value on 3rd Wed. at 11;Export;Harmonized;M;M
Physical Energy & Power Flows;2021;2;274;274;274;SE;PL;Monthly Value;Export;Harmonized;M;M
Physical Energy & Power Flows;2021;2;9;9;9;SE;PL;Monthly Value;Import;Harmonized;M;M
Physical Energy & Power Flows;2021;2;598;598;598;SE;PL;Value on 3rd Wed. at 03;Export;Harmonized;M;M
Physical Energy & Power Flows;2021;2;598;598;598;SE;PL;Value on 3rd Wed. at 11;Export;Harmonized;M;M
Physical Energy & Power Flows;2021;3;358;358;358;SE;PL;Monthly Value;Export;Harmonized;M;M
Physical Energy & Power Flows;2021;3;1;1;1;SE;PL;Monthly Value;Import;Harmonized;M;M
Physical Energy & Power Flows;2021;3;492;492;492;SE;PL;Value on 3rd Wed. at 03;Export;Harmonized;M;M
Physical Energy & Power Flows;2021;3;598;598;598;SE;PL;Value on 3rd Wed. at 11;Export;Harmonized;M;M
Physical Energy & Power Flows;2021;4;349;349;349;SE;PL;Monthly Value;Export;Harmonized;M;M
Physical Energy & Power Flows;2021;4;8;8;8;SE;PL;Monthly Value;Import;Harmonized;M;M
Physical Energy & Power Flows;2021;4;275;275;275;SE;PL;Value on 3rd Wed. at 03;Export;Harmonized;M;M
Physical Energy & Power Flows;2021;4;598;598;598;SE;PL;Value on 3rd Wed. at 11;Export;Harmonized;M;M
Physical Energy & Power Flows;2021;5;279;279;279;SE;PL;Monthly Value;Export;Harmonized;M;M
Physical Energy & Power Flows;2021;5;16;16;16;SE;PL;Monthly Value;Import;Harmonized;M;M
Physical Energy & Power Flows;2021;5;598;598;598;SE;PL;Value on 3rd Wed. at 03;Export;Harmonized;M;M
Physical Energy & Power Flows;2021;5;598;598;598;SE;PL;Value on 3rd Wed. at 11;Export;Harmonized;M;M
Physical Energy & Power Flows;2021;6;207;207;207;SE;PL;Monthly Value;Export;Harmonized;M;M
Physical Energy & Power Flows;2021;6;9;9;9;SE;PL;Monthly Value;Import;Harmonized;M;M
Physical Energy & Power Flows;2021;6;11;11;11;SE;PL;Value on 3rd Wed. at 03;Export;Harmonized;M;M
Physical Energy & Power Flows;2021;6;297;297;297;SE;PL;Value on 3rd Wed. at 11;Export;Harmonized;M;M
Physical Energy & Power Flows;2021;7;228;228;228;SE;PL;Monthly Value;Export;Harmonized;M;M
Physical Energy & Power Flows;2021;7;1;1;1;SE;PL;Monthly Value;Import;Harmonized;M;M
Physical Energy & Power Flows;2021;7;297;297;297;SE;PL;Value on 3rd Wed. at 03;Export;Harmonized;M;M
Physical Energy & Power Flows;2021;7;297;297;297;SE;PL;Value on 3rd Wed. at 11;Export;Harmonized;M;M
Physical Energy & Power Flows;2021;8;258;258;258;SE;PL;Monthly Value;Export;Harmonized;M;M
Physical Energy & Power Flows;2021;8;41;41;41;SE;PL;Monthly Value;Import;Harmonized;M;M
Physical Energy & Power Flows;2021;8;417;417;417;SE;PL;Value on 3rd Wed. at 03;Export;Harmonized;M;M
Physical Energy & Power Flows;2021;8;406;406;406;SE;PL;Value on 3rd Wed. at 11;Export;Harmonized;M;M
Physical Energy & Power Flows;2021;9;158;158;158;SE;PL;Monthly Value;Export;Harmonized;M;M
Physical Energy & Power Flows;2021;9;34;34;34;SE;PL;Monthly Value;Import;Harmonized;M;M
Physical Energy & Power Flows;2021;9;595;595;595;SE;PL;Value on 3rd Wed. at 03;Import;Harmonized;M;M
Physical Energy & Power Flows;2021;9;397;397;397;SE;PL;Value on 3rd Wed. at 11;Export;Harmonized;M;M
Physical Energy & Power Flows;2021;10;403;403;403;SE;PL;Monthly Value;Export;Harmonized;M;M
Physical Energy & Power Flows;2021;10;1;1;1;SE;PL;Monthly Value;Import;Harmonized;M;M
Physical Energy & Power Flows;2021;10;598;598;598;SE;PL;Value on 3rd Wed. at 03;Export;Harmonized;M;M
Physical Energy & Power Flows;2021;10;598;598;598;SE;PL;Value on 3rd Wed. at 11;Export;Harmonized;M;M
Physical Energy & Power Flows;2021;11;345;345;345;SE;PL;Monthly Value;Export;Harmonized;M;M
Physical Energy & Power Flows;2021;11;18;18;18;SE;PL;Monthly Value;Import;Harmonized;M;M
Physical Energy & Power Flows;2021;11;598;598;598;SE;PL;Value on 3rd Wed. at 03;Export;Harmonized;M;M
Physical Energy & Power Flows;2021;11;598;598;598;SE;PL;Value on 3rd Wed. at 11;Export;Harmonized;M;M
Physical Energy & Power Flows;2021;12;306;306;306;SE;PL;Monthly Value;Export;Harmonized;M;M
Physical Energy & Power Flows;2021;12;56;56;56;SE;PL;Monthly Value;Import;Harmonized;M;M
Physical Energy & Power Flows;2021;12;598;598;598;SE;PL;Value on 3rd Wed. at 03;Export;Harmonized;M;M
Physical Energy & Power Flows;2021;12;598;598;598;SE;PL;Value on 3rd Wed. at 11;Export;Harmonized;M;M
Physical Energy & Power Flows;2021;1;298;298;298;SI;AT;Monthly Value;Export;Harmonized;M;M
Physical Energy & Power Flows;2021;1;44;44;44;SI;AT;Monthly Value;Import;Harmonized;M;M
Physical Energy & Power Flows;2021;1;275;275;275;SI;AT;Value on 3rd Wed. at 03;Import;Harmonized;M;M
Physical Energy & Power Flows;2021;1;274;274;274;SI;AT;Value on 3rd Wed. at 11;Import;Harmonized;M;M
Physical Energy & Power Flows;2021;2;185;185;185;SI;AT;Monthly Value;Export;Harmonized;M;M
Physical Energy & Power Flows;2021;2;64;64;64;SI;AT;Monthly Value;Import;Harmonized;M;M
Physical Energy & Power Flows;2021;2;15;15;15;SI;AT;Value on 3rd Wed. at 03;Export;Harmonized;M;M
Physical Energy & Power Flows;2021;2;595;595;595;SI;AT;Value on 3rd Wed. at 11;Import;Harmonized;M;M
Physical Energy & Power Flows;2021;3;27;27;27;SI;AT;Monthly Value;Export;Harmonized;M;M
Physical Energy & Power Flows;2021;3;167;167;167;SI;AT;Monthly Value;Import;Harmonized;M;M
Physical Energy & Power Flows;2021;3;239;239;239;SI;AT;Value on 3rd Wed. at 03;Import;Harmonized;M;M
Physical Energy & Power Flows;2021;3;216;216;216;SI;AT;Value on 3rd Wed. at 11;Export;Harmonized;M;M
Physical Energy & Power Flows;2021;4;1;1;1;SI;AT;Monthly Value;Export;Harmonized;M;M
Physical Energy & Power Flows;2021;4;554;554;554;SI;AT;Monthly Value;Import;Harmonized;M;M
Physical Energy & Power Flows;2021;4;1023;1023;1023;SI;AT;Value on 3rd Wed. at 03;Import;Harmonized;M;M
Physical Energy & Power Flows;2021;4;503;503;503;SI;AT;Value on 3rd Wed. at 11;Import;Harmonized;M;M
Physical Energy & Power Flows;2021;5;18;18;18;SI;AT;Monthly Value;Export;Harmonized;M;M
Physical Energy & Power Flows;2021;5;254;254;254;SI;AT;Monthly Value;Import;Harmonized;M;M
Physical Energy & Power Flows;2021;5;82;82;82;SI;AT;Value on 3rd Wed. at 03;Export;Harmonized;M;M
Physical Energy & Power Flows;2021;5;48;48;48;SI;AT;Value on 3rd Wed. at 11;Import;Harmonized;M;M
Physical Energy & Power Flows;2021;6;4;4;4;SI;AT;Monthly Value;Export;Harmonized;M;M
Physical Energy & Power Flows;2021;6;340;340;340;SI;AT;Monthly Value;Import;Harmonized;M;M
Physical Energy & Power Flows;2021;6;11;11;11;SI;AT;Value on 3rd Wed. at 03;Export;Harmonized;M;M
Physical Energy & Power Flows;2021;6;536;536;536;SI;AT;Value on 3rd Wed. at 11;Import;Harmonized;M;M
Physical Energy & Power Flows;2021;7;0;0;0;SI;AT;Monthly Value;Export;Harmonized;M;M
Physical Energy & Power Flows;2021;7;489;489;489;SI;AT;Monthly Value;Import;Harmonized;M;M
Physical Energy & Power Flows;2021;7;393;393;393;SI;AT;Value on 3rd Wed. at 03;Import;Harmonized;M;M
Physical Energy & Power Flows;2021;7;810;810;810;SI;AT;Value on 3rd Wed. at 11;Import;Harmonized;M;M
Physical Energy & Power Flows;2021;8;1;1;1;SI;AT;Monthly Value;Export;Harmonized;M;M
Physical Energy & Power Flows;2021;8;440;440;440;SI;AT;Monthly Value;Import;Harmonized;M;M
Physical Energy & Power Flows;2021;8;719;719;719;SI;AT;Value on 3rd Wed. at 03;Import;Harmonized;M;M
Physical Energy & Power Flows;2021;8;373;373;373;SI;AT;Value on 3rd Wed. at 11;Import;Harmonized;M;M
Physical Energy & Power Flows;2021;9;2;2;2;SI;AT;Monthly Value;Export;Harmonized;M;M
Physical Energy & Power Flows;2021;9;499;499;499;SI;AT;Monthly Value;Import;Harmonized;M;M
Physical Energy & Power Flows;2021;9;808;808;808;SI;AT;Value on 3rd Wed. at 03;Import;Harmonized;M;M
Physical Energy & Power Flows;2021;9;834;834;834;SI;AT;Value on 3rd Wed. at 11;Import;Harmonized;M;M
Physical Energy & Power Flows;2021;10;1;1;1;SI;AT;Monthly Value;Export;Harmonized;M;M
Physical Energy & Power Flows;2021;10;546;546;546;SI;AT;Monthly Value;Import;Harmonized;M;M
Physical Energy & Power Flows;2021;10;622;622;622;SI;AT;Value on 3rd Wed. at 03;Import;Harmonized;M;M
Physical Energy & Power Flows;2021;10;1175;1175;1175;SI;AT;Value on 3rd Wed. at 11;Import;Harmonized;M;M
Physical Energy & Power Flows;2021;11;21;21;21;SI;AT;Monthly Value;Export;Harmonized;M;M
Physical Energy & Power Flows;2021;11;306;306;306;SI;AT;Monthly Value;Import;Harmonized;M;M
Physical Energy & Power Flows;2021;11;623;623;623;SI;AT;Value on 3rd Wed. at 03;Import;Harmonized;M;M
Physical Energy & Power Flows;2021;11;435;435;435;SI;AT;Value on 3rd Wed. at 11;Import;Harmonized;M;M
Physical Energy & Power Flows;2021;12;54;54;54;SI;AT;Monthly Value;Export;Harmonized;M;M
Physical Energy & Power Flows;2021;12;167;167;167;SI;AT;Monthly Value;Import;Harmonized;M;M
Physical Energy & Power Flows;2021;12;236;236;236;SI;AT;Value on 3rd Wed. at 03;Import;Harmonized;M;M
Physical Energy & Power Flows;2021;12;250;250;250;SI;AT;Value on 3rd Wed. at 11;Import;Harmonized;M;M
Physical Energy & Power Flows;2021;1;1;1;1;SI;HR;Monthly Value;Export;Harmonized;M;M
Physical Energy & Power Flows;2021;1;703;703;703;SI;HR;Monthly Value;Import;Harmonized;M;M
Physical Energy & Power Flows;2021;1;901;901;901;SI;HR;Value on 3rd Wed. at 03;Import;Harmonized;M;M
Physical Energy & Power Flows;2021;1;644;644;644;SI;HR;Value on 3rd Wed. at 11;Import;Harmonized;M;M
Physical Energy & Power Flows;2021;2;0;0;0;SI;HR;Monthly Value;Export;Harmonized;M;M
Physical Energy & Power Flows;2021;2;545;545;545;SI;HR;Monthly Value;Import;Harmonized;M;M
Physical Energy & Power Flows;2021;2;958;958;958;SI;HR;Value on 3rd Wed. at 03;Import;Harmonized;M;M
Physical Energy & Power Flows;2021;2;298;298;298;SI;HR;Value on 3rd Wed. at 11;Import;Harmonized;M;M
Physical Energy & Power Flows;2021;3;9;9;9;SI;HR;Monthly Value;Export;Harmonized;M;M
Physical Energy & Power Flows;2021;3;351;351;351;SI;HR;Monthly Value;Import;Harmonized;M;M
Physical Energy & Power Flows;2021;3;939;939;939;SI;HR;Value on 3rd Wed. at 03;Import;Harmonized;M;M
Physical Energy & Power Flows;2021;3;493;493;493;SI;HR;Value on 3rd Wed. at 11;Import;Harmonized;M;M
Physical Energy & Power Flows;2021;4;22;22;22;SI;HR;Monthly Value;Export;Harmonized;M;M
Physical Energy & Power Flows;2021;4;310;310;310;SI;HR;Monthly Value;Import;Harmonized;M;M
Physical Energy & Power Flows;2021;4;206;206;206;SI;HR;Value on 3rd Wed. at 03;Import;Harmonized;M;M
Physical Energy & Power Flows;2021;4;578;578;578;SI;HR;Value on 3rd Wed. at 11;Import;Harmonized;M;M
Physical Energy & Power Flows;2021;5;113;113;113;SI;HR;Monthly Value;Export;Harmonized;M;M
Physical Energy & Power Flows;2021;5;179;179;179;SI;HR;Monthly Value;Import;Harmonized;M;M
Physical Energy & Power Flows;2021;5;343;343;343;SI;HR;Value on 3rd Wed. at 03;Import;Harmonized;M;M
Physical Energy & Power Flows;2021;5;224;224;224;SI;HR;Value on 3rd Wed. at 11;Import;Harmonized;M;M
Physical Energy & Power Flows;2021;6;266;266;266;SI;HR;Monthly Value;Export;Harmonized;M;M
Physical Energy & Power Flows;2021;6;44;44;44;SI;HR;Monthly Value;Import;Harmonized;M;M
Physical Energy & Power Flows;2021;6;505;505;505;SI;HR;Value on 3rd Wed. at 03;Import;Harmonized;M;M
Physical Energy & Power Flows;2021;6;63;63;63;SI;HR;Value on 3rd Wed. at 11;Export;Harmonized;M;M
Physical Energy & Power Flows;2021;7;340;340;340;SI;HR;Monthly Value;Export;Harmonized;M;M
Physical Energy & Power Flows;2021;7;55;55;55;SI;HR;Monthly Value;Import;Harmonized;M;M
Physical Energy & Power Flows;2021;7;789;789;789;SI;HR;Value on 3rd Wed. at 03;Import;Harmonized;M;M
Physical Energy & Power Flows;2021;7;284;284;284;SI;HR;Value on 3rd Wed. at 11;Export;Harmonized;M;M
Physical Energy & Power Flows;2021;8;446;446;446;SI;HR;Monthly Value;Export;Harmonized;M;M
Physical Energy & Power Flows;2021;8;9;9;9;SI;HR;Monthly Value;Import;Harmonized;M;M
Physical Energy & Power Flows;2021;8;127;127;127;SI;HR;Value on 3rd Wed. at 03;Export;Harmonized;M;M
Physical Energy & Power Flows;2021;8;588;588;588;SI;HR;Value on 3rd Wed. at 11;Export;Harmonized;M;M
Physical Energy & Power Flows;2021;9;55;55;55;SI;HR;Monthly Value;Export;Harmonized;M;M
Physical Energy & Power Flows;2021;9;160;160;160;SI;HR;Monthly Value;Import;Harmonized;M;M
Physical Energy & Power Flows;2021;9;401;401;401;SI;HR;Value on 3rd Wed. at 03;Import;Harmonized;M;M
Physical Energy & Power Flows;2021;9;136;136;136;SI;HR;Value on 3rd Wed. at 11;Export;Harmonized;M;M
Physical Energy & Power Flows;2021;10;61;61;61;SI;HR;Monthly Value;Export;Harmonized;M;M
Physical Energy & Power Flows;2021;10;121;121;121;SI;HR;Monthly Value;Import;Harmonized;M;M
Physical Energy & Power Flows;2021;10;401;401;401;SI;HR;Value on 3rd Wed. at 03;Export;Harmonized;M;M
Physical Energy & Power Flows;2021;10;92;92;92;SI;HR;Value on 3rd Wed. at 11;Export;Harmonized;M;M
Physical Energy & Power Flows;2021;11;49;49;49;SI;HR;Monthly Value;Export;Harmonized;M;M
Physical Energy & Power Flows;2021;11;195;195;195;SI;HR;Monthly Value;Import;Harmonized;M;M
Physical Energy & Power Flows;2021;11;310;310;310;SI;HR;Value on 3rd Wed. at 03;Import;Harmonized;M;M
Physical Energy & Power Flows;2021;11;140;140;140;SI;HR;Value on 3rd Wed. at 11;Export;Harmonized;M;M
Physical Energy & Power Flows;2021;12;4;4;4;SI;HR;Monthly Value;Export;Harmonized;M;M
Physical Energy & Power Flows;2021;12;523;523;523;SI;HR;Monthly Value;Import;Harmonized;M;M
Physical Energy & Power Flows;2021;12;923;923;923;SI;HR;Value on 3rd Wed. at 03;Import;Harmonized;M;M
Physical Energy & Power Flows;2021;12;666;666;666;SI;HR;Value on 3rd Wed. at 11;Import;Harmonized;M;M
Physical Energy & Power Flows;2021;1;528;528;528;SI;IT;Monthly Value;Export;Harmonized;M;M
Physical Energy & Power Flows;2021;1;1;1;1;SI;IT;Monthly Value;Import;Harmonized;M;M
Physical Energy & Power Flows;2021;1;821;821;821;SI;IT;Value on 3rd Wed. at 03;Export;Harmonized;M;M
Physical Energy & Power Flows;2021;1;727;727;727;SI;IT;Value on 3rd Wed. at 11;Export;Harmonized;M;M
Physical Energy & Power Flows;2021;2;559;559;559;SI;IT;Monthly Value;Export;Harmonized;M;M
Physical Energy & Power Flows;2021;2;770;770;770;SI;IT;Value on 3rd Wed. at 03;Export;Harmonized;M;M
Physical Energy & Power Flows;2021;2;865;865;865;SI;IT;Value on 3rd Wed. at 11;Export;Harmonized;M;M
Physical Energy & Power Flows;2021;3;548;548;548;SI;IT;Monthly Value;Export;Harmonized;M;M
Physical Energy & Power Flows;2021;3;0;0;0;SI;IT;Monthly Value;Import;Harmonized;M;M
Physical Energy & Power Flows;2021;3;852;852;852;SI;IT;Value on 3rd Wed. at 03;Export;Harmonized;M;M
Physical Energy & Power Flows;2021;3;383;383;383;SI;IT;Value on 3rd Wed. at 11;Export;Harmonized;M;M
Physical Energy & Power Flows;2021;4;443;443;443;SI;IT;Monthly Value;Export;Harmonized;M;M
Physical Energy & Power Flows;2021;4;0;0;0;SI;IT;Monthly Value;Import;Harmonized;M;M
Physical Energy & Power Flows;2021;4;406;406;406;SI;IT;Value on 3rd Wed. at 03;Export;Harmonized;M;M
Physical Energy & Power Flows;2021;4;282;282;282;SI;IT;Value on 3rd Wed. at 11;Export;Harmonized;M;M
Physical Energy & Power Flows;2021;5;505;505;505;SI;IT;Monthly Value;Export;Harmonized;M;M
Physical Energy & Power Flows;2021;5;3;3;3;SI;IT;Monthly Value;Import;Harmonized;M;M
Physical Energy & Power Flows;2021;5;854;854;854;SI;IT;Value on 3rd Wed. at 03;Export;Harmonized;M;M
Physical Energy & Power Flows;2021;5;140;140;140;SI;IT;Value on 3rd Wed. at 11;Export;Harmonized;M;M
Physical Energy & Power Flows;2021;6;292;292;292;SI;IT;Monthly Value;Export;Harmonized;M;M
Physical Energy & Power Flows;2021;6;26;26;26;SI;IT;Monthly Value;Import;Harmonized;M;M
Physical Energy & Power Flows;2021;6;886;886;886;SI;IT;Value on 3rd Wed. at 03;Export;Harmonized;M;M
Physical Energy & Power Flows;2021;6;446;446;446;SI;IT;Value on 3rd Wed. at 11;Export;Harmonized;M;M
Physical Energy & Power Flows;2021;7;254;254;254;SI;IT;Monthly Value;Export;Harmonized;M;M
Physical Energy & Power Flows;2021;7;29;29;29;SI;IT;Monthly Value;Import;Harmonized;M;M
Physical Energy & Power Flows;2021;7;927;927;927;SI;IT;Value on 3rd Wed. at 03;Export;Harmonized;M;M
Physical Energy & Power Flows;2021;7;485;485;485;SI;IT;Value on 3rd Wed. at 11;Export;Harmonized;M;M
Physical Energy & Power Flows;2021;8;239;239;239;SI;IT;Monthly Value;Export;Harmonized;M;M
Physical Energy & Power Flows;2021;8;2;2;2;SI;IT;Monthly Value;Import;Harmonized;M;M
Physical Energy & Power Flows;2021;8;696;696;696;SI;IT;Value on 3rd Wed. at 03;Export;Harmonized;M;M
Physical Energy & Power Flows;2021;8;160;160;160;SI;IT;Value on 3rd Wed. at 11;Export;Harmonized;M;M
Physical Energy & Power Flows;2021;9;544;544;544;SI;IT;Monthly Value;Export;Harmonized;M;M
Physical Energy & Power Flows;2021;9;0;0;0;SI;IT;Monthly Value;Import;Harmonized;M;M
Physical Energy & Power Flows;2021;9;918;918;918;SI;IT;Value on 3rd Wed. at 03;Export;Harmonized;M;M
Physical Energy & Power Flows;2021;9;621;621;621;SI;IT;Value on 3rd Wed. at 11;Export;Harmonized;M;M
Physical Energy & Power Flows;2021;10;546;546;546;SI;IT;Monthly Value;Export;Harmonized;M;M
Physical Energy & Power Flows;2021;10;1;1;1;SI;IT;Monthly Value;Import;Harmonized;M;M
Physical Energy & Power Flows;2021;10;219;219;219;SI;IT;Value on 3rd Wed. at 03;Import;Harmonized;M;M
Physical Energy & Power Flows;2021;10;454;454;454;SI;IT;Value on 3rd Wed. at 11;Export;Harmonized;M;M
Physical Energy & Power Flows;2021;11;437;437;437;SI;IT;Monthly Value;Export;Harmonized;M;M
Physical Energy & Power Flows;2021;11;4;4;4;SI;IT;Monthly Value;Import;Harmonized;M;M
Physical Energy & Power Flows;2021;11;626;626;626;SI;IT;Value on 3rd Wed. at 03;Export;Harmonized;M;M
Physical Energy & Power Flows;2021;11;43;43;43;SI;IT;Value on 3rd Wed. at 11;Export;Harmonized;M;M
Physical Energy & Power Flows;2021;12;532;532;532;SI;IT;Monthly Value;Export;Harmonized;M;M
Physical Energy & Power Flows;2021;12;0;0;0;SI;IT;Monthly Value;Import;Harmonized;M;M
Physical Energy & Power Flows;2021;12;780;780;780;SI;IT;Value on 3rd Wed. at 03;Export;Harmonized;M;M
Physical Energy & Power Flows;2021;12;818;818;818;SI;IT;Value on 3rd Wed. at 11;Export;Harmonized;M;M
Physical Energy & Power Flows;2021;1;70;70;70;SK;CZ;Monthly Value;Export;Harmonized;M;M
Physical Energy & Power Flows;2021;1;530;530;530;SK;CZ;Monthly Value;Import;Harmonized;M;M
Physical Energy & Power Flows;2021;1;1573;1573;1573;SK;CZ;Value on 3rd Wed. at 03;Import;Harmonized;M;M
Physical Energy & Power Flows;2021;1;2105;2105;2105;SK;CZ;Value on 3rd Wed. at 11;Import;Harmonized;M;M
Physical Energy & Power Flows;2021;2;53;53;53;SK;CZ;Monthly Value;Export;Harmonized;M;M
Physical Energy & Power Flows;2021;2;410;410;410;SK;CZ;Monthly Value;Import;Harmonized;M;M
Physical Energy & Power Flows;2021;2;871;871;871;SK;CZ;Value on 3rd Wed. at 03;Import;Harmonized;M;M
Physical Energy & Power Flows;2021;2;1715;1715;1715;SK;CZ;Value on 3rd Wed. at 11;Import;Harmonized;M;M
Physical Energy & Power Flows;2021;3;5;5;5;SK;CZ;Monthly Value;Export;Harmonized;M;M
Physical Energy & Power Flows;2021;3;595;595;595;SK;CZ;Monthly Value;Import;Harmonized;M;M
Physical Energy & Power Flows;2021;3;117;117;117;SK;CZ;Value on 3rd Wed. at 03;Export;Harmonized;M;M
Physical Energy & Power Flows;2021;3;327;327;327;SK;CZ;Value on 3rd Wed. at 11;Import;Harmonized;M;M
Physical Energy & Power Flows;2021;4;0;0;0;SK;CZ;Monthly Value;Export;Harmonized;M;M
Physical Energy & Power Flows;2021;4;686;686;686;SK;CZ;Monthly Value;Import;Harmonized;M;M
Physical Energy & Power Flows;2021;4;1213;1213;1213;SK;CZ;Value on 3rd Wed. at 03;Import;Harmonized;M;M
Physical Energy & Power Flows;2021;4;872;872;872;SK;CZ;Value on 3rd Wed. at 11;Import;Harmonized;M;M
Physical Energy & Power Flows;2021;5;41;41;41;SK;CZ;Monthly Value;Export;Harmonized;M;M
Physical Energy & Power Flows;2021;5;381;381;381;SK;CZ;Monthly Value;Import;Harmonized;M;M
Physical Energy & Power Flows;2021;5;353;353;353;SK;CZ;Value on 3rd Wed. at 03;Export;Harmonized;M;M
Physical Energy & Power Flows;2021;5;122;122;122;SK;CZ;Value on 3rd Wed. at 11;Import;Harmonized;M;M
Physical Energy & Power Flows;2021;6;15;15;15;SK;CZ;Monthly Value;Export;Harmonized;M;M
Physical Energy & Power Flows;2021;6;561;561;561;SK;CZ;Monthly Value;Import;Harmonized;M;M
Physical Energy & Power Flows;2021;6;399;399;399;SK;CZ;Value on 3rd Wed. at 03;Export;Harmonized;M;M
Physical Energy & Power Flows;2021;6;722;722;722;SK;CZ;Value on 3rd Wed. at 11;Import;Harmonized;M;M
Physical Energy & Power Flows;2021;7;0;0;0;SK;CZ;Monthly Value;Export;Harmonized;M;M
Physical Energy & Power Flows;2021;7;758;758;758;SK;CZ;Monthly Value;Import;Harmonized;M;M
Physical Energy & Power Flows;2021;7;245;245;245;SK;CZ;Value on 3rd Wed. at 03;Import;Harmonized;M;M
Physical Energy & Power Flows;2021;7;1109;1109;1109;SK;CZ;Value on 3rd Wed. at 11;Import;Harmonized;M;M
Physical Energy & Power Flows;2021;8;730;730;730;SK;CZ;Monthly Value;Import;Harmonized;M;M
Physical Energy & Power Flows;2021;8;1277;1277;1277;SK;CZ;Value on 3rd Wed. at 03;Import;Harmonized;M;M
Physical Energy & Power Flows;2021;8;1247;1247;1247;SK;CZ;Value on 3rd Wed. at 11;Import;Harmonized;M;M
Physical Energy & Power Flows;2021;9;0;0;0;SK;CZ;Monthly Value;Export;Harmonized;M;M
Physical Energy & Power Flows;2021;9;799;799;799;SK;CZ;Monthly Value;Import;Harmonized;M;M
Physical Energy & Power Flows;2021;9;1012;1012;1012;SK;CZ;Value on 3rd Wed. at 03;Import;Harmonized;M;M
Physical Energy & Power Flows;2021;9;786;786;786;SK;CZ;Value on 3rd Wed. at 11;Import;Harmonized;M;M
Physical Energy & Power Flows;2021;10;1190;1190;1190;SK;CZ;Monthly Value;Import;Harmonized;M;M
Physical Energy & Power Flows;2021;10;1526;1526;1526;SK;CZ;Value on 3rd Wed. at 03;Import;Harmonized;M;M
Physical Energy & Power Flows;2021;10;1617;1617;1617;SK;CZ;Value on 3rd Wed. at 11;Import;Harmonized;M;M
Physical Energy & Power Flows;2021;11;0;0;0;SK;CZ;Monthly Value;Export;Harmonized;M;M
Physical Energy & Power Flows;2021;11;1152;1152;1152;SK;CZ;Monthly Value;Import;Harmonized;M;M
Physical Energy & Power Flows;2021;11;1696;1696;1696;SK;CZ;Value on 3rd Wed. at 03;Import;Harmonized;M;M
Physical Energy & Power Flows;2021;11;1896;1896;1896;SK;CZ;Value on 3rd Wed. at 11;Import;Harmonized;M;M
Physical Energy & Power Flows;2021;12;1;1;1;SK;CZ;Monthly Value;Export;Harmonized;M;M
Physical Energy & Power Flows;2021;12;984;984;984;SK;CZ;Monthly Value;Import;Harmonized;M;M
Physical Energy & Power Flows;2021;12;1535;1535;1535;SK;CZ;Value on 3rd Wed. at 03;Import;Harmonized;M;M
Physical Energy & Power Flows;2021;12;1598;1598;1598;SK;CZ;Value on 3rd Wed. at 11;Import;Harmonized;M;M
Physical Energy & Power Flows;2021;1;611;611;611;SK;HU;Monthly Value;Export;Harmonized;M;M
Physical Energy & Power Flows;2021;1;1;1;1;SK;HU;Monthly Value;Import;Harmonized;M;M
Physical Energy & Power Flows;2021;1;1457;1457;1457;SK;HU;Value on 3rd Wed. at 03;Export;Harmonized;M;M
Physical Energy & Power Flows;2021;1;1600;1600;1600;SK;HU;Value on 3rd Wed. at 11;Export;Harmonized;M;M
Physical Energy & Power Flows;2021;2;516;516;516;SK;HU;Monthly Value;Export;Harmonized;M;M
Physical Energy & Power Flows;2021;2;8;8;8;SK;HU;Monthly Value;Import;Harmonized;M;M
Physical Energy & Power Flows;2021;2;940;940;940;SK;HU;Value on 3rd Wed. at 03;Export;Harmonized;M;M
Physical Energy & Power Flows;2021;2;1205;1205;1205;SK;HU;Value on 3rd Wed. at 11;Export;Harmonized;M;M
Physical Energy & Power Flows;2021;3;683;683;683;SK;HU;Monthly Value;Export;Harmonized;M;M
Physical Energy & Power Flows;2021;3;348;348;348;SK;HU;Value on 3rd Wed. at 03;Export;Harmonized;M;M
Physical Energy & Power Flows;2021;3;242;242;242;SK;HU;Value on 3rd Wed. at 11;Export;Harmonized;M;M
Physical Energy & Power Flows;2021;4;849;849;849;SK;HU;Monthly Value;Export;Harmonized;M;M
Physical Energy & Power Flows;2021;4;1403;1403;1403;SK;HU;Value on 3rd Wed. at 03;Export;Harmonized;M;M
Physical Energy & Power Flows;2021;4;941;941;941;SK;HU;Value on 3rd Wed. at 11;Export;Harmonized;M;M
Physical Energy & Power Flows;2021;5;468;468;468;SK;HU;Monthly Value;Export;Harmonized;M;M
Physical Energy & Power Flows;2021;5;21;21;21;SK;HU;Monthly Value;Import;Harmonized;M;M
Physical Energy & Power Flows;2021;5;344;344;344;SK;HU;Value on 3rd Wed. at 03;Export;Harmonized;M;M
Physical Energy & Power Flows;2021;5;450;450;450;SK;HU;Value on 3rd Wed. at 11;Export;Harmonized;M;M
Physical Energy & Power Flows;2021;6;674;674;674;SK;HU;Monthly Value;Export;Harmonized;M;M
Physical Energy & Power Flows;2021;6;1;1;1;SK;HU;Monthly Value;Import;Harmonized;M;M
Physical Energy & Power Flows;2021;6;28;28;28;SK;HU;Value on 3rd Wed. at 03;Export;Harmonized;M;M
Physical Energy & Power Flows;2021;6;619;619;619;SK;HU;Value on 3rd Wed. at 11;Export;Harmonized;M;M
Physical Energy & Power Flows;2021;7;993;993;993;SK;HU;Monthly Value;Export;Harmonized;M;M
Physical Energy & Power Flows;2021;7;927;927;927;SK;HU;Value on 3rd Wed. at 03;Export;Harmonized;M;M
Physical Energy & Power Flows;2021;7;936;936;936;SK;HU;Value on 3rd Wed. at 11;Export;Harmonized;M;M
Physical Energy & Power Flows;2021;8;911;911;911;SK;HU;Monthly Value;Export;Harmonized;M;M
Physical Energy & Power Flows;2021;8;1629;1629;1629;SK;HU;Value on 3rd Wed. at 03;Export;Harmonized;M;M
Physical Energy & Power Flows;2021;8;1325;1325;1325;SK;HU;Value on 3rd Wed. at 11;Export;Harmonized;M;M
Physical Energy & Power Flows;2021;9;1119;1119;1119;SK;HU;Monthly Value;Export;Harmonized;M;M
Physical Energy & Power Flows;2021;9;1778;1778;1778;SK;HU;Value on 3rd Wed. at 03;Export;Harmonized;M;M
Physical Energy & Power Flows;2021;9;1388;1388;1388;SK;HU;Value on 3rd Wed. at 11;Export;Harmonized;M;M
Physical Energy & Power Flows;2021;10;1402;1402;1402;SK;HU;Monthly Value;Export;Harmonized;M;M
Physical Energy & Power Flows;2021;10;2127;2127;2127;SK;HU;Value on 3rd Wed. at 03;Export;Harmonized;M;M
Physical Energy & Power Flows;2021;10;1586;1586;1586;SK;HU;Value on 3rd Wed. at 11;Export;Harmonized;M;M
Physical Energy & Power Flows;2021;11;1318;1318;1318;SK;HU;Monthly Value;Export;Harmonized;M;M
Physical Energy & Power Flows;2021;11;2137;2137;2137;SK;HU;Value on 3rd Wed. at 03;Export;Harmonized;M;M
Physical Energy & Power Flows;2021;11;2154;2154;2154;SK;HU;Value on 3rd Wed. at 11;Export;Harmonized;M;M
Physical Energy & Power Flows;2021;12;1185;1185;1185;SK;HU;Monthly Value;Export;Harmonized;M;M
Physical Energy & Power Flows;2021;12;1920;1920;1920;SK;HU;Value on 3rd Wed. at 03;Export;Harmonized;M;M
Physical Energy & Power Flows;2021;12;1569;1569;1569;SK;HU;Value on 3rd Wed. at 11;Export;Harmonized;M;M
Physical Energy & Power Flows;2021;1;3;3;3;SK;PL;Monthly Value;Export;Harmonized;M;M
Physical Energy & Power Flows;2021;1;289;289;289;SK;PL;Monthly Value;Import;Harmonized;M;M
Physical Energy & Power Flows;2021;1;850;850;850;SK;PL;Value on 3rd Wed. at 03;Import;Harmonized;M;M
Physical Energy & Power Flows;2021;1;812;812;812;SK;PL;Value on 3rd Wed. at 11;Import;Harmonized;M;M
Physical Energy & Power Flows;2021;2;13;13;13;SK;PL;Monthly Value;Export;Harmonized;M;M
Physical Energy & Power Flows;2021;2;171;171;171;SK;PL;Monthly Value;Import;Harmonized;M;M
Physical Energy & Power Flows;2021;2;461;461;461;SK;PL;Value on 3rd Wed. at 03;Import;Harmonized;M;M
Physical Energy & Power Flows;2021;2;476;476;476;SK;PL;Value on 3rd Wed. at 11;Import;Harmonized;M;M
Physical Energy & Power Flows;2021;3;12;12;12;SK;PL;Monthly Value;Export;Harmonized;M;M
Physical Energy & Power Flows;2021;3;242;242;242;SK;PL;Monthly Value;Import;Harmonized;M;M
Physical Energy & Power Flows;2021;3;184;184;184;SK;PL;Value on 3rd Wed. at 03;Import;Harmonized;M;M
Physical Energy & Power Flows;2021;3;28;28;28;SK;PL;Value on 3rd Wed. at 11;Import;Harmonized;M;M
Physical Energy & Power Flows;2021;4;2;2;2;SK;PL;Monthly Value;Export;Harmonized;M;M
Physical Energy & Power Flows;2021;4;408;408;408;SK;PL;Monthly Value;Import;Harmonized;M;M
Physical Energy & Power Flows;2021;4;933;933;933;SK;PL;Value on 3rd Wed. at 03;Import;Harmonized;M;M
Physical Energy & Power Flows;2021;4;511;511;511;SK;PL;Value on 3rd Wed. at 11;Import;Harmonized;M;M
Physical Energy & Power Flows;2021;5;34;34;34;SK;PL;Monthly Value;Export;Harmonized;M;M
Physical Energy & Power Flows;2021;5;151;151;151;SK;PL;Monthly Value;Import;Harmonized;M;M
Physical Energy & Power Flows;2021;5;234;234;234;SK;PL;Value on 3rd Wed. at 03;Import;Harmonized;M;M
Physical Energy & Power Flows;2021;5;171;171;171;SK;PL;Value on 3rd Wed. at 11;Import;Harmonized;M;M
Physical Energy & Power Flows;2021;6;7;7;7;SK;PL;Monthly Value;Export;Harmonized;M;M
Physical Energy & Power Flows;2021;6;221;221;221;SK;PL;Monthly Value;Import;Harmonized;M;M
Physical Energy & Power Flows;2021;6;91;91;91;SK;PL;Value on 3rd Wed. at 03;Export;Harmonized;M;M
Physical Energy & Power Flows;2021;6;26;26;26;SK;PL;Value on 3rd Wed. at 11;Import;Harmonized;M;M
Physical Energy & Power Flows;2021;7;0;0;0;SK;PL;Monthly Value;Export;Harmonized;M;M
Physical Energy & Power Flows;2021;7;398;398;398;SK;PL;Monthly Value;Import;Harmonized;M;M
Physical Energy & Power Flows;2021;7;667;667;667;SK;PL;Value on 3rd Wed. at 03;Import;Harmonized;M;M
Physical Energy & Power Flows;2021;7;333;333;333;SK;PL;Value on 3rd Wed. at 11;Import;Harmonized;M;M
Physical Energy & Power Flows;2021;8;1;1;1;SK;PL;Monthly Value;Export;Harmonized;M;M
Physical Energy & Power Flows;2021;8;411;411;411;SK;PL;Monthly Value;Import;Harmonized;M;M
Physical Energy & Power Flows;2021;8;945;945;945;SK;PL;Value on 3rd Wed. at 03;Import;Harmonized;M;M
Physical Energy & Power Flows;2021;8;911;911;911;SK;PL;Value on 3rd Wed. at 11;Import;Harmonized;M;M
Physical Energy & Power Flows;2021;9;1;1;1;SK;PL;Monthly Value;Export;Harmonized;M;M
Physical Energy & Power Flows;2021;9;526;526;526;SK;PL;Monthly Value;Import;Harmonized;M;M
Physical Energy & Power Flows;2021;9;1003;1003;1003;SK;PL;Value on 3rd Wed. at 03;Import;Harmonized;M;M
Physical Energy & Power Flows;2021;9;423;423;423;SK;PL;Value on 3rd Wed. at 11;Import;Harmonized;M;M
Physical Energy & Power Flows;2021;10;706;706;706;SK;PL;Monthly Value;Import;Harmonized;M;M
Physical Energy & Power Flows;2021;10;999;999;999;SK;PL;Value on 3rd Wed. at 03;Import;Harmonized;M;M
Physical Energy & Power Flows;2021;10;725;725;725;SK;PL;Value on 3rd Wed. at 11;Import;Harmonized;M;M
Physical Energy & Power Flows;2021;11;597;597;597;SK;PL;Monthly Value;Import;Harmonized;M;M
Physical Energy & Power Flows;2021;11;1034;1034;1034;SK;PL;Value on 3rd Wed. at 03;Import;Harmonized;M;M
Physical Energy & Power Flows;2021;11;877;877;877;SK;PL;Value on 3rd Wed. at 11;Import;Harmonized;M;M
Physical Energy & Power Flows;2021;12;2;2;2;SK;PL;Monthly Value;Export;Harmonized;M;M
Physical Energy & Power Flows;2021;12;506;506;506;SK;PL;Monthly Value;Import;Harmonized;M;M
Physical Energy & Power Flows;2021;12;979;979;979;SK;PL;Value on 3rd Wed. at 03;Import;Harmonized;M;M
Physical Energy & Power Flows;2021;12;745;745;745;SK;PL;Value on 3rd Wed. at 11;Import;Harmonized;M;M
Physical Energy & Power Flows;2021;1;191;191;191;SK;UA;Monthly Value;Export;Harmonized;M;NaM
Physical Energy & Power Flows;2021;1;14;14;14;SK;UA;Monthly Value;Import;Harmonized;M;NaM
Physical Energy & Power Flows;2021;1;653;653;653;SK;UA;Value on 3rd Wed. at 03;Export;Harmonized;M;NaM
Physical Energy & Power Flows;2021;1;756;756;756;SK;UA;Value on 3rd Wed. at 11;Export;Harmonized;M;NaM
Physical Energy & Power Flows;2021;2;166;166;166;SK;UA;Monthly Value;Export;Harmonized;M;NaM
Physical Energy & Power Flows;2021;2;23;23;23;SK;UA;Monthly Value;Import;Harmonized;M;NaM
Physical Energy & Power Flows;2021;2;334;334;334;SK;UA;Value on 3rd Wed. at 03;Export;Harmonized;M;NaM
Physical Energy & Power Flows;2021;2;511;511;511;SK;UA;Value on 3rd Wed. at 11;Export;Harmonized;M;NaM
Physical Energy & Power Flows;2021;3;129;129;129;SK;UA;Monthly Value;Export;Harmonized;M;NaM
Physical Energy & Power Flows;2021;3;35;35;35;SK;UA;Monthly Value;Import;Harmonized;M;NaM
Physical Energy & Power Flows;2021;3;196;196;196;SK;UA;Value on 3rd Wed. at 03;Import;Harmonized;M;NaM
Physical Energy & Power Flows;2021;3;180;180;180;SK;UA;Value on 3rd Wed. at 11;Import;Harmonized;M;NaM
Physical Energy & Power Flows;2021;4;127;127;127;SK;UA;Monthly Value;Export;Harmonized;M;NaM
Physical Energy & Power Flows;2021;4;8;8;8;SK;UA;Monthly Value;Import;Harmonized;M;NaM
Physical Energy & Power Flows;2021;4;385;385;385;SK;UA;Value on 3rd Wed. at 03;Export;Harmonized;M;NaM
Physical Energy & Power Flows;2021;4;171;171;171;SK;UA;Value on 3rd Wed. at 11;Export;Harmonized;M;NaM
Physical Energy & Power Flows;2021;5;31;31;31;SK;UA;Monthly Value;Export;Harmonized;M;NaM
Physical Energy & Power Flows;2021;5;106;106;106;SK;UA;Monthly Value;Import;Harmonized;M;NaM
Physical Energy & Power Flows;2021;5;266;266;266;SK;UA;Value on 3rd Wed. at 03;Import;Harmonized;M;NaM
Physical Energy & Power Flows;2021;5;331;331;331;SK;UA;Value on 3rd Wed. at 11;Import;Harmonized;M;NaM
Physical Energy & Power Flows;2021;6;53;53;53;SK;UA;Monthly Value;Export;Harmonized;M;NaM
Physical Energy & Power Flows;2021;6;52;52;52;SK;UA;Monthly Value;Import;Harmonized;M;NaM
Physical Energy & Power Flows;2021;6;0;0;0;SK;UA;Value on 3rd Wed. at 03;Import;Harmonized;M;NaM
Physical Energy & Power Flows;2021;6;0;0;0;SK;UA;Value on 3rd Wed. at 11;Import;Harmonized;M;NaM
Physical Energy & Power Flows;2021;7;152;152;152;SK;UA;Monthly Value;Export;Harmonized;M;NaM
Physical Energy & Power Flows;2021;7;7;7;7;SK;UA;Monthly Value;Import;Harmonized;M;NaM
Physical Energy & Power Flows;2021;7;37;37;37;SK;UA;Value on 3rd Wed. at 03;Export;Harmonized;M;NaM
Physical Energy & Power Flows;2021;7;71;71;71;SK;UA;Value on 3rd Wed. at 11;Export;Harmonized;M;NaM
Physical Energy & Power Flows;2021;8;271;271;271;SK;UA;Monthly Value;Export;Harmonized;M;NaM
Physical Energy & Power Flows;2021;8;0;0;0;SK;UA;Monthly Value;Import;Harmonized;M;NaM
Physical Energy & Power Flows;2021;8;434;434;434;SK;UA;Value on 3rd Wed. at 03;Export;Harmonized;M;NaM
Physical Energy & Power Flows;2021;8;454;454;454;SK;UA;Value on 3rd Wed. at 11;Export;Harmonized;M;NaM
Physical Energy & Power Flows;2021;9;197;197;197;SK;UA;Monthly Value;Export;Harmonized;M;NaM
Physical Energy & Power Flows;2021;9;3;3;3;SK;UA;Monthly Value;Import;Harmonized;M;NaM
Physical Energy & Power Flows;2021;9;364;364;364;SK;UA;Value on 3rd Wed. at 03;Export;Harmonized;M;NaM
Physical Energy & Power Flows;2021;9;135;135;135;SK;UA;Value on 3rd Wed. at 11;Export;Harmonized;M;NaM
Physical Energy & Power Flows;2021;10;222;222;222;SK;UA;Monthly Value;Export;Harmonized;M;NaM
Physical Energy & Power Flows;2021;10;0;0;0;SK;UA;Monthly Value;Import;Harmonized;M;NaM
Physical Energy & Power Flows;2021;10;0;0;0;SK;UA;Value on 3rd Wed. at 03;Import;Harmonized;M;NaM
Physical Energy & Power Flows;2021;10;0;0;0;SK;UA;Value on 3rd Wed. at 11;Import;Harmonized;M;NaM
Physical Energy & Power Flows;2021;11;276;276;276;SK;UA;Monthly Value;Export;Harmonized;M;NaM
Physical Energy & Power Flows;2021;11;3;3;3;SK;UA;Monthly Value;Import;Harmonized;M;NaM
Physical Energy & Power Flows;2021;11;312;312;312;SK;UA;Value on 3rd Wed. at 03;Export;Harmonized;M;NaM
Physical Energy & Power Flows;2021;11;339;339;339;SK;UA;Value on 3rd Wed. at 11;Export;Harmonized;M;NaM
Physical Energy & Power Flows;2021;12;157;157;157;SK;UA;Monthly Value;Export;Harmonized;M;NaM
Physical Energy & Power Flows;2021;12;13;13;13;SK;UA;Monthly Value;Import;Harmonized;M;NaM
Physical Energy & Power Flows;2021;12;219;219;219;SK;UA;Value on 3rd Wed. at 03;Export;Harmonized;M;NaM
Physical Energy & Power Flows;2021;12;193;193;193;SK;UA;Value on 3rd Wed. at 11;Export;Harmonized;M;NaM
Physical Energy & Power Flows;2021;1;31;31;31;TR;BG;Monthly Value;Export;Harmonized;M;M
Physical Energy & Power Flows;2021;1;39;39;39;TR;BG;Monthly Value;Import;Harmonized;M;M
Physical Energy & Power Flows;2021;1;53;53;53;TR;BG;Value on 3rd Wed. at 03;Import;Harmonized;M;M
Physical Energy & Power Flows;2021;1;33;33;33;TR;BG;Value on 3rd Wed. at 11;Export;Harmonized;M;M
Physical Energy & Power Flows;2021;2;13;13;13;TR;BG;Monthly Value;Export;Harmonized;M;M
Physical Energy & Power Flows;2021;2;71;71;71;TR;BG;Monthly Value;Import;Harmonized;M;M
Physical Energy & Power Flows;2021;2;146;146;146;TR;BG;Value on 3rd Wed. at 03;Import;Harmonized;M;M
Physical Energy & Power Flows;2021;2;130;130;130;TR;BG;Value on 3rd Wed. at 11;Import;Harmonized;M;M
Physical Energy & Power Flows;2021;3;19;19;19;TR;BG;Monthly Value;Export;Harmonized;M;M
Physical Energy & Power Flows;2021;3;80;80;80;TR;BG;Monthly Value;Import;Harmonized;M;M
Physical Energy & Power Flows;2021;3;231;231;231;TR;BG;Value on 3rd Wed. at 03;Import;Harmonized;M;M
Physical Energy & Power Flows;2021;3;126;126;126;TR;BG;Value on 3rd Wed. at 11;Import;Harmonized;M;M
Physical Energy & Power Flows;2021;4;11;11;11;TR;BG;Monthly Value;Export;Harmonized;M;M
Physical Energy & Power Flows;2021;4;85;85;85;TR;BG;Monthly Value;Import;Harmonized;M;M
Physical Energy & Power Flows;2021;4;238;238;238;TR;BG;Value on 3rd Wed. at 03;Import;Harmonized;M;M
Physical Energy & Power Flows;2021;4;17;17;17;TR;BG;Value on 3rd Wed. at 11;Export;Harmonized;M;M
Physical Energy & Power Flows;2021;5;1;1;1;TR;BG;Monthly Value;Export;Harmonized;M;M
Physical Energy & Power Flows;2021;5;142;142;142;TR;BG;Monthly Value;Import;Harmonized;M;M
Physical Energy & Power Flows;2021;5;232;232;232;TR;BG;Value on 3rd Wed. at 03;Import;Harmonized;M;M
Physical Energy & Power Flows;2021;5;56;56;56;TR;BG;Value on 3rd Wed. at 11;Import;Harmonized;M;M
Physical Energy & Power Flows;2021;6;25;25;25;TR;BG;Monthly Value;Export;Harmonized;M;M
Physical Energy & Power Flows;2021;6;50;50;50;TR;BG;Monthly Value;Import;Harmonized;M;M
Physical Energy & Power Flows;2021;6;26;26;26;TR;BG;Value on 3rd Wed. at 03;Export;Harmonized;M;M
Physical Energy & Power Flows;2021;6;178;178;178;TR;BG;Value on 3rd Wed. at 11;Export;Harmonized;M;M
Physical Energy & Power Flows;2021;7;23;23;23;TR;BG;Monthly Value;Export;Harmonized;M;M
Physical Energy & Power Flows;2021;7;34;34;34;TR;BG;Monthly Value;Import;Harmonized;M;M
Physical Energy & Power Flows;2021;7;105;105;105;TR;BG;Value on 3rd Wed. at 03;Import;Harmonized;M;M
Physical Energy & Power Flows;2021;7;47;47;47;TR;BG;Value on 3rd Wed. at 11;Import;Harmonized;M;M
Physical Energy & Power Flows;2021;8;9;9;9;TR;BG;Monthly Value;Export;Harmonized;M;M
Physical Energy & Power Flows;2021;8;67;67;67;TR;BG;Monthly Value;Import;Harmonized;M;M
Physical Energy & Power Flows;2021;8;61;61;61;TR;BG;Value on 3rd Wed. at 03;Import;Harmonized;M;M
Physical Energy & Power Flows;2021;8;199;199;199;TR;BG;Value on 3rd Wed. at 11;Import;Harmonized;M;M
Physical Energy & Power Flows;2021;9;9;9;9;TR;BG;Monthly Value;Export;Harmonized;M;M
Physical Energy & Power Flows;2021;9;86;86;86;TR;BG;Monthly Value;Import;Harmonized;M;M
Physical Energy & Power Flows;2021;9;120;120;120;TR;BG;Value on 3rd Wed. at 03;Import;Harmonized;M;M
Physical Energy & Power Flows;2021;9;2;2;2;TR;BG;Value on 3rd Wed. at 11;Import;Harmonized;M;M
Physical Energy & Power Flows;2021;10;21;21;21;TR;BG;Monthly Value;Export;Harmonized;M;M
Physical Energy & Power Flows;2021;10;93;93;93;TR;BG;Monthly Value;Import;Harmonized;M;M
Physical Energy & Power Flows;2021;10;101;101;101;TR;BG;Value on 3rd Wed. at 03;Import;Harmonized;M;M
Physical Energy & Power Flows;2021;10;120;120;120;TR;BG;Value on 3rd Wed. at 11;Import;Harmonized;M;M
Physical Energy & Power Flows;2021;11;32;32;32;TR;BG;Monthly Value;Export;Harmonized;M;M
Physical Energy & Power Flows;2021;11;98;98;98;TR;BG;Monthly Value;Import;Harmonized;M;M
Physical Energy & Power Flows;2021;11;245;245;245;TR;BG;Value on 3rd Wed. at 03;Import;Harmonized;M;M
Physical Energy & Power Flows;2021;11;80;80;80;TR;BG;Value on 3rd Wed. at 11;Export;Harmonized;M;M
Physical Energy & Power Flows;2021;12;7;7;7;TR;BG;Monthly Value;Export;Harmonized;M;M
Physical Energy & Power Flows;2021;12;164;164;164;TR;BG;Monthly Value;Import;Harmonized;M;M
Physical Energy & Power Flows;2021;12;208;208;208;TR;BG;Value on 3rd Wed. at 03;Import;Harmonized;M;M
Physical Energy & Power Flows;2021;12;31;31;31;TR;BG;Value on 3rd Wed. at 11;Import;Harmonized;M;M
Physical Energy & Power Flows;2021;12;0;0;0;TR;GE;Monthly Value;Export;Harmonized;M;NaM
Physical Energy & Power Flows;2021;12;40;40;40;TR;GE;Monthly Value;Import;Harmonized;M;NaM
Physical Energy & Power Flows;2021;1;101;101;101;TR;GR;Monthly Value;Export;Harmonized;M;M
Physical Energy & Power Flows;2021;1;7;7;7;TR;GR;Monthly Value;Import;Harmonized;M;M
Physical Energy & Power Flows;2021;1;198;198;198;TR;GR;Value on 3rd Wed. at 03;Export;Harmonized;M;M
Physical Energy & Power Flows;2021;1;116;116;116;TR;GR;Value on 3rd Wed. at 11;Export;Harmonized;M;M
Physical Energy & Power Flows;2021;2;122;122;122;TR;GR;Monthly Value;Export;Harmonized;M;M
Physical Energy & Power Flows;2021;2;7;7;7;TR;GR;Monthly Value;Import;Harmonized;M;M
Physical Energy & Power Flows;2021;2;251;251;251;TR;GR;Value on 3rd Wed. at 03;Export;Harmonized;M;M
Physical Energy & Power Flows;2021;2;239;239;239;TR;GR;Value on 3rd Wed. at 11;Export;Harmonized;M;M
Physical Energy & Power Flows;2021;3;227;227;227;TR;GR;Monthly Value;Export;Harmonized;M;M
Physical Energy & Power Flows;2021;3;0;0;0;TR;GR;Monthly Value;Import;Harmonized;M;M
Physical Energy & Power Flows;2021;3;433;433;433;TR;GR;Value on 3rd Wed. at 03;Export;Harmonized;M;M
Physical Energy & Power Flows;2021;3;286;286;286;TR;GR;Value on 3rd Wed. at 11;Export;Harmonized;M;M
Physical Energy & Power Flows;2021;4;225;225;225;TR;GR;Monthly Value;Export;Harmonized;M;M
Physical Energy & Power Flows;2021;4;339;339;339;TR;GR;Value on 3rd Wed. at 03;Export;Harmonized;M;M
Physical Energy & Power Flows;2021;4;132;132;132;TR;GR;Value on 3rd Wed. at 11;Export;Harmonized;M;M
Physical Energy & Power Flows;2021;5;224;224;224;TR;GR;Monthly Value;Export;Harmonized;M;M
Physical Energy & Power Flows;2021;5;1;1;1;TR;GR;Monthly Value;Import;Harmonized;M;M
Physical Energy & Power Flows;2021;5;400;400;400;TR;GR;Value on 3rd Wed. at 03;Export;Harmonized;M;M
Physical Energy & Power Flows;2021;5;196;196;196;TR;GR;Value on 3rd Wed. at 11;Export;Harmonized;M;M
Physical Energy & Power Flows;2021;6;187;187;187;TR;GR;Monthly Value;Export;Harmonized;M;M
Physical Energy & Power Flows;2021;6;1;1;1;TR;GR;Monthly Value;Import;Harmonized;M;M
Physical Energy & Power Flows;2021;6;339;339;339;TR;GR;Value on 3rd Wed. at 03;Export;Harmonized;M;M
Physical Energy & Power Flows;2021;6;119;119;119;TR;GR;Value on 3rd Wed. at 11;Export;Harmonized;M;M
Physical Energy & Power Flows;2021;7;310;310;310;TR;GR;Monthly Value;Export;Harmonized;M;M
Physical Energy & Power Flows;2021;7;528;528;528;TR;GR;Value on 3rd Wed. at 03;Export;Harmonized;M;M
Physical Energy & Power Flows;2021;7;459;459;459;TR;GR;Value on 3rd Wed. at 11;Export;Harmonized;M;M
Physical Energy & Power Flows;2021;8;298;298;298;TR;GR;Monthly Value;Export;Harmonized;M;M
Physical Energy & Power Flows;2021;8;439;439;439;TR;GR;Value on 3rd Wed. at 03;Export;Harmonized;M;M
Physical Energy & Power Flows;2021;8;495;495;495;TR;GR;Value on 3rd Wed. at 11;Export;Harmonized;M;M
Physical Energy & Power Flows;2021;9;342;342;342;TR;GR;Monthly Value;Export;Harmonized;M;M
Physical Energy & Power Flows;2021;9;547;547;547;TR;GR;Value on 3rd Wed. at 03;Export;Harmonized;M;M
Physical Energy & Power Flows;2021;9;424;424;424;TR;GR;Value on 3rd Wed. at 11;Export;Harmonized;M;M
Physical Energy & Power Flows;2021;10;300;300;300;TR;GR;Monthly Value;Export;Harmonized;M;M
Physical Energy & Power Flows;2021;10;403;403;403;TR;GR;Value on 3rd Wed. at 03;Export;Harmonized;M;M
Physical Energy & Power Flows;2021;10;417;417;417;TR;GR;Value on 3rd Wed. at 11;Export;Harmonized;M;M
Physical Energy & Power Flows;2021;11;290;290;290;TR;GR;Monthly Value;Export;Harmonized;M;M
Physical Energy & Power Flows;2021;11;0;0;0;TR;GR;Monthly Value;Import;Harmonized;M;M
Physical Energy & Power Flows;2021;11;576;576;576;TR;GR;Value on 3rd Wed. at 03;Export;Harmonized;M;M
Physical Energy & Power Flows;2021;11;293;293;293;TR;GR;Value on 3rd Wed. at 11;Export;Harmonized;M;M
Physical Energy & Power Flows;2021;12;283;283;283;TR;GR;Monthly Value;Export;Harmonized;M;M
Physical Energy & Power Flows;2021;12;0;0;0;TR;GR;Monthly Value;Import;Harmonized;M;M
Physical Energy & Power Flows;2021;12;392;392;392;TR;GR;Value on 3rd Wed. at 03;Export;Harmonized;M;M
Physical Energy & Power Flows;2021;12;220;220;220;TR;GR;Value on 3rd Wed. at 11;Export;Harmonized;M;M
Physical Energy & Power Flows;2021;1;52;52;52;UA;BY;Monthly Value;Export;Harmonized;NaM;NaM
Physical Energy & Power Flows;2021;1;46;46;46;UA;BY;Monthly Value;Import;Harmonized;NaM;NaM
Physical Energy & Power Flows;2021;1;1;1;1;UA;BY;Value on 3rd Wed. at 03;Export;Harmonized;NaM;NaM
Physical Energy & Power Flows;2021;1;176;176;176;UA;BY;Value on 3rd Wed. at 11;Import;Harmonized;NaM;NaM
Physical Energy & Power Flows;2021;2;26;26;26;UA;BY;Monthly Value;Export;Harmonized;NaM;NaM
Physical Energy & Power Flows;2021;2;103;103;103;UA;BY;Monthly Value;Import;Harmonized;NaM;NaM
Physical Energy & Power Flows;2021;2;110;110;110;UA;BY;Value on 3rd Wed. at 03;Import;Harmonized;NaM;NaM
Physical Energy & Power Flows;2021;2;273;273;273;UA;BY;Value on 3rd Wed. at 11;Import;Harmonized;NaM;NaM
Physical Energy & Power Flows;2021;3;130;130;130;UA;BY;Monthly Value;Export;Harmonized;NaM;NaM
Physical Energy & Power Flows;2021;3;2;2;2;UA;BY;Monthly Value;Import;Harmonized;NaM;NaM
Physical Energy & Power Flows;2021;3;336;336;336;UA;BY;Value on 3rd Wed. at 03;Export;Harmonized;NaM;NaM
Physical Energy & Power Flows;2021;3;219;219;219;UA;BY;Value on 3rd Wed. at 11;Export;Harmonized;NaM;NaM
Physical Energy & Power Flows;2021;4;251;251;251;UA;BY;Monthly Value;Export;Harmonized;NaM;NaM
Physical Energy & Power Flows;2021;4;0;0;0;UA;BY;Monthly Value;Import;Harmonized;NaM;NaM
Physical Energy & Power Flows;2021;4;466;466;466;UA;BY;Value on 3rd Wed. at 03;Export;Harmonized;NaM;NaM
Physical Energy & Power Flows;2021;4;334;334;334;UA;BY;Value on 3rd Wed. at 11;Export;Harmonized;NaM;NaM
Physical Energy & Power Flows;2021;5;357;357;357;UA;BY;Monthly Value;Export;Harmonized;NaM;NaM
Physical Energy & Power Flows;2021;5;514;514;514;UA;BY;Value on 3rd Wed. at 03;Export;Harmonized;NaM;NaM
Physical Energy & Power Flows;2021;5;474;474;474;UA;BY;Value on 3rd Wed. at 11;Export;Harmonized;NaM;NaM
Physical Energy & Power Flows;2021;6;221;221;221;UA;BY;Monthly Value;Export;Harmonized;NaM;NaM
Physical Energy & Power Flows;2021;6;0;0;0;UA;BY;Monthly Value;Import;Harmonized;NaM;NaM
Physical Energy & Power Flows;2021;6;257;257;257;UA;BY;Value on 3rd Wed. at 03;Export;Harmonized;NaM;NaM
Physical Energy & Power Flows;2021;6;100;100;100;UA;BY;Value on 3rd Wed. at 11;Export;Harmonized;NaM;NaM
Physical Energy & Power Flows;2021;7;75;75;75;UA;BY;Monthly Value;Export;Harmonized;NaM;NaM
Physical Energy & Power Flows;2021;7;34;34;34;UA;BY;Monthly Value;Import;Harmonized;NaM;NaM
Physical Energy & Power Flows;2021;7;13;13;13;UA;BY;Value on 3rd Wed. at 03;Import;Harmonized;NaM;NaM
Physical Energy & Power Flows;2021;7;80;80;80;UA;BY;Value on 3rd Wed. at 11;Import;Harmonized;NaM;NaM
Physical Energy & Power Flows;2021;8;122;122;122;UA;BY;Monthly Value;Export;Harmonized;NaM;NaM
Physical Energy & Power Flows;2021;8;10;10;10;UA;BY;Monthly Value;Import;Harmonized;NaM;NaM
Physical Energy & Power Flows;2021;8;29;29;29;UA;BY;Value on 3rd Wed. at 03;Export;Harmonized;NaM;NaM
Physical Energy & Power Flows;2021;8;201;201;201;UA;BY;Value on 3rd Wed. at 11;Import;Harmonized;NaM;NaM
Physical Energy & Power Flows;2021;9;257;257;257;UA;BY;Monthly Value;Export;Harmonized;NaM;NaM
Physical Energy & Power Flows;2021;9;0;0;0;UA;BY;Monthly Value;Import;Harmonized;NaM;NaM
Physical Energy & Power Flows;2021;9;377;377;377;UA;BY;Value on 3rd Wed. at 03;Export;Harmonized;NaM;NaM
Physical Energy & Power Flows;2021;9;107;107;107;UA;BY;Value on 3rd Wed. at 11;Export;Harmonized;NaM;NaM
Physical Energy & Power Flows;2021;10;186;186;186;UA;BY;Monthly Value;Export;Harmonized;NaM;NaM
Physical Energy & Power Flows;2021;10;0;0;0;UA;BY;Monthly Value;Import;Harmonized;NaM;NaM
Physical Energy & Power Flows;2021;10;252;252;252;UA;BY;Value on 3rd Wed. at 03;Export;Harmonized;NaM;NaM
Physical Energy & Power Flows;2021;10;242;242;242;UA;BY;Value on 3rd Wed. at 11;Export;Harmonized;NaM;NaM
Physical Energy & Power Flows;2021;11;61;61;61;UA;BY;Monthly Value;Export;Harmonized;NaM;NaM
Physical Energy & Power Flows;2021;11;20;20;20;UA;BY;Monthly Value;Import;Harmonized;NaM;NaM
Physical Energy & Power Flows;2021;11;106;106;106;UA;BY;Value on 3rd Wed. at 03;Export;Harmonized;NaM;NaM
Physical Energy & Power Flows;2021;11;20;20;20;UA;BY;Value on 3rd Wed. at 11;Export;Harmonized;NaM;NaM
Physical Energy & Power Flows;2021;12;29;29;29;UA;BY;Monthly Value;Export;Harmonized;NaM;NaM
Physical Energy & Power Flows;2021;12;121;121;121;UA;BY;Monthly Value;Import;Harmonized;NaM;NaM
Physical Energy & Power Flows;2021;12;180;180;180;UA;BY;Value on 3rd Wed. at 03;Export;Harmonized;NaM;NaM
Physical Energy & Power Flows;2021;12;41;41;41;UA;BY;Value on 3rd Wed. at 11;Export;Harmonized;NaM;NaM
Physical Energy & Power Flows;2021;1;177;177;177;UA;HU;Monthly Value;Export;Harmonized;NaM;M
Physical Energy & Power Flows;2021;1;0;0;0;UA;HU;Monthly Value;Import;Harmonized;NaM;M
Physical Energy & Power Flows;2021;1;165;165;165;UA;HU;Value on 3rd Wed. at 03;Export;Harmonized;NaM;M
Physical Energy & Power Flows;2021;1;159;159;159;UA;HU;Value on 3rd Wed. at 11;Export;Harmonized;NaM;M
Physical Energy & Power Flows;2021;2;95;95;95;UA;HU;Monthly Value;Export;Harmonized;NaM;M
Physical Energy & Power Flows;2021;2;1;1;1;UA;HU;Monthly Value;Import;Harmonized;NaM;M
Physical Energy & Power Flows;2021;2;115;115;115;UA;HU;Value on 3rd Wed. at 03;Export;Harmonized;NaM;M
Physical Energy & Power Flows;2021;2;168;168;168;UA;HU;Value on 3rd Wed. at 11;Export;Harmonized;NaM;M
Physical Energy & Power Flows;2021;3;272;272;272;UA;HU;Monthly Value;Export;Harmonized;NaM;M
Physical Energy & Power Flows;2021;3;0;0;0;UA;HU;Monthly Value;Import;Harmonized;NaM;M
Physical Energy & Power Flows;2021;3;376;376;376;UA;HU;Value on 3rd Wed. at 03;Export;Harmonized;NaM;M
Physical Energy & Power Flows;2021;3;226;226;226;UA;HU;Value on 3rd Wed. at 11;Export;Harmonized;NaM;M
Physical Energy & Power Flows;2021;4;253;253;253;UA;HU;Monthly Value;Export;Harmonized;NaM;M
Physical Energy & Power Flows;2021;4;3;3;3;UA;HU;Monthly Value;Import;Harmonized;NaM;M
Physical Energy & Power Flows;2021;4;446;446;446;UA;HU;Value on 3rd Wed. at 03;Export;Harmonized;NaM;M
Physical Energy & Power Flows;2021;4;319;319;319;UA;HU;Value on 3rd Wed. at 11;Export;Harmonized;NaM;M
Physical Energy & Power Flows;2021;5;253;253;253;UA;HU;Monthly Value;Export;Harmonized;NaM;M
Physical Energy & Power Flows;2021;5;0;0;0;UA;HU;Monthly Value;Import;Harmonized;NaM;M
Physical Energy & Power Flows;2021;5;352;352;352;UA;HU;Value on 3rd Wed. at 03;Export;Harmonized;NaM;M
Physical Energy & Power Flows;2021;5;326;326;326;UA;HU;Value on 3rd Wed. at 11;Export;Harmonized;NaM;M
Physical Energy & Power Flows;2021;6;202;202;202;UA;HU;Monthly Value;Export;Harmonized;NaM;M
Physical Energy & Power Flows;2021;6;1;1;1;UA;HU;Monthly Value;Import;Harmonized;NaM;M
Physical Energy & Power Flows;2021;6;447;447;447;UA;HU;Value on 3rd Wed. at 03;Export;Harmonized;NaM;M
Physical Energy & Power Flows;2021;6;241;241;241;UA;HU;Value on 3rd Wed. at 11;Export;Harmonized;NaM;M
Physical Energy & Power Flows;2021;7;229;229;229;UA;HU;Monthly Value;Export;Harmonized;NaM;M
Physical Energy & Power Flows;2021;7;409;409;409;UA;HU;Value on 3rd Wed. at 03;Export;Harmonized;NaM;M
Physical Energy & Power Flows;2021;7;153;153;153;UA;HU;Value on 3rd Wed. at 11;Export;Harmonized;NaM;M
Physical Energy & Power Flows;2021;8;238;238;238;UA;HU;Monthly Value;Export;Harmonized;NaM;M
Physical Energy & Power Flows;2021;8;0;0;0;UA;HU;Monthly Value;Import;Harmonized;NaM;M
Physical Energy & Power Flows;2021;8;479;479;479;UA;HU;Value on 3rd Wed. at 03;Export;Harmonized;NaM;M
Physical Energy & Power Flows;2021;8;335;335;335;UA;HU;Value on 3rd Wed. at 11;Export;Harmonized;NaM;M
Physical Energy & Power Flows;2021;9;298;298;298;UA;HU;Monthly Value;Export;Harmonized;NaM;M
Physical Energy & Power Flows;2021;9;335;335;335;UA;HU;Value on 3rd Wed. at 03;Export;Harmonized;NaM;M
Physical Energy & Power Flows;2021;9;228;228;228;UA;HU;Value on 3rd Wed. at 11;Export;Harmonized;NaM;M
Physical Energy & Power Flows;2021;10;201;201;201;UA;HU;Monthly Value;Export;Harmonized;NaM;M
Physical Energy & Power Flows;2021;10;28;28;28;UA;HU;Monthly Value;Import;Harmonized;NaM;M
Physical Energy & Power Flows;2021;10;179;179;179;UA;HU;Value on 3rd Wed. at 03;Import;Harmonized;NaM;M
Physical Energy & Power Flows;2021;10;155;155;155;UA;HU;Value on 3rd Wed. at 11;Import;Harmonized;NaM;M
Physical Energy & Power Flows;2021;11;194;194;194;UA;HU;Monthly Value;Export;Harmonized;NaM;M
Physical Energy & Power Flows;2021;11;265;265;265;UA;HU;Value on 3rd Wed. at 03;Export;Harmonized;NaM;M
Physical Energy & Power Flows;2021;11;196;196;196;UA;HU;Value on 3rd Wed. at 11;Export;Harmonized;NaM;M
Physical Energy & Power Flows;2021;12;337;337;337;UA;HU;Monthly Value;Export;Harmonized;NaM;M
Physical Energy & Power Flows;2021;12;636;636;636;UA;HU;Value on 3rd Wed. at 03;Export;Harmonized;NaM;M
Physical Energy & Power Flows;2021;12;482;482;482;UA;HU;Value on 3rd Wed. at 11;Export;Harmonized;NaM;M
Physical Energy & Power Flows;2021;1;9;9;9;UA;MD;Monthly Value;Export;Harmonized;NaM;NaM
Physical Energy & Power Flows;2021;1;13;13;13;UA;MD;Monthly Value;Import;Harmonized;NaM;NaM
Physical Energy & Power Flows;2021;1;21;21;21;UA;MD;Value on 3rd Wed. at 03;Export;Harmonized;NaM;NaM
Physical Energy & Power Flows;2021;1;0;0;0;UA;MD;Value on 3rd Wed. at 11;Import;Harmonized;NaM;NaM
Physical Energy & Power Flows;2021;2;9;9;9;UA;MD;Monthly Value;Export;Harmonized;NaM;NaM
Physical Energy & Power Flows;2021;2;13;13;13;UA;MD;Monthly Value;Import;Harmonized;NaM;NaM
Physical Energy & Power Flows;2021;2;101;101;101;UA;MD;Value on 3rd Wed. at 03;Export;Harmonized;NaM;NaM
Physical Energy & Power Flows;2021;2;39;39;39;UA;MD;Value on 3rd Wed. at 11;Import;Harmonized;NaM;NaM
Physical Energy & Power Flows;2021;3;11;11;11;UA;MD;Monthly Value;Export;Harmonized;NaM;NaM
Physical Energy & Power Flows;2021;3;13;13;13;UA;MD;Monthly Value;Import;Harmonized;NaM;NaM
Physical Energy & Power Flows;2021;3;37;37;37;UA;MD;Value on 3rd Wed. at 03;Import;Harmonized;NaM;NaM
Physical Energy & Power Flows;2021;3;12;12;12;UA;MD;Value on 3rd Wed. at 11;Import;Harmonized;NaM;NaM
Physical Energy & Power Flows;2021;4;22;22;22;UA;MD;Monthly Value;Export;Harmonized;NaM;NaM
Physical Energy & Power Flows;2021;4;6;6;6;UA;MD;Monthly Value;Import;Harmonized;NaM;NaM
Physical Energy & Power Flows;2021;4;34;34;34;UA;MD;Value on 3rd Wed. at 03;Export;Harmonized;NaM;NaM
Physical Energy & Power Flows;2021;4;4;4;4;UA;MD;Value on 3rd Wed. at 11;Export;Harmonized;NaM;NaM
Physical Energy & Power Flows;2021;5;29;29;29;UA;MD;Monthly Value;Export;Harmonized;NaM;NaM
Physical Energy & Power Flows;2021;5;4;4;4;UA;MD;Monthly Value;Import;Harmonized;NaM;NaM
Physical Energy & Power Flows;2021;5;32;32;32;UA;MD;Value on 3rd Wed. at 03;Export;Harmonized;NaM;NaM
Physical Energy & Power Flows;2021;5;61;61;61;UA;MD;Value on 3rd Wed. at 11;Export;Harmonized;NaM;NaM
Physical Energy & Power Flows;2021;6;26;26;26;UA;MD;Monthly Value;Export;Harmonized;NaM;NaM
Physical Energy & Power Flows;2021;6;5;5;5;UA;MD;Monthly Value;Import;Harmonized;NaM;NaM
Physical Energy & Power Flows;2021;6;19;19;19;UA;MD;Value on 3rd Wed. at 03;Import;Harmonized;NaM;NaM
Physical Energy & Power Flows;2021;6;78;78;78;UA;MD;Value on 3rd Wed. at 11;Export;Harmonized;NaM;NaM
Physical Energy & Power Flows;2021;7;38;38;38;UA;MD;Monthly Value;Export;Harmonized;NaM;NaM
Physical Energy & Power Flows;2021;7;4;4;4;UA;MD;Monthly Value;Import;Harmonized;NaM;NaM
Physical Energy & Power Flows;2021;7;50;50;50;UA;MD;Value on 3rd Wed. at 03;Import;Harmonized;NaM;NaM
Physical Energy & Power Flows;2021;7;69;69;69;UA;MD;Value on 3rd Wed. at 11;Export;Harmonized;NaM;NaM
Physical Energy & Power Flows;2021;8;36;36;36;UA;MD;Monthly Value;Export;Harmonized;NaM;NaM
Physical Energy & Power Flows;2021;8;3;3;3;UA;MD;Monthly Value;Import;Harmonized;NaM;NaM
Physical Energy & Power Flows;2021;8;78;78;78;UA;MD;Value on 3rd Wed. at 03;Export;Harmonized;NaM;NaM
Physical Energy & Power Flows;2021;8;100;100;100;UA;MD;Value on 3rd Wed. at 11;Export;Harmonized;NaM;NaM
Physical Energy & Power Flows;2021;9;13;13;13;UA;MD;Monthly Value;Export;Harmonized;NaM;NaM
Physical Energy & Power Flows;2021;9;14;14;14;UA;MD;Monthly Value;Import;Harmonized;NaM;NaM
Physical Energy & Power Flows;2021;9;20;20;20;UA;MD;Value on 3rd Wed. at 03;Export;Harmonized;NaM;NaM
Physical Energy & Power Flows;2021;9;6;6;6;UA;MD;Value on 3rd Wed. at 11;Export;Harmonized;NaM;NaM
Physical Energy & Power Flows;2021;10;36;36;36;UA;MD;Monthly Value;Export;Harmonized;NaM;NaM
Physical Energy & Power Flows;2021;10;8;8;8;UA;MD;Monthly Value;Import;Harmonized;NaM;NaM
Physical Energy & Power Flows;2021;10;20;20;20;UA;MD;Value on 3rd Wed. at 03;Export;Harmonized;NaM;NaM
Physical Energy & Power Flows;2021;10;48;48;48;UA;MD;Value on 3rd Wed. at 11;Export;Harmonized;NaM;NaM
Physical Energy & Power Flows;2021;11;9;9;9;UA;MD;Monthly Value;Export;Harmonized;NaM;NaM
Physical Energy & Power Flows;2021;11;14;14;14;UA;MD;Monthly Value;Import;Harmonized;NaM;NaM
Physical Energy & Power Flows;2021;11;74;74;74;UA;MD;Value on 3rd Wed. at 03;Export;Harmonized;NaM;NaM
Physical Energy & Power Flows;2021;11;36;36;36;UA;MD;Value on 3rd Wed. at 11;Import;Harmonized;NaM;NaM
Physical Energy & Power Flows;2021;12;9;9;9;UA;MD;Monthly Value;Export;Harmonized;NaM;NaM
Physical Energy & Power Flows;2021;12;39;39;39;UA;MD;Monthly Value;Import;Harmonized;NaM;NaM
Physical Energy & Power Flows;2021;12;150;150;150;UA;MD;Value on 3rd Wed. at 03;Import;Harmonized;NaM;NaM
Physical Energy & Power Flows;2021;12;48;48;48;UA;MD;Value on 3rd Wed. at 11;Export;Harmonized;NaM;NaM
Physical Energy & Power Flows;2021;1;0;0;0;UA;PL;Monthly Value;Import;Harmonized;NaM;M
Physical Energy & Power Flows;2021;1;0;0;0;UA;PL;Value on 3rd Wed. at 03;Import;Harmonized;NaM;M
Physical Energy & Power Flows;2021;1;0;0;0;UA;PL;Value on 3rd Wed. at 11;Import;Harmonized;NaM;M
Physical Energy & Power Flows;2021;2;0;0;0;UA;PL;Monthly Value;Export;Harmonized;NaM;M
Physical Energy & Power Flows;2021;2;0;0;0;UA;PL;Monthly Value;Import;Harmonized;NaM;M
Physical Energy & Power Flows;2021;2;0;0;0;UA;PL;Value on 3rd Wed. at 03;Import;Harmonized;NaM;M
Physical Energy & Power Flows;2021;2;0;0;0;UA;PL;Value on 3rd Wed. at 11;Import;Harmonized;NaM;M
Physical Energy & Power Flows;2021;3;159;159;159;UA;PL;Monthly Value;Export;Harmonized;NaM;M
Physical Energy & Power Flows;2021;3;216;216;216;UA;PL;Value on 3rd Wed. at 03;Export;Harmonized;NaM;M
Physical Energy & Power Flows;2021;3;214;214;214;UA;PL;Value on 3rd Wed. at 11;Export;Harmonized;NaM;M
Physical Energy & Power Flows;2021;4;84;84;84;UA;PL;Monthly Value;Export;Harmonized;NaM;M
Physical Energy & Power Flows;2021;4;0;0;0;UA;PL;Monthly Value;Import;Harmonized;NaM;M
Physical Energy & Power Flows;2021;4;149;149;149;UA;PL;Value on 3rd Wed. at 03;Export;Harmonized;NaM;M
Physical Energy & Power Flows;2021;4;149;149;149;UA;PL;Value on 3rd Wed. at 11;Export;Harmonized;NaM;M
Physical Energy & Power Flows;2021;5;111;111;111;UA;PL;Monthly Value;Export;Harmonized;NaM;M
Physical Energy & Power Flows;2021;5;0;0;0;UA;PL;Monthly Value;Import;Harmonized;NaM;M
Physical Energy & Power Flows;2021;5;196;196;196;UA;PL;Value on 3rd Wed. at 03;Export;Harmonized;NaM;M
Physical Energy & Power Flows;2021;5;194;194;194;UA;PL;Value on 3rd Wed. at 11;Export;Harmonized;NaM;M
Physical Energy & Power Flows;2021;6;100;100;100;UA;PL;Monthly Value;Export;Harmonized;NaM;M
Physical Energy & Power Flows;2021;6;0;0;0;UA;PL;Monthly Value;Import;Harmonized;NaM;M
Physical Energy & Power Flows;2021;6;139;139;139;UA;PL;Value on 3rd Wed. at 03;Export;Harmonized;NaM;M
Physical Energy & Power Flows;2021;6;145;145;145;UA;PL;Value on 3rd Wed. at 11;Export;Harmonized;NaM;M
Physical Energy & Power Flows;2021;7;90;90;90;UA;PL;Monthly Value;Export;Harmonized;NaM;M
Physical Energy & Power Flows;2021;7;0;0;0;UA;PL;Monthly Value;Import;Harmonized;NaM;M
Physical Energy & Power Flows;2021;7;148;148;148;UA;PL;Value on 3rd Wed. at 03;Export;Harmonized;NaM;M
Physical Energy & Power Flows;2021;7;146;146;146;UA;PL;Value on 3rd Wed. at 11;Export;Harmonized;NaM;M
Physical Energy & Power Flows;2021;8;111;111;111;UA;PL;Monthly Value;Export;Harmonized;NaM;M
Physical Energy & Power Flows;2021;8;164;164;164;UA;PL;Value on 3rd Wed. at 03;Export;Harmonized;NaM;M
Physical Energy & Power Flows;2021;8;161;161;161;UA;PL;Value on 3rd Wed. at 11;Export;Harmonized;NaM;M
Physical Energy & Power Flows;2021;9;81;81;81;UA;PL;Monthly Value;Export;Harmonized;NaM;M
Physical Energy & Power Flows;2021;9;0;0;0;UA;PL;Monthly Value;Import;Harmonized;NaM;M
Physical Energy & Power Flows;2021;9;75;75;75;UA;PL;Value on 3rd Wed. at 03;Export;Harmonized;NaM;M
Physical Energy & Power Flows;2021;9;74;74;74;UA;PL;Value on 3rd Wed. at 11;Export;Harmonized;NaM;M
Physical Energy & Power Flows;2021;10;52;52;52;UA;PL;Monthly Value;Export;Harmonized;NaM;M
Physical Energy & Power Flows;2021;10;0;0;0;UA;PL;Monthly Value;Import;Harmonized;NaM;M
Physical Energy & Power Flows;2021;10;0;0;0;UA;PL;Value on 3rd Wed. at 03;Import;Harmonized;NaM;M
Physical Energy & Power Flows;2021;10;0;0;0;UA;PL;Value on 3rd Wed. at 11;Import;Harmonized;NaM;M
Physical Energy & Power Flows;2021;11;0;0;0;UA;PL;Monthly Value;Import;Harmonized;NaM;M
Physical Energy & Power Flows;2021;11;0;0;0;UA;PL;Value on 3rd Wed. at 03;Import;Harmonized;NaM;M
Physical Energy & Power Flows;2021;11;0;0;0;UA;PL;Value on 3rd Wed. at 11;Import;Harmonized;NaM;M
Physical Energy & Power Flows;2021;12;43;43;43;UA;PL;Monthly Value;Export;Harmonized;NaM;M
Physical Energy & Power Flows;2021;12;0;0;0;UA;PL;Monthly Value;Import;Harmonized;NaM;M
Physical Energy & Power Flows;2021;12;143;143;143;UA;PL;Value on 3rd Wed. at 03;Export;Harmonized;NaM;M
Physical Energy & Power Flows;2021;12;77;77;77;UA;PL;Value on 3rd Wed. at 11;Export;Harmonized;NaM;M
Physical Energy & Power Flows;2021;1;52;52;52;UA;RO;Monthly Value;Export;Harmonized;NaM;M
Physical Energy & Power Flows;2021;1;87;87;87;UA;RO;Monthly Value;Import;Harmonized;NaM;M
Physical Energy & Power Flows;2021;1;319;319;319;UA;RO;Value on 3rd Wed. at 03;Export;Harmonized;NaM;M
Physical Energy & Power Flows;2021;1;299;299;299;UA;RO;Value on 3rd Wed. at 11;Export;Harmonized;NaM;M
Physical Energy & Power Flows;2021;2;24;24;24;UA;RO;Monthly Value;Export;Harmonized;NaM;M
Physical Energy & Power Flows;2021;2;94;94;94;UA;RO;Monthly Value;Import;Harmonized;NaM;M
Physical Energy & Power Flows;2021;2;131;131;131;UA;RO;Value on 3rd Wed. at 03;Export;Harmonized;NaM;M
Physical Energy & Power Flows;2021;2;26;26;26;UA;RO;Value on 3rd Wed. at 11;Export;Harmonized;NaM;M
Physical Energy & Power Flows;2021;3;90;90;90;UA;RO;Monthly Value;Export;Harmonized;NaM;M
Physical Energy & Power Flows;2021;3;24;24;24;UA;RO;Monthly Value;Import;Harmonized;NaM;M
Physical Energy & Power Flows;2021;3;52;52;52;UA;RO;Value on 3rd Wed. at 03;Export;Harmonized;NaM;M
Physical Energy & Power Flows;2021;3;48;48;48;UA;RO;Value on 3rd Wed. at 11;Export;Harmonized;NaM;M
Physical Energy & Power Flows;2021;4;119;119;119;UA;RO;Monthly Value;Export;Harmonized;NaM;M
Physical Energy & Power Flows;2021;4;11;11;11;UA;RO;Monthly Value;Import;Harmonized;NaM;M
Physical Energy & Power Flows;2021;4;328;328;328;UA;RO;Value on 3rd Wed. at 03;Export;Harmonized;NaM;M
Physical Energy & Power Flows;2021;4;122;122;122;UA;RO;Value on 3rd Wed. at 11;Export;Harmonized;NaM;M
Physical Energy & Power Flows;2021;5;50;50;50;UA;RO;Monthly Value;Export;Harmonized;NaM;M
Physical Energy & Power Flows;2021;5;77;77;77;UA;RO;Monthly Value;Import;Harmonized;NaM;M
Physical Energy & Power Flows;2021;5;267;267;267;UA;RO;Value on 3rd Wed. at 03;Import;Harmonized;NaM;M
Physical Energy & Power Flows;2021;5;334;334;334;UA;RO;Value on 3rd Wed. at 11;Import;Harmonized;NaM;M
Physical Energy & Power Flows;2021;6;81;81;81;UA;RO;Monthly Value;Export;Harmonized;NaM;M
Physical Energy & Power Flows;2021;6;48;48;48;UA;RO;Monthly Value;Import;Harmonized;NaM;M
Physical Energy & Power Flows;2021;6;315;315;315;UA;RO;Value on 3rd Wed. at 03;Import;Harmonized;NaM;M
Physical Energy & Power Flows;2021;6;51;51;51;UA;RO;Value on 3rd Wed. at 11;Import;Harmonized;NaM;M
Physical Energy & Power Flows;2021;7;166;166;166;UA;RO;Monthly Value;Export;Harmonized;NaM;M
Physical Energy & Power Flows;2021;7;14;14;14;UA;RO;Monthly Value;Import;Harmonized;NaM;M
Physical Energy & Power Flows;2021;7;114;114;114;UA;RO;Value on 3rd Wed. at 03;Import;Harmonized;NaM;M
Physical Energy & Power Flows;2021;7;178;178;178;UA;RO;Value on 3rd Wed. at 11;Export;Harmonized;NaM;M
Physical Energy & Power Flows;2021;8;176;176;176;UA;RO;Monthly Value;Export;Harmonized;NaM;M
Physical Energy & Power Flows;2021;8;0;0;0;UA;RO;Monthly Value;Import;Harmonized;NaM;M
Physical Energy & Power Flows;2021;8;308;308;308;UA;RO;Value on 3rd Wed. at 03;Export;Harmonized;NaM;M
Physical Energy & Power Flows;2021;8;448;448;448;UA;RO;Value on 3rd Wed. at 11;Export;Harmonized;NaM;M
Physical Energy & Power Flows;2021;9;113;113;113;UA;RO;Monthly Value;Export;Harmonized;NaM;M
Physical Energy & Power Flows;2021;9;5;5;5;UA;RO;Monthly Value;Import;Harmonized;NaM;M
Physical Energy & Power Flows;2021;9;99;99;99;UA;RO;Value on 3rd Wed. at 03;Export;Harmonized;NaM;M
Physical Energy & Power Flows;2021;9;75;75;75;UA;RO;Value on 3rd Wed. at 11;Export;Harmonized;NaM;M
Physical Energy & Power Flows;2021;10;236;236;236;UA;RO;Monthly Value;Export;Harmonized;NaM;M
Physical Energy & Power Flows;2021;10;2;2;2;UA;RO;Monthly Value;Import;Harmonized;NaM;M
Physical Energy & Power Flows;2021;10;315;315;315;UA;RO;Value on 3rd Wed. at 03;Export;Harmonized;NaM;M
Physical Energy & Power Flows;2021;10;289;289;289;UA;RO;Value on 3rd Wed. at 11;Export;Harmonized;NaM;M
Physical Energy & Power Flows;2021;11;195;195;195;UA;RO;Monthly Value;Export;Harmonized;NaM;M
Physical Energy & Power Flows;2021;11;8;8;8;UA;RO;Monthly Value;Import;Harmonized;NaM;M
Physical Energy & Power Flows;2021;11;279;279;279;UA;RO;Value on 3rd Wed. at 03;Export;Harmonized;NaM;M
Physical Energy & Power Flows;2021;11;405;405;405;UA;RO;Value on 3rd Wed. at 11;Export;Harmonized;NaM;M
Physical Energy & Power Flows;2021;12;104;104;104;UA;RO;Monthly Value;Export;Harmonized;NaM;M
Physical Energy & Power Flows;2021;12;17;17;17;UA;RO;Monthly Value;Import;Harmonized;NaM;M
Physical Energy & Power Flows;2021;12;80;80;80;UA;RO;Value on 3rd Wed. at 03;Export;Harmonized;NaM;M
Physical Energy & Power Flows;2021;12;33;33;33;UA;RO;Value on 3rd Wed. at 11;Import;Harmonized;NaM;M
Physical Energy & Power Flows;2021;1;3;3;3;UA;RU;Monthly Value;Export;Harmonized;NaM;NaM
Physical Energy & Power Flows;2021;1;138;138;138;UA;RU;Monthly Value;Import;Harmonized;NaM;NaM
Physical Energy & Power Flows;2021;1;159;159;159;UA;RU;Value on 3rd Wed. at 03;Import;Harmonized;NaM;NaM
Physical Energy & Power Flows;2021;1;300;300;300;UA;RU;Value on 3rd Wed. at 11;Import;Harmonized;NaM;NaM
Physical Energy & Power Flows;2021;2;1;1;1;UA;RU;Monthly Value;Export;Harmonized;NaM;NaM
Physical Energy & Power Flows;2021;2;254;254;254;UA;RU;Monthly Value;Import;Harmonized;NaM;NaM
Physical Energy & Power Flows;2021;2;318;318;318;UA;RU;Value on 3rd Wed. at 03;Import;Harmonized;NaM;NaM
Physical Energy & Power Flows;2021;2;971;971;971;UA;RU;Value on 3rd Wed. at 11;Import;Harmonized;NaM;NaM
Physical Energy & Power Flows;2021;3;5;5;5;UA;RU;Monthly Value;Export;Harmonized;NaM;NaM
Physical Energy & Power Flows;2021;3;151;151;151;UA;RU;Monthly Value;Import;Harmonized;NaM;NaM
Physical Energy & Power Flows;2021;3;472;472;472;UA;RU;Value on 3rd Wed. at 03;Import;Harmonized;NaM;NaM
Physical Energy & Power Flows;2021;3;219;219;219;UA;RU;Value on 3rd Wed. at 11;Import;Harmonized;NaM;NaM
Physical Energy & Power Flows;2021;4;3;3;3;UA;RU;Monthly Value;Export;Harmonized;NaM;NaM
Physical Energy & Power Flows;2021;4;228;228;228;UA;RU;Monthly Value;Import;Harmonized;NaM;NaM
Physical Energy & Power Flows;2021;4;394;394;394;UA;RU;Value on 3rd Wed. at 03;Import;Harmonized;NaM;NaM
Physical Energy & Power Flows;2021;4;306;306;306;UA;RU;Value on 3rd Wed. at 11;Import;Harmonized;NaM;NaM
Physical Energy & Power Flows;2021;5;0;0;0;UA;RU;Monthly Value;Export;Harmonized;NaM;NaM
Physical Energy & Power Flows;2021;5;330;330;330;UA;RU;Monthly Value;Import;Harmonized;NaM;NaM
Physical Energy & Power Flows;2021;5;540;540;540;UA;RU;Value on 3rd Wed. at 03;Import;Harmonized;NaM;NaM
Physical Energy & Power Flows;2021;5;443;443;443;UA;RU;Value on 3rd Wed. at 11;Import;Harmonized;NaM;NaM
Physical Energy & Power Flows;2021;6;1;1;1;UA;RU;Monthly Value;Export;Harmonized;NaM;NaM
Physical Energy & Power Flows;2021;6;191;191;191;UA;RU;Monthly Value;Import;Harmonized;NaM;NaM
Physical Energy & Power Flows;2021;6;194;194;194;UA;RU;Value on 3rd Wed. at 03;Import;Harmonized;NaM;NaM
Physical Energy & Power Flows;2021;6;90;90;90;UA;RU;Value on 3rd Wed. at 11;Import;Harmonized;NaM;NaM
Physical Energy & Power Flows;2021;7;53;53;53;UA;RU;Monthly Value;Export;Harmonized;NaM;NaM
Physical Energy & Power Flows;2021;7;61;61;61;UA;RU;Monthly Value;Import;Harmonized;NaM;NaM
Physical Energy & Power Flows;2021;7;20;20;20;UA;RU;Value on 3rd Wed. at 03;Export;Harmonized;NaM;NaM
Physical Energy & Power Flows;2021;7;256;256;256;UA;RU;Value on 3rd Wed. at 11;Export;Harmonized;NaM;NaM
Physical Energy & Power Flows;2021;8;24;24;24;UA;RU;Monthly Value;Export;Harmonized;NaM;NaM
Physical Energy & Power Flows;2021;8;100;100;100;UA;RU;Monthly Value;Import;Harmonized;NaM;NaM
Physical Energy & Power Flows;2021;8;29;29;29;UA;RU;Value on 3rd Wed. at 03;Import;Harmonized;NaM;NaM
Physical Energy & Power Flows;2021;8;154;154;154;UA;RU;Value on 3rd Wed. at 11;Export;Harmonized;NaM;NaM
Physical Energy & Power Flows;2021;9;1;1;1;UA;RU;Monthly Value;Export;Harmonized;NaM;NaM
Physical Energy & Power Flows;2021;9;224;224;224;UA;RU;Monthly Value;Import;Harmonized;NaM;NaM
Physical Energy & Power Flows;2021;9;208;208;208;UA;RU;Value on 3rd Wed. at 03;Import;Harmonized;NaM;NaM
Physical Energy & Power Flows;2021;9;230;230;230;UA;RU;Value on 3rd Wed. at 11;Import;Harmonized;NaM;NaM
Physical Energy & Power Flows;2021;10;3;3;3;UA;RU;Monthly Value;Export;Harmonized;NaM;NaM
Physical Energy & Power Flows;2021;10;160;160;160;UA;RU;Monthly Value;Import;Harmonized;NaM;NaM
Physical Energy & Power Flows;2021;10;216;216;216;UA;RU;Value on 3rd Wed. at 03;Import;Harmonized;NaM;NaM
Physical Energy & Power Flows;2021;10;192;192;192;UA;RU;Value on 3rd Wed. at 11;Import;Harmonized;NaM;NaM
Physical Energy & Power Flows;2021;11;1;1;1;UA;RU;Monthly Value;Export;Harmonized;NaM;NaM
Physical Energy & Power Flows;2021;11;235;235;235;UA;RU;Monthly Value;Import;Harmonized;NaM;NaM
Physical Energy & Power Flows;2021;11;523;523;523;UA;RU;Value on 3rd Wed. at 03;Import;Harmonized;NaM;NaM
Physical Energy & Power Flows;2021;11;269;269;269;UA;RU;Value on 3rd Wed. at 11;Import;Harmonized;NaM;NaM
Physical Energy & Power Flows;2021;12;0;0;0;UA;RU;Monthly Value;Export;Harmonized;NaM;NaM
Physical Energy & Power Flows;2021;12;299;299;299;UA;RU;Monthly Value;Import;Harmonized;NaM;NaM
Physical Energy & Power Flows;2021;12;353;353;353;UA;RU;Value on 3rd Wed. at 03;Import;Harmonized;NaM;NaM
Physical Energy & Power Flows;2021;12;180;180;180;UA;RU;Value on 3rd Wed. at 11;Import;Harmonized;NaM;NaM
Physical Energy & Power Flows;2021;1;14;14;14;UA;SK;Monthly Value;Export;Harmonized;NaM;M
Physical Energy & Power Flows;2021;1;191;191;191;UA;SK;Monthly Value;Import;Harmonized;NaM;M
Physical Energy & Power Flows;2021;1;653;653;653;UA;SK;Value on 3rd Wed. at 03;Import;Harmonized;NaM;M
Physical Energy & Power Flows;2021;1;756;756;756;UA;SK;Value on 3rd Wed. at 11;Import;Harmonized;NaM;M
Physical Energy & Power Flows;2021;2;23;23;23;UA;SK;Monthly Value;Export;Harmonized;NaM;M
Physical Energy & Power Flows;2021;2;166;166;166;UA;SK;Monthly Value;Import;Harmonized;NaM;M
Physical Energy & Power Flows;2021;2;334;334;334;UA;SK;Value on 3rd Wed. at 03;Import;Harmonized;NaM;M
Physical Energy & Power Flows;2021;2;511;511;511;UA;SK;Value on 3rd Wed. at 11;Import;Harmonized;NaM;M
Physical Energy & Power Flows;2021;3;35;35;35;UA;SK;Monthly Value;Export;Harmonized;NaM;M
Physical Energy & Power Flows;2021;3;129;129;129;UA;SK;Monthly Value;Import;Harmonized;NaM;M
Physical Energy & Power Flows;2021;3;196;196;196;UA;SK;Value on 3rd Wed. at 03;Export;Harmonized;NaM;M
Physical Energy & Power Flows;2021;3;180;180;180;UA;SK;Value on 3rd Wed. at 11;Export;Harmonized;NaM;M
Physical Energy & Power Flows;2021;4;8;8;8;UA;SK;Monthly Value;Export;Harmonized;NaM;M
Physical Energy & Power Flows;2021;4;127;127;127;UA;SK;Monthly Value;Import;Harmonized;NaM;M
Physical Energy & Power Flows;2021;4;385;385;385;UA;SK;Value on 3rd Wed. at 03;Import;Harmonized;NaM;M
Physical Energy & Power Flows;2021;4;171;171;171;UA;SK;Value on 3rd Wed. at 11;Import;Harmonized;NaM;M
Physical Energy & Power Flows;2021;5;106;106;106;UA;SK;Monthly Value;Export;Harmonized;NaM;M
Physical Energy & Power Flows;2021;5;31;31;31;UA;SK;Monthly Value;Import;Harmonized;NaM;M
Physical Energy & Power Flows;2021;5;266;266;266;UA;SK;Value on 3rd Wed. at 03;Export;Harmonized;NaM;M
Physical Energy & Power Flows;2021;5;331;331;331;UA;SK;Value on 3rd Wed. at 11;Export;Harmonized;NaM;M
Physical Energy & Power Flows;2021;6;52;52;52;UA;SK;Monthly Value;Export;Harmonized;NaM;M
Physical Energy & Power Flows;2021;6;53;53;53;UA;SK;Monthly Value;Import;Harmonized;NaM;M
Physical Energy & Power Flows;2021;6;0;0;0;UA;SK;Value on 3rd Wed. at 03;Import;Harmonized;NaM;M
Physical Energy & Power Flows;2021;6;0;0;0;UA;SK;Value on 3rd Wed. at 11;Import;Harmonized;NaM;M
Physical Energy & Power Flows;2021;7;7;7;7;UA;SK;Monthly Value;Export;Harmonized;NaM;M
Physical Energy & Power Flows;2021;7;152;152;152;UA;SK;Monthly Value;Import;Harmonized;NaM;M
Physical Energy & Power Flows;2021;7;37;37;37;UA;SK;Value on 3rd Wed. at 03;Import;Harmonized;NaM;M
Physical Energy & Power Flows;2021;7;71;71;71;UA;SK;Value on 3rd Wed. at 11;Import;Harmonized;NaM;M
Physical Energy & Power Flows;2021;8;0;0;0;UA;SK;Monthly Value;Export;Harmonized;NaM;M
Physical Energy & Power Flows;2021;8;271;271;271;UA;SK;Monthly Value;Import;Harmonized;NaM;M
Physical Energy & Power Flows;2021;8;434;434;434;UA;SK;Value on 3rd Wed. at 03;Import;Harmonized;NaM;M
Physical Energy & Power Flows;2021;8;454;454;454;UA;SK;Value on 3rd Wed. at 11;Import;Harmonized;NaM;M
Physical Energy & Power Flows;2021;9;3;3;3;UA;SK;Monthly Value;Export;Harmonized;NaM;M
Physical Energy & Power Flows;2021;9;197;197;197;UA;SK;Monthly Value;Import;Harmonized;NaM;M
Physical Energy & Power Flows;2021;9;364;364;364;UA;SK;Value on 3rd Wed. at 03;Import;Harmonized;NaM;M
Physical Energy & Power Flows;2021;9;135;135;135;UA;SK;Value on 3rd Wed. at 11;Import;Harmonized;NaM;M
Physical Energy & Power Flows;2021;10;0;0;0;UA;SK;Monthly Value;Export;Harmonized;NaM;M
Physical Energy & Power Flows;2021;10;222;222;222;UA;SK;Monthly Value;Import;Harmonized;NaM;M
Physical Energy & Power Flows;2021;10;0;0;0;UA;SK;Value on 3rd Wed. at 03;Import;Harmonized;NaM;M
Physical Energy & Power Flows;2021;10;0;0;0;UA;SK;Value on 3rd Wed. at 11;Import;Harmonized;NaM;M
Physical Energy & Power Flows;2021;11;3;3;3;UA;SK;Monthly Value;Export;Harmonized;NaM;M
Physical Energy & Power Flows;2021;11;276;276;276;UA;SK;Monthly Value;Import;Harmonized;NaM;M
Physical Energy & Power Flows;2021;11;312;312;312;UA;SK;Value on 3rd Wed. at 03;Import;Harmonized;NaM;M
Physical Energy & Power Flows;2021;11;339;339;339;UA;SK;Value on 3rd Wed. at 11;Import;Harmonized;NaM;M
Physical Energy & Power Flows;2021;12;13;13;13;UA;SK;Monthly Value;Export;Harmonized;NaM;M
Physical Energy & Power Flows;2021;12;157;157;157;UA;SK;Monthly Value;Import;Harmonized;NaM;M
Physical Energy & Power Flows;2021;12;219;219;219;UA;SK;Value on 3rd Wed. at 03;Import;Harmonized;NaM;M
Physical Energy & Power Flows;2021;12;193;193;193;UA;SK;Value on 3rd Wed. at 11;Import;Harmonized;NaM;M
Physical Energy & Power Flows;2021;1;0;0;0;XK;AL;Monthly Value;Export;Harmonized;M;M
Physical Energy & Power Flows;2021;1;126;126;126;XK;AL;Monthly Value;Import;Harmonized;M;M
Physical Energy & Power Flows;2021;1;228;228;228;XK;AL;Value on 3rd Wed. at 03;Import;Harmonized;M;M
Physical Energy & Power Flows;2021;1;232;232;232;XK;AL;Value on 3rd Wed. at 11;Import;Harmonized;M;M
Physical Energy & Power Flows;2021;2;124;124;124;XK;AL;Monthly Value;Import;Harmonized;M;M
Physical Energy & Power Flows;2021;2;180;180;180;XK;AL;Value on 3rd Wed. at 03;Import;Harmonized;M;M
Physical Energy & Power Flows;2021;2;236;236;236;XK;AL;Value on 3rd Wed. at 11;Import;Harmonized;M;M
Physical Energy & Power Flows;2021;3;0;0;0;XK;AL;Monthly Value;Export;Harmonized;M;M
Physical Energy & Power Flows;2021;3;121;121;121;XK;AL;Monthly Value;Import;Harmonized;M;M
Physical Energy & Power Flows;2021;3;0;0;0;XK;AL;Value on 3rd Wed. at 03;Import;Harmonized;M;M
Physical Energy & Power Flows;2021;3;218;218;218;XK;AL;Value on 3rd Wed. at 11;Import;Harmonized;M;M
Physical Energy & Power Flows;2021;4;0;0;0;XK;AL;Monthly Value;Export;Harmonized;M;M
Physical Energy & Power Flows;2021;4;104;104;104;XK;AL;Monthly Value;Import;Harmonized;M;M
Physical Energy & Power Flows;2021;4;34;34;34;XK;AL;Value on 3rd Wed. at 03;Import;Harmonized;M;M
Physical Energy & Power Flows;2021;4;105;105;105;XK;AL;Value on 3rd Wed. at 11;Import;Harmonized;M;M
Physical Energy & Power Flows;2021;5;13;13;13;XK;AL;Monthly Value;Export;Harmonized;M;M
Physical Energy & Power Flows;2021;5;75;75;75;XK;AL;Monthly Value;Import;Harmonized;M;M
Physical Energy & Power Flows;2021;5;4;4;4;XK;AL;Value on 3rd Wed. at 03;Import;Harmonized;M;M
Physical Energy & Power Flows;2021;5;194;194;194;XK;AL;Value on 3rd Wed. at 11;Import;Harmonized;M;M
Physical Energy & Power Flows;2021;6;68;68;68;XK;AL;Monthly Value;Export;Harmonized;M;M
Physical Energy & Power Flows;2021;6;25;25;25;XK;AL;Monthly Value;Import;Harmonized;M;M
Physical Energy & Power Flows;2021;6;205;205;205;XK;AL;Value on 3rd Wed. at 03;Export;Harmonized;M;M
Physical Energy & Power Flows;2021;6;154;154;154;XK;AL;Value on 3rd Wed. at 11;Export;Harmonized;M;M
Physical Energy & Power Flows;2021;7;84;84;84;XK;AL;Monthly Value;Export;Harmonized;M;M
Physical Energy & Power Flows;2021;7;24;24;24;XK;AL;Monthly Value;Import;Harmonized;M;M
Physical Energy & Power Flows;2021;7;312;312;312;XK;AL;Value on 3rd Wed. at 03;Export;Harmonized;M;M
Physical Energy & Power Flows;2021;7;29;29;29;XK;AL;Value on 3rd Wed. at 11;Import;Harmonized;M;M
Physical Energy & Power Flows;2021;8;115;115;115;XK;AL;Monthly Value;Export;Harmonized;M;M
Physical Energy & Power Flows;2021;8;14;14;14;XK;AL;Monthly Value;Import;Harmonized;M;M
Physical Energy & Power Flows;2021;8;396;396;396;XK;AL;Value on 3rd Wed. at 03;Export;Harmonized;M;M
Physical Energy & Power Flows;2021;8;77;77;77;XK;AL;Value on 3rd Wed. at 11;Export;Harmonized;M;M
Physical Energy & Power Flows;2021;9;161;161;161;XK;AL;Monthly Value;Export;Harmonized;M;M
Physical Energy & Power Flows;2021;9;0;0;0;XK;AL;Monthly Value;Import;Harmonized;M;M
Physical Energy & Power Flows;2021;9;359;359;359;XK;AL;Value on 3rd Wed. at 03;Export;Harmonized;M;M
Physical Energy & Power Flows;2021;9;355;355;355;XK;AL;Value on 3rd Wed. at 11;Export;Harmonized;M;M
Physical Energy & Power Flows;2021;10;106;106;106;XK;AL;Monthly Value;Export;Harmonized;M;M
Physical Energy & Power Flows;2021;10;15;15;15;XK;AL;Monthly Value;Import;Harmonized;M;M
Physical Energy & Power Flows;2021;10;243;243;243;XK;AL;Value on 3rd Wed. at 03;Export;Harmonized;M;M
Physical Energy & Power Flows;2021;10;160;160;160;XK;AL;Value on 3rd Wed. at 11;Export;Harmonized;M;M
Physical Energy & Power Flows;2021;11;88;88;88;XK;AL;Monthly Value;Export;Harmonized;M;M
Physical Energy & Power Flows;2021;11;12;12;12;XK;AL;Monthly Value;Import;Harmonized;M;M
Physical Energy & Power Flows;2021;11;248;248;248;XK;AL;Value on 3rd Wed. at 03;Export;Harmonized;M;M
Physical Energy & Power Flows;2021;11;57;57;57;XK;AL;Value on 3rd Wed. at 11;Export;Harmonized;M;M
Physical Energy & Power Flows;2021;12;5;5;5;XK;AL;Monthly Value;Export;Harmonized;M;M
Physical Energy & Power Flows;2021;12;122;122;122;XK;AL;Monthly Value;Import;Harmonized;M;M
Physical Energy & Power Flows;2021;12;40;40;40;XK;AL;Value on 3rd Wed. at 03;Import;Harmonized;M;M
Physical Energy & Power Flows;2021;12;422;422;422;XK;AL;Value on 3rd Wed. at 11;Import;Harmonized;M;M
Physical Energy & Power Flows;2021;1;4;4;4;XK;ME;Monthly Value;Export;Harmonized;M;M
Physical Energy & Power Flows;2021;1;105;105;105;XK;ME;Monthly Value;Import;Harmonized;M;M
Physical Energy & Power Flows;2021;1;144;144;144;XK;ME;Value on 3rd Wed. at 03;Import;Harmonized;M;M
Physical Energy & Power Flows;2021;1;292;292;292;XK;ME;Value on 3rd Wed. at 11;Import;Harmonized;M;M
Physical Energy & Power Flows;2021;2;2;2;2;XK;ME;Monthly Value;Export;Harmonized;M;M
Physical Energy & Power Flows;2021;2;125;125;125;XK;ME;Monthly Value;Import;Harmonized;M;M
Physical Energy & Power Flows;2021;2;274;274;274;XK;ME;Value on 3rd Wed. at 03;Import;Harmonized;M;M
Physical Energy & Power Flows;2021;2;361;361;361;XK;ME;Value on 3rd Wed. at 11;Import;Harmonized;M;M
Physical Energy & Power Flows;2021;3;22;22;22;XK;ME;Monthly Value;Export;Harmonized;M;M
Physical Energy & Power Flows;2021;3;67;67;67;XK;ME;Monthly Value;Import;Harmonized;M;M
Physical Energy & Power Flows;2021;3;190;190;190;XK;ME;Value on 3rd Wed. at 03;Export;Harmonized;M;M
Physical Energy & Power Flows;2021;3;104;104;104;XK;ME;Value on 3rd Wed. at 11;Import;Harmonized;M;M
Physical Energy & Power Flows;2021;4;88;88;88;XK;ME;Monthly Value;Export;Harmonized;M;M
Physical Energy & Power Flows;2021;4;13;13;13;XK;ME;Monthly Value;Import;Harmonized;M;M
Physical Energy & Power Flows;2021;4;129;129;129;XK;ME;Value on 3rd Wed. at 03;Export;Harmonized;M;M
Physical Energy & Power Flows;2021;4;60;60;60;XK;ME;Value on 3rd Wed. at 11;Export;Harmonized;M;M
Physical Energy & Power Flows;2021;5;134;134;134;XK;ME;Monthly Value;Export;Harmonized;M;M
Physical Energy & Power Flows;2021;5;0;0;0;XK;ME;Monthly Value;Import;Harmonized;M;M
Physical Energy & Power Flows;2021;5;252;252;252;XK;ME;Value on 3rd Wed. at 03;Export;Harmonized;M;M
Physical Energy & Power Flows;2021;5;0;0;0;XK;ME;Value on 3rd Wed. at 11;Import;Harmonized;M;M
Physical Energy & Power Flows;2021;6;104;104;104;XK;ME;Monthly Value;Export;Harmonized;M;M
Physical Energy & Power Flows;2021;6;7;7;7;XK;ME;Monthly Value;Import;Harmonized;M;M
Physical Energy & Power Flows;2021;6;303;303;303;XK;ME;Value on 3rd Wed. at 03;Export;Harmonized;M;M
Physical Energy & Power Flows;2021;6;43;43;43;XK;ME;Value on 3rd Wed. at 11;Import;Harmonized;M;M
Physical Energy & Power Flows;2021;7;83;83;83;XK;ME;Monthly Value;Export;Harmonized;M;M
Physical Energy & Power Flows;2021;7;24;24;24;XK;ME;Monthly Value;Import;Harmonized;M;M
Physical Energy & Power Flows;2021;7;109;109;109;XK;ME;Value on 3rd Wed. at 03;Export;Harmonized;M;M
Physical Energy & Power Flows;2021;7;8;8;8;XK;ME;Value on 3rd Wed. at 11;Export;Harmonized;M;M
Physical Energy & Power Flows;2021;8;72;72;72;XK;ME;Monthly Value;Export;Harmonized;M;M
Physical Energy & Power Flows;2021;8;34;34;34;XK;ME;Monthly Value;Import;Harmonized;M;M
Physical Energy & Power Flows;2021;8;222;222;222;XK;ME;Value on 3rd Wed. at 03;Export;Harmonized;M;M
Physical Energy & Power Flows;2021;8;65;65;65;XK;ME;Value on 3rd Wed. at 11;Import;Harmonized;M;M
Physical Energy & Power Flows;2021;9;146;146;146;XK;ME;Monthly Value;Export;Harmonized;M;M
Physical Energy & Power Flows;2021;9;1;1;1;XK;ME;Monthly Value;Import;Harmonized;M;M
Physical Energy & Power Flows;2021;9;391;391;391;XK;ME;Value on 3rd Wed. at 03;Export;Harmonized;M;M
Physical Energy & Power Flows;2021;9;210;210;210;XK;ME;Value on 3rd Wed. at 11;Export;Harmonized;M;M
Physical Energy & Power Flows;2021;10;84;84;84;XK;ME;Monthly Value;Export;Harmonized;M;M
Physical Energy & Power Flows;2021;10;19;19;19;XK;ME;Monthly Value;Import;Harmonized;M;M
Physical Energy & Power Flows;2021;10;139;139;139;XK;ME;Value on 3rd Wed. at 03;Export;Harmonized;M;M
Physical Energy & Power Flows;2021;10;9;9;9;XK;ME;Value on 3rd Wed. at 11;Import;Harmonized;M;M
Physical Energy & Power Flows;2021;11;44;44;44;XK;ME;Monthly Value;Export;Harmonized;M;M
Physical Energy & Power Flows;2021;11;47;47;47;XK;ME;Monthly Value;Import;Harmonized;M;M
Physical Energy & Power Flows;2021;11;166;166;166;XK;ME;Value on 3rd Wed. at 03;Export;Harmonized;M;M
Physical Energy & Power Flows;2021;11;258;258;258;XK;ME;Value on 3rd Wed. at 11;Import;Harmonized;M;M
Physical Energy & Power Flows;2021;12;38;38;38;XK;ME;Monthly Value;Export;Harmonized;M;M
Physical Energy & Power Flows;2021;12;38;38;38;XK;ME;Monthly Value;Import;Harmonized;M;M
Physical Energy & Power Flows;2021;12;181;181;181;XK;ME;Value on 3rd Wed. at 03;Export;Harmonized;M;M
Physical Energy & Power Flows;2021;12;32;32;32;XK;ME;Value on 3rd Wed. at 11;Import;Harmonized;M;M
Physical Energy & Power Flows;2021;1;69;69;69;XK;MK;Monthly Value;Export;Harmonized;M;M
Physical Energy & Power Flows;2021;1;12;12;12;XK;MK;Monthly Value;Import;Harmonized;M;M
Physical Energy & Power Flows;2021;1;243;243;243;XK;MK;Value on 3rd Wed. at 03;Export;Harmonized;M;M
Physical Energy & Power Flows;2021;1;142;142;142;XK;MK;Value on 3rd Wed. at 11;Export;Harmonized;M;M
Physical Energy & Power Flows;2021;2;154;154;154;XK;MK;Monthly Value;Export;Harmonized;M;M
Physical Energy & Power Flows;2021;2;0;0;0;XK;MK;Monthly Value;Import;Harmonized;M;M
Physical Energy & Power Flows;2021;2;480;480;480;XK;MK;Value on 3rd Wed. at 03;Export;Harmonized;M;M
Physical Energy & Power Flows;2021;2;276;276;276;XK;MK;Value on 3rd Wed. at 11;Export;Harmonized;M;M
Physical Energy & Power Flows;2021;3;78;78;78;XK;MK;Monthly Value;Export;Harmonized;M;M
Physical Energy & Power Flows;2021;3;1;1;1;XK;MK;Monthly Value;Import;Harmonized;M;M
Physical Energy & Power Flows;2021;3;120;120;120;XK;MK;Value on 3rd Wed. at 03;Export;Harmonized;M;M
Physical Energy & Power Flows;2021;3;129;129;129;XK;MK;Value on 3rd Wed. at 11;Export;Harmonized;M;M
Physical Energy & Power Flows;2021;4;101;101;101;XK;MK;Monthly Value;Export;Harmonized;M;M
Physical Energy & Power Flows;2021;4;0;0;0;XK;MK;Monthly Value;Import;Harmonized;M;M
Physical Energy & Power Flows;2021;4;208;208;208;XK;MK;Value on 3rd Wed. at 03;Export;Harmonized;M;M
Physical Energy & Power Flows;2021;4;41;41;41;XK;MK;Value on 3rd Wed. at 11;Export;Harmonized;M;M
Physical Energy & Power Flows;2021;5;102;102;102;XK;MK;Monthly Value;Export;Harmonized;M;M
Physical Energy & Power Flows;2021;5;0;0;0;XK;MK;Monthly Value;Import;Harmonized;M;M
Physical Energy & Power Flows;2021;5;164;164;164;XK;MK;Value on 3rd Wed. at 03;Export;Harmonized;M;M
Physical Energy & Power Flows;2021;5;176;176;176;XK;MK;Value on 3rd Wed. at 11;Export;Harmonized;M;M
Physical Energy & Power Flows;2021;6;87;87;87;XK;MK;Monthly Value;Export;Harmonized;M;M
Physical Energy & Power Flows;2021;6;5;5;5;XK;MK;Monthly Value;Import;Harmonized;M;M
Physical Energy & Power Flows;2021;6;19;19;19;XK;MK;Value on 3rd Wed. at 03;Import;Harmonized;M;M
Physical Energy & Power Flows;2021;6;16;16;16;XK;MK;Value on 3rd Wed. at 11;Export;Harmonized;M;M
Physical Energy & Power Flows;2021;7;54;54;54;XK;MK;Monthly Value;Export;Harmonized;M;M
Physical Energy & Power Flows;2021;7;14;14;14;XK;MK;Monthly Value;Import;Harmonized;M;M
Physical Energy & Power Flows;2021;7;61;61;61;XK;MK;Value on 3rd Wed. at 03;Export;Harmonized;M;M
Physical Energy & Power Flows;2021;7;129;129;129;XK;MK;Value on 3rd Wed. at 11;Export;Harmonized;M;M
Physical Energy & Power Flows;2021;8;28;28;28;XK;MK;Monthly Value;Export;Harmonized;M;M
Physical Energy & Power Flows;2021;8;34;34;34;XK;MK;Monthly Value;Import;Harmonized;M;M
Physical Energy & Power Flows;2021;8;23;23;23;XK;MK;Value on 3rd Wed. at 03;Export;Harmonized;M;M
Physical Energy & Power Flows;2021;8;89;89;89;XK;MK;Value on 3rd Wed. at 11;Export;Harmonized;M;M
Physical Energy & Power Flows;2021;9;1;1;1;XK;MK;Monthly Value;Export;Harmonized;M;M
Physical Energy & Power Flows;2021;9;112;112;112;XK;MK;Monthly Value;Import;Harmonized;M;M
Physical Energy & Power Flows;2021;9;220;220;220;XK;MK;Value on 3rd Wed. at 03;Import;Harmonized;M;M
Physical Energy & Power Flows;2021;9;343;343;343;XK;MK;Value on 3rd Wed. at 11;Import;Harmonized;M;M
Physical Energy & Power Flows;2021;10;6;6;6;XK;MK;Monthly Value;Export;Harmonized;M;M
Physical Energy & Power Flows;2021;10;48;48;48;XK;MK;Monthly Value;Import;Harmonized;M;M
Physical Energy & Power Flows;2021;10;17;17;17;XK;MK;Value on 3rd Wed. at 03;Export;Harmonized;M;M
Physical Energy & Power Flows;2021;10;2;2;2;XK;MK;Value on 3rd Wed. at 11;Import;Harmonized;M;M
Physical Energy & Power Flows;2021;11;35;35;35;XK;MK;Monthly Value;Export;Harmonized;M;M
Physical Energy & Power Flows;2021;11;20;20;20;XK;MK;Monthly Value;Import;Harmonized;M;M
Physical Energy & Power Flows;2021;11;41;41;41;XK;MK;Value on 3rd Wed. at 03;Export;Harmonized;M;M
Physical Energy & Power Flows;2021;11;133;133;133;XK;MK;Value on 3rd Wed. at 11;Export;Harmonized;M;M
Physical Energy & Power Flows;2021;12;10;10;10;XK;MK;Monthly Value;Export;Harmonized;M;M
Physical Energy & Power Flows;2021;12;105;105;105;XK;MK;Monthly Value;Import;Harmonized;M;M
Physical Energy & Power Flows;2021;12;355;355;355;XK;MK;Value on 3rd Wed. at 03;Import;Harmonized;M;M
Physical Energy & Power Flows;2021;12;442;442;442;XK;MK;Value on 3rd Wed. at 11;Import;Harmonized;M;M
Physical Energy & Power Flows;2021;1;35;35;35;XK;RS;Monthly Value;Export;Harmonized;M;M
Physical Energy & Power Flows;2021;1;43;43;43;XK;RS;Monthly Value;Import;Harmonized;M;M
Physical Energy & Power Flows;2021;1;47;47;47;XK;RS;Value on 3rd Wed. at 03;Export;Harmonized;M;M
Physical Energy & Power Flows;2021;1;51;51;51;XK;RS;Value on 3rd Wed. at 11;Export;Harmonized;M;M
Physical Energy & Power Flows;2021;2;26;26;26;XK;RS;Monthly Value;Export;Harmonized;M;M
Physical Energy & Power Flows;2021;2;39;39;39;XK;RS;Monthly Value;Import;Harmonized;M;M
Physical Energy & Power Flows;2021;2;85;85;85;XK;RS;Value on 3rd Wed. at 03;Import;Harmonized;M;M
Physical Energy & Power Flows;2021;2;52;52;52;XK;RS;Value on 3rd Wed. at 11;Import;Harmonized;M;M
Physical Energy & Power Flows;2021;3;4;4;4;XK;RS;Monthly Value;Export;Harmonized;M;M
Physical Energy & Power Flows;2021;3;121;121;121;XK;RS;Monthly Value;Import;Harmonized;M;M
Physical Energy & Power Flows;2021;3;151;151;151;XK;RS;Value on 3rd Wed. at 03;Import;Harmonized;M;M
Physical Energy & Power Flows;2021;3;66;66;66;XK;RS;Value on 3rd Wed. at 11;Import;Harmonized;M;M
Physical Energy & Power Flows;2021;4;4;4;4;XK;RS;Monthly Value;Export;Harmonized;M;M
Physical Energy & Power Flows;2021;4;113;113;113;XK;RS;Monthly Value;Import;Harmonized;M;M
Physical Energy & Power Flows;2021;4;178;178;178;XK;RS;Value on 3rd Wed. at 03;Import;Harmonized;M;M
Physical Energy & Power Flows;2021;4;47;47;47;XK;RS;Value on 3rd Wed. at 11;Import;Harmonized;M;M
Physical Energy & Power Flows;2021;5;32;32;32;XK;RS;Monthly Value;Export;Harmonized;M;M
Physical Energy & Power Flows;2021;5;43;43;43;XK;RS;Monthly Value;Import;Harmonized;M;M
Physical Energy & Power Flows;2021;5;40;40;40;XK;RS;Value on 3rd Wed. at 03;Export;Harmonized;M;M
Physical Energy & Power Flows;2021;5;210;210;210;XK;RS;Value on 3rd Wed. at 11;Export;Harmonized;M;M
Physical Energy & Power Flows;2021;6;8;8;8;XK;RS;Monthly Value;Export;Harmonized;M;M
Physical Energy & Power Flows;2021;6;112;112;112;XK;RS;Monthly Value;Import;Harmonized;M;M
Physical Energy & Power Flows;2021;6;40;40;40;XK;RS;Value on 3rd Wed. at 03;Import;Harmonized;M;M
Physical Energy & Power Flows;2021;6;12;12;12;XK;RS;Value on 3rd Wed. at 11;Export;Harmonized;M;M
Physical Energy & Power Flows;2021;7;1;1;1;XK;RS;Monthly Value;Export;Harmonized;M;M
Physical Energy & Power Flows;2021;7;172;172;172;XK;RS;Monthly Value;Import;Harmonized;M;M
Physical Energy & Power Flows;2021;7;324;324;324;XK;RS;Value on 3rd Wed. at 03;Import;Harmonized;M;M
Physical Energy & Power Flows;2021;7;301;301;301;XK;RS;Value on 3rd Wed. at 11;Import;Harmonized;M;M
Physical Energy & Power Flows;2021;8;2;2;2;XK;RS;Monthly Value;Export;Harmonized;M;M
Physical Energy & Power Flows;2021;8;192;192;192;XK;RS;Monthly Value;Import;Harmonized;M;M
Physical Energy & Power Flows;2021;8;416;416;416;XK;RS;Value on 3rd Wed. at 03;Import;Harmonized;M;M
Physical Energy & Power Flows;2021;8;209;209;209;XK;RS;Value on 3rd Wed. at 11;Import;Harmonized;M;M
Physical Energy & Power Flows;2021;9;1;1;1;XK;RS;Monthly Value;Export;Harmonized;M;M
Physical Energy & Power Flows;2021;9;202;202;202;XK;RS;Monthly Value;Import;Harmonized;M;M
Physical Energy & Power Flows;2021;9;357;357;357;XK;RS;Value on 3rd Wed. at 03;Import;Harmonized;M;M
Physical Energy & Power Flows;2021;9;369;369;369;XK;RS;Value on 3rd Wed. at 11;Import;Harmonized;M;M
Physical Energy & Power Flows;2021;10;8;8;8;XK;RS;Monthly Value;Export;Harmonized;M;M
Physical Energy & Power Flows;2021;10;145;145;145;XK;RS;Monthly Value;Import;Harmonized;M;M
Physical Energy & Power Flows;2021;10;372;372;372;XK;RS;Value on 3rd Wed. at 03;Import;Harmonized;M;M
Physical Energy & Power Flows;2021;10;390;390;390;XK;RS;Value on 3rd Wed. at 11;Import;Harmonized;M;M
Physical Energy & Power Flows;2021;11;3;3;3;XK;RS;Monthly Value;Export;Harmonized;M;M
Physical Energy & Power Flows;2021;11;128;128;128;XK;RS;Monthly Value;Import;Harmonized;M;M
Physical Energy & Power Flows;2021;11;296;296;296;XK;RS;Value on 3rd Wed. at 03;Import;Harmonized;M;M
Physical Energy & Power Flows;2021;11;67;67;67;XK;RS;Value on 3rd Wed. at 11;Import;Harmonized;M;M
Physical Energy & Power Flows;2021;12;23;23;23;XK;RS;Monthly Value;Export;Harmonized;M;M
Physical Energy & Power Flows;2021;12;101;101;101;XK;RS;Monthly Value;Import;Harmonized;M;M
Physical Energy & Power Flows;2021;12;228;228;228;XK;RS;Value on 3rd Wed. at 03;Import;Harmonized;M;M
Physical Energy & Power Flows;2021;12;87;87;87;XK;RS;Value on 3rd Wed. at 11;Export;Harmonized;M;M
